Epoch,Alpha,building_impl_complex_train_accuracy,building_no_car_truck_train_accuracy,building_no_chimney_statue_train_accuracy,building_nodoorornowindow_impl_noawning_train_accuracy,commercial_train_accuracy,hotel_train_accuracy,store_train_accuracy,misccommercial_train_accuracy,cafe_train_accuracy,restaurant_train_accuracy,industrial_train_accuracy,industrial_not_table_train_accuracy,constructionsite_train_accuracy,miscindustrial_train_accuracy,powerplant_train_accuracy,watertreatment_train_accuracy,residential_train_accuracy,suburban_train_accuracy,countryhouse_train_accuracy,miscresidential_train_accuracy,residential_no_chimney_pipe_train_accuracy,building_impl_complex_val_accuracy,building_no_car_truck_val_accuracy,building_no_chimney_statue_val_accuracy,building_nodoorornowindow_impl_noawning_val_accuracy,commercial_val_accuracy,hotel_val_accuracy,store_val_accuracy,misccommercial_val_accuracy,cafe_val_accuracy,restaurant_val_accuracy,industrial_val_accuracy,industrial_not_table_val_accuracy,constructionsite_val_accuracy,miscindustrial_val_accuracy,powerplant_val_accuracy,watertreatment_val_accuracy,residential_val_accuracy,suburban_val_accuracy,countryhouse_val_accuracy,miscresidential_val_accuracy,residential_no_chimney_pipe_val_accuracy
0,0.2,0.6245827674865723,0.7495712637901306,0.7491213083267212,0.8911556601524353,0.6416693925857544,0.5622695088386536,0.5624902248382568,0.5366920828819275,0.5654125809669495,0.5665096640586853,0.6206240057945251,0.6851436495780945,0.5622391700744629,0.5715013146400452,0.5220305323600769,0.5475123524665833,0.5555873513221741,0.5589601397514343,0.5371979475021362,0.5632031559944153,0.5878783464431763,0.626133143901825,0.7506652474403381,0.7514684796333313,0.9016050100326538,0.7143592238426208,0.5624035596847534,0.5622449517250061,0.5333483219146729,0.5685899257659912,0.5675987005233765,0.6762406229972839,0.6560460329055786,0.5623465776443481,0.5766140222549438,0.5209043025970459,0.5498570203781128,0.5617562532424927,0.5604305267333984,0.5419275164604187,0.5589104890823364,0.5912367105484009
1,0.2,0.6258417367935181,0.7500830888748169,0.7520154714584351,0.9061754941940308,0.7354826331138611,0.5622484683990479,0.5626869201660156,0.5396391153335571,0.5686072707176208,0.5617173910140991,0.7311838865280151,0.6206082105636597,0.5623223185539246,0.5777913928031921,0.5269318222999573,0.5503310561180115,0.5700774788856506,0.5587936639785767,0.5484316945075989,0.5576741695404053,0.5763880014419556,0.6267462968826294,0.7510950565338135,0.7529990673065186,0.9200352430343628,0.7654470205307007,0.562344491481781,0.5624076724052429,0.5459502339363098,0.5736973285675049,0.5630446076393127,0.7742397785186768,0.5967469811439514,0.5624160766601562,0.5842216610908508,0.5297377705574036,0.5592437386512756,0.586490273475647,0.5622294545173645,0.5507138967514038,0.5578057765960693,0.5659467577934265
2,0.2,0.6267808675765991,0.7507328987121582,0.7532038688659668,0.917349636554718,0.7889713644981384,0.5622702836990356,0.5624551773071289,0.550201952457428,0.5669949054718018,0.5600740909576416,0.7879494428634644,0.5841864943504333,0.5623666048049927,0.5818730592727661,0.543672502040863,0.5572800040245056,0.5758128762245178,0.560401201248169,0.5591456294059753,0.5559768080711365,0.5696374773979187,0.6271058917045593,0.7510955333709717,0.7534881830215454,0.924227774143219,0.828396201133728,0.5622541308403015,0.5623624324798584,0.5489727258682251,0.564804196357727,0.5621653199195862,0.7900415658950806,0.5846760272979736,0.5624206066131592,0.5874374508857727,0.5481183528900146,0.5661364197731018,0.5999258756637573,0.5621676445007324,0.5647069811820984,0.557433009147644,0.5509932041168213
3,0.2,0.627583920955658,0.7525047063827515,0.754640519618988,0.9254972338676453,0.841159999370575,0.5613808035850525,0.5643473267555237,0.551250159740448,0.5569754242897034,0.5583012104034424,0.8234493732452393,0.550268828868866,0.5612449049949646,0.5853861570358276,0.5636261701583862,0.5692358016967773,0.6094443798065186,0.560192883014679,0.5643731951713562,0.5595067739486694,0.4942774176597595,0.6311286091804504,0.7559188008308411,0.7582313418388367,0.9319180250167847,0.8820788860321045,0.5591488480567932,0.5782092809677124,0.5461812615394592,0.526400089263916,0.5440009236335754,0.7922705411911011,0.5194681286811829,0.5575204491615295,0.5815809369087219,0.5745433568954468,0.5894885659217834,0.5775092840194702,0.5608229041099548,0.5505492687225342,0.5645163655281067,0.4992486536502838
4,0.2,0.6342867612838745,0.7574943900108337,0.7455204725265503,0.897043764591217,0.787333607673645,0.5523262619972229,0.5712409615516663,0.5586742162704468,0.5026017427444458,0.5387343764305115,0.7054678797721863,0.5422638654708862,0.5553660988807678,0.5845885872840881,0.5955468416213989,0.6068323254585266,0.6036061644554138,0.5487304329872131,0.5521175861358643,0.55372154712677,0.41368886828422546,0.6355096101760864,0.7582992911338806,0.7470187544822693,0.8751459121704102,0.7904058694839478,0.547812283039093,0.585260808467865,0.5609472990036011,0.4570619463920593,0.541965663433075,0.6319182515144348,0.562631368637085,0.555085301399231,0.6127792000770569,0.6131696701049805,0.636859655380249,0.5960780382156372,0.5853619575500488,0.5243471264839172,0.5483183860778809,0.37913814187049866
5,0.2,0.6425430178642273,0.7644801735877991,0.7240597605705261,0.8794562816619873,0.736630380153656,0.5446082949638367,0.5711791515350342,0.5947825908660889,0.4657987952232361,0.5096192359924316,0.5935152173042297,0.5697834491729736,0.5532680153846741,0.6128397583961487,0.6281191110610962,0.6369536519050598,0.5488788485527039,0.5717031359672546,0.5287073254585266,0.535791277885437,0.36089783906936646,0.6476949453353882,0.7697598338127136,0.7436476349830627,0.8895223140716553,0.5987406969070435,0.5338613986968994,0.5792454481124878,0.620685875415802,0.3727496564388275,0.5057082176208496,0.5736416578292847,0.5922425985336304,0.5526557564735413,0.6333420872688293,0.6464744806289673,0.6526558995246887,0.5130524635314941,0.6090710163116455,0.5152755379676819,0.514075756072998,0.39299431443214417
6,0.2,0.6497920155525208,0.7697749733924866,0.738675057888031,0.8848939538002014,0.6733787655830383,0.5393101572990417,0.5764408707618713,0.6088622212409973,0.4442254602909088,0.5003564953804016,0.562541663646698,0.6033996939659119,0.5520595908164978,0.6253968477249146,0.648140549659729,0.650232195854187,0.5070319771766663,0.5798854827880859,0.5297296047210693,0.5199453234672546,0.35956260561943054,0.6467217206954956,0.767566442489624,0.7270066142082214,0.8533214330673218,0.6955500841140747,0.5412462949752808,0.6008914709091187,0.6026898622512817,0.43804776668548584,0.5280389189720154,0.5785117149353027,0.6306288242340088,0.5544161200523376,0.6360227465629578,0.6697243452072144,0.6618982553482056,0.4964456856250763,0.5930184125900269,0.5307035446166992,0.5111441612243652,0.36991026997566223
7,0.2,0.6551244258880615,0.7740578055381775,0.7350763082504272,0.880473792552948,0.6315402388572693,0.5377893447875977,0.5814710259437561,0.6080583333969116,0.4389241933822632,0.5122841596603394,0.5518540143966675,0.6359409093856812,0.551375150680542,0.6305922865867615,0.6701258420944214,0.6594166159629822,0.4942704141139984,0.5852753520011902,0.5367125868797302,0.5220218300819397,0.36383649706840515,0.6579614281654358,0.7757523655891418,0.7216914892196655,0.878578782081604,0.5479142069816589,0.5359920859336853,0.5818266868591309,0.626327633857727,0.3885215222835541,0.5220231413841248,0.5378051996231079,0.6499395370483398,0.5510899424552917,0.6461504697799683,0.6922919750213623,0.6624417901039124,0.48010849952697754,0.6084787845611572,0.5323887467384338,0.5112704634666443,0.38015463948249817
8,0.2,0.6634987592697144,0.780918538570404,0.7361961007118225,0.8943669199943542,0.6088279485702515,0.5369148850440979,0.5793924331665039,0.6144620776176453,0.4355674386024475,0.5182947516441345,0.5649105310440063,0.6639610528945923,0.5510133504867554,0.6352174878120422,0.6805030703544617,0.6630658507347107,0.4666649401187897,0.5900056958198547,0.5465930700302124,0.532192051410675,0.3590182065963745,0.6660510897636414,0.781778872013092,0.7264748811721802,0.874000072479248,0.5848317742347717,0.5346343517303467,0.5867688655853271,0.6224056482315063,0.40908220410346985,0.5177396535873413,0.6008316278457642,0.6912819147109985,0.5513710379600525,0.6330025792121887,0.7003850340843201,0.6629695296287537,0.44051557779312134,0.5992665886878967,0.5611358880996704,0.5418293476104736,0.37636542320251465
9,0.2,0.6720182299613953,0.7871314287185669,0.737471342086792,0.8941643238067627,0.6003071069717407,0.536952555179596,0.577462911605835,0.6201762557029724,0.4339459538459778,0.5214109420776367,0.5848301649093628,0.6943060755729675,0.5520581007003784,0.6440991759300232,0.6863802075386047,0.6676881909370422,0.45887842774391174,0.5885517597198486,0.5600547194480896,0.5464544296264648,0.36379602551460266,0.6728261709213257,0.7874500155448914,0.7359628677368164,0.8726571798324585,0.5966625809669495,0.5338546633720398,0.5850948691368103,0.6326843500137329,0.4087465703487396,0.5182526111602783,0.5954271554946899,0.6977855563163757,0.5519508719444275,0.6257181167602539,0.7074425220489502,0.6674163937568665,0.4327516257762909,0.5995615720748901,0.5564471483230591,0.5457881689071655,0.38937997817993164
10,0.2,0.6820546388626099,0.7942424416542053,0.7478123307228088,0.9070361256599426,0.6027107834815979,0.5368189811706543,0.577468991279602,0.6218860149383545,0.43629521131515503,0.5301103591918945,0.5937627553939819,0.7011788487434387,0.5563119649887085,0.6438585519790649,0.6897762417793274,0.6726012229919434,0.4387607276439667,0.5884844660758972,0.5596513748168945,0.5485146045684814,0.3725326955318451,0.6819144487380981,0.7928129434585571,0.7256454229354858,0.896385669708252,0.6020554304122925,0.5358599424362183,0.5850846171379089,0.6314241886138916,0.44084683060646057,0.531964898109436,0.5931246876716614,0.7045509815216064,0.5557922124862671,0.6427426934242249,0.7155253291130066,0.6723566651344299,0.4371882677078247,0.6023862361907959,0.5696401596069336,0.5524242520332336,0.3912825286388397
11,0.2,0.6903524994850159,0.8005834817886353,0.7469778656959534,0.9214451313018799,0.5966929197311401,0.5365528464317322,0.5784708261489868,0.6226525902748108,0.4391719698905945,0.5380956530570984,0.5914677977561951,0.704553484916687,0.559088945388794,0.6460578441619873,0.7008317112922668,0.6777961850166321,0.4350897967815399,0.5865806937217712,0.5669881701469421,0.5484093427658081,0.3801881968975067,0.6951456665992737,0.8037744760513306,0.7321526408195496,0.9283115863800049,0.5805480480194092,0.5345290899276733,0.5871884822845459,0.6355056762695312,0.42417091131210327,0.5463799834251404,0.5900970697402954,0.7077798843383789,0.5608481168746948,0.6414529085159302,0.7300188541412354,0.6793699860572815,0.4278886318206787,0.6054763197898865,0.5689132213592529,0.553936779499054,0.39836370944976807
12,0.2,0.7045491933822632,0.8102625608444214,0.7569202780723572,0.9333442449569702,0.5944843888282776,0.5402318835258484,0.5798388719558716,0.6232836842536926,0.43863174319267273,0.5464673638343811,0.5928618907928467,0.7103729844093323,0.5663687586784363,0.6461803317070007,0.7033743262290955,0.6798213720321655,0.42575275897979736,0.5887760519981384,0.5684890747070312,0.5496453642845154,0.39267498254776,0.7050566077232361,0.8088943362236023,0.7534205317497253,0.9380147457122803,0.596114993095398,0.5505239963531494,0.5888001918792725,0.6278163194656372,0.4314347803592682,0.5623170733451843,0.5916523933410645,0.7109214663505554,0.5673674941062927,0.6582959890365601,0.7117931246757507,0.6850826144218445,0.42412179708480835,0.6020347476005554,0.5779282450675964,0.5604032278060913,0.40423455834388733
13,0.2,0.7142819166183472,0.8161506652832031,0.7679524421691895,0.9350117444992065,0.5995423197746277,0.5650290846824646,0.5849592685699463,0.6236740946769714,0.44024109840393066,0.5552756190299988,0.5921391248703003,0.713162362575531,0.5718901753425598,0.6477751135826111,0.6993114352226257,0.6825650930404663,0.4362238347530365,0.5870999693870544,0.5736699104309082,0.5484435558319092,0.4038352966308594,0.7234362363815308,0.8219465613365173,0.743111252784729,0.9521147608757019,0.5359830260276794,0.5863040089607239,0.5876175761222839,0.6382051706314087,0.40043914318084717,0.5605363249778748,0.5902798175811768,0.7201158404350281,0.5777743458747864,0.6394487023353577,0.7363117933273315,0.6784424781799316,0.4165181815624237,0.6018697619438171,0.5727156400680542,0.5416815280914307,0.4290412366390228
14,0.2,0.7307739853858948,0.8273656368255615,0.7692992091178894,0.9571498036384583,0.5845521688461304,0.5829299688339233,0.5818632245063782,0.6294098496437073,0.4342023432254791,0.5610787868499756,0.5924788117408752,0.7218601107597351,0.5821580290794373,0.6521029472351074,0.7112212777137756,0.6848366856575012,0.4255770444869995,0.5861518383026123,0.5782831311225891,0.5431764125823975,0.42059019207954407,0.7326049208641052,0.8270807266235352,0.7585890889167786,0.9642758369445801,0.5885091423988342,0.595378041267395,0.5913150310516357,0.6318538188934326,0.4125622808933258,0.5873054265975952,0.5870851874351501,0.7263777256011963,0.585617184638977,0.6557679772377014,0.7285028696060181,0.6919023394584656,0.41294875741004944,0.5998679399490356,0.5755890607833862,0.559354841709137,0.44288232922554016
15,0.2,0.7438790202140808,0.8357763886451721,0.7821293473243713,0.9630587697029114,0.5928910970687866,0.5928055047988892,0.5830014944076538,0.6284358501434326,0.4452088475227356,0.5721275806427002,0.5885432362556458,0.7320526838302612,0.5915837287902832,0.6499918103218079,0.7071598172187805,0.6889551281929016,0.4262621998786926,0.5873745083808899,0.5813058018684387,0.5459042191505432,0.43416258692741394,0.7452807426452637,0.8356835842132568,0.7710378170013428,0.9821184873580933,0.5393058657646179,0.5945885181427002,0.5851370096206665,0.6436311602592468,0.3973337709903717,0.5874313116073608,0.5864402055740356,0.7352228164672852,0.5918800830841064,0.6404187679290771,0.7193026542663574,0.6814579963684082,0.4296499490737915,0.5996948480606079,0.5776390433311462,0.5389177203178406,0.45729970932006836
16,0.2,0.7606745958328247,0.8461618423461914,0.7882878184318542,0.9746320843696594,0.5745922923088074,0.5966237783432007,0.5843515396118164,0.6327065825462341,0.4403811991214752,0.5852430462837219,0.5865038633346558,0.7406863570213318,0.6010070443153381,0.6483623385429382,0.7112805843353271,0.6895451545715332,0.4247649610042572,0.5823400616645813,0.5849583148956299,0.5401950478553772,0.4451551139354706,0.7576370239257812,0.8437328338623047,0.7703949809074402,0.9880527257919312,0.5693721771240234,0.6041615009307861,0.5929819941520691,0.6426634788513184,0.41210412979125977,0.5998343825340271,0.5867802500724792,0.737278401851654,0.6019002795219421,0.6421533226966858,0.7372759580612183,0.6905263662338257,0.4170728027820587,0.6062079071998596,0.5872628688812256,0.545407235622406,0.4678463637828827
17,0.2,0.7731334567070007,0.8537665009498596,0.7958421111106873,0.981153666973114,0.5769864916801453,0.5995138883590698,0.5838584303855896,0.6316429376602173,0.43541908264160156,0.5947180986404419,0.5883670449256897,0.7454898953437805,0.6089400053024292,0.6536484360694885,0.7170752882957458,0.6927840113639832,0.41533640027046204,0.5862163305282593,0.5909544825553894,0.5369458794593811,0.462484210729599,0.7820048928260803,0.8603454828262329,0.7886227965354919,0.9967928528785706,0.5706264972686768,0.6104989647865295,0.5925500988960266,0.6333123445510864,0.43052980303764343,0.6252669095993042,0.5883374810218811,0.747333288192749,0.6145666241645813,0.647308886051178,0.7398864030838013,0.69646817445755,0.4091382324695587,0.6049917936325073,0.5938931107521057,0.546928882598877,0.4625052809715271
18,0.2,0.7888634204864502,0.8627173900604248,0.8062636852264404,0.9828985333442688,0.5803183913230896,0.6049018502235413,0.5839413404464722,0.6343249082565308,0.4397522211074829,0.6142109036445618,0.5852506756782532,0.7550845146179199,0.6215950846672058,0.6516252160072327,0.7202260494232178,0.6930730938911438,0.42054229974746704,0.5870218873023987,0.5944761037826538,0.5355991721153259,0.46516668796539307,0.7889237999916077,0.8627791404724121,0.7899789810180664,0.9936386942863464,0.5368425846099854,0.6075390577316284,0.5955656170845032,0.6445260047912598,0.407180517911911,0.6412184834480286,0.5926985144615173,0.7458295822143555,0.6234803199768066,0.6351538300514221,0.7457770109176636,0.6883873343467712,0.4138396084308624,0.5948981642723083,0.5998072028160095,0.5325081944465637,0.47720757126808167
19,0.2,0.8009531497955322,0.8701056838035583,0.8204424381256104,0.9865995645523071,0.5773779153823853,0.6079202890396118,0.5886967778205872,0.6355105042457581,0.43904611468315125,0.626947283744812,0.5906469225883484,0.7543323040008545,0.6289361715316772,0.6507889628410339,0.7137531638145447,0.6937159895896912,0.42433637380599976,0.5833109021186829,0.5989280343055725,0.5326008200645447,0.4754883348941803,0.8118693828582764,0.876616895198822,0.807446300983429,0.9986411333084106,0.5464886426925659,0.615452229976654,0.5953019857406616,0.6518987417221069,0.397629052400589,0.6490885019302368,0.5930519700050354,0.7531183958053589,0.6402077078819275,0.6465659141540527,0.752869725227356,0.6964818835258484,0.4342292249202728,0.6077667474746704,0.5910491347312927,0.5357531309127808,0.48980313539505005
20,0.2,0.8128417134284973,0.8763468265533447,0.8232372403144836,0.9902059435844421,0.5670962929725647,0.6096082925796509,0.5880095958709717,0.638136088848114,0.4437063932418823,0.6314173936843872,0.5921308398246765,0.757349967956543,0.6346936225891113,0.6529685854911804,0.7228507399559021,0.6951130628585815,0.4216556251049042,0.58050936460495,0.6047597527503967,0.5271053910255432,0.4824468195438385,0.8151974678039551,0.8775495886802673,0.8051422834396362,0.998123049736023,0.5433672070503235,0.6178092360496521,0.596557080745697,0.6457408666610718,0.41586124897003174,0.652790904045105,0.5946854948997498,0.7529473900794983,0.6401510238647461,0.6600459814071655,0.7534076571464539,0.7015796303749084,0.4069332182407379,0.5995962023735046,0.6082615256309509,0.5348150134086609,0.4918367266654968
21,0.2,0.826309859752655,0.8839483261108398,0.8282621502876282,0.9918937087059021,0.5595024228096008,0.615968644618988,0.5859864950180054,0.6397438645362854,0.4433693587779999,0.6373698115348816,0.5999912619590759,0.7606106400489807,0.6487861275672913,0.6537392735481262,0.7331440448760986,0.7000368237495422,0.41596561670303345,0.5830455422401428,0.610573947429657,0.5248054265975952,0.48866021633148193,0.8252323865890503,0.8827846646308899,0.8152245879173279,0.9978686571121216,0.547652542591095,0.6219567060470581,0.6003700494766235,0.6526156663894653,0.44317013025283813,0.6513456702232361,0.5975430011749268,0.7620317339897156,0.6541638970375061,0.6443585753440857,0.7499339580535889,0.7057427763938904,0.41727617383003235,0.5964510440826416,0.611964762210846,0.5271658897399902,0.4946407079696655
22,0.2,0.834636926651001,0.8877488970756531,0.8353030681610107,0.992203950881958,0.5634108185768127,0.6184453368186951,0.5912337303161621,0.6439418792724609,0.45339542627334595,0.6434680223464966,0.6017217636108398,0.7667152881622314,0.65518718957901,0.6555509567260742,0.7332859635353088,0.6999834775924683,0.42482849955558777,0.5815145373344421,0.6169591546058655,0.5204842686653137,0.4934796392917633,0.8317086100578308,0.884950578212738,0.8195388913154602,0.9946435689926147,0.540183961391449,0.6273102760314941,0.6027346849441528,0.6580310463905334,0.4213328957557678,0.6534712314605713,0.6032299399375916,0.758628785610199,0.6616748571395874,0.6589506268501282,0.7579922676086426,0.7065222859382629,0.41805607080459595,0.5956198573112488,0.6178909540176392,0.5302748680114746,0.49981456995010376
23,0.2,0.8486812710762024,0.8952652215957642,0.8480101227760315,0.9947410821914673,0.5578212141990662,0.62395179271698,0.5908728241920471,0.6411707997322083,0.4530244469642639,0.6427950859069824,0.6071344017982483,0.7701715230941772,0.6654571294784546,0.6607846021652222,0.7370286583900452,0.7048126459121704,0.4197651445865631,0.5791780948638916,0.624699592590332,0.5201224684715271,0.5032567977905273,0.8516671061515808,0.896120548248291,0.8449620008468628,0.9992645978927612,0.5311052203178406,0.6281712651252747,0.6093722581863403,0.6594893336296082,0.44322434067726135,0.6577748656272888,0.6122221350669861,0.768735945224762,0.672598659992218,0.6368170380592346,0.7470874786376953,0.6982372999191284,0.41732704639434814,0.5823516845703125,0.6130772829055786,0.5174879431724548,0.5170696973800659
24,0.2,0.8590558767318726,0.9003567695617676,0.8590817451477051,0.996903121471405,0.5569189786911011,0.6287825107574463,0.5979429483413696,0.6447667479515076,0.45410099625587463,0.6478644609451294,0.6051926016807556,0.7802218198776245,0.6705874800682068,0.6569662094116211,0.7380157709121704,0.705448567867279,0.41382500529289246,0.582085371017456,0.6265620589256287,0.5192456841468811,0.5151756405830383,0.863591730594635,0.902826189994812,0.8525113463401794,0.9994343519210815,0.5284038782119751,0.6336396932601929,0.6059412956237793,0.656542181968689,0.4370764493942261,0.6572498083114624,0.6142222285270691,0.772361695766449,0.6759815216064453,0.6559600830078125,0.7579371929168701,0.7056384682655334,0.4075445234775543,0.5944361090660095,0.6354913115501404,0.5191586017608643,0.5242213606834412
25,0.2,0.8633686900138855,0.9016565084457397,0.864990234375,0.9953567981719971,0.5554099082946777,0.6286786794662476,0.5965031385421753,0.6462694406509399,0.4600280225276947,0.6472640633583069,0.6145055890083313,0.7748576402664185,0.6736506819725037,0.6582690477371216,0.7373932600021362,0.7071353197097778,0.4201606512069702,0.5821929574012756,0.6364190578460693,0.5147988200187683,0.5241795182228088,0.8747915625572205,0.9083663821220398,0.8641477227210999,0.9996713399887085,0.49729329347610474,0.6366366147994995,0.6125792860984802,0.6614736914634705,0.4383133351802826,0.6615074872970581,0.6237251162528992,0.778566837310791,0.691339373588562,0.6525017023086548,0.7701645493507385,0.7053669095039368,0.41876864433288574,0.5809310078620911,0.6324201226234436,0.5160403847694397,0.5308822393417358
26,0.2,0.8724190592765808,0.9061910510063171,0.8719136714935303,0.9960280060768127,0.544162392616272,0.6355393528938293,0.600413978099823,0.6488765478134155,0.46756991744041443,0.6506819128990173,0.6197158098220825,0.7810056209564209,0.6811720728874207,0.6641746163368225,0.7433150410652161,0.7129728198051453,0.41244783997535706,0.5798794031143188,0.6369665861129761,0.5171796679496765,0.5303757190704346,0.8769599199295044,0.9075763821601868,0.8686493039131165,0.9992828965187073,0.4918122887611389,0.6443820595741272,0.6205997467041016,0.6716267466545105,0.4402596652507782,0.6520639657974243,0.6264859437942505,0.7775412797927856,0.697543203830719,0.6379631757736206,0.7681100368499756,0.7098789811134338,0.4154965281486511,0.5795145630836487,0.6214017271995544,0.5180883407592773,0.5434888601303101
27,0.2,0.8806713223457336,0.9098373651504517,0.8789995312690735,0.9974683523178101,0.5480070114135742,0.6418142914772034,0.6044971942901611,0.6523008346557617,0.4744209051132202,0.6523482203483582,0.6275791525840759,0.780791163444519,0.6871465444564819,0.6560377478599548,0.749442994594574,0.7103630900382996,0.41623708605766296,0.5832706093788147,0.6439905166625977,0.5090817213058472,0.5417375564575195,0.8892285823822021,0.9140433073043823,0.884950578212738,0.999493420124054,0.5310022830963135,0.648517370223999,0.6170799136161804,0.6607996225357056,0.4853798449039459,0.6484829187393188,0.640472412109375,0.7730371952056885,0.6897900104522705,0.6390669941902161,0.7612535357475281,0.7089779376983643,0.40811076760292053,0.5941265225410461,0.6656376123428345,0.504493236541748,0.5490401983261108
28,0.2,0.8910858631134033,0.9156160354614258,0.8928154706954956,0.9978992342948914,0.5350266098976135,0.6437637805938721,0.6041467189788818,0.6506377458572388,0.4810740649700165,0.6510220170021057,0.6371747851371765,0.7843706011772156,0.6907166838645935,0.6644790768623352,0.7514774799346924,0.7186404466629028,0.41624847054481506,0.5832077264785767,0.65548175573349,0.5073269605636597,0.5519164204597473,0.8900787234306335,0.9141116142272949,0.8885321021080017,0.9996508955955505,0.5321660041809082,0.655519425868988,0.6209827065467834,0.664711594581604,0.46356064081192017,0.6570138335227966,0.6426467299461365,0.7734245657920837,0.697999894618988,0.6617224812507629,0.7507267594337463,0.723323404788971,0.38442713022232056,0.5806664228439331,0.6527564525604248,0.5189142823219299,0.5572811365127563
29,0.2,0.8951358199119568,0.9167864322662354,0.9001622200012207,0.9986918568611145,0.5336700081825256,0.6493402123451233,0.6095389723777771,0.6523118615150452,0.4904067814350128,0.6520336270332336,0.6433733105659485,0.7850598096847534,0.695809543132782,0.6683789491653442,0.7490436434745789,0.7219027876853943,0.41591691970825195,0.5853387713432312,0.6597433090209961,0.5074089765548706,0.560268223285675,0.9065027236938477,0.9237709641456604,0.9039103984832764,0.9997840523719788,0.4956092834472656,0.6578085422515869,0.6346496939659119,0.6771994233131409,0.48451465368270874,0.6591905355453491,0.6481214165687561,0.7937020659446716,0.7141121029853821,0.6730359792709351,0.7614274024963379,0.7250171899795532,0.4284513294696808,0.6103147268295288,0.6674684882164001,0.4975633919239044,0.5742899179458618
30,0.2,0.9037242531776428,0.9208602905273438,0.9093509316444397,0.9992921948432922,0.5251785516738892,0.6553179025650024,0.6197831034660339,0.6542044878005981,0.5244106650352478,0.6575120687484741,0.6486380696296692,0.7918487191200256,0.6978275775909424,0.6672295331954956,0.7539241313934326,0.7282243371009827,0.41362854838371277,0.588534951210022,0.6678820848464966,0.5012122392654419,0.5746096968650818,0.9096903800964355,0.9243922829627991,0.9119128584861755,0.9997920989990234,0.4916791319847107,0.6699167490005493,0.6313061714172363,0.6718083620071411,0.5326162576675415,0.6629646420478821,0.6587479710578918,0.7892327308654785,0.7123693227767944,0.6781902313232422,0.7710075974464417,0.7326421737670898,0.4121415913105011,0.5965529680252075,0.669185996055603,0.5104734301567078,0.5801856517791748
31,0.2,0.9042057991027832,0.9197065234184265,0.9131951928138733,0.9992364645004272,0.5228922367095947,0.6568377614021301,0.6171520948410034,0.6527079939842224,0.5334208011627197,0.647491991519928,0.6575510501861572,0.7865380644798279,0.7002500295639038,0.6718290448188782,0.7589523792266846,0.7353100180625916,0.4184108078479767,0.5866538286209106,0.6775907278060913,0.506064236164093,0.5790116190910339,0.9124296307563782,0.9260585308074951,0.917743980884552,0.999761700630188,0.5175319314002991,0.6680877208709717,0.639923095703125,0.6646902561187744,0.5531716346740723,0.6620179414749146,0.6715805530548096,0.7863020300865173,0.7104386687278748,0.6879262924194336,0.7699190378189087,0.7394514083862305,0.4161888062953949,0.6047504544258118,0.6851071715354919,0.5128318071365356,0.5881071090698242
32,0.2,0.9151049852371216,0.9265294075012207,0.9243788123130798,0.9988187551498413,0.5159549713134766,0.6690479516983032,0.626743733882904,0.6562981009483337,0.5480392575263977,0.6515665054321289,0.6698177456855774,0.793539822101593,0.7061359286308289,0.6821191906929016,0.7610912919044495,0.7393065094947815,0.41825374960899353,0.5887366533279419,0.6867592930793762,0.5000616312026978,0.5962185859680176,0.9236143827438354,0.9333717823028564,0.929129958152771,0.9997838139533997,0.48793458938598633,0.6781347990036011,0.6544695496559143,0.6613943576812744,0.5578321814537048,0.6582308411598206,0.6799784302711487,0.7945957779884338,0.7193750143051147,0.6876683831214905,0.759021520614624,0.7460677027702332,0.39925241470336914,0.5831970572471619,0.6978899240493774,0.5004003047943115,0.6051571369171143
33,0.2,0.9215619564056396,0.930957555770874,0.932386040687561,0.9991329908370972,0.5139532685279846,0.6704972982406616,0.6367241740226746,0.6561645865440369,0.5599120259284973,0.6517002582550049,0.6746668219566345,0.7966794967651367,0.705794632434845,0.6903502941131592,0.7602456212043762,0.7449392676353455,0.4152925908565521,0.5823140740394592,0.696107029914856,0.49366793036460876,0.6118866205215454,0.9274495244026184,0.9348514676094055,0.9372437596321106,0.99977707862854,0.49624812602996826,0.685290515422821,0.65315842628479,0.6682404279708862,0.5747104287147522,0.6612197756767273,0.6884064674377441,0.7944766879081726,0.71929532289505,0.6864848136901855,0.7622804641723633,0.7519272565841675,0.41129064559936523,0.601863443851471,0.7059172987937927,0.4904419779777527,0.6115363240242004
34,0.2,0.9196478724479675,0.9291478395462036,0.9326701164245605,0.9995434284210205,0.516624391078949,0.6754419207572937,0.639381468296051,0.6573449969291687,0.5627415776252747,0.6508837342262268,0.6801018118858337,0.7942366003990173,0.7096624374389648,0.6925932168960571,0.7658345699310303,0.7507666945457458,0.41827651858329773,0.5901017189025879,0.7006155848503113,0.5002309679985046,0.6124184131622314,0.9172294735908508,0.9251158237457275,0.9337748289108276,0.9996203184127808,0.4949113130569458,0.6788061857223511,0.6545884013175964,0.6658837795257568,0.5789090394973755,0.6478136777877808,0.6991865634918213,0.7836635708808899,0.7202253937721252,0.7147136330604553,0.7810909152030945,0.7842474579811096,0.4255227744579315,0.5747902989387512,0.6994942426681519,0.5033985376358032,0.618979275226593
35,0.2,0.9258826375007629,0.934626042842865,0.9395322799682617,0.9996081590652466,0.5064479112625122,0.6809425950050354,0.6453336477279663,0.6552257537841797,0.5722153186798096,0.65229332447052,0.6932884454727173,0.7931424379348755,0.7139847874641418,0.6915701031684875,0.7655165791511536,0.751707136631012,0.41692185401916504,0.5904550552368164,0.7034057974815369,0.5014721155166626,0.6256746649742126,0.9363703727722168,0.941312313079834,0.9492481350898743,0.9997957944869995,0.4587138891220093,0.6987347602844238,0.6710004210472107,0.6775073409080505,0.5862230062484741,0.6522790193557739,0.7169389128684998,0.7974284291267395,0.7247666716575623,0.7148337960243225,0.7806878089904785,0.7861028909683228,0.42755481600761414,0.6004428863525391,0.713855504989624,0.4951423704624176,0.6364720463752747
36,0.2,0.9269250631332397,0.9343059659004211,0.9428040385246277,0.9990172982215881,0.5114096999168396,0.6859870553016663,0.6507967114448547,0.6555357575416565,0.5785077810287476,0.6428961157798767,0.6982365846633911,0.7964733839035034,0.7137691974639893,0.7018741965293884,0.7649203538894653,0.7666435241699219,0.4215010702610016,0.5874190926551819,0.708994448184967,0.49905925989151,0.6375322937965393,0.9302099943161011,0.9346588850021362,0.9493630528450012,0.9997935891151428,0.5016708970069885,0.6921453475952148,0.6736806631088257,0.6679581999778748,0.5910506248474121,0.6351339221000671,0.7226750254631042,0.7905872464179993,0.7321723699569702,0.7355257272720337,0.7834922075271606,0.8043319582939148,0.40967169404029846,0.611737847328186,0.7176609039306641,0.5012812614440918,0.6444908380508423
37,0.2,0.9335485696792603,0.9405405521392822,0.949533998966217,0.9997261762619019,0.5156713724136353,0.6865959763526917,0.6562598347663879,0.6563440561294556,0.5848315358161926,0.6451035141944885,0.7134722471237183,0.7953605055809021,0.7184867858886719,0.7102949023246765,0.7702681422233582,0.7653458714485168,0.4234374761581421,0.5935120582580566,0.7184475064277649,0.49591633677482605,0.6544304490089417,0.948060929775238,0.9525706768035889,0.9598448872566223,0.9997936487197876,0.4944678843021393,0.7089222073554993,0.6857010722160339,0.6681132912635803,0.6021572947502136,0.6552889943122864,0.7423661351203918,0.7950963973999023,0.7314255237579346,0.7145295143127441,0.7754906415939331,0.776907742023468,0.4162839949131012,0.5984476804733276,0.7276421189308167,0.49988675117492676,0.6692295670509338
38,0.2,0.9377542734146118,0.9455143809318542,0.9526190161705017,0.9994556903839111,0.5079969763755798,0.6901227235794067,0.6612193584442139,0.6555089950561523,0.589363694190979,0.6549132466316223,0.7193530201911926,0.7950208187103271,0.7158361673355103,0.6993494033813477,0.7718146443367004,0.7585729956626892,0.4296753704547882,0.5858959555625916,0.7179893851280212,0.4984627664089203,0.660670816898346,0.9366118907928467,0.9451610445976257,0.9536682367324829,0.999782919883728,0.5238044261932373,0.6895833015441895,0.674526035785675,0.6612979173660278,0.6071451902389526,0.648600161075592,0.7362561821937561,0.7821398377418518,0.7156023383140564,0.719454824924469,0.7795599699020386,0.7787843942642212,0.42156556248664856,0.5846992135047913,0.7161146998405457,0.5122013688087463,0.6615422964096069
39,0.2,0.9374688863754272,0.9454785585403442,0.9546188712120056,0.9987922310829163,0.5125239491462708,0.6998850107192993,0.6710584759712219,0.6634204387664795,0.5962221026420593,0.6486867666244507,0.7212418913841248,0.7955530881881714,0.7175385355949402,0.7145681381225586,0.7658227682113647,0.7708699703216553,0.4288446009159088,0.5886855125427246,0.7190625071525574,0.4968123435974121,0.6699801683425903,0.941874623298645,0.9483127593994141,0.9600571393966675,0.9997718930244446,0.5018525123596191,0.7080049514770508,0.6925578713417053,0.6759434342384338,0.6056383848190308,0.6502177119255066,0.7453277707099915,0.7872982621192932,0.7296295762062073,0.7299231886863708,0.7871590256690979,0.7956106662750244,0.4227518141269684,0.5987499952316284,0.7191163897514343,0.49865543842315674,0.6789777874946594
40,0.2,0.9438319206237793,0.9498674869537354,0.9604251980781555,0.9993268847465515,0.5062285661697388,0.6991447806358337,0.6779915690422058,0.6681023240089417,0.6002749800682068,0.6480422019958496,0.7264574766159058,0.7937557697296143,0.7136474251747131,0.7087200284004211,0.7688580751419067,0.7670497298240662,0.44076859951019287,0.5954735279083252,0.7264654040336609,0.497311532497406,0.683390736579895,0.9498023390769958,0.9557584524154663,0.966395378112793,0.9997954964637756,0.48482510447502136,0.7308605909347534,0.6981475353240967,0.7167580127716064,0.6296284794807434,0.6486762166023254,0.7511885166168213,0.7803860902786255,0.7236430048942566,0.7221167683601379,0.7869072556495667,0.7919630408287048,0.4347401261329651,0.611083447933197,0.729038417339325,0.4999319911003113,0.6915109157562256
41,0.2,0.9394198656082153,0.9477044939994812,0.9582599997520447,0.9996522068977356,0.5113288164138794,0.7076108455657959,0.6828831434249878,0.681211531162262,0.6078348159790039,0.6490307450294495,0.7289332151412964,0.788810133934021,0.7184762358665466,0.7176696062088013,0.7718685865402222,0.775403618812561,0.44769567251205444,0.5959436297416687,0.7257993221282959,0.4999356269836426,0.6848503947257996,0.93929523229599,0.9470890164375305,0.9607308506965637,0.9997971057891846,0.4810480773448944,0.7239444851875305,0.6999353766441345,0.7098584175109863,0.6129863262176514,0.6424310803413391,0.7534345984458923,0.7779650092124939,0.7342595458030701,0.7480623126029968,0.7892346382141113,0.8174205422401428,0.4420212209224701,0.6215706467628479,0.7449485063552856,0.5076268911361694,0.6818158626556396
42,0.2,0.943990170955658,0.9519489407539368,0.9623939990997314,0.9993306398391724,0.5062147378921509,0.7102360725402832,0.688990592956543,0.6795076131820679,0.6139071583747864,0.6528531908988953,0.7436160445213318,0.7860362529754639,0.7215158343315125,0.7108284831047058,0.7752496600151062,0.7744906544685364,0.45134031772613525,0.5933060050010681,0.7413249015808105,0.5047502517700195,0.6954215168952942,0.9457548260688782,0.9534116983413696,0.9659773707389832,0.9997828602790833,0.47533804178237915,0.7296040058135986,0.722404956817627,0.733730137348175,0.6288965344429016,0.6479446291923523,0.7733448147773743,0.7727603912353516,0.7387600541114807,0.752074658870697,0.8027581572532654,0.8221958875656128,0.453691691160202,0.5933513045310974,0.7575441598892212,0.5106768608093262,0.7024453282356262
43,0.2,0.9449782967567444,0.9523308277130127,0.9643774032592773,0.9997867941856384,0.5025748014450073,0.7127907872200012,0.6981657147407532,0.6868492960929871,0.6211736798286438,0.6478002667427063,0.7486599683761597,0.7865874767303467,0.7235082983970642,0.7255040407180786,0.7840955257415771,0.7837203741073608,0.4689585864543915,0.5936441421508789,0.7409796118736267,0.5065697431564331,0.7114670276641846,0.944413959980011,0.9522985219955444,0.9668448567390442,0.9997970461845398,0.4827825129032135,0.7343392968177795,0.7193856835365295,0.7221366167068481,0.6447372436523438,0.6458854079246521,0.7786346077919006,0.7694573402404785,0.7362135648727417,0.7472329139709473,0.7924033403396606,0.8217812180519104,0.4574037492275238,0.6005422472953796,0.7712258696556091,0.5060749650001526,0.7104685306549072
44,0.2,0.9450063705444336,0.9529392719268799,0.9653574228286743,0.9995424747467041,0.5084496736526489,0.7191054821014404,0.7041980624198914,0.6872816681861877,0.6227579116821289,0.6511381268501282,0.756230354309082,0.7798349857330322,0.7247133255004883,0.7164109349250793,0.7825099229812622,0.7797925472259521,0.4855526089668274,0.5953484773635864,0.7473132610321045,0.5086241960525513,0.7205036878585815,0.9466516971588135,0.9555655717849731,0.9712958335876465,0.9997885227203369,0.5024213790893555,0.7394092082977295,0.7181387543678284,0.7263231873512268,0.6324771046638489,0.6341950297355652,0.7858080267906189,0.7691112756729126,0.7380039095878601,0.780482292175293,0.7985116839408875,0.8374399542808533,0.4916040003299713,0.6033936738967896,0.7857335209846497,0.5160616636276245,0.733171284198761
45,0.2,0.9454132318496704,0.9537283182144165,0.9672806859016418,0.9997820854187012,0.5060672163963318,0.7236027717590332,0.7054497599601746,0.7035733461380005,0.6303499341011047,0.6466237306594849,0.7601513266563416,0.7814079523086548,0.7294643521308899,0.7434290647506714,0.780853271484375,0.8007509708404541,0.5021048784255981,0.597667396068573,0.7591848969459534,0.5074814558029175,0.7328358888626099,0.9471049904823303,0.9571569561958313,0.9711809158325195,0.9997963309288025,0.48646247386932373,0.7435624599456787,0.7278006672859192,0.7353906035423279,0.6553918719291687,0.6319593787193298,0.7898766994476318,0.7644907832145691,0.7354121804237366,0.7895281910896301,0.7971193790435791,0.8496851921081543,0.5114359259605408,0.5805172920227051,0.7773364186286926,0.517216145992279,0.7272968292236328
46,0.2,0.9508323669433594,0.9589334726333618,0.9718834161758423,0.9997569918632507,0.4945759177207947,0.726330041885376,0.7197815179824829,0.7038424611091614,0.6406314373016357,0.6499069333076477,0.7718788981437683,0.7804558277130127,0.7272970080375671,0.7364267110824585,0.7837854623794556,0.7956240177154541,0.5251452326774597,0.5972316265106201,0.7565613389015198,0.5067071914672852,0.7407999038696289,0.9474162459373474,0.9581467509269714,0.973183810710907,0.9997977018356323,0.4972419738769531,0.7441134452819824,0.7443217039108276,0.7442069053649902,0.6532104015350342,0.6292611956596375,0.8003891706466675,0.7626226544380188,0.7385199069976807,0.7733598947525024,0.7996826767921448,0.8394681215286255,0.5614913702011108,0.6173282265663147,0.7802653312683105,0.5142115950584412,0.7435812950134277
47,0.2,0.9488455653190613,0.9578085541725159,0.9710220098495483,0.9997751712799072,0.4986131489276886,0.7336634993553162,0.7234404683113098,0.7137145400047302,0.646522045135498,0.6447609663009644,0.7803099751472473,0.7740076184272766,0.7292094230651855,0.7422797083854675,0.7899090647697449,0.8081809282302856,0.5594131350517273,0.6040332317352295,0.7689666748046875,0.5094915628433228,0.756389319896698,0.9472402334213257,0.9580934047698975,0.9730446934700012,0.9997590780258179,0.48567065596580505,0.7578374743461609,0.7499082088470459,0.7297940850257874,0.6671007871627808,0.6406261324882507,0.8071972727775574,0.7630950212478638,0.7350631952285767,0.7815632820129395,0.8038223385810852,0.8543732762336731,0.6074517369270325,0.6018033027648926,0.7903323769569397,0.5125433206558228,0.7600184082984924
48,0.2,0.9452542066574097,0.956486165523529,0.9712197184562683,0.9994100332260132,0.5034351348876953,0.7302448153495789,0.7276329398155212,0.7173426151275635,0.6454892754554749,0.640698254108429,0.783488929271698,0.7711015939712524,0.7241413593292236,0.7480326890945435,0.7867215871810913,0.8084768056869507,0.5926350355148315,0.6066121459007263,0.7810720801353455,0.5119688510894775,0.7652558088302612,0.9464819431304932,0.9601768255233765,0.9746131300926208,0.9997978806495667,0.48747876286506653,0.7608622312545776,0.7452230453491211,0.7490524053573608,0.6584612131118774,0.6542223691940308,0.8104603290557861,0.7654542326927185,0.7395216822624207,0.7876719832420349,0.8115790486335754,0.8517535328865051,0.6406331658363342,0.6113583445549011,0.7997722625732422,0.5198769569396973,0.7678321003913879
49,0.2,0.9466500878334045,0.958153247833252,0.9726951122283936,0.999793291091919,0.4987814128398895,0.7419673204421997,0.7318734526634216,0.7225983738899231,0.6551194190979004,0.643439531326294,0.7857648134231567,0.7753723859786987,0.7337357401847839,0.7588605880737305,0.7921034693717957,0.8191591501235962,0.6135048866271973,0.6064839363098145,0.7800002694129944,0.5081809163093567,0.7720721364021301,0.9446033835411072,0.9590125679969788,0.974466860294342,0.9997967481613159,0.5061221122741699,0.7706807255744934,0.7539544701576233,0.7291728854179382,0.669205367565155,0.6353790760040283,0.8132344484329224,0.7699218988418579,0.7505214810371399,0.804216742515564,0.8072784543037415,0.8658447861671448,0.6501450538635254,0.5946177840232849,0.8002647757530212,0.5256755948066711,0.7749749422073364
50,0.2,0.9477168321609497,0.9598332047462463,0.9753155708312988,0.9997937083244324,0.5027292966842651,0.7447465062141418,0.7366838455200195,0.7152467370033264,0.6601058840751648,0.6417655944824219,0.791153609752655,0.7800373435020447,0.7341102957725525,0.767661452293396,0.7903516292572021,0.8258308172225952,0.6273359060287476,0.610863983631134,0.7869486808776855,0.5097723007202148,0.781184732913971,0.942738950252533,0.9596590995788574,0.9755780696868896,0.9997939467430115,0.49880602955818176,0.7595171928405762,0.7540943026542664,0.7620449662208557,0.6788501143455505,0.6311433911323547,0.8177839517593384,0.7701089382171631,0.747603178024292,0.8020520210266113,0.8056198954582214,0.8668266534805298,0.6573373079299927,0.631008505821228,0.803880512714386,0.5266340970993042,0.7750919461250305
51,0.2,0.9472721815109253,0.9608238935470581,0.9751928448677063,0.9997571706771851,0.49070748686790466,0.7450197339057922,0.7452890276908875,0.7270420789718628,0.6689749360084534,0.6510487794876099,0.7925450205802917,0.7809739708900452,0.738002598285675,0.7620225548744202,0.796237051486969,0.823979377746582,0.6370376944541931,0.6166317462921143,0.7874658703804016,0.5098756551742554,0.7856723666191101,0.9450699090957642,0.9621016979217529,0.9766687750816345,0.9997976422309875,0.488499253988266,0.7652485370635986,0.7676231265068054,0.7570691704750061,0.6931151151657104,0.6480297446250916,0.8216083645820618,0.7732574939727783,0.7572582960128784,0.8022131323814392,0.8122835755348206,0.8697605729103088,0.6596680879592896,0.6003226041793823,0.8111644387245178,0.519393265247345,0.786069929599762
52,0.2,0.9479204416275024,0.9629642963409424,0.9773827195167542,0.9997918009757996,0.49455201625823975,0.7491225600242615,0.7507432699203491,0.7251378893852234,0.6782791614532471,0.6474618911743164,0.8018180131912231,0.784342885017395,0.7454398274421692,0.7678015828132629,0.7922012805938721,0.8301565051078796,0.6534280776977539,0.6134726405143738,0.7967467904090881,0.5106168389320374,0.7975862622261047,0.9423154592514038,0.9630269408226013,0.9785612225532532,0.9997959733009338,0.506585955619812,0.7747204303741455,0.7680087685585022,0.7319270372390747,0.6945470571517944,0.6378387808799744,0.836592435836792,0.7687140703201294,0.7561906576156616,0.7986114025115967,0.8135830163955688,0.8660241961479187,0.6714143753051758,0.6095902919769287,0.8091792464256287,0.5227941274642944,0.7939444184303284
53,0.2,0.9454646110534668,0.9624606370925903,0.9771845936775208,0.9997634887695312,0.5083090662956238,0.7531264424324036,0.7518818378448486,0.7145296335220337,0.6791073679924011,0.6509527564048767,0.803623378276825,0.7859718799591064,0.7481970191001892,0.7700988054275513,0.7889357805252075,0.8333145380020142,0.6595571637153625,0.6227262616157532,0.7909473776817322,0.5117565989494324,0.801225483417511,0.949362576007843,0.967815637588501,0.9816297888755798,0.9997969269752502,0.49650081992149353,0.7734392285346985,0.7651804089546204,0.7240546345710754,0.7018635272979736,0.648367702960968,0.8376879096031189,0.7812079787254333,0.7634164690971375,0.8010032176971436,0.8048577308654785,0.8736473917961121,0.6728400588035583,0.6140794157981873,0.8167175054550171,0.5101776719093323,0.8099527955055237
54,0.2,0.9452370405197144,0.962590754032135,0.9785008430480957,0.9997586011886597,0.4982675611972809,0.7509350776672363,0.7561752796173096,0.724129319190979,0.6790958642959595,0.65008944272995,0.8098732829093933,0.7878690958023071,0.7572748064994812,0.7766420245170593,0.7908579111099243,0.8412578105926514,0.6654911637306213,0.6302859783172607,0.7968500852584839,0.507626473903656,0.806054949760437,0.9406523704528809,0.9629932045936584,0.9795637726783752,0.999786913394928,0.5013766884803772,0.7767009139060974,0.7772102952003479,0.731450080871582,0.7027274966239929,0.6470550894737244,0.8382124304771423,0.7784786820411682,0.77054363489151,0.8029689192771912,0.8096455931663513,0.8717767000198364,0.6739778518676758,0.6218104362487793,0.8076989650726318,0.5179345607757568,0.8059184551239014
55,0.2,0.9410287737846375,0.9620278477668762,0.9778499007225037,0.9995654225349426,0.5115329027175903,0.7499105334281921,0.7584406137466431,0.7215975522994995,0.6843181252479553,0.6462048292160034,0.8083543181419373,0.7851771712303162,0.7596787214279175,0.7669866681098938,0.794977068901062,0.8342854380607605,0.6669309735298157,0.623814582824707,0.8034685850143433,0.5170471668243408,0.8053916692733765,0.9416800737380981,0.967687726020813,0.9823451042175293,0.9997981190681458,0.49482446908950806,0.7769808769226074,0.776605486869812,0.7403882741928101,0.7060092687606812,0.6607251167297363,0.8499696850776672,0.7792757749557495,0.7727494835853577,0.8061044216156006,0.8118492960929871,0.8774363398551941,0.6787835955619812,0.6287846565246582,0.8186028599739075,0.518179714679718,0.8174585103988647
56,0.2,0.9417230486869812,0.964762270450592,0.9802857041358948,0.9997928738594055,0.496273934841156,0.7648195028305054,0.7607711553573608,0.7212924361228943,0.6918085217475891,0.6547654867172241,0.8182538747787476,0.7911399006843567,0.7655606269836426,0.7850677967071533,0.7960748076438904,0.8531480431556702,0.6747288107872009,0.6325194835662842,0.8050200343132019,0.5129927396774292,0.8198731541633606,0.9426146745681763,0.9689034819602966,0.9834699034690857,0.9997963309288025,0.4781592786312103,0.7947512269020081,0.7738756537437439,0.7339682579040527,0.7111784219741821,0.6481150388717651,0.8544089198112488,0.7776152491569519,0.7829703092575073,0.8069067597389221,0.8174868226051331,0.877616822719574,0.6846603751182556,0.6060638427734375,0.8184279799461365,0.5147551894187927,0.8219236731529236
57,0.2,0.943108320236206,0.9667915105819702,0.9823305010795593,0.999290943145752,0.49255087971687317,0.7681947946548462,0.764549970626831,0.724588930606842,0.6960456371307373,0.6592463850975037,0.8227420449256897,0.7915750741958618,0.7752746343612671,0.7732889652252197,0.7993549704551697,0.8390730023384094,0.6761778593063354,0.6350697875022888,0.799338161945343,0.5108597278594971,0.825904905796051,0.9411960244178772,0.9700477123260498,0.9839223623275757,0.9997981190681458,0.4729158282279968,0.8003987669944763,0.7918406128883362,0.7315132021903992,0.7236016392707825,0.6684434413909912,0.864482581615448,0.7824059128761292,0.7953120470046997,0.8094679713249207,0.8152018785476685,0.877606213092804,0.6871865391731262,0.626162588596344,0.8198100328445435,0.5190188884735107,0.8327764272689819
58,0.2,0.9377401471138,0.9639741778373718,0.9804876446723938,0.999751091003418,0.5088989734649658,0.763879656791687,0.76692134141922,0.7233599424362183,0.6937183737754822,0.658232569694519,0.8204172253608704,0.7852022647857666,0.7783573269844055,0.7746754288673401,0.8000333905220032,0.8363822102546692,0.6805309653282166,0.6371748447418213,0.8048985004425049,0.5138132572174072,0.8208386898040771,0.9395548701286316,0.9679062366485596,0.9830178618431091,0.999796986579895,0.4964013993740082,0.7795887589454651,0.7893051505088806,0.736925482749939,0.7292765378952026,0.668598473072052,0.8642346262931824,0.7838569283485413,0.7970533967018127,0.8124979734420776,0.82485032081604,0.8772304058074951,0.6928653120994568,0.6514995098114014,0.8200933337211609,0.5160507559776306,0.8294273018836975
59,0.2,0.9422010183334351,0.967147171497345,0.9826193451881409,0.9997962117195129,0.50040203332901,0.762190580368042,0.7748947143554688,0.7294965982437134,0.6999071836471558,0.6634102463722229,0.8261942863464355,0.7922414541244507,0.7860655188560486,0.7787233591079712,0.8042086362838745,0.842417299747467,0.6878137588500977,0.6422449350357056,0.8074343800544739,0.5120605826377869,0.828044593334198,0.944646954536438,0.9730936884880066,0.9869651198387146,0.999798595905304,0.4968116879463196,0.777040421962738,0.8001014590263367,0.7478235363960266,0.7261326909065247,0.6610225439071655,0.8638647198677063,0.7877129316329956,0.8018706440925598,0.8101155757904053,0.820697009563446,0.8849141597747803,0.69724440574646,0.6457831859588623,0.8287802934646606,0.5151559710502625,0.845363199710846
60,0.2,0.9406919479370117,0.9663314819335938,0.9823395013809204,0.9997913241386414,0.5004085898399353,0.7696371078491211,0.7790828347206116,0.7279279828071594,0.7069132328033447,0.6590696573257446,0.8299423456192017,0.794788122177124,0.783298909664154,0.7894013524055481,0.7972986102104187,0.8527268767356873,0.6889220476150513,0.6485143899917603,0.8126618266105652,0.5097684860229492,0.8360087871551514,0.9375357627868652,0.9683399200439453,0.9847070574760437,0.9997984170913696,0.5088405609130859,0.8026223182678223,0.7863342761993408,0.7314127087593079,0.7222022414207458,0.6706598997116089,0.8690372109413147,0.7777228951454163,0.7901877164840698,0.7986430525779724,0.815421462059021,0.8762832283973694,0.6956844925880432,0.6529046893119812,0.8240975737571716,0.5204486846923828,0.8392210602760315
61,0.2,0.9411894679069519,0.9663492441177368,0.9825560450553894,0.9993589520454407,0.49867963790893555,0.7718508839607239,0.7812107801437378,0.7269513010978699,0.7056359648704529,0.662883996963501,0.8383436799049377,0.789289653301239,0.7874818444252014,0.7870714068412781,0.8075767159461975,0.8581675887107849,0.6932471394538879,0.6508095860481262,0.8122778534889221,0.5082682967185974,0.8387753367424011,0.9500201344490051,0.973779559135437,0.9873610734939575,0.9998006820678711,0.4904410243034363,0.802569568157196,0.8045711517333984,0.7277833819389343,0.7379407286643982,0.6871851682662964,0.8781728148460388,0.7921237349510193,0.8016233444213867,0.8174158930778503,0.8283445835113525,0.8853520750999451,0.7081602215766907,0.6666258573532104,0.831443727016449,0.5074032545089722,0.8538827896118164
62,0.2,0.9449340105056763,0.9683628678321838,0.9842993021011353,0.9997947216033936,0.5038114190101624,0.7693915963172913,0.7834133505821228,0.7244908213615417,0.710102379322052,0.6681316494941711,0.8399748206138611,0.7953315377235413,0.790631890296936,0.7949016690254211,0.8126106262207031,0.8625246286392212,0.6973658800125122,0.6492154002189636,0.8181146383285522,0.5066725611686707,0.844643771648407,0.9495744705200195,0.9726724624633789,0.9868103265762329,0.9997984766960144,0.502025306224823,0.8045534491539001,0.8065027594566345,0.768559992313385,0.7409152984619141,0.6694951057434082,0.8769627213478088,0.7930189371109009,0.8019120693206787,0.8171667456626892,0.8200158476829529,0.8853854537010193,0.7065941095352173,0.6389871835708618,0.8362228274345398,0.5043395757675171,0.8587310314178467
63,0.2,0.9461687803268433,0.969078779220581,0.9852190017700195,0.9996380805969238,0.4897807538509369,0.7843782305717468,0.7893521189689636,0.7289677262306213,0.714826226234436,0.6716355085372925,0.8446212410926819,0.7974087595939636,0.7960373163223267,0.7971208691596985,0.8046520352363586,0.8650842905044556,0.7076231837272644,0.6553190350532532,0.817097544670105,0.5065473318099976,0.8541440963745117,0.9403048753738403,0.9709991216659546,0.986646831035614,0.9997992515563965,0.4948230981826782,0.7921832203865051,0.8003803491592407,0.7403043508529663,0.731086015701294,0.6812594532966614,0.8783721327781677,0.7830072045326233,0.8058594465255737,0.8117506504058838,0.8234286904335022,0.887561559677124,0.7092876434326172,0.6359937787055969,0.8288305997848511,0.5218861103057861,0.8531700968742371
64,0.2,0.9447864890098572,0.9681881070137024,0.9845497608184814,0.9997923970222473,0.5003036856651306,0.7801607847213745,0.7895880937576294,0.7293402552604675,0.7137324810028076,0.6737267971038818,0.8420292735099792,0.7976137399673462,0.7989394068717957,0.7944470643997192,0.810081958770752,0.8611447811126709,0.7041232585906982,0.6578517556190491,0.81923907995224,0.508051335811615,0.8535541892051697,0.9508223533630371,0.9710668325424194,0.9877589344978333,0.999799370765686,0.5074333548545837,0.7890130877494812,0.8090405464172363,0.7396307587623596,0.7398373484611511,0.6749758720397949,0.8806536197662354,0.7917490005493164,0.8031892776489258,0.8160178065299988,0.8308188915252686,0.8821659684181213,0.7128767371177673,0.6427755355834961,0.8294919729232788,0.5079318284988403,0.864106297492981
65,0.2,0.944899320602417,0.966925859451294,0.984187126159668,0.9997956156730652,0.49935027956962585,0.7801008224487305,0.7924131155014038,0.7283206582069397,0.7177302837371826,0.6694814562797546,0.8369039297103882,0.7969353795051575,0.8008339405059814,0.8046590089797974,0.8063717484474182,0.8710147738456726,0.7088683843612671,0.6607019305229187,0.8178429007530212,0.5048046708106995,0.8533351421356201,0.9506449699401855,0.9710612893104553,0.9867746829986572,0.999799907207489,0.5095162987709045,0.7793834209442139,0.8116437196731567,0.7408205270767212,0.7509691715240479,0.6881861686706543,0.8789024949073792,0.7930417656898499,0.8051484823226929,0.8153448104858398,0.8229414224624634,0.8840829730033875,0.7207226157188416,0.6699079871177673,0.8291240334510803,0.5083655118942261,0.8658874034881592
66,0.2,0.9459116458892822,0.9661014676094055,0.9844883680343628,0.9997521042823792,0.5108161568641663,0.7793785929679871,0.7944219708442688,0.725867509841919,0.7233940362930298,0.6766541600227356,0.8450986742973328,0.7962612509727478,0.7949529886245728,0.7977744340896606,0.8068853616714478,0.8651196956634521,0.7191222906112671,0.6669507026672363,0.815019965171814,0.5065445303916931,0.8539480566978455,0.943703830242157,0.9676041603088379,0.9852567911148071,0.9997995495796204,0.5118238925933838,0.8082513809204102,0.8011742234230042,0.7265160083770752,0.7425103783607483,0.6886758804321289,0.8775864839553833,0.7880239486694336,0.8128598928451538,0.807330310344696,0.8222137689590454,0.8836970925331116,0.7308869957923889,0.6587375402450562,0.8192527294158936,0.5199887156486511,0.8554220199584961
67,0.2,0.947545051574707,0.9684008955955505,0.9857348799705505,0.9997931122779846,0.5039980411529541,0.7761668562889099,0.7928038239479065,0.7219790816307068,0.7187961935997009,0.6769053936004639,0.8500087261199951,0.796608567237854,0.7953053116798401,0.7950752973556519,0.8038426637649536,0.8649133443832397,0.7254911661148071,0.6632605791091919,0.8179018497467041,0.5108866691589355,0.8551994562149048,0.9558403491973877,0.9734197854995728,0.9885960221290588,0.999799907207489,0.47889241576194763,0.8146120309829712,0.8182958364486694,0.7495269179344177,0.7501382827758789,0.6837238073348999,0.8848052024841309,0.7943350672721863,0.8045526742935181,0.8169994354248047,0.822149395942688,0.8876139521598816,0.728639543056488,0.6496738791465759,0.836468517780304,0.5022015571594238,0.8745351433753967
68,0.2,0.9500998854637146,0.968514084815979,0.9859567284584045,0.9997845888137817,0.5022179484367371,0.7885830402374268,0.7988633513450623,0.7324999570846558,0.7303544878959656,0.6858100295066833,0.8457527756690979,0.7984895706176758,0.801268458366394,0.8030290603637695,0.8071324825286865,0.8682127594947815,0.7251545786857605,0.6669316291809082,0.821003258228302,0.5122342705726624,0.8623252511024475,0.9486720561981201,0.9708554744720459,0.9875446557998657,0.9997985363006592,0.5032899379730225,0.8187296986579895,0.804908812046051,0.7318418622016907,0.7463619112968445,0.6986974477767944,0.8870850205421448,0.7869395613670349,0.8167821168899536,0.8175868988037109,0.8231905698776245,0.8900538682937622,0.7334145903587341,0.6876890063285828,0.8291661143302917,0.5214864611625671,0.8684113025665283
69,0.2,0.9514010548591614,0.9691377878189087,0.9860216379165649,0.9997909069061279,0.5010900497436523,0.781004786491394,0.7979742288589478,0.7293045520782471,0.7271602749824524,0.6864962577819824,0.8473865389823914,0.8042373061180115,0.8015850186347961,0.8099749088287354,0.8049196004867554,0.8747486472129822,0.7264660000801086,0.6812679171562195,0.8228264451026917,0.5045534372329712,0.8648877143859863,0.9562897682189941,0.9730585813522339,0.9889549612998962,0.9997994303703308,0.48057228326797485,0.8261480331420898,0.8157603144645691,0.715650200843811,0.7627848386764526,0.6892939805984497,0.893272340297699,0.8004587888717651,0.8122915625572205,0.8226616382598877,0.8311673402786255,0.8858752250671387,0.7350819706916809,0.6519978046417236,0.8294767737388611,0.5049459338188171,0.8803063631057739
70,0.2,0.9490609765052795,0.9680891633033752,0.985533595085144,0.9997860789299011,0.5026010274887085,0.785448431968689,0.7931733727455139,0.7268583178520203,0.7312666773796082,0.6879571080207825,0.8471823930740356,0.8033121824264526,0.8047224283218384,0.8032747507095337,0.8153298497200012,0.8713851571083069,0.7307702898979187,0.6741257905960083,0.8231961727142334,0.5075791478157043,0.8651219606399536,0.9483240246772766,0.9715591073036194,0.9874355792999268,0.9998006820678711,0.5270485281944275,0.8037412762641907,0.812056303024292,0.7273814082145691,0.7586019039154053,0.706549882888794,0.8885477781295776,0.7915680408477783,0.8281545042991638,0.8209739923477173,0.8285500407218933,0.887756884098053,0.7430067658424377,0.6748970150947571,0.831787645816803,0.5150258541107178,0.8714767694473267
71,0.2,0.9460504651069641,0.9688961505889893,0.9859390258789062,0.9997863173484802,0.5087623596191406,0.7876611948013306,0.7972878813743591,0.7297179102897644,0.7308756113052368,0.6878792643547058,0.852947473526001,0.7967177033424377,0.8167698383331299,0.7996931672096252,0.8121708631515503,0.863970160484314,0.7320523262023926,0.6777130961418152,0.8287374377250671,0.5135769248008728,0.8636537194252014,0.9533883333206177,0.9723162651062012,0.9887641668319702,0.9997995495796204,0.48624733090400696,0.8190773129463196,0.8086004853248596,0.7468172311782837,0.770710289478302,0.7056943774223328,0.8929296731948853,0.7933290004730225,0.8200512528419495,0.8203916549682617,0.8305016756057739,0.887550950050354,0.7505577802658081,0.6631795763969421,0.833044171333313,0.5134036540985107,0.8779680132865906
72,0.2,0.952274739742279,0.9698012471199036,0.9872757196426392,0.9997953176498413,0.510789692401886,0.7862319946289062,0.8065683245658875,0.7260717749595642,0.7325961589813232,0.6891791820526123,0.8546945452690125,0.7974221110343933,0.7987921833992004,0.8035639524459839,0.8098849058151245,0.8728672862052917,0.7474489212036133,0.6865609884262085,0.825537919998169,0.510420560836792,0.868953287601471,0.9515839219093323,0.9718256592750549,0.9883696436882019,0.9997983574867249,0.507370114326477,0.7860098481178284,0.8198789954185486,0.738422691822052,0.7561866641044617,0.7089788317680359,0.8902037739753723,0.7879317402839661,0.8127157092094421,0.8168296217918396,0.825709342956543,0.8911084532737732,0.7537622451782227,0.7089904546737671,0.8352413773536682,0.5031471252441406,0.874328076839447
73,0.2,0.9526988863945007,0.9703735113143921,0.9876098036766052,0.9994242787361145,0.5134137272834778,0.7924057245254517,0.8054223656654358,0.7291049361228943,0.7324183583259583,0.6883573532104492,0.8543723821640015,0.8013299703598022,0.8056420683860779,0.8043994307518005,0.8109080791473389,0.8743987679481506,0.752058744430542,0.6962478160858154,0.8274909257888794,0.5129870176315308,0.8706853985786438,0.9500638842582703,0.9712563753128052,0.9881232976913452,0.9997983574867249,0.5590843558311462,0.8215754628181458,0.8060383796691895,0.7086737751960754,0.7527369260787964,0.7080508470535278,0.8967189788818359,0.7839466333389282,0.814483642578125,0.819868266582489,0.8244655728340149,0.8933501839637756,0.7579915523529053,0.6720089912414551,0.8277240991592407,0.5240374803543091,0.8696989417076111
74,0.2,0.9510586261749268,0.968709409236908,0.9870857000350952,0.9997944831848145,0.5106460452079773,0.7911439538002014,0.8033950328826904,0.7286713123321533,0.7410567998886108,0.6865701079368591,0.8602380752563477,0.8000959157943726,0.8008545637130737,0.8050587177276611,0.815025806427002,0.8783389329910278,0.751326322555542,0.6919215321540833,0.8258943557739258,0.511620044708252,0.8703149557113647,0.9546340703964233,0.9739641547203064,0.990268349647522,0.999798595905304,0.5393788814544678,0.7950134873390198,0.8189711570739746,0.7408568263053894,0.7557784914970398,0.6982160806655884,0.9004217982292175,0.790340006351471,0.8171224594116211,0.8186980485916138,0.8286358714103699,0.8960593342781067,0.7577216029167175,0.7218249440193176,0.8423914313316345,0.5131223797798157,0.8808742761611938
75,0.2,0.9536218047142029,0.9697369337081909,0.9872336983680725,0.9997901320457458,0.5170987844467163,0.7902452945709229,0.8080094456672668,0.7301329970359802,0.7382267117500305,0.6961123943328857,0.8587549328804016,0.8033633828163147,0.8039957284927368,0.8110391497612,0.819718062877655,0.8790004849433899,0.7511060833930969,0.7050204873085022,0.8300371170043945,0.50762939453125,0.8770297169685364,0.9544979929924011,0.9724499583244324,0.9890891313552856,0.9997996091842651,0.4990535378456116,0.8137061595916748,0.8188241720199585,0.7246756553649902,0.7565820217132568,0.6961789131164551,0.8994249105453491,0.7944846749305725,0.8255019187927246,0.8242848515510559,0.8291884660720825,0.8918420076370239,0.7695387005805969,0.7016093134880066,0.8316905498504639,0.5123862028121948,0.8842767477035522
76,0.2,0.9547097086906433,0.9697234630584717,0.9879083633422852,0.9992383718490601,0.5138237476348877,0.7929132580757141,0.8083566427230835,0.7304699420928955,0.739295482635498,0.6971864700317383,0.8621159791946411,0.8047996163368225,0.8088842630386353,0.809587299823761,0.8101029992103577,0.8785927295684814,0.7577391862869263,0.699123203754425,0.8234010338783264,0.5056052207946777,0.8805394172668457,0.9606485962867737,0.9727051854133606,0.9905092120170593,0.999799907207489,0.5224931240081787,0.8197841048240662,0.8285752534866333,0.7482141852378845,0.7707388997077942,0.7159827947616577,0.9020285606384277,0.7949293851852417,0.8181983828544617,0.8244256377220154,0.8286905884742737,0.8927379846572876,0.7756949067115784,0.6931750774383545,0.8294726610183716,0.5118004083633423,0.8927578926086426
77,0.2,0.9552404284477234,0.9705947637557983,0.988506555557251,0.9990927577018738,0.5182216763496399,0.7898738384246826,0.8083269000053406,0.728334367275238,0.7421560287475586,0.6967194080352783,0.8659547567367554,0.8003990650177002,0.8108859062194824,0.813233494758606,0.8064871430397034,0.8809633255004883,0.7613644003868103,0.7020384073257446,0.8347063064575195,0.5090593099594116,0.8848695755004883,0.9520075917243958,0.9738492369651794,0.9896921515464783,0.999798595905304,0.533124566078186,0.8152390122413635,0.8256685733795166,0.715194582939148,0.766393780708313,0.7144958972930908,0.9058611392974854,0.7887082695960999,0.8365975618362427,0.8196045756340027,0.8256734013557434,0.8965211510658264,0.7826861143112183,0.7053736448287964,0.8422084450721741,0.514717698097229,0.8844199776649475
78,0.2,0.9530235528945923,0.9704535603523254,0.9879773855209351,0.9997930526733398,0.5256839990615845,0.7936400771141052,0.8062963485717773,0.7293993234634399,0.7415762543678284,0.6970275044441223,0.8620452284812927,0.8004222512245178,0.8133971691131592,0.811373770236969,0.8079200387001038,0.8821325302124023,0.7704142332077026,0.6984842419624329,0.834113597869873,0.5103442668914795,0.8804321885108948,0.958454430103302,0.9728546142578125,0.9906936287879944,0.9997997283935547,0.5375242829322815,0.8351545333862305,0.8258951306343079,0.7579700350761414,0.7739426493644714,0.7108598351478577,0.9069211483001709,0.7963913083076477,0.8199317455291748,0.8276704549789429,0.8209594488143921,0.8937286138534546,0.7883123159408569,0.6904741525650024,0.84074467420578,0.5085621476173401,0.8933596611022949
79,0.2,0.9585643410682678,0.9718127250671387,0.9898807406425476,0.9997949600219727,0.5197535753250122,0.796088695526123,0.8135389685630798,0.7331390380859375,0.7521312236785889,0.7016314268112183,0.8650754690170288,0.8080772161483765,0.8119073510169983,0.8192883133888245,0.8153077960014343,0.8820863962173462,0.777239203453064,0.7063549160957336,0.8342193365097046,0.5112450122833252,0.8915345072746277,0.9592804908752441,0.9758416414260864,0.9919973015785217,0.9997983574867249,0.5475958585739136,0.8072831630706787,0.8258201479911804,0.7236382365226746,0.7726790308952332,0.7114083170890808,0.912933886051178,0.7979357838630676,0.8269144296646118,0.8235843181610107,0.8264887928962708,0.8966184258460999,0.8011661767959595,0.7007668614387512,0.8403064608573914,0.5054723024368286,0.8984847068786621
80,0.2,0.953372061252594,0.9688422083854675,0.9881876707077026,0.9994238018989563,0.5238809585571289,0.7965956926345825,0.81379234790802,0.7256672382354736,0.7497901916503906,0.7055848836898804,0.8687439560890198,0.8030749559402466,0.820387065410614,0.8132635951042175,0.814794659614563,0.8806833028793335,0.7805706858634949,0.7107797265052795,0.8295907974243164,0.5166227221488953,0.8872424960136414,0.9605039954185486,0.9733539819717407,0.9905812740325928,0.9998000860214233,0.5429299473762512,0.8022273182868958,0.8314383625984192,0.7164154052734375,0.7737128734588623,0.7218504548072815,0.9058370590209961,0.804155707359314,0.8293777108192444,0.8299214243888855,0.8340055346488953,0.8927488923072815,0.7998096942901611,0.6923590898513794,0.8379703760147095,0.5050325989723206,0.8978927135467529
81,0.2,0.955041766166687,0.968934953212738,0.9879744648933411,0.9997179508209229,0.533433735370636,0.7866621613502502,0.8150322437286377,0.7286523580551147,0.7468858957290649,0.7114026546478271,0.8692609667778015,0.8062050342559814,0.8166360259056091,0.8193151354789734,0.8178051114082336,0.8801305294036865,0.783195972442627,0.7129772305488586,0.8355887532234192,0.5591427683830261,0.8859977722167969,0.9553259015083313,0.9713874459266663,0.9897125959396362,0.9998003244400024,0.5214043259620667,0.8149595856666565,0.8196814060211182,0.7448305487632751,0.7666214108467102,0.7192130088806152,0.9046310782432556,0.8026202917098999,0.8406643271446228,0.830243706703186,0.8311960101127625,0.897396445274353,0.8027549982070923,0.6903135180473328,0.8334454298019409,0.612467885017395,0.8924418091773987
82,0.2,0.9550774693489075,0.9692871570587158,0.9884035587310791,0.9996851682662964,0.5236842036247253,0.7952269911766052,0.8082128763198853,0.7415387630462646,0.7560834884643555,0.7080848217010498,0.8713139295578003,0.8111264705657959,0.8160743117332458,0.8229020833969116,0.8164529800415039,0.8823633193969727,0.7861401438713074,0.710720956325531,0.8344230651855469,0.6183794736862183,0.8900859355926514,0.9580767750740051,0.9727405309677124,0.9901604652404785,0.9998002648353577,0.5050468444824219,0.829582154750824,0.8245115876197815,0.7292109727859497,0.7809160351753235,0.7418755888938904,0.9150950908660889,0.8092087507247925,0.8620579838752747,0.8385081887245178,0.8342778086662292,0.8945297598838806,0.8092766404151917,0.6856409311294556,0.8408297300338745,0.655465304851532,0.8980288505554199
83,0.2,0.9546712636947632,0.9689782857894897,0.9884751439094543,0.9997872710227966,0.5202820301055908,0.7915772795677185,0.810321569442749,0.7294201850891113,0.7535853385925293,0.7154666185379028,0.8769022226333618,0.8172456622123718,0.8415504693984985,0.8293192982673645,0.8178660869598389,0.8925139307975769,0.7937103509902954,0.7189258933067322,0.8369640707969666,0.6430020332336426,0.8920289874076843,0.9591678380966187,0.9719801545143127,0.9904711842536926,0.9998005628585815,0.5285171270370483,0.833744466304779,0.8251867294311523,0.7199237942695618,0.7751179933547974,0.7395533323287964,0.9091257452964783,0.8168410658836365,0.8519655466079712,0.8368447422981262,0.8284665942192078,0.8946436047554016,0.8094089031219482,0.7065972685813904,0.8426737189292908,0.6421080827713013,0.8990797400474548
84,0.2,0.9592917561531067,0.9705529808998108,0.9899527430534363,0.9997974038124084,0.5219980478286743,0.7924808859825134,0.8160970211029053,0.741436243057251,0.7518069744110107,0.7165812849998474,0.8701754808425903,0.8272081613540649,0.8233584761619568,0.826941967010498,0.8113517761230469,0.8877078294754028,0.7977261543273926,0.7234300374984741,0.8372398018836975,0.6462358832359314,0.8977963924407959,0.9643173217773438,0.9751294851303101,0.9923259615898132,0.9998002648353577,0.5329787135124207,0.8447819948196411,0.835421085357666,0.7622890472412109,0.7803338766098022,0.7178624272346497,0.9130373001098633,0.8256211280822754,0.8408990502357483,0.839142382144928,0.8172010779380798,0.8939594030380249,0.8198624849319458,0.689458966255188,0.8428111672401428,0.6716939806938171,0.9093813896179199
85,0.2,0.9567918181419373,0.9693015217781067,0.9894698858261108,0.9997881650924683,0.5292151570320129,0.7915048003196716,0.8165576457977295,0.7386844158172607,0.7488683462142944,0.7119825482368469,0.8643827438354492,0.8325377106666565,0.8328718543052673,0.8269456028938293,0.8129873871803284,0.8887661099433899,0.8008854389190674,0.7237643599510193,0.8363339900970459,0.662140965461731,0.8917632699012756,0.9551470875740051,0.9688152074813843,0.9895710349082947,0.9998006820678711,0.5415825247764587,0.824400007724762,0.8324969410896301,0.7529119253158569,0.7715190052986145,0.733997642993927,0.9096097946166992,0.823013424873352,0.8552475571632385,0.8365112543106079,0.8297427892684937,0.8909644484519958,0.8157140016555786,0.6922800540924072,0.8387063145637512,0.6814157962799072,0.8969429731369019
86,0.2,0.9518054127693176,0.9661339521408081,0.9876996278762817,0.9997915625572205,0.5349578857421875,0.7962020635604858,0.8169997334480286,0.733771800994873,0.755689263343811,0.7139093279838562,0.8674094080924988,0.8264209628105164,0.828380286693573,0.8252552151679993,0.816205620765686,0.8892698884010315,0.7978757619857788,0.7286186218261719,0.8350356221199036,0.6675130128860474,0.8891181945800781,0.9549798965454102,0.9697315692901611,0.9906430244445801,0.999800980091095,0.5222383737564087,0.843753457069397,0.8324030637741089,0.7412684559822083,0.7944111227989197,0.7180306911468506,0.9166455864906311,0.8253514170646667,0.8598884344100952,0.8327763676643372,0.8343573808670044,0.8978790044784546,0.8237488865852356,0.734860360622406,0.8297839164733887,0.680649995803833,0.9014784097671509
87,0.2,0.9573153257369995,0.9691777229309082,0.9898441433906555,0.9996919631958008,0.5260113477706909,0.7980132699012756,0.8167823553085327,0.7447916269302368,0.754798412322998,0.7170647382736206,0.866876482963562,0.8410413861274719,0.8301743865013123,0.8295016288757324,0.820317268371582,0.8883892893791199,0.8070160150527954,0.7287680506706238,0.8379414081573486,0.6640477776527405,0.8986644148826599,0.9607571363449097,0.9736723899841309,0.9920585751533508,0.9998002052307129,0.5288869142532349,0.8330250978469849,0.8310262560844421,0.7633252143859863,0.7975295782089233,0.741226077079773,0.9183281660079956,0.8331749439239502,0.8648505210876465,0.8386141061782837,0.8351330757141113,0.9040114283561707,0.8287090063095093,0.7283596396446228,0.8457505702972412,0.6879634261131287,0.903310239315033
88,0.2,0.9580650329589844,0.9688974022865295,0.9899175763130188,0.9997962713241577,0.5302578806877136,0.797942042350769,0.8205413222312927,0.7437376379966736,0.750099241733551,0.7203325033187866,0.876625657081604,0.8433026075363159,0.8357206583023071,0.8284077048301697,0.8188886642456055,0.892480731010437,0.8058240413665771,0.7288684248924255,0.8388628959655762,0.6804601550102234,0.8967206478118896,0.9556765556335449,0.9698785543441772,0.9908373355865479,0.9997998476028442,0.5540426969528198,0.8074079155921936,0.8245233297348022,0.7425506711006165,0.7778142690658569,0.7363870143890381,0.9128749370574951,0.8345171213150024,0.8756741285324097,0.8385432362556458,0.8347207307815552,0.8968560099601746,0.8270331621170044,0.7188419699668884,0.8429173231124878,0.6841607689857483,0.8996599912643433
89,0.2,0.958851158618927,0.9683359861373901,0.9901230335235596,0.9997887015342712,0.5284393429756165,0.8001190423965454,0.8194714188575745,0.7395841479301453,0.7557265162467957,0.720300555229187,0.8753811717033386,0.8471450209617615,0.8391141891479492,0.832699716091156,0.8171786069869995,0.8949787616729736,0.8131406307220459,0.7347622513771057,0.8440403938293457,0.6856148838996887,0.9005991220474243,0.9629337191581726,0.9709894061088562,0.9919236898422241,0.9998032450675964,0.4915790855884552,0.8180497884750366,0.8388943076133728,0.758209764957428,0.7954334020614624,0.7420629262924194,0.9145328998565674,0.8497926592826843,0.8918970227241516,0.8465413451194763,0.8390718102455139,0.9019191265106201,0.8315171003341675,0.7353002429008484,0.8547960519790649,0.7048020958900452,0.908542811870575
90,0.2,0.9598677754402161,0.9695256948471069,0.9906609058380127,0.9997878670692444,0.5287095904350281,0.7994106411933899,0.8216533064842224,0.746196985244751,0.7590751051902771,0.7272650003433228,0.8671828508377075,0.8558114767074585,0.8408613801002502,0.836692214012146,0.8167368173599243,0.8882845044136047,0.817740797996521,0.7331674695014954,0.8444610834121704,0.6956950426101685,0.9017744660377502,0.9602240324020386,0.9711886644363403,0.9920380115509033,0.9998023509979248,0.528254508972168,0.8052655458450317,0.8346876502037048,0.7484853267669678,0.7759711146354675,0.7375470995903015,0.9162631034851074,0.8528715372085571,0.8653935790061951,0.8419227004051208,0.8282569050788879,0.8971696496009827,0.8323503136634827,0.7439666390419006,0.8589674234390259,0.6970587968826294,0.906600296497345
91,0.2,0.9579287767410278,0.968690037727356,0.9899317026138306,0.99969083070755,0.5244806408882141,0.8004235029220581,0.8185187578201294,0.7447617053985596,0.7594846487045288,0.7223572134971619,0.8762310147285461,0.8579932451248169,0.8556106090545654,0.8349606394767761,0.8240267038345337,0.89104163646698,0.8181794881820679,0.7331405878067017,0.846681535243988,0.6986993551254272,0.9012437462806702,0.960580050945282,0.9713888764381409,0.9920238852500916,0.9998013377189636,0.550648033618927,0.8230465650558472,0.8373063802719116,0.7535349130630493,0.7722145915031433,0.7305649518966675,0.9234514236450195,0.8522472977638245,0.8899472951889038,0.8459460735321045,0.8316490054130554,0.9015116095542908,0.8413506746292114,0.746006965637207,0.8474687933921814,0.6972039341926575,0.9116095900535583
92,0.2,0.9586255550384521,0.9670730233192444,0.9903047680854797,0.999795138835907,0.5291128754615784,0.7986761927604675,0.8194831013679504,0.7517517805099487,0.7644967436790466,0.7259674072265625,0.8779047131538391,0.8606441617012024,0.8499225974082947,0.8384491801261902,0.8217330574989319,0.8935810923576355,0.8192563056945801,0.7310449481010437,0.8484576344490051,0.7062333226203918,0.9013140797615051,0.9614405632019043,0.970574140548706,0.9917998909950256,0.9998024702072144,0.5236378908157349,0.8477826714515686,0.8383119106292725,0.7741165161132812,0.8022021055221558,0.7498408555984497,0.9220129251480103,0.8593395352363586,0.8775948286056519,0.848061203956604,0.8361475467681885,0.9067514538764954,0.8402230739593506,0.6834918260574341,0.8484906554222107,0.7050630450248718,0.912004292011261
93,0.2,0.9630201458930969,0.9676605463027954,0.9913650155067444,0.9998005032539368,0.5400726795196533,0.7965027689933777,0.8241521120071411,0.7519130110740662,0.7607080936431885,0.73422771692276,0.886595606803894,0.8682188391685486,0.8380746841430664,0.8394356369972229,0.818934977054596,0.8947107195854187,0.8259907364845276,0.7316752672195435,0.8499919176101685,0.7026494741439819,0.9108596444129944,0.9622005820274353,0.9703960418701172,0.9926782250404358,0.9998026490211487,0.550111711025238,0.8387451767921448,0.843206524848938,0.7597029209136963,0.789332389831543,0.7463541626930237,0.9252398610115051,0.8632182478904724,0.858563244342804,0.843959391117096,0.8318058252334595,0.8969213366508484,0.8430123329162598,0.7042104005813599,0.8488706946372986,0.7061741948127747,0.9165908694267273
94,0.2,0.9623121023178101,0.9689072370529175,0.9915686249732971,0.9997986555099487,0.5378297567367554,0.7977600693702698,0.8265180587768555,0.7526089549064636,0.7625900506973267,0.7255266904830933,0.8881654739379883,0.8698002696037292,0.840141773223877,0.8409121632575989,0.8194007873535156,0.8961251974105835,0.8326058983802795,0.7384475469589233,0.8396797180175781,0.706858217716217,0.9105563759803772,0.9621803760528564,0.9682537913322449,0.991924524307251,0.9998041987419128,0.5620277523994446,0.8242706656455994,0.8389430642127991,0.7819095849990845,0.778488278388977,0.7420793175697327,0.9212432503700256,0.8697594404220581,0.8680945634841919,0.8481807112693787,0.8309640288352966,0.8964260220527649,0.8471832275390625,0.7359698414802551,0.8534156680107117,0.6897829174995422,0.9130604267120361
95,0.2,0.9616672396659851,0.9663445353507996,0.9905372858047485,0.9997984170913696,0.5379263162612915,0.8063019514083862,0.8243297934532166,0.7557752132415771,0.7638381719589233,0.736017107963562,0.887742817401886,0.8745836019515991,0.8452790379524231,0.8399050235748291,0.8219352960586548,0.8993507027626038,0.828477144241333,0.7424622178077698,0.8449576497077942,0.714876115322113,0.909504234790802,0.9624022245407104,0.9712004065513611,0.9924871325492859,0.9998037219047546,0.5421175360679626,0.8398560285568237,0.8427321910858154,0.7473189234733582,0.8043762445449829,0.74828040599823,0.9250223636627197,0.8756563067436218,0.9022575616836548,0.8521979451179504,0.8369511961936951,0.9061201214790344,0.8565337061882019,0.733150839805603,0.8558413982391357,0.7143625020980835,0.9223745465278625
96,0.2,0.9604079127311707,0.9673646092414856,0.9909672141075134,0.9997397661209106,0.5291281938552856,0.801062822341919,0.8261692523956299,0.7484371066093445,0.7686509490013123,0.7359646558761597,0.8843648433685303,0.8782524466514587,0.855512797832489,0.8416591286659241,0.8187421560287476,0.8940566182136536,0.8343837261199951,0.7409096360206604,0.8468185067176819,0.7214571237564087,0.9113367795944214,0.963772177696228,0.9708932638168335,0.9931339621543884,0.9998034834861755,0.5346609354019165,0.8184793591499329,0.8401054739952087,0.7520500421524048,0.7785719037055969,0.7433403134346008,0.9266246557235718,0.8785666227340698,0.8875924944877625,0.8518709540367126,0.836427628993988,0.9051867723464966,0.8558019995689392,0.6817095875740051,0.8537696003913879,0.7192444205284119,0.9203323125839233
97,0.2,0.9620416760444641,0.966279149055481,0.991447389125824,0.9997971057891846,0.5362834334373474,0.8003082275390625,0.8266633749008179,0.7492721080780029,0.7544519305229187,0.7332898378372192,0.8829291462898254,0.8809807300567627,0.8584694266319275,0.8437598943710327,0.8263368606567383,0.8968694806098938,0.8319017291069031,0.7438734173774719,0.844992458820343,0.7164459824562073,0.9085401892662048,0.9676387310028076,0.9698509573936462,0.9940442442893982,0.9998024702072144,0.5415928363800049,0.8589977025985718,0.843053936958313,0.7709037661552429,0.7956662178039551,0.7487586736679077,0.9234423041343689,0.8808721899986267,0.888332724571228,0.8514627814292908,0.8218724131584167,0.9045436382293701,0.8548951148986816,0.715491533279419,0.8656577467918396,0.7186671495437622,0.9172425866127014
98,0.2,0.9642468094825745,0.9671843647956848,0.9925292134284973,0.9997962713241577,0.530312180519104,0.8032229542732239,0.8313825726509094,0.7492220401763916,0.7664169073104858,0.736548662185669,0.8901808857917786,0.8856743574142456,0.8602150678634644,0.8462594151496887,0.824130117893219,0.8956558704376221,0.8359747529029846,0.7514679431915283,0.8516369462013245,0.7080308794975281,0.9104315042495728,0.9636815786361694,0.9685819745063782,0.9932600259780884,0.9998034834861755,0.5448266863822937,0.8276940584182739,0.841428279876709,0.7553346753120422,0.7834701538085938,0.7489327788352966,0.9253304600715637,0.8816953301429749,0.885797381401062,0.849459171295166,0.8288000822067261,0.8998001217842102,0.8531182408332825,0.7523533701896667,0.8624545335769653,0.7058415412902832,0.9160447120666504
99,0.2,0.9648432731628418,0.9662840962409973,0.9927387833595276,0.99919593334198,0.5281515121459961,0.8012596964836121,0.8262817859649658,0.7608320116996765,0.7704992890357971,0.7328516244888306,0.8966917395591736,0.8891295790672302,0.85235196352005,0.8459463119506836,0.8225497603416443,0.8926455974578857,0.8383052349090576,0.7414875626564026,0.8538046479225159,0.7250143885612488,0.9167271256446838,0.9626586437225342,0.9666873812675476,0.9931764602661133,0.9998031854629517,0.5580641627311707,0.8318853974342346,0.8425714373588562,0.7898389101028442,0.7790379524230957,0.7459682822227478,0.9241717457771301,0.8866355419158936,0.8770032525062561,0.8446428179740906,0.8343011736869812,0.8917027115821838,0.8529052734375,0.7368175387382507,0.8525767922401428,0.7124714851379395,0.9168248176574707
100,0.2,0.9604180455207825,0.9636660814285278,0.9908871054649353,0.9997643828392029,0.5377557277679443,0.8047561049461365,0.8274505138397217,0.7634688019752502,0.7619643807411194,0.7360729575157166,0.8912712335586548,0.8870697617530823,0.8616534471511841,0.8402716517448425,0.8204637765884399,0.8911967873573303,0.8378260731697083,0.7369366884231567,0.8480190634727478,0.7161858677864075,0.9111947417259216,0.9647214412689209,0.968160092830658,0.9933046102523804,0.999803900718689,0.543844997882843,0.8178426623344421,0.8365073800086975,0.7653255462646484,0.7947115302085876,0.7581548690795898,0.9268509149551392,0.8902031183242798,0.9091676473617554,0.8534352779388428,0.8389896154403687,0.9049829244613647,0.8608447313308716,0.7256413698196411,0.8610110878944397,0.7151036858558655,0.9202619791030884
101,0.2,0.9599536061286926,0.9648170471191406,0.9920116066932678,0.9997366070747375,0.5332075357437134,0.8020561933517456,0.8281021118164062,0.7612189650535583,0.767172634601593,0.7397499084472656,0.9006670713424683,0.8896890878677368,0.8795368075370789,0.8497182130813599,0.828138530254364,0.8975818753242493,0.8468270897865295,0.7393240332603455,0.8564372062683105,0.7256515026092529,0.9145175814628601,0.9609351754188538,0.966911792755127,0.9933574199676514,0.999803900718689,0.5340422987937927,0.8491544723510742,0.8447731733322144,0.7827094793319702,0.810185968875885,0.7579006552696228,0.9319155216217041,0.8921486735343933,0.9208580851554871,0.8580824136734009,0.8385148048400879,0.9059271216392517,0.8675746917724609,0.7079483270645142,0.8689611554145813,0.7150373458862305,0.9210604429244995
102,0.2,0.9604405164718628,0.9658066034317017,0.9922642111778259,0.9997994303703308,0.532410740852356,0.7986122369766235,0.8288580775260925,0.7577385306358337,0.7684316635131836,0.742434561252594,0.9032472372055054,0.8939852714538574,0.8880581855773926,0.8497011661529541,0.8207600116729736,0.9014333486557007,0.8526757955551147,0.7448915243148804,0.8551628589630127,0.7251498699188232,0.9180194735527039,0.9679243564605713,0.9698694348335266,0.9940201044082642,0.9998039603233337,0.5220580101013184,0.8215683102607727,0.8466725945472717,0.7545284032821655,0.8005274534225464,0.7664439082145691,0.9284854531288147,0.9002537131309509,0.9164804220199585,0.862750768661499,0.8331784009933472,0.9032228589057922,0.8710758090019226,0.7347869873046875,0.8687306046485901,0.7174023985862732,0.9271591305732727
103,0.2,0.9626309871673584,0.9651206731796265,0.9923604726791382,0.9997832775115967,0.5285042524337769,0.7869773507118225,0.8276214003562927,0.7473142743110657,0.7641045451164246,0.740160346031189,0.8949382901191711,0.8957393765449524,0.8741711378097534,0.8525531888008118,0.8205881118774414,0.8982184529304504,0.8431136608123779,0.7439204454421997,0.858562171459198,0.727401077747345,0.9167076945304871,0.962469220161438,0.9634963274002075,0.9931713342666626,0.9998041987419128,0.5338054299354553,0.8468611240386963,0.8430315256118774,0.793968141078949,0.7933629751205444,0.7614630460739136,0.9288174510002136,0.8944783806800842,0.9128803014755249,0.8536447286605835,0.832031786441803,0.8969348669052124,0.858478307723999,0.7203519344329834,0.860248863697052,0.7331529855728149,0.918316125869751
104,0.2,0.9596985578536987,0.9595906734466553,0.9915782809257507,0.9997072219848633,0.5248392224311829,0.8011958599090576,0.8308262228965759,0.758565366268158,0.7737630605697632,0.7418572306632996,0.8957939147949219,0.8960010409355164,0.8858765363693237,0.8506833910942078,0.8221696615219116,0.8963803052902222,0.8448859453201294,0.7428764700889587,0.8482577800750732,0.731302797794342,0.9155692458152771,0.9654375314712524,0.9648144245147705,0.99373859167099,0.9998051524162292,0.5344103574752808,0.8262713551521301,0.8366997241973877,0.7555606365203857,0.8052405118942261,0.761766791343689,0.9302464723587036,0.9015477299690247,0.9267565011978149,0.864458441734314,0.8370146155357361,0.9060462713241577,0.8672245144844055,0.7172084450721741,0.874523937702179,0.7208829522132874,0.9242890477180481
105,0.2,0.960047721862793,0.9615069627761841,0.9917835593223572,0.9992799162864685,0.5286322236061096,0.7953060865402222,0.8250743746757507,0.7589966058731079,0.7705571055412292,0.7452367544174194,0.8979737162590027,0.9000118374824524,0.8882325291633606,0.8510614037513733,0.8271197080612183,0.900845468044281,0.8485930562019348,0.749803900718689,0.8540282845497131,0.7268059253692627,0.9168306589126587,0.9592003226280212,0.9603670835494995,0.9921613335609436,0.9998030662536621,0.5310308933258057,0.7970094680786133,0.8406329154968262,0.7533510327339172,0.7839459180831909,0.7575006484985352,0.9244787693023682,0.8978128433227539,0.9204468727111816,0.857973039150238,0.8349732756614685,0.89890056848526,0.8657535910606384,0.6977474093437195,0.8495228886604309,0.7365427613258362,0.9185091257095337
106,0.2,0.9576491713523865,0.9592253565788269,0.9916291832923889,0.999799370765686,0.5271348357200623,0.7987242341041565,0.8266662359237671,0.7615547776222229,0.7751762866973877,0.743419885635376,0.8983995914459229,0.9001374840736389,0.889887809753418,0.8529609441757202,0.8253333568572998,0.8971518874168396,0.8488650321960449,0.746298611164093,0.8499270677566528,0.7311531901359558,0.9146115779876709,0.9593822360038757,0.9583490490913391,0.9922237396240234,0.9998041987419128,0.5506433248519897,0.8367268443107605,0.8403521180152893,0.7654164433479309,0.7823268175125122,0.7654535174369812,0.9315395355224609,0.8992478847503662,0.9239073991775513,0.8631760478019714,0.8338823914527893,0.9046722650527954,0.8669871091842651,0.6932699680328369,0.8651451468467712,0.7286202907562256,0.9224146008491516
107,0.2,0.9621974229812622,0.9592164754867554,0.9923955798149109,0.9998005032539368,0.53600013256073,0.8023062348365784,0.8343422412872314,0.76475989818573,0.7750515937805176,0.751839816570282,0.903355062007904,0.9055180549621582,0.8843954205513,0.858314573764801,0.8243251442909241,0.9014239311218262,0.859627902507782,0.7480805516242981,0.8625274896621704,0.7353044748306274,0.9208739399909973,0.9644314050674438,0.9643241167068481,0.9932624101638794,0.9998043775558472,0.538099467754364,0.8188499808311462,0.8421496748924255,0.7730129361152649,0.8101459741592407,0.7651289701461792,0.9330219030380249,0.9056679606437683,0.9276493787765503,0.8696499466896057,0.8365476727485657,0.9024642109870911,0.8741748332977295,0.7188546657562256,0.869487464427948,0.7283399105072021,0.9273751974105835
108,0.2,0.9642665386199951,0.9607750773429871,0.9928527474403381,0.9996431469917297,0.5289332866668701,0.7980567216873169,0.8306418657302856,0.7565942406654358,0.7741024494171143,0.7497774362564087,0.9055458307266235,0.9055851101875305,0.8965092897415161,0.8604036569595337,0.8239821791648865,0.9014487862586975,0.8563416600227356,0.7510768175125122,0.8612340688705444,0.7348628044128418,0.9221561551094055,0.9662702679634094,0.9642329812049866,0.9932683706283569,0.9998065233230591,0.528824508190155,0.8463357090950012,0.8429237008094788,0.7787750959396362,0.8186284303665161,0.7674791812896729,0.9334834218025208,0.9082231521606445,0.9329281449317932,0.8687359690666199,0.8403152823448181,0.9039250016212463,0.8734223246574402,0.77701735496521,0.873661458492279,0.7343642115592957,0.9298596382141113
109,0.2,0.9612686634063721,0.9614742398262024,0.9928740859031677,0.9997769594192505,0.529512345790863,0.7986384630203247,0.8295144438743591,0.7677196860313416,0.7824609875679016,0.7483749389648438,0.905366837978363,0.9027163982391357,0.8968397974967957,0.8590381741523743,0.8315743207931519,0.9046457409858704,0.8636676669120789,0.7471166849136353,0.8575494885444641,0.7432025074958801,0.9202757477760315,0.9652588963508606,0.9637659192085266,0.9946854114532471,0.9998042583465576,0.5255933403968811,0.8232889771461487,0.8437923192977905,0.7559536099433899,0.7930611371994019,0.7614907622337341,0.9379472136497498,0.9045743346214294,0.9268627166748047,0.8656107783317566,0.8351029753684998,0.9086080193519592,0.8801784515380859,0.7415568232536316,0.8594611287117004,0.7450786232948303,0.9275546669960022
110,0.2,0.965323269367218,0.9610916972160339,0.9932569265365601,0.9997002482414246,0.528306782245636,0.7999115586280823,0.8286358714103699,0.7569696307182312,0.7780032753944397,0.7526211142539978,0.9071940779685974,0.9083294868469238,0.9015107750892639,0.8616954684257507,0.8276465535163879,0.9044805765151978,0.8620392680168152,0.7596989274024963,0.8641486763954163,0.7460480332374573,0.9246944785118103,0.9652786254882812,0.9589558243751526,0.9933960437774658,0.9998049736022949,0.5455562472343445,0.8601199984550476,0.8451158404350281,0.793388307094574,0.8108457922935486,0.7697853446006775,0.9339044094085693,0.9106477499008179,0.9297734498977661,0.8704730868339539,0.8344712853431702,0.9017522931098938,0.8753516674041748,0.7245128750801086,0.8693431615829468,0.741387128829956,0.9293264150619507
111,0.2,0.965441107749939,0.9570969939231873,0.9930630922317505,0.9992920756340027,0.5309284925460815,0.8055124282836914,0.8334680795669556,0.7681068181991577,0.7807629108428955,0.7564318776130676,0.9072032570838928,0.911756694316864,0.899929940700531,0.863071620464325,0.8237436413764954,0.9026485085487366,0.8583126664161682,0.7482248544692993,0.8617969155311584,0.7510228157043457,0.923917829990387,0.9699781537055969,0.963818371295929,0.9946097135543823,0.9998059272766113,0.5395491123199463,0.8506462574005127,0.84442538022995,0.7790347933769226,0.8201466798782349,0.7734628319740295,0.9370871782302856,0.9179862141609192,0.9321082234382629,0.8731175065040588,0.8320064544677734,0.9113480448722839,0.8814495205879211,0.7595239281654358,0.8894369602203369,0.7305043935775757,0.932758629322052
112,0.2,0.965609610080719,0.9551666975021362,0.9934645891189575,0.9992855787277222,0.5287283658981323,0.7930479645729065,0.8285672664642334,0.7680359482765198,0.7779067754745483,0.7577866911888123,0.9081558585166931,0.9149553775787354,0.8970493674278259,0.8636910319328308,0.831152081489563,0.9053584933280945,0.8555361032485962,0.7563113570213318,0.8592664003372192,0.7465221285820007,0.926604151725769,0.965978741645813,0.9599102735519409,0.9942063689231873,0.9998035430908203,0.5340165495872498,0.859546959400177,0.8436537981033325,0.7681459784507751,0.799665093421936,0.7577964067459106,0.9386184215545654,0.9134079217910767,0.9335065484046936,0.8684467077255249,0.8348703980445862,0.9041712284088135,0.8848825693130493,0.7247527837753296,0.8594762682914734,0.7453851699829102,0.9321719408035278
113,0.2,0.96403968334198,0.9553400278091431,0.9932296276092529,0.9996665716171265,0.5323284864425659,0.8065043687820435,0.8312431573867798,0.7693090438842773,0.7809805274009705,0.7517282962799072,0.9078120589256287,0.9119424819946289,0.8952853679656982,0.8605374097824097,0.8274222016334534,0.8988315463066101,0.8653435111045837,0.7548246383666992,0.8618162274360657,0.7501605153083801,0.9257705211639404,0.9670659303665161,0.9571493268013,0.9948435425758362,0.999801516532898,0.5577905774116516,0.8429514169692993,0.8408966660499573,0.7608605623245239,0.7768489718437195,0.7580873370170593,0.9404842257499695,0.9093485474586487,0.9300152659416199,0.8640304803848267,0.8348328471183777,0.9118205308914185,0.8837551474571228,0.7264598608016968,0.8651657104492188,0.7608592510223389,0.9306316375732422
114,0.2,0.9651931524276733,0.9533249735832214,0.9929957389831543,0.9997912645339966,0.532886266708374,0.797999918460846,0.8284937143325806,0.7732268571853638,0.7747043967247009,0.7581769227981567,0.9054406881332397,0.9143101572990417,0.9001441597938538,0.8613240718841553,0.8227433562278748,0.9003089666366577,0.8623878955841064,0.7581513524055481,0.8601652979850769,0.7513620257377625,0.9263002276420593,0.9703130125999451,0.9572796821594238,0.9942589998245239,0.9998052716255188,0.553704023361206,0.8500824570655823,0.8439031839370728,0.7630094289779663,0.8146886229515076,0.7779112458229065,0.9365314245223999,0.9185791015625,0.9349231123924255,0.8755359649658203,0.8403339385986328,0.9086414575576782,0.8828050494194031,0.7315012216567993,0.8754369020462036,0.7459283471107483,0.933946430683136
115,0.2,0.9663558602333069,0.955851137638092,0.9933278560638428,0.9997293949127197,0.5305445790290833,0.8020176291465759,0.8315638303756714,0.7666541337966919,0.78480464220047,0.7567681074142456,0.9037861227989197,0.9198611378669739,0.8944494128227234,0.8661156296730042,0.8316853046417236,0.9035559296607971,0.869130551815033,0.7610960006713867,0.8688665628433228,0.7610634565353394,0.9240671396255493,0.9692702889442444,0.9597903490066528,0.9943106770515442,0.9998039603233337,0.5386669039726257,0.8204033374786377,0.8473031520843506,0.7661072611808777,0.8005744218826294,0.7757322788238525,0.9366263151168823,0.9173700213432312,0.9293974041938782,0.8740341067314148,0.8387017846107483,0.917800784111023,0.8875598907470703,0.7702134251594543,0.867081880569458,0.7365474700927734,0.9306098818778992
116,0.2,0.9642935991287231,0.9554505944252014,0.9930830597877502,0.9997990131378174,0.5367449522018433,0.7984130382537842,0.8303468823432922,0.7568608522415161,0.7744910717010498,0.7544238567352295,0.9020742177963257,0.9146361947059631,0.8967664241790771,0.8612260222434998,0.8299643993377686,0.9027551412582397,0.8651257157325745,0.7650420665740967,0.8652265667915344,0.7508589029312134,0.9237168431282043,0.9711604118347168,0.9571568965911865,0.9942991137504578,0.9998049736022949,0.5325501561164856,0.8289487361907959,0.8485791683197021,0.7827366590499878,0.8107491731643677,0.779971718788147,0.9308612942695618,0.9234302043914795,0.9302330613136292,0.8751059770584106,0.8348163962364197,0.9038593173027039,0.8796478509902954,0.7241978049278259,0.8852869868278503,0.742962658405304,0.9317464232444763
117,0.2,0.9650112986564636,0.9571336507797241,0.993739902973175,0.999774694442749,0.5309987664222717,0.7962093949317932,0.836127519607544,0.759480357170105,0.7771573066711426,0.7587203979492188,0.9154437184333801,0.9185088276863098,0.9006790518760681,0.8636398911476135,0.829039454460144,0.9055768251419067,0.8706057071685791,0.7594740986824036,0.870347797870636,0.755614161491394,0.9285568594932556,0.9701465964317322,0.9580910205841064,0.9950628876686096,0.9998030066490173,0.5192940831184387,0.8277831673622131,0.8513891100883484,0.8010544180870056,0.8246206641197205,0.7740499973297119,0.9395986199378967,0.9233447909355164,0.933354914188385,0.8713620901107788,0.8398364186286926,0.9124298691749573,0.8905124664306641,0.7595683932304382,0.8757354617118835,0.7436619400978088,0.9372810125350952
118,0.2,0.9644010663032532,0.9537097811698914,0.9931772351264954,0.9991931319236755,0.5255142450332642,0.7951671481132507,0.8363714814186096,0.7708497643470764,0.7764061689376831,0.7621307969093323,0.9005023837089539,0.9202522039413452,0.9072527885437012,0.857698380947113,0.8328714370727539,0.9007138013839722,0.8650355339050293,0.7614301443099976,0.8704190254211426,0.750087320804596,0.9264554977416992,0.9669595956802368,0.9554311633110046,0.9936419725418091,0.9998021721839905,0.5423309206962585,0.8210325837135315,0.8488968014717102,0.7801612019538879,0.7969786524772644,0.7815557718276978,0.9370105266571045,0.9185738563537598,0.9334161281585693,0.8742271661758423,0.8371154069900513,0.9071142673492432,0.8868769407272339,0.7242072820663452,0.8762012720108032,0.7487155199050903,0.9287729859352112
119,0.2,0.9645217657089233,0.9523256421089172,0.9934488534927368,0.9997972249984741,0.5339586138725281,0.7998629808425903,0.8333020210266113,0.7607994675636292,0.7831541299819946,0.759992778301239,0.9057213068008423,0.9202510118484497,0.9016708731651306,0.8597753643989563,0.8304011821746826,0.9056636095046997,0.8650575280189514,0.7630370855331421,0.8675469160079956,0.7528907060623169,0.9250094890594482,0.9667836427688599,0.9560809135437012,0.9936555027961731,0.999801516532898,0.5422695279121399,0.8444103598594666,0.8479997515678406,0.7843419313430786,0.8109206557273865,0.7790595889091492,0.9405058026313782,0.9192777276039124,0.9274730086326599,0.8729764819145203,0.8285089135169983,0.9142888188362122,0.8893833160400391,0.737509548664093,0.8867908716201782,0.7462826371192932,0.9328910708427429
120,0.2,0.965377151966095,0.9497274160385132,0.9933319687843323,0.9997899532318115,0.5284308195114136,0.8048015236854553,0.8408640027046204,0.7675625681877136,0.7852848172187805,0.762126088142395,0.9162054657936096,0.9224615693092346,0.9086357951164246,0.8636583089828491,0.8329132795333862,0.9063482880592346,0.872522234916687,0.7589260935783386,0.8623354434967041,0.7534181475639343,0.9267454147338867,0.9684112668037415,0.9531540870666504,0.9947643876075745,0.9998022317886353,0.5442509651184082,0.8262450098991394,0.8435627222061157,0.746665894985199,0.8047740459442139,0.7783883213996887,0.9414916634559631,0.9236551523208618,0.9315119981765747,0.8752486705780029,0.8416942954063416,0.9165912866592407,0.894130527973175,0.7167319059371948,0.8688795566558838,0.7494889497756958,0.9351143836975098
121,0.2,0.96709805727005,0.9490380883216858,0.9941139221191406,0.999799907207489,0.5340322256088257,0.7957819700241089,0.8343122601509094,0.7631746530532837,0.7845818400382996,0.7669973969459534,0.9157592058181763,0.9246931076049805,0.9104997515678406,0.8661124110221863,0.8340729475021362,0.9138477444648743,0.8817246556282043,0.7575064897537231,0.8672337532043457,0.7580265998840332,0.9306005835533142,0.9720401763916016,0.9584065079689026,0.9958853721618652,0.9998042583465576,0.5276989340782166,0.8402617573738098,0.849506139755249,0.7633932828903198,0.8156567215919495,0.7749236226081848,0.9437520503997803,0.9300757050514221,0.9388124346733093,0.876177966594696,0.8399077653884888,0.9114624857902527,0.8978323936462402,0.7606736421585083,0.8911083936691284,0.7422566413879395,0.9397609829902649
122,0.2,0.9691733717918396,0.9500883221626282,0.9945449829101562,0.9996954798698425,0.5270280838012695,0.8035100698471069,0.836650550365448,0.7704470157623291,0.7838080525398254,0.7622928023338318,0.9157138466835022,0.9270929098129272,0.898455023765564,0.8665946125984192,0.8352611064910889,0.906409740447998,0.8742462992668152,0.7627747654914856,0.8752759695053101,0.7598250508308411,0.9323714375495911,0.9691234827041626,0.9527348279953003,0.9950376749038696,0.9998029470443726,0.5609813332557678,0.8624097108840942,0.8510194420814514,0.780872642993927,0.7855138182640076,0.7777989506721497,0.9422851204872131,0.9261764287948608,0.9321268796920776,0.87398362159729,0.8292314410209656,0.9161593914031982,0.8954474329948425,0.7211213707923889,0.8841449618339539,0.7554793953895569,0.9366623163223267
123,0.2,0.9625542759895325,0.947623610496521,0.9916765093803406,0.9985902905464172,0.5365627408027649,0.7942874431610107,0.8302366137504578,0.7576378583908081,0.7813758254051208,0.7654297947883606,0.9021121263504028,0.9190497994422913,0.9016730785369873,0.8596878051757812,0.832182765007019,0.906438410282135,0.8736514449119568,0.7552509903907776,0.8710107803344727,0.7624397873878479,0.9208964109420776,0.9713112711906433,0.9527939558029175,0.9945102334022522,0.999803364276886,0.5189340114593506,0.8286287784576416,0.8461518883705139,0.7638583779335022,0.8209543824195862,0.77317214012146,0.9355875253677368,0.9269516468048096,0.9352288246154785,0.8774228096008301,0.8430876135826111,0.9106957912445068,0.892346203327179,0.7397700548171997,0.8862895369529724,0.749726414680481,0.9326826333999634
124,0.2,0.9657487869262695,0.9525296688079834,0.9930943250656128,0.9992523789405823,0.5276446342468262,0.7963289022445679,0.8376937508583069,0.7582101225852966,0.7874089479446411,0.7597248554229736,0.9104814529418945,0.9239723682403564,0.9134108424186707,0.8673685789108276,0.8353978991508484,0.9046967029571533,0.8766916990280151,0.7620541453361511,0.8733032941818237,0.7652668952941895,0.9279004335403442,0.9685583114624023,0.9542044997215271,0.9945324063301086,0.9998029470443726,0.5409441590309143,0.8075740933418274,0.8495569825172424,0.7620083093643188,0.8073249459266663,0.778293788433075,0.940790057182312,0.9285227656364441,0.9327720403671265,0.8758264780044556,0.8423621654510498,0.9123591184616089,0.8960083723068237,0.7490600347518921,0.8802286386489868,0.7640619277954102,0.9382010698318481
125,0.2,0.9689068794250488,0.953405499458313,0.9938004612922668,0.9997998476028442,0.533525824546814,0.8032318949699402,0.8369062542915344,0.7563048601150513,0.7823242545127869,0.760596752166748,0.9148685336112976,0.9291089773178101,0.9111292362213135,0.8718557357788086,0.8404229879379272,0.911335289478302,0.8749578595161438,0.7616367936134338,0.8751521110534668,0.7751922011375427,0.9347585439682007,0.9702388048171997,0.9505634903907776,0.9941149353981018,0.9998036623001099,0.5488391518592834,0.8243119120597839,0.8501981496810913,0.7446120381355286,0.8258820176124573,0.7726591229438782,0.9415717720985413,0.9284033179283142,0.9336885809898376,0.8793447613716125,0.8405199646949768,0.914119303226471,0.8954470753669739,0.7375912666320801,0.8767264485359192,0.7498434782028198,0.9381802082061768
126,0.2,0.9690722823143005,0.9514909982681274,0.9937360882759094,0.9992433786392212,0.533611536026001,0.7986932396888733,0.8388999104499817,0.7625391483306885,0.7778560519218445,0.7678084969520569,0.9135039448738098,0.9306983947753906,0.9156133532524109,0.8725857734680176,0.8372676372528076,0.9073305130004883,0.8825129270553589,0.7613374590873718,0.8693751096725464,0.7638412117958069,0.9339249730110168,0.9746369123458862,0.9610414505004883,0.9959742426872253,0.9998029470443726,0.5444456934928894,0.839812159538269,0.8536247611045837,0.749386727809906,0.819031834602356,0.7847467660903931,0.9427351355552673,0.9343969225883484,0.9446974396705627,0.8854190707206726,0.8385114073753357,0.9183048009872437,0.9034897685050964,0.7283154129981995,0.8883821964263916,0.7540662884712219,0.9438595175743103
127,0.2,0.9696822762489319,0.9549801349639893,0.9945822954177856,0.9997984766960144,0.5311206579208374,0.8076266646385193,0.8378592729568481,0.7645185589790344,0.7837885022163391,0.7651360630989075,0.9184375405311584,0.9314359426498413,0.9151484966278076,0.8723745942115784,0.837064802646637,0.9066922068595886,0.8830012679100037,0.7625413537025452,0.8766663074493408,0.7800329327583313,0.9346854090690613,0.9725914597511292,0.9514468312263489,0.9958339929580688,0.9998022317886353,0.5602632164955139,0.870512068271637,0.8526725172996521,0.7815678715705872,0.7984386682510376,0.7828577160835266,0.9472177028656006,0.934789776802063,0.9365946650505066,0.8778721690177917,0.8419206142425537,0.9192397594451904,0.9044736623764038,0.7229791879653931,0.8831879496574402,0.7488651871681213,0.9428601264953613
128,0.2,0.96694415807724,0.9474325776100159,0.9939973950386047,0.9992768168449402,0.5335491895675659,0.7971945405006409,0.8383256793022156,0.7632968425750732,0.7883933782577515,0.7695889472961426,0.9153363704681396,0.9308014512062073,0.9059922099113464,0.8663412928581238,0.8342493772506714,0.9081665277481079,0.8813409805297852,0.7642244100570679,0.871275007724762,0.7633857131004333,0.9315551519393921,0.9723793268203735,0.9505757093429565,0.9953408241271973,0.9998051524162292,0.563742995262146,0.817679226398468,0.8564955592155457,0.7582464218139648,0.8098183870315552,0.7811036109924316,0.938990592956543,0.936106264591217,0.9337526559829712,0.8818780183792114,0.839059591293335,0.9109042286872864,0.8991313576698303,0.7598079442977905,0.8692219853401184,0.7722418308258057,0.9388627409934998
129,0.2,0.9696691632270813,0.9510582685470581,0.9945434927940369,0.9998012185096741,0.532916784286499,0.8029850721359253,0.8406351804733276,0.7613529562950134,0.7817915081977844,0.7688142657279968,0.9202528595924377,0.9319269061088562,0.9160243272781372,0.8714534640312195,0.830134928226471,0.9100361466407776,0.878011167049408,0.7606009840965271,0.8729453682899475,0.7758299708366394,0.9345784187316895,0.9717495441436768,0.9543878436088562,0.994949221611023,0.9998040199279785,0.5434980392456055,0.8485254049301147,0.8507393002510071,0.781861424446106,0.821530282497406,0.7836966514587402,0.9440786838531494,0.934975802898407,0.9352052211761475,0.883716344833374,0.8437979817390442,0.9181845188140869,0.9012582302093506,0.8029909729957581,0.8794578313827515,0.7720491886138916,0.9362757802009583
130,0.2,0.9675096273422241,0.9495841264724731,0.9933798909187317,0.9998012185096741,0.534166693687439,0.8052893280982971,0.8391003012657166,0.7623434066772461,0.7926459908485413,0.7651547193527222,0.9197936654090881,0.932090699672699,0.9174772500991821,0.877278745174408,0.8367528915405273,0.910859227180481,0.8826853036880493,0.7760825753211975,0.8759859204292297,0.776802659034729,0.9322553873062134,0.9721660017967224,0.9545879364013672,0.9950690269470215,0.9998056292533875,0.5572302937507629,0.8262151479721069,0.8493590950965881,0.7477210760116577,0.8124901652336121,0.7853135466575623,0.94280606508255,0.9345065355300903,0.9392858147621155,0.8842883110046387,0.8522733449935913,0.9197714924812317,0.8995505571365356,0.7452967762947083,0.8927130699157715,0.7517600059509277,0.9400661587715149
131,0.2,0.9708130955696106,0.9526418447494507,0.9944302439689636,0.9997997879981995,0.5313164591789246,0.794721245765686,0.8376662731170654,0.7697800993919373,0.7865734696388245,0.7678447365760803,0.9114305973052979,0.9349992871284485,0.9064910411834717,0.8736088275909424,0.8380455374717712,0.9116454720497131,0.8800169825553894,0.766431987285614,0.8776718378067017,0.7708917260169983,0.9335039854049683,0.9743570685386658,0.9527698755264282,0.9956373572349548,0.9998059868812561,0.5299038887023926,0.8234679698944092,0.8534733653068542,0.7742246985435486,0.8198439478874207,0.7761018872261047,0.9421773552894592,0.9407683610916138,0.9387742877006531,0.8906626105308533,0.8505488634109497,0.9181619882583618,0.9038723111152649,0.7496823668479919,0.8908972144126892,0.7706472873687744,0.944902241230011
132,0.2,0.9703567028045654,0.9498838186264038,0.9945729970932007,0.9997962713241577,0.5301304459571838,0.7986364364624023,0.8367473483085632,0.7692209482192993,0.7909649610519409,0.7708064317703247,0.9269828200340271,0.9379620552062988,0.9183887839317322,0.8763925433158875,0.8395820260047913,0.9128429293632507,0.890985369682312,0.7580596208572388,0.874022364616394,0.78099125623703,0.9389047026634216,0.9745278358459473,0.9532131552696228,0.995425283908844,0.9998067617416382,0.5360925197601318,0.8422563076019287,0.855958878993988,0.771969735622406,0.7986786365509033,0.7800499796867371,0.9441887736320496,0.9432373642921448,0.9426472187042236,0.8881968855857849,0.8450772166252136,0.9081380367279053,0.9068296551704407,0.7708452343940735,0.8922632336616516,0.7753443121910095,0.9444404244422913
133,0.2,0.9711613655090332,0.9487031102180481,0.9943435192108154,0.9997192025184631,0.5337493419647217,0.8005731701850891,0.84246426820755,0.7546838521957397,0.7795315384864807,0.773560643196106,0.915760338306427,0.9360229969024658,0.9197394847869873,0.8783290386199951,0.8385465741157532,0.9023323655128479,0.8843355178833008,0.7615199685096741,0.8760439157485962,0.7839205861091614,0.9332905411720276,0.9737316966056824,0.9500501155853271,0.9948688745498657,0.9998061656951904,0.5566376447677612,0.8687368035316467,0.8542919754981995,0.7688087224960327,0.82100510597229,0.7938166260719299,0.9438208937644958,0.9395759701728821,0.9393457770347595,0.8911573886871338,0.8389686942100525,0.9173362255096436,0.8999683856964111,0.7296438813209534,0.8860319256782532,0.7876596450805664,0.9420427083969116
134,0.2,0.969466507434845,0.9471006393432617,0.9941117167472839,0.9997982978820801,0.5345631241798401,0.7997241020202637,0.8383898735046387,0.7722212076187134,0.7850176095962524,0.7752295732498169,0.9201428890228271,0.9373709559440613,0.9110719561576843,0.8745513558387756,0.8384047746658325,0.9093464016914368,0.8833506107330322,0.758243978023529,0.8796265721321106,0.7866659760475159,0.9332061409950256,0.9760562181472778,0.9536227583885193,0.9954279065132141,0.9998043775558472,0.5275074243545532,0.8472682237625122,0.8568147420883179,0.7437718510627747,0.7900019884109497,0.7842578887939453,0.944348156452179,0.9451364874839783,0.9448211789131165,0.8901179432868958,0.846112072467804,0.9169197678565979,0.9072299599647522,0.744920015335083,0.8900447487831116,0.787655234336853,0.9448116421699524
135,0.2,0.972514271736145,0.9530240893363953,0.9946985244750977,0.9998008012771606,0.5362164378166199,0.7935670018196106,0.8419691920280457,0.7559888362884521,0.7778679132461548,0.7670965790748596,0.925399124622345,0.9400274157524109,0.9132674932479858,0.8725190758705139,0.8338992595672607,0.9080599546432495,0.8923048377037048,0.7645018696784973,0.8828717470169067,0.795344889163971,0.9406437277793884,0.9736030101776123,0.952961266040802,0.9947948455810547,0.9998035430908203,0.5113320350646973,0.8372316956520081,0.8536713719367981,0.8065837621688843,0.8551833629608154,0.7806503772735596,0.9416535496711731,0.9402068257331848,0.9387814998626709,0.8843599557876587,0.8507372140884399,0.9173232316970825,0.9087920784950256,0.786799967288971,0.8828166127204895,0.7759618759155273,0.9443355798721313
136,0.2,0.9705526232719421,0.9530535936355591,0.9946455359458923,0.9997868537902832,0.5304190516471863,0.7989619374275208,0.8393234610557556,0.7607876658439636,0.7880913615226746,0.7672172784805298,0.916096031665802,0.9378259778022766,0.9162855744361877,0.8725110292434692,0.836047887802124,0.9083470106124878,0.8959771990776062,0.767439603805542,0.8834567070007324,0.7772625088691711,0.9374898672103882,0.9738257527351379,0.9530157446861267,0.9956291317939758,0.9998040199279785,0.5401566028594971,0.8378772735595703,0.8556292653083801,0.7667555809020996,0.8345254063606262,0.7862526774406433,0.9420341849327087,0.9415428638458252,0.939073920249939,0.8868047595024109,0.8472437858581543,0.915198564529419,0.9100964069366455,0.7802870273590088,0.8902912735939026,0.7835693359375,0.9445217847824097
137,0.2,0.9677203297615051,0.9481717348098755,0.9938393235206604,0.9991845488548279,0.5317881107330322,0.7937288284301758,0.8417178392410278,0.762600839138031,0.7846620678901672,0.7707980275154114,0.920472264289856,0.9333144426345825,0.9173864722251892,0.8752071261405945,0.841196596622467,0.91277015209198,0.8919170498847961,0.769007682800293,0.8783681392669678,0.7810444831848145,0.9375219941139221,0.9731022715568542,0.9520084857940674,0.9952360391616821,0.9998041391372681,0.5346387624740601,0.8381743431091309,0.8507075905799866,0.7514703273773193,0.8095398545265198,0.7821556329727173,0.9476907849311829,0.934902548789978,0.9376233816146851,0.8843892812728882,0.8504762649536133,0.9174724221229553,0.9144296646118164,0.7422950863838196,0.8853487372398376,0.7729108929634094,0.9450325965881348
138,0.2,0.969675600528717,0.9490153789520264,0.9946706891059875,0.9996951222419739,0.530032217502594,0.8020287156105042,0.8422147035598755,0.7658318281173706,0.7872092723846436,0.7744025588035583,0.9183924198150635,0.9389688372612,0.925818920135498,0.8782060742378235,0.8385487198829651,0.9136152267456055,0.8947096467018127,0.7738459706306458,0.8801437020301819,0.7785894274711609,0.9401533007621765,0.9743272066116333,0.9518657922744751,0.995256781578064,0.9998055100440979,0.5466835498809814,0.8554664850234985,0.8534223437309265,0.7677875757217407,0.8359435200691223,0.7924384474754333,0.9465779066085815,0.9423986077308655,0.94414883852005,0.8864251971244812,0.8497777581214905,0.9114166498184204,0.9095815420150757,0.750218391418457,0.879968523979187,0.7699671983718872,0.9458392262458801
139,0.2,0.9721006751060486,0.9506093263626099,0.9943764805793762,0.9992958903312683,0.5353949666023254,0.8009495139122009,0.8408774733543396,0.7636713981628418,0.7863872647285461,0.7745773792266846,0.9249880313873291,0.9412233829498291,0.923334538936615,0.8826032876968384,0.8387438058853149,0.915736198425293,0.8969971537590027,0.7715634107589722,0.8780339956283569,0.7839509844779968,0.9397366046905518,0.976651668548584,0.9532907605171204,0.9956684708595276,0.9998044371604919,0.5418187975883484,0.8206968903541565,0.8566212058067322,0.7789996266365051,0.8183588981628418,0.790042519569397,0.9466472268104553,0.9465388059616089,0.9410170912742615,0.8939672112464905,0.844457745552063,0.910358190536499,0.9126065969467163,0.747014582157135,0.8790568709373474,0.7892895936965942,0.9474986791610718
140,0.2,0.9733396768569946,0.9500593543052673,0.9943746328353882,0.9997383952140808,0.5249353647232056,0.7907912135124207,0.8436959981918335,0.7678707838058472,0.7866827845573425,0.7712715864181519,0.9276149868965149,0.9431222081184387,0.9238420724868774,0.8770233392715454,0.8361102938652039,0.9090185165405273,0.8916754126548767,0.761157751083374,0.8829244375228882,0.7818642258644104,0.9395732283592224,0.9785219430923462,0.9561943411827087,0.9964462518692017,0.9998027086257935,0.5340943932533264,0.8272114396095276,0.8615385890007019,0.7636223435401917,0.841236412525177,0.7921141982078552,0.951780378818512,0.9477081298828125,0.9441655874252319,0.8939502239227295,0.8509737253189087,0.9277598857879639,0.9194490313529968,0.7680696249008179,0.884456217288971,0.7966975569725037,0.954475462436676
141,0.2,0.9736365675926208,0.9537528157234192,0.9946134090423584,0.9997931122779846,0.5334023237228394,0.8022089004516602,0.8432942628860474,0.7648409008979797,0.784324049949646,0.7665952444076538,0.9174007773399353,0.9429242610931396,0.916689932346344,0.8825585246086121,0.8435777425765991,0.9148359894752502,0.9004151225090027,0.7708486318588257,0.8797729015350342,0.7952051162719727,0.9425416588783264,0.9784275889396667,0.9536222219467163,0.995762288570404,0.9998047351837158,0.524852454662323,0.841529905796051,0.8596701622009277,0.8028148412704468,0.8168545961380005,0.7989116311073303,0.9446492791175842,0.9474024176597595,0.9424484372138977,0.8978124856948853,0.846859872341156,0.9211527705192566,0.9143275022506714,0.7173478007316589,0.8870376944541931,0.7845189571380615,0.9449543952941895
142,0.2,0.9740827679634094,0.9504731297492981,0.9949464797973633,0.9997499585151672,0.5317614674568176,0.7968292236328125,0.8446521162986755,0.770128607749939,0.785597026348114,0.7796781659126282,0.9215262532234192,0.943026602268219,0.921720564365387,0.8791213631629944,0.8404433131217957,0.9087960124015808,0.9001036882400513,0.7741342186927795,0.8805793523788452,0.797677218914032,0.9389331340789795,0.9773532748222351,0.9524002075195312,0.9963251352310181,0.9998040795326233,0.5311682224273682,0.8522173166275024,0.8629001975059509,0.7799710035324097,0.8365318775177002,0.786125123500824,0.9476033449172974,0.9471039772033691,0.9403324723243713,0.8905861377716064,0.8488397598266602,0.9224477410316467,0.916594922542572,0.7475714683532715,0.8904658555984497,0.779348611831665,0.947559118270874
143,0.2,0.9745232462882996,0.9479830265045166,0.9958845376968384,0.9997745156288147,0.5342695713043213,0.8020739555358887,0.8438671827316284,0.7605786323547363,0.7798520922660828,0.7813608050346375,0.923457682132721,0.9455850720405579,0.9287064075469971,0.8800160884857178,0.8409603238105774,0.9125095009803772,0.8992478251457214,0.7747541666030884,0.8822442889213562,0.7952945232391357,0.9425277709960938,0.9782871007919312,0.9531564116477966,0.9960169792175293,0.9998060464859009,0.5011177062988281,0.8080833554267883,0.8573219180107117,0.7858653664588928,0.8303170204162598,0.7968699336051941,0.9493297934532166,0.9504125118255615,0.9509387612342834,0.892928957939148,0.8447012305259705,0.918271005153656,0.9160411953926086,0.7355480194091797,0.8917313814163208,0.7750398516654968,0.9517009258270264
144,0.2,0.9735347032546997,0.9487472772598267,0.9952536225318909,0.9992102980613708,0.5294309854507446,0.7965619564056396,0.8465860486030579,0.7716400623321533,0.7838271856307983,0.7760790586471558,0.928092896938324,0.9451959729194641,0.92547607421875,0.8760637044906616,0.8389336466789246,0.9117023944854736,0.9046264290809631,0.7670266032218933,0.8794560432434082,0.7932478785514832,0.9451870918273926,0.9793060421943665,0.9568048715591431,0.996817409992218,0.9998041391372681,0.5189273953437805,0.8069031238555908,0.8634113073348999,0.7657525539398193,0.8304491639137268,0.7998365759849548,0.9519309401512146,0.9502610564231873,0.9455260634422302,0.8947184681892395,0.8565510511398315,0.9266867637634277,0.9214049577713013,0.745292603969574,0.898589015007019,0.7800385355949402,0.9543904066085815
145,0.2,0.973243772983551,0.9528824687004089,0.9954396486282349,0.9994574189186096,0.5328854322433472,0.7911245226860046,0.8449437618255615,0.7639327645301819,0.786708414554596,0.7723743915557861,0.9219710230827332,0.9441245794296265,0.9181463122367859,0.8756534457206726,0.8405206799507141,0.9101510643959045,0.8967291116714478,0.7623226046562195,0.8848768472671509,0.7873207330703735,0.9423519968986511,0.978262722492218,0.9532445669174194,0.9962206482887268,0.9998019933700562,0.5542000532150269,0.8631983995437622,0.8577716946601868,0.7662470936775208,0.8268787264823914,0.7966831922531128,0.9528861045837402,0.9461182355880737,0.9439494013786316,0.8913392424583435,0.8442741632461548,0.9264743328094482,0.9198484420776367,0.7469146847724915,0.8949992656707764,0.7854102849960327,0.9482464790344238
146,0.2,0.9733274579048157,0.9502013325691223,0.9952197670936584,0.9998016953468323,0.5366247296333313,0.7994505167007446,0.8462300300598145,0.7604005932807922,0.7810332775115967,0.7786785960197449,0.925074577331543,0.9436546564102173,0.9253811836242676,0.8813275098800659,0.8459124565124512,0.9155295491218567,0.8986044526100159,0.7711018323898315,0.8849948048591614,0.7895738482475281,0.9427052140235901,0.9770066142082214,0.9537324905395508,0.9958587884902954,0.9998021721839905,0.5455788969993591,0.8505022525787354,0.858531653881073,0.7320623993873596,0.8014259934425354,0.7948259115219116,0.9493231773376465,0.9476778507232666,0.9413038492202759,0.8886836767196655,0.8439280390739441,0.9255447387695312,0.919143795967102,0.750449001789093,0.8963094353675842,0.76494961977005,0.9477840662002563
147,0.2,0.9733893275260925,0.949125349521637,0.9949463605880737,0.999799370765686,0.5361383557319641,0.795066773891449,0.8399739265441895,0.7578953504562378,0.7865746021270752,0.7777517437934875,0.9250485301017761,0.945295512676239,0.9271561503410339,0.8778852224349976,0.8371180891990662,0.9148366451263428,0.9006995558738708,0.7755027413368225,0.8867735266685486,0.7917274236679077,0.9416488409042358,0.9760698080062866,0.9565740823745728,0.99629145860672,0.9998032450675964,0.537336528301239,0.8374994397163391,0.8572309017181396,0.8054744601249695,0.8260143995285034,0.7869269847869873,0.952894389629364,0.9425715804100037,0.9427049160003662,0.8906760215759277,0.8513623476028442,0.9222407341003418,0.9217630624771118,0.7731143236160278,0.8922562599182129,0.7636216878890991,0.9525482654571533
148,0.2,0.9730859398841858,0.9477689862251282,0.994719386100769,0.9992989301681519,0.53342205286026,0.7980037331581116,0.840222954750061,0.7610635161399841,0.7921959757804871,0.783608615398407,0.9255372881889343,0.9412407279014587,0.9244410991668701,0.8836763501167297,0.8445186018943787,0.9164611101150513,0.9069794416427612,0.7692272663116455,0.8886625170707703,0.7945809960365295,0.9435684680938721,0.978850781917572,0.9527833461761475,0.9962483644485474,0.9998037219047546,0.5637564063072205,0.8348959684371948,0.858573317527771,0.7590643167495728,0.8179329633712769,0.7993627786636353,0.9507944583892822,0.9438205361366272,0.9445823431015015,0.8981809616088867,0.8569309711456299,0.9272311329841614,0.9228155016899109,0.7596113085746765,0.8995087742805481,0.7862309813499451,0.9522634744644165
149,0.2,0.9723769426345825,0.9492487907409668,0.9943971633911133,0.9998018145561218,0.5294690132141113,0.7897579073905945,0.8447142839431763,0.7623026371002197,0.7931059002876282,0.7811288237571716,0.9207141995429993,0.9421323537826538,0.9215426445007324,0.8819974660873413,0.8396050333976746,0.9120903015136719,0.9031434655189514,0.7728344798088074,0.8819026350975037,0.7923790216445923,0.9404224753379822,0.9724555611610413,0.9527474641799927,0.9956001043319702,0.999802827835083,0.5416209697723389,0.822027325630188,0.859166145324707,0.7766770720481873,0.8170636892318726,0.7867892384529114,0.948480486869812,0.9419189691543579,0.9336739778518677,0.8831088542938232,0.8500231504440308,0.9223820567131042,0.9153271913528442,0.7424778342247009,0.8986897468566895,0.7746884226799011,0.9436728954315186
150,0.2,0.9695984125137329,0.9485936164855957,0.9943833947181702,0.9985515475273132,0.5353177189826965,0.795030951499939,0.8491726517677307,0.7661682963371277,0.7769483923912048,0.7748938798904419,0.9252561330795288,0.9415255784988403,0.9260801076889038,0.8774522542953491,0.840434730052948,0.9107016921043396,0.8980254530906677,0.7670402526855469,0.8866022825241089,0.7985873818397522,0.9402188062667847,0.9775367379188538,0.9540693759918213,0.9961777329444885,0.999805212020874,0.5327120423316956,0.840201199054718,0.8590038418769836,0.7581372857093811,0.8318086862564087,0.7918989658355713,0.9524253606796265,0.9474942684173584,0.9458709359169006,0.8976415991783142,0.8546621203422546,0.9241963624954224,0.9205314517021179,0.7986140251159668,0.898876428604126,0.7732711434364319,0.9518661499023438
151,0.2,0.9762405157089233,0.9524244666099548,0.9955278038978577,0.9996934533119202,0.5300846695899963,0.7923776507377625,0.8496145606040955,0.7619901895523071,0.7934964895248413,0.7772769331932068,0.9293787479400635,0.9493516683578491,0.9345740675926208,0.8837060928344727,0.8467128276824951,0.9118033647537231,0.9030996561050415,0.7688460946083069,0.895298421382904,0.7884160280227661,0.9480489492416382,0.9794338345527649,0.9536299705505371,0.9967783689498901,0.9998047351837158,0.5321243405342102,0.8244708776473999,0.8632521629333496,0.7841622829437256,0.8462095260620117,0.7984443306922913,0.9506431221961975,0.9524018168449402,0.9404534697532654,0.9007208943367004,0.8474699258804321,0.9287694096565247,0.9232831597328186,0.7690562605857849,0.9130945801734924,0.782593846321106,0.9490222334861755
152,0.2,0.9735000133514404,0.9469009041786194,0.9947379231452942,0.9992765784263611,0.5303329825401306,0.7911408543586731,0.845610499382019,0.7684555649757385,0.7937549948692322,0.783062219619751,0.9282575845718384,0.9480988383293152,0.9310140609741211,0.8829171061515808,0.840823233127594,0.9134514927864075,0.9037870168685913,0.7697790265083313,0.8871598839759827,0.7958887815475464,0.9413754940032959,0.9789101481437683,0.9530786871910095,0.9963314533233643,0.9998047351837158,0.5538619160652161,0.8311414122581482,0.8591845631599426,0.7594082355499268,0.8091978430747986,0.791073203086853,0.9516981840133667,0.9500413537025452,0.9462602734565735,0.9020076990127563,0.8433820009231567,0.9268251657485962,0.9226827025413513,0.7335560321807861,0.8952236175537109,0.7835816740989685,0.9535045027732849
153,0.2,0.9757544994354248,0.9479492902755737,0.9961145520210266,0.9997576475143433,0.5337892174720764,0.7924889326095581,0.8501495718955994,0.7633006572723389,0.7809127569198608,0.7796500325202942,0.9250470399856567,0.9494128823280334,0.9287068843841553,0.8805303573608398,0.8443450331687927,0.9173368215560913,0.9031756520271301,0.7754687666893005,0.8871567845344543,0.792119026184082,0.9449297189712524,0.9793688058853149,0.9438913464546204,0.996910810470581,0.9998013973236084,0.5554431080818176,0.8335193991661072,0.8615191578865051,0.7468753457069397,0.8052791357040405,0.8010293245315552,0.9525657296180725,0.948321521282196,0.9434732794761658,0.8902289271354675,0.8497664332389832,0.9341025948524475,0.9231154918670654,0.7902828454971313,0.895923912525177,0.7766062021255493,0.9490955471992493
154,0.2,0.9763746857643127,0.9447528719902039,0.9959489703178406,0.9993172287940979,0.5279281735420227,0.7888906598091125,0.8519566059112549,0.7647073864936829,0.7964410781860352,0.7842490673065186,0.9304829835891724,0.9470853805541992,0.9330806136131287,0.8856611251831055,0.8392718434333801,0.9259984493255615,0.9041960835456848,0.7808164954185486,0.8894199728965759,0.7994769215583801,0.9465897679328918,0.9816489815711975,0.9555383324623108,0.9967655539512634,0.9998030662536621,0.5434095859527588,0.8174536228179932,0.861083984375,0.7532167434692383,0.818385899066925,0.8002992272377014,0.9529948234558105,0.9507884383201599,0.949764609336853,0.8943954706192017,0.8510750532150269,0.9295889735221863,0.9268900156021118,0.763943612575531,0.8947358131408691,0.7748286128044128,0.9557568430900574
155,0.2,0.9763217568397522,0.942833662033081,0.9954767227172852,0.9991325736045837,0.5351149439811707,0.7913306355476379,0.8470568656921387,0.7636121511459351,0.7881433367729187,0.7845739126205444,0.929377555847168,0.9483930468559265,0.9298421144485474,0.8798518180847168,0.8437135815620422,0.9117947220802307,0.9051443934440613,0.7809001207351685,0.889735758304596,0.7945101261138916,0.9467371702194214,0.9801435470581055,0.950027585029602,0.9963837265968323,0.9998022317886353,0.5314361453056335,0.829730749130249,0.8593067526817322,0.7663792371749878,0.7966148257255554,0.7916444540023804,0.9476903676986694,0.9525778889656067,0.9433950185775757,0.8963809013366699,0.8490658402442932,0.9268459677696228,0.9228583574295044,0.7488245964050293,0.9022543430328369,0.7887250781059265,0.9489210247993469
156,0.2,0.9769496321678162,0.9479643702507019,0.9956539273262024,0.9997852444648743,0.5336975455284119,0.7952858209609985,0.851121723651886,0.7615053057670593,0.7881535291671753,0.783761203289032,0.9310727119445801,0.9506013989448547,0.9289836287498474,0.8840547204017639,0.8449666500091553,0.9223964810371399,0.9062386155128479,0.7692292928695679,0.8924511671066284,0.8094670176506042,0.9494705200195312,0.9820842742919922,0.9585357308387756,0.9969031810760498,0.9998040795326233,0.545904278755188,0.8214991092681885,0.8624253273010254,0.7676733136177063,0.8292191028594971,0.7980631589889526,0.9546440243721008,0.9563566446304321,0.9512227773666382,0.9025126099586487,0.8545613288879395,0.9281278848648071,0.9248254895210266,0.8376321196556091,0.9071334600448608,0.7755919098854065,0.9594944715499878
157,0.2,0.9731553196907043,0.9473695158958435,0.9952149987220764,0.9997976422309875,0.5335879325866699,0.7926560044288635,0.8436140418052673,0.7628380656242371,0.7898244857788086,0.7851243615150452,0.932105302810669,0.9490981698036194,0.9333570003509521,0.8795415163040161,0.8470110893249512,0.9132250547409058,0.9044021964073181,0.7749866843223572,0.8869085907936096,0.7983824014663696,0.9465377330780029,0.979471743106842,0.9510932564735413,0.997032880783081,0.999801516532898,0.5536660552024841,0.8688487410545349,0.8610935211181641,0.7753667831420898,0.8064859509468079,0.794553816318512,0.9550108909606934,0.9532909989356995,0.9467765688896179,0.8899386525154114,0.8478831052780151,0.9283092617988586,0.9267698526382446,0.7659467458724976,0.8886016607284546,0.7813351154327393,0.9529545903205872
158,0.2,0.9747282862663269,0.9487180709838867,0.9959555864334106,0.9992367625236511,0.5251666903495789,0.8008394241333008,0.852316677570343,0.7614149451255798,0.7897186279296875,0.7774656414985657,0.9326636791229248,0.9498257637023926,0.9348217844963074,0.8787895441055298,0.8485796451568604,0.9163611531257629,0.9062140583992004,0.768548846244812,0.8861187100410461,0.7958104014396667,0.9460638165473938,0.9799310564994812,0.9546470046043396,0.9969234466552734,0.9998013377189636,0.5523763298988342,0.8437526226043701,0.8582095503807068,0.7363674640655518,0.8069770336151123,0.7906543016433716,0.9523026347160339,0.9559877514839172,0.9432423114776611,0.8937786221504211,0.8555667996406555,0.929413914680481,0.927706241607666,0.7605652809143066,0.9000327587127686,0.7774893045425415,0.9505606293678284
159,0.2,0.9765467643737793,0.9478698968887329,0.9957147836685181,0.9989300966262817,0.5306920409202576,0.8036948442459106,0.8460695147514343,0.7617382407188416,0.7925122976303101,0.7824607491493225,0.9280198216438293,0.9529410004615784,0.9280468821525574,0.8804794549942017,0.846086859703064,0.9132059216499329,0.9055514335632324,0.7779399752616882,0.8932955861091614,0.8008891940116882,0.9473603367805481,0.9799562692642212,0.9536840319633484,0.9970051050186157,0.9998032450675964,0.5391722321510315,0.8348141312599182,0.8651506900787354,0.7678942680358887,0.8036018013954163,0.7991966605186462,0.953787088394165,0.9555788040161133,0.9445008039474487,0.8925949335098267,0.859905481338501,0.9281052350997925,0.9287679195404053,0.7468141913414001,0.8942502737045288,0.771737813949585,0.9561688303947449
160,0.2,0.9760082960128784,0.9484337568283081,0.9957499504089355,0.999159038066864,0.5324580073356628,0.7985020279884338,0.8531956076622009,0.7630622386932373,0.7885410785675049,0.7803208231925964,0.9259998202323914,0.9524975419044495,0.9248343110084534,0.8810808062553406,0.847987711429596,0.9121630787849426,0.9105398058891296,0.7803429365158081,0.8955429792404175,0.8015922904014587,0.9470333456993103,0.980353593826294,0.9495396018028259,0.9966304302215576,0.9998033046722412,0.5268732309341431,0.820545494556427,0.8672838807106018,0.8012125492095947,0.8226436376571655,0.8009887933731079,0.947064220905304,0.9561102986335754,0.9429243206977844,0.8956963419914246,0.858590304851532,0.9266281723976135,0.9252934455871582,0.7613530158996582,0.9140664935112,0.7762795090675354,0.9538037180900574
161,0.2,0.9782652258872986,0.9477888345718384,0.9960511326789856,0.9993124008178711,0.5348480939865112,0.7929660677909851,0.8517379760742188,0.7659348845481873,0.7856472730636597,0.7865540385246277,0.9313580989837646,0.9528048038482666,0.9287980794906616,0.8849049210548401,0.8476603627204895,0.9214724898338318,0.9037742614746094,0.7788646817207336,0.9000450968742371,0.8006315231323242,0.9491507411003113,0.9799219965934753,0.9461715817451477,0.9960545301437378,0.9998010396957397,0.5474497079849243,0.8147469162940979,0.8627800941467285,0.7915337085723877,0.8199155926704407,0.7981041073799133,0.95029616355896,0.9527385830879211,0.9486541748046875,0.9040144085884094,0.8522830605506897,0.9240853786468506,0.9247751235961914,0.7556114792823792,0.9079894423484802,0.7898557782173157,0.9552925229072571
162,0.2,0.9766113758087158,0.943333089351654,0.9952482581138611,0.9995116591453552,0.5382710099220276,0.7880614399909973,0.8491430878639221,0.7688146829605103,0.7917506694793701,0.7879489064216614,0.9293429851531982,0.947973370552063,0.9304365515708923,0.8860217928886414,0.845686674118042,0.9232088327407837,0.9151477217674255,0.7810968160629272,0.8984174728393555,0.8057577013969421,0.9461947679519653,0.9828356504440308,0.9486219882965088,0.9967643618583679,0.9998049139976501,0.5319259762763977,0.8193011283874512,0.8642668724060059,0.7864630818367004,0.8267148733139038,0.8083675503730774,0.9493404030799866,0.9549575448036194,0.9532358646392822,0.8958289623260498,0.8601207137107849,0.9238315224647522,0.9276583790779114,0.7923874258995056,0.9126976728439331,0.7900606393814087,0.9547424912452698
163,0.2,0.9781183004379272,0.9470401406288147,0.9959269762039185,0.9998014569282532,0.5350474119186401,0.7891752123832703,0.8493616580963135,0.780817449092865,0.7860720753669739,0.7877177596092224,0.9312968850135803,0.9538793563842773,0.9259222149848938,0.8871973752975464,0.853623628616333,0.9160865545272827,0.9083769917488098,0.7732436060905457,0.9023231863975525,0.8072121143341064,0.9491867423057556,0.98134446144104,0.9517089128494263,0.9970990419387817,0.9998033046722412,0.5244007706642151,0.7917607426643372,0.8645063042640686,0.8018798232078552,0.8154343962669373,0.7954339385032654,0.9506707787513733,0.9557662010192871,0.9457530379295349,0.8964486718177795,0.8542339205741882,0.9238740801811218,0.9266272187232971,0.7614912390708923,0.9041817784309387,0.7980892658233643,0.9545300006866455
164,0.2,0.9764218330383301,0.9451547861099243,0.9960498213768005,0.9997637271881104,0.537247896194458,0.8029013276100159,0.8501986265182495,0.7645303606987,0.7848966717720032,0.7902182936668396,0.9294651746749878,0.9512529373168945,0.918309211730957,0.881504476070404,0.8509373664855957,0.9172390699386597,0.9083926677703857,0.7781682014465332,0.8977373242378235,0.8051482439041138,0.9494230151176453,0.9830657243728638,0.9474599361419678,0.9970754384994507,0.99980229139328,0.5484538078308105,0.8530996441841125,0.8610820770263672,0.7934257388114929,0.7828813791275024,0.802339494228363,0.9541046619415283,0.9596620202064514,0.9454094171524048,0.9049822092056274,0.8570810556411743,0.9352911114692688,0.9313144683837891,0.7774307131767273,0.9053519368171692,0.7878561019897461,0.9574247002601624
165,0.2,0.9781307578086853,0.944840133190155,0.9958323240280151,0.9995525479316711,0.5379576086997986,0.801501989364624,0.8488073945045471,0.7641603350639343,0.7810941934585571,0.7863461375236511,0.9322725534439087,0.9535878896713257,0.9245818853378296,0.8859656453132629,0.8433519601821899,0.919525146484375,0.9157441258430481,0.7751134634017944,0.8940059542655945,0.8024051785469055,0.9507170915603638,0.9831473231315613,0.9531680941581726,0.9974338412284851,0.9998034238815308,0.53575199842453,0.8241431713104248,0.867136538028717,0.7548213005065918,0.8151971101760864,0.7963623404502869,0.9552270174026489,0.9568324685096741,0.9435702562332153,0.9024083614349365,0.8566408157348633,0.9373171329498291,0.9331135749816895,0.8096542954444885,0.9062662720680237,0.7806003093719482,0.9573840498924255
166,0.2,0.9792155623435974,0.9503263235092163,0.9961785674095154,0.9997951984405518,0.5345140099525452,0.7934494614601135,0.8591126799583435,0.7608250379562378,0.7806511521339417,0.7839128375053406,0.9299601316452026,0.9551039338111877,0.9224645495414734,0.8861041069030762,0.8450144529342651,0.9211322069168091,0.913489818572998,0.781680166721344,0.9061146378517151,0.7995111346244812,0.9504861831665039,0.9831321239471436,0.9531489610671997,0.9970454573631287,0.9998061656951904,0.5383785367012024,0.8317582011222839,0.8689260482788086,0.768656313419342,0.8177036643028259,0.8060575127601624,0.9499479532241821,0.9587737917900085,0.9486509561538696,0.9071457982063293,0.8585859537124634,0.9305030703544617,0.9304494261741638,0.7852798700332642,0.9235062599182129,0.7866844534873962,0.9574859738349915
167,0.2,0.9770510196685791,0.9451190829277039,0.9955046772956848,0.9992696642875671,0.536864161491394,0.7974491715431213,0.8565949201583862,0.7726761698722839,0.787213921546936,0.7870239615440369,0.9344311952590942,0.9528319835662842,0.9242767095565796,0.8872607350349426,0.8472030162811279,0.9202970266342163,0.9155625700950623,0.7835305333137512,0.9000711441040039,0.8008443117141724,0.9486272931098938,0.9807323217391968,0.9438873529434204,0.9967066645622253,0.9997968077659607,0.5411390662193298,0.8074880838394165,0.8639515042304993,0.7616398930549622,0.8353689312934875,0.7988173961639404,0.9532903432846069,0.9546208381652832,0.9453639984130859,0.8996917605400085,0.8623253703117371,0.930105447769165,0.9307729005813599,0.7204267382621765,0.9047975540161133,0.790137529373169,0.9552342295646667
168,0.2,0.9767649173736572,0.9425675272941589,0.9957928657531738,0.99879390001297,0.5416132211685181,0.7985969185829163,0.8516771197319031,0.7655092477798462,0.793506920337677,0.7942104935646057,0.9338144063949585,0.9522657990455627,0.9254565238952637,0.8865063190460205,0.8495880365371704,0.9216797947883606,0.9172329902648926,0.7777674198150635,0.8989841341972351,0.8004754185676575,0.9458063840866089,0.9835439920425415,0.946936845779419,0.9975575804710388,0.9998061060905457,0.5293264389038086,0.8568871021270752,0.8686482310295105,0.7798746824264526,0.8066443204879761,0.8064720630645752,0.9561713337898254,0.9607470631599426,0.9486748576164246,0.9026260375976562,0.8621726036071777,0.9369602799415588,0.9347066879272461,0.771183967590332,0.9095496535301208,0.7946122884750366,0.9606703519821167
169,0.2,0.979483425617218,0.943753182888031,0.9962871074676514,0.999184250831604,0.5415365099906921,0.7951636910438538,0.8586807250976562,0.7629675269126892,0.7820149064064026,0.7891107201576233,0.9344568252563477,0.9541102647781372,0.9210396409034729,0.8901188373565674,0.8522011041641235,0.923163890838623,0.9131367206573486,0.7800885438919067,0.9036086201667786,0.8090134263038635,0.9513747692108154,0.9831569194793701,0.9435730576515198,0.9976117014884949,0.9998041987419128,0.5454060435295105,0.8645877838134766,0.8706137537956238,0.7713759541511536,0.8282149434089661,0.795640766620636,0.9591450095176697,0.9590094685554504,0.9520687460899353,0.9040803909301758,0.8661842942237854,0.9312467575073242,0.9351308345794678,0.7734426259994507,0.9099918007850647,0.7792790532112122,0.9635179042816162
170,0.2,0.9784087538719177,0.9378175139427185,0.9965333938598633,0.9994226694107056,0.53916335105896,0.7913894057273865,0.8527140617370605,0.771224319934845,0.7838431596755981,0.793027937412262,0.928154468536377,0.9545296430587769,0.9314094185829163,0.8896943926811218,0.8490312695503235,0.9204025268554688,0.911448061466217,0.7802534699440002,0.9008480906486511,0.8044576644897461,0.9500517249107361,0.9804515242576599,0.9444118738174438,0.9966031312942505,0.9998036623001099,0.5377915501594543,0.804879903793335,0.8631399869918823,0.7597192525863647,0.8110756278038025,0.8084456920623779,0.953478217124939,0.9538642168045044,0.9481238722801208,0.9004356861114502,0.854548990726471,0.9260058999061584,0.9294544458389282,0.7686910629272461,0.9104005694389343,0.7825814485549927,0.9541258811950684
171,0.2,0.9748752117156982,0.9405089616775513,0.9955446720123291,0.9998027682304382,0.5370713472366333,0.7936540842056274,0.8570195436477661,0.769845187664032,0.7845397591590881,0.7902984023094177,0.9339615702629089,0.9534186720848083,0.9285116791725159,0.8846693634986877,0.8476912975311279,0.9226397275924683,0.9151399731636047,0.7730423212051392,0.9050798416137695,0.8055194020271301,0.9489901661872864,0.9810144305229187,0.9404926300048828,0.9966605305671692,0.9998027682304382,0.5490659475326538,0.8145655989646912,0.8645845651626587,0.7604107856750488,0.8075793981552124,0.8113864660263062,0.9575568437576294,0.9560739994049072,0.9475207328796387,0.8978222608566284,0.8518828749656677,0.9312995076179504,0.9299156665802002,0.7731645703315735,0.9145796298980713,0.786955714225769,0.9547984004020691
172,0.2,0.9752214550971985,0.9384889006614685,0.9956080913543701,0.9993059039115906,0.5342540144920349,0.7859018445014954,0.8564018607139587,0.7677708864212036,0.7889119982719421,0.7961674332618713,0.9332501292228699,0.9540663361549377,0.9362600445747375,0.8886433839797974,0.8508493304252625,0.9210806488990784,0.9177696704864502,0.7807024121284485,0.8977335095405579,0.8101575970649719,0.9483828544616699,0.982616662979126,0.9535528421401978,0.9970924258232117,0.9998034238815308,0.5319095849990845,0.7980132699012756,0.8688806295394897,0.7965167760848999,0.8161845803260803,0.8084208369255066,0.9541549682617188,0.9582180976867676,0.9462772011756897,0.9064015746116638,0.864967942237854,0.9373356103897095,0.9340311884880066,0.7566399574279785,0.9143655300140381,0.7746047377586365,0.9598901867866516
173,0.2,0.9766279458999634,0.9448287487030029,0.9958348274230957,0.999652624130249,0.5383975505828857,0.7876207828521729,0.8537391424179077,0.7747869491577148,0.7798513770103455,0.7878379821777344,0.9303268194198608,0.9526342749595642,0.9226987957954407,0.891243040561676,0.8486019968986511,0.9295275211334229,0.9122973680496216,0.7799848318099976,0.8996950387954712,0.8024747967720032,0.951759397983551,0.9825415015220642,0.9454866647720337,0.9967973232269287,0.999805212020874,0.5516486763954163,0.8508041501045227,0.866418719291687,0.7460915446281433,0.8325189352035522,0.8087874054908752,0.9548360705375671,0.9584347009658813,0.9519773125648499,0.9132672548294067,0.8627615571022034,0.9289634823799133,0.9324245452880859,0.7517547011375427,0.9054974317550659,0.799515962600708,0.9588508009910583
174,0.2,0.9784639477729797,0.9434468746185303,0.9961599707603455,0.9988327026367188,0.544508695602417,0.7969629168510437,0.8580371141433716,0.7657089829444885,0.7778605818748474,0.790379524230957,0.932991087436676,0.9554662704467773,0.9355483651161194,0.8872817158699036,0.8547648191452026,0.9188846945762634,0.9199481010437012,0.7923040390014648,0.8992419242858887,0.8091766834259033,0.9519256949424744,0.9817407131195068,0.951097846031189,0.9971030950546265,0.9998048543930054,0.54286128282547,0.8446618914604187,0.8721804022789001,0.7740278244018555,0.8214941024780273,0.8054421544075012,0.9541581273078918,0.9592047333717346,0.9433318376541138,0.9061933159828186,0.8639852404594421,0.9353530406951904,0.9345793128013611,0.7807672619819641,0.9135152697563171,0.7856460213661194,0.9589762687683105
175,0.2,0.9781296253204346,0.9453517198562622,0.9959174394607544,0.9994497299194336,0.535884439945221,0.7967206239700317,0.8550798296928406,0.7637374401092529,0.7869206666946411,0.7915974259376526,0.9352145791053772,0.9542467594146729,0.9256031513214111,0.8867405652999878,0.8532546162605286,0.9162216782569885,0.9129939079284668,0.7887250185012817,0.9000088572502136,0.8081550598144531,0.9501394033432007,0.9817851185798645,0.9466449022293091,0.9968077540397644,0.9998064041137695,0.5520394444465637,0.8169655203819275,0.8677117824554443,0.7667948007583618,0.845450222492218,0.8094942569732666,0.9534392356872559,0.9583889842033386,0.9434072375297546,0.9108643531799316,0.8689102530479431,0.9365243315696716,0.9325636029243469,0.7279606461524963,0.9169757962226868,0.7854843735694885,0.9591147899627686
176,0.2,0.9770668745040894,0.9463813304901123,0.995930552482605,0.9996306896209717,0.5410418510437012,0.793219804763794,0.85392826795578,0.7672691345214844,0.7887629270553589,0.7867095470428467,0.9287022352218628,0.9534912109375,0.9277715682983398,0.8832890391349792,0.8564106822013855,0.9200705885887146,0.9159433245658875,0.7841250896453857,0.8936946988105774,0.8115213513374329,0.9527585506439209,0.9821248650550842,0.9466911554336548,0.9970324039459229,0.9998062252998352,0.5718994736671448,0.8208491802215576,0.8677083253860474,0.7778949737548828,0.8087829947471619,0.8075607419013977,0.9562830924987793,0.9583750367164612,0.941889762878418,0.9069461822509766,0.8638119697570801,0.9367370009422302,0.9317890405654907,0.7582090497016907,0.9025549292564392,0.7950201630592346,0.9651879072189331
177,0.2,0.9801371097564697,0.95030277967453,0.9967079162597656,0.9994757771492004,0.5414850115776062,0.7969449758529663,0.858658492565155,0.7678526043891907,0.787814199924469,0.7865844964981079,0.9377420544624329,0.9564317464828491,0.9292246103286743,0.8843861222267151,0.8533074259757996,0.921588659286499,0.9240635633468628,0.7755683064460754,0.8991450667381287,0.8068810105323792,0.956598162651062,0.9848885536193848,0.9544798731803894,0.9977821111679077,0.9998052716255188,0.5588701367378235,0.831198513507843,0.8708591461181641,0.7690562605857849,0.8102830052375793,0.8075799942016602,0.9582796692848206,0.9605386853218079,0.9502687454223633,0.9103030562400818,0.8706788420677185,0.938984215259552,0.938838541507721,0.7758644819259644,0.8902743458747864,0.7994081377983093,0.9681864976882935
178,0.2,0.9786269068717957,0.9467787146568298,0.9959131479263306,0.999400794506073,0.5419671535491943,0.7869343757629395,0.8542729616165161,0.7649037837982178,0.7871561050415039,0.7857930064201355,0.940115749835968,0.9547553658485413,0.9309041500091553,0.8898451924324036,0.8530585169792175,0.9259632229804993,0.9169692397117615,0.7848104238510132,0.9023796916007996,0.8097440600395203,0.9558659791946411,0.9823829531669617,0.9490118026733398,0.997124195098877,0.9998078346252441,0.5312595963478088,0.832980215549469,0.8680742979049683,0.7767713069915771,0.8482962846755981,0.8079040050506592,0.9549792408943176,0.9599953889846802,0.9496413469314575,0.9106788039207458,0.8720141053199768,0.9308161735534668,0.932383120059967,0.7965539693832397,0.9132021069526672,0.7838721871376038,0.9636582136154175
179,0.2,0.9791821241378784,0.9461174011230469,0.9956747889518738,0.9997392892837524,0.5394865870475769,0.7856066823005676,0.8531004190444946,0.7705287337303162,0.7930381298065186,0.7929357290267944,0.931062638759613,0.9571810960769653,0.9391082525253296,0.8934327960014343,0.8578169941902161,0.9223806262016296,0.9235090613365173,0.7810487747192383,0.90458744764328,0.8102912902832031,0.9572598338127136,0.9849677681922913,0.9515625238418579,0.9974415898323059,0.999808132648468,0.5423478484153748,0.8417014479637146,0.8721425533294678,0.7876974940299988,0.8202704191207886,0.8105580806732178,0.9538657069206238,0.961931049823761,0.9512807130813599,0.9124269485473633,0.8742496967315674,0.9326171278953552,0.9330460429191589,0.7651839256286621,0.9228280782699585,0.7964314818382263,0.9649907350540161
180,0.2,0.9809485673904419,0.9445031881332397,0.9963737726211548,0.9995847940444946,0.5407930612564087,0.7920534610748291,0.8569722175598145,0.7641922831535339,0.7867318987846375,0.7914634943008423,0.9342485666275024,0.9597585201263428,0.936329185962677,0.897698163986206,0.8570051193237305,0.9272199869155884,0.9154353737831116,0.7798195481300354,0.9066333174705505,0.8053222298622131,0.9568463563919067,0.9843289256095886,0.9429281949996948,0.9972978830337524,0.9998090267181396,0.5289208292961121,0.8529229760169983,0.8722748160362244,0.7794489860534668,0.820540189743042,0.8108994364738464,0.9552942514419556,0.9627017974853516,0.9498299360275269,0.9085339307785034,0.8759264349937439,0.9357060790061951,0.9344878196716309,0.7902358174324036,0.9190382957458496,0.7982175350189209,0.9662541747093201
181,0.2,0.9782824516296387,0.9432420134544373,0.9959611892700195,0.999803364276886,0.5457914471626282,0.7938432693481445,0.8589006662368774,0.770780622959137,0.7780221700668335,0.7899953126907349,0.9302763342857361,0.9558482766151428,0.9337429404258728,0.8936969637870789,0.8543301224708557,0.9259365797042847,0.9200953245162964,0.7924206256866455,0.8976223468780518,0.8037241697311401,0.9561913013458252,0.9810175895690918,0.9466060996055603,0.9963118433952332,0.9998070001602173,0.5675168037414551,0.8445004820823669,0.8681818842887878,0.7535128593444824,0.7979176044464111,0.8001387715339661,0.9507397413253784,0.9565931558609009,0.9462734460830688,0.914779543876648,0.8631860613822937,0.9342325925827026,0.9308089017868042,0.7659609913825989,0.9129853844642639,0.7884982228279114,0.960320234298706
182,0.2,0.9787920117378235,0.9458338022232056,0.9961590766906738,0.999446451663971,0.5410558581352234,0.7921375632286072,0.8580356240272522,0.7699763774871826,0.7844173312187195,0.789004385471344,0.9328835606575012,0.9586762189865112,0.9317790269851685,0.8955054879188538,0.8548370599746704,0.9217367768287659,0.9177873730659485,0.7766546607017517,0.9074956774711609,0.81150883436203,0.954793393611908,0.982729434967041,0.9480714797973633,0.9970623850822449,0.9998050928115845,0.5608898997306824,0.8246686458587646,0.8693227767944336,0.7619259357452393,0.8110753893852234,0.8018592000007629,0.9557917714118958,0.9593713283538818,0.9507600665092468,0.9057658910751343,0.8638313412666321,0.9298001527786255,0.9328640103340149,0.7667623162269592,0.9102115035057068,0.8164376020431519,0.9644932150840759
183,0.2,0.9772757887840271,0.9459362626075745,0.9955549836158752,0.9996916055679321,0.5481633543968201,0.7873013019561768,0.8584825992584229,0.7701911330223083,0.7829840779304504,0.7914673089981079,0.9342851042747498,0.9535679817199707,0.9294672012329102,0.8903542160987854,0.8523373007774353,0.9251957535743713,0.9178563952445984,0.7812302708625793,0.9052363634109497,0.8207417726516724,0.9535688757896423,0.9820890426635742,0.9392004609107971,0.9970920085906982,0.9998044371604919,0.5533589124679565,0.7816475033760071,0.8687849640846252,0.7881815433502197,0.8173933029174805,0.8073149919509888,0.9556480646133423,0.959015965461731,0.9453417062759399,0.904327929019928,0.8695043325424194,0.9319088459014893,0.9357836246490479,0.7579928636550903,0.9068668484687805,0.7966706156730652,0.9626109600067139
184,0.2,0.9798577427864075,0.9395682215690613,0.9960572123527527,0.9998031854629517,0.5492269396781921,0.7870956659317017,0.8596057295799255,0.7664357423782349,0.7921444773674011,0.7951317429542542,0.9380890727043152,0.9582176804542542,0.9326887726783752,0.8958787322044373,0.8523393869400024,0.9271751046180725,0.9178566336631775,0.7837817668914795,0.9041172862052917,0.8146711587905884,0.9560106992721558,0.9823436141014099,0.9478715062141418,0.9970377683639526,0.9998072385787964,0.5387253165245056,0.8257738351821899,0.8778022527694702,0.791092038154602,0.800972044467926,0.8063467741012573,0.9452807903289795,0.9628006219863892,0.9528447389602661,0.9126772880554199,0.8646958470344543,0.9230866432189941,0.9329453706741333,0.7884892225265503,0.924781084060669,0.8031173348426819,0.9591840505599976
185,0.2,0.9792096018791199,0.9450002908706665,0.9957908987998962,0.9991490244865417,0.5546271204948425,0.7906297445297241,0.8585474491119385,0.7645808458328247,0.7804581522941589,0.7915207743644714,0.9331691265106201,0.9589161276817322,0.9384394884109497,0.8929951190948486,0.8550300598144531,0.9228490591049194,0.9189599752426147,0.7844162583351135,0.8970403671264648,0.8149690628051758,0.9544233083724976,0.9833138585090637,0.951842188835144,0.9972143769264221,0.9998061060905457,0.5657414793968201,0.8086496591567993,0.8703017830848694,0.785834789276123,0.7920358180999756,0.8098247051239014,0.9560337066650391,0.9614068865776062,0.9456468224525452,0.9046230912208557,0.8626444935798645,0.9351791739463806,0.939778745174408,0.7516663074493408,0.9227887988090515,0.7901830673217773,0.9632736444473267
186,0.2,0.9778098464012146,0.9449911117553711,0.9960978627204895,0.9990312457084656,0.5570504665374756,0.7952710390090942,0.8588413596153259,0.7663638591766357,0.7783601880073547,0.7949957251548767,0.9343210458755493,0.9558852910995483,0.935874342918396,0.8877561092376709,0.8564284443855286,0.9231719374656677,0.9203299880027771,0.7812923789024353,0.9054049253463745,0.8092151284217834,0.9544486999511719,0.9816477298736572,0.9439562559127808,0.9968351721763611,0.9998081922531128,0.5660086870193481,0.825437068939209,0.8692856431007385,0.7902015447616577,0.8282889127731323,0.8083678483963013,0.952055811882019,0.9604401588439941,0.9498996138572693,0.9028308987617493,0.8640480637550354,0.9289859533309937,0.9382909536361694,0.7210702300071716,0.9195926785469055,0.7853274941444397,0.960934579372406
187,0.2,0.9780711531639099,0.9439115524291992,0.9963222146034241,0.9987390637397766,0.55071622133255,0.7937698364257812,0.8570886850357056,0.7694805860519409,0.7835284471511841,0.79517662525177,0.9368311166763306,0.9562336802482605,0.9372902512550354,0.8939247131347656,0.8577490448951721,0.9249358773231506,0.9215209484100342,0.7772516012191772,0.9002198576927185,0.8087246417999268,0.9542354941368103,0.9807272553443909,0.9411359429359436,0.9960876703262329,0.9998112916946411,0.615234375,0.8367152214050293,0.8735162019729614,0.7618981003761292,0.7747578024864197,0.808148980140686,0.9451976418495178,0.9605333805084229,0.9473307132720947,0.9111768007278442,0.8686646223068237,0.9208559393882751,0.9248093366622925,0.7322642803192139,0.9213730096817017,0.7997152209281921,0.9624987840652466
188,0.2,0.9759951829910278,0.9399318099021912,0.9955196976661682,0.9998044967651367,0.5626834630966187,0.7968213558197021,0.856662929058075,0.7610249519348145,0.7731136679649353,0.8001731634140015,0.9366244673728943,0.9538117051124573,0.9274410605430603,0.8934305906295776,0.8607520461082458,0.9251831769943237,0.9208454489707947,0.7725678086280823,0.8979610800743103,0.8145363926887512,0.9554189443588257,0.9824557900428772,0.9448506832122803,0.9972068071365356,0.9998071193695068,0.5566577911376953,0.7853246927261353,0.8749263882637024,0.783038854598999,0.8108307123184204,0.8168309330940247,0.9543490409851074,0.9602211713790894,0.9453246593475342,0.9095804691314697,0.8689597249031067,0.9342216849327087,0.9387848377227783,0.7785190939903259,0.9168983101844788,0.7841539978981018,0.9655880928039551
189,0.2,0.9779656529426575,0.9439006447792053,0.9958775043487549,0.9997605085372925,0.5582243204116821,0.7860724329948425,0.8605690002441406,0.7685487866401672,0.781046986579895,0.8004918098449707,0.9376180768013,0.9562726020812988,0.9322978854179382,0.8924309611320496,0.8539594411849976,0.9180771708488464,0.9249981641769409,0.7823767066001892,0.9058164954185486,0.8082329630851746,0.9546533823013306,0.983240008354187,0.9472938179969788,0.9971365332603455,0.9998075366020203,0.5903699398040771,0.8249592781066895,0.8758155107498169,0.7321767807006836,0.7968568801879883,0.8166687488555908,0.9531596302986145,0.9594331979751587,0.9483816027641296,0.908191978931427,0.8618711233139038,0.9290927052497864,0.9386268258094788,0.7563066482543945,0.9204922914505005,0.7967973947525024,0.9639301896095276
190,0.2,0.9778376817703247,0.943860650062561,0.9957833886146545,0.9992467761039734,0.5607393980026245,0.7888302206993103,0.8612450957298279,0.7759250998497009,0.7846139669418335,0.7942355275154114,0.9423788189888,0.9542756676673889,0.931077241897583,0.8931643962860107,0.8528984785079956,0.9200408458709717,0.9229062795639038,0.7805644869804382,0.9026080369949341,0.8170085549354553,0.9547885060310364,0.9840553402900696,0.9498571157455444,0.9976438879966736,0.9998064637184143,0.5593690872192383,0.8176168203353882,0.8755876421928406,0.7846289277076721,0.7865114808082581,0.8115967512130737,0.9578462243080139,0.9626638889312744,0.950610876083374,0.9083564877510071,0.8659543991088867,0.9328932166099548,0.941713273525238,0.8083235621452332,0.9271730184555054,0.7934173345565796,0.9639734029769897
191,0.2,0.978398859500885,0.9445048570632935,0.9958730936050415,0.9998012185096741,0.5578859448432922,0.7901629209518433,0.8594840168952942,0.772386372089386,0.783498227596283,0.7951924800872803,0.9406514167785645,0.9566975831985474,0.9388570785522461,0.8944340944290161,0.8528581857681274,0.9246877431869507,0.9232727885246277,0.7881884574890137,0.9047624468803406,0.823523998260498,0.9558671712875366,0.9799879193305969,0.9438503980636597,0.99623703956604,0.9998083114624023,0.5891978740692139,0.8231365084648132,0.8720159530639648,0.7863336205482483,0.7896878123283386,0.8133137226104736,0.954874575138092,0.9539691209793091,0.9476985931396484,0.9042445421218872,0.8567182421684265,0.9245786666870117,0.9347746968269348,0.7448340058326721,0.9201884269714355,0.7980002760887146,0.9594094157218933
192,0.2,0.9766854047775269,0.9441823959350586,0.9957082867622375,0.9993398189544678,0.5604925155639648,0.7913184762001038,0.8634400963783264,0.7797216176986694,0.78176349401474,0.7905012965202332,0.9327686429023743,0.9566299915313721,0.9370640516281128,0.8845034837722778,0.8573744893074036,0.9204211831092834,0.9193653464317322,0.7820754647254944,0.902977466583252,0.8164528608322144,0.9526757597923279,0.9818055033683777,0.9454503655433655,0.996735692024231,0.9998095035552979,0.582823634147644,0.8097023367881775,0.8692567348480225,0.7544863820075989,0.7926669120788574,0.8064500689506531,0.957196056842804,0.9586789608001709,0.9509497880935669,0.9032280445098877,0.8613862991333008,0.9307684302330017,0.9339431524276733,0.8023282885551453,0.9082042574882507,0.7903148531913757,0.9628860354423523
193,0.2,0.9781450033187866,0.9421817660331726,0.9953032732009888,0.999613881111145,0.5595252513885498,0.7977012991905212,0.8573722243309021,0.7649294137954712,0.7813717722892761,0.7954723834991455,0.9321814179420471,0.9572239518165588,0.934699296951294,0.8921182751655579,0.8574852347373962,0.9252088665962219,0.9182560443878174,0.7791885733604431,0.9011875987052917,0.8130500316619873,0.9543917775154114,0.9824426174163818,0.9481258988380432,0.9971631765365601,0.9998088479042053,0.5878713130950928,0.8237040042877197,0.8724172115325928,0.7933003306388855,0.8185876607894897,0.811064600944519,0.9576978087425232,0.9610143899917603,0.9479758739471436,0.9078484773635864,0.8590799570083618,0.938205897808075,0.9385359287261963,0.7706475257873535,0.9228389859199524,0.7965084314346313,0.9646027088165283
194,0.2,0.9785066246986389,0.940593957901001,0.99551922082901,0.9991247057914734,0.5605788826942444,0.7849150896072388,0.858742892742157,0.7708293795585632,0.7845303416252136,0.7978226542472839,0.935769259929657,0.9575792551040649,0.9291573166847229,0.895653486251831,0.8567025065422058,0.9276123046875,0.9253075122833252,0.7805195450782776,0.9141756296157837,0.8114465475082397,0.9551898241043091,0.9789902567863464,0.9517165422439575,0.9959219694137573,0.9998082518577576,0.6001903414726257,0.8286733031272888,0.8783739805221558,0.7727596759796143,0.8050988912582397,0.8072974681854248,0.9465064406394958,0.9576935768127441,0.9366083741188049,0.9092223644256592,0.8632462620735168,0.93330317735672,0.9360120892524719,0.7757774591445923,0.9244798421859741,0.8082384467124939,0.9593168497085571
195,0.2,0.9749078154563904,0.9428611993789673,0.9949387907981873,0.9987818002700806,0.5627030730247498,0.788334846496582,0.8602685928344727,0.7677266597747803,0.7726263403892517,0.7967866659164429,0.9283310770988464,0.9553426504135132,0.9219287037849426,0.8892417550086975,0.8560795187950134,0.9182156324386597,0.9236780405044556,0.7820550799369812,0.9059988260269165,0.8130600452423096,0.9478081464767456,0.9797168970108032,0.9425293207168579,0.9963949918746948,0.9998087286949158,0.513791024684906,0.8472874760627747,0.8703036904335022,0.811007559299469,0.7974036335945129,0.8154771327972412,0.9570908546447754,0.9589111804962158,0.9459919333457947,0.9031544923782349,0.8724684119224548,0.9287464022636414,0.9380531907081604,0.8138225078582764,0.9172634482383728,0.803680419921875,0.9611486196517944
196,0.2,0.9770545363426208,0.9426339268684387,0.9954715371131897,0.9997076392173767,0.560579776763916,0.7922488451004028,0.8587217330932617,0.7723538875579834,0.7771009802818298,0.7974296808242798,0.9372720122337341,0.9573363661766052,0.937900960445404,0.8941320180892944,0.859809160232544,0.9193271994590759,0.9228118658065796,0.7792541980743408,0.9127171039581299,0.8177155256271362,0.9523184895515442,0.9826413989067078,0.9482705593109131,0.9973172545433044,0.999809205532074,0.5763196349143982,0.8069742918014526,0.8754722476005554,0.7704346776008606,0.7982900738716125,0.8100602626800537,0.9582117199897766,0.9618605375289917,0.9429382681846619,0.9031268358230591,0.8660820126533508,0.937078595161438,0.9426737427711487,0.8001798987388611,0.9286141991615295,0.8004680871963501,0.9645454287528992
197,0.2,0.9797365069389343,0.9384332299232483,0.9964141845703125,0.9997867941856384,0.5642797946929932,0.7981704473495483,0.8597064018249512,0.7676716446876526,0.77806556224823,0.8029114007949829,0.9384242296218872,0.9606497883796692,0.9413216710090637,0.8930951952934265,0.8563797473907471,0.9256625175476074,0.9235213994979858,0.7797139883041382,0.9083743095397949,0.8186862468719482,0.9570635557174683,0.9818411469459534,0.9421553015708923,0.9966171979904175,0.9998090863227844,0.5470961928367615,0.8274209499359131,0.873532772064209,0.7723290324211121,0.8216564059257507,0.8114750981330872,0.955298662185669,0.9619165062904358,0.946681022644043,0.9149676561355591,0.8759304285049438,0.934647798538208,0.9411488771438599,0.7919236421585083,0.920124351978302,0.7985790371894836,0.9638795256614685
198,0.2,0.9779952764511108,0.9397850036621094,0.995842695236206,0.9990348815917969,0.5560643076896667,0.7855492234230042,0.8594049215316772,0.7757153511047363,0.7849637866020203,0.7999579310417175,0.9350660443305969,0.9599254727363586,0.9433852434158325,0.8939232230186462,0.8614634275436401,0.9218767881393433,0.9247976541519165,0.7872574925422668,0.9058214426040649,0.8218730092048645,0.9554045796394348,0.9836763739585876,0.9443221688270569,0.9973753094673157,0.9998084902763367,0.5393699407577515,0.8055133819580078,0.8782519698143005,0.8011123538017273,0.8104389309883118,0.8118144273757935,0.9573808908462524,0.9653670787811279,0.9498463273048401,0.915764331817627,0.8682916164398193,0.9315049648284912,0.9395257830619812,0.7491450905799866,0.9295898079872131,0.8141984939575195,0.9678197503089905
199,0.2,0.9787302017211914,0.9429810643196106,0.9961760640144348,0.9996576309204102,0.5603833198547363,0.7859192490577698,0.863737165927887,0.7715193033218384,0.7849367260932922,0.8019393086433411,0.9396840929985046,0.960154116153717,0.933611273765564,0.8940893411636353,0.8605117797851562,0.92219078540802,0.9274271726608276,0.7799763679504395,0.91258305311203,0.8218121528625488,0.9578006267547607,0.9814722537994385,0.944651186466217,0.9964559674263,0.9998099207878113,0.5543262362480164,0.8260526061058044,0.874525785446167,0.7959933876991272,0.8359801769256592,0.814235508441925,0.955618679523468,0.9616895318031311,0.947618842124939,0.9079813361167908,0.871050238609314,0.9290050268173218,0.9341177344322205,0.7910602688789368,0.9129592776298523,0.8097238540649414,0.9643903970718384
200,0.2,0.9776519536972046,0.943535566329956,0.995936930179596,0.9997901320457458,0.5665064454078674,0.792850911617279,0.860545814037323,0.7796035408973694,0.7819980978965759,0.8006877303123474,0.9394914507865906,0.9589148759841919,0.9421600699424744,0.8934358358383179,0.8555430769920349,0.9314056038856506,0.9262616634368896,0.781144917011261,0.9016406536102295,0.8222635984420776,0.9569226503372192,0.981566846370697,0.9410036206245422,0.9967178106307983,0.9998080730438232,0.6101158857345581,0.8421828746795654,0.8738350868225098,0.7552899718284607,0.8043927550315857,0.816806972026825,0.9575014710426331,0.9610510468482971,0.9491230845451355,0.9090397953987122,0.8726512789726257,0.9373236894607544,0.9401474595069885,0.7492092847824097,0.9120469093322754,0.7979522943496704,0.9639135599136353
201,0.2,0.976686418056488,0.9412824511528015,0.9962727427482605,0.9996739625930786,0.5674446821212769,0.7878748178482056,0.8590078353881836,0.7774507999420166,0.784798800945282,0.7985362410545349,0.9426429271697998,0.955225944519043,0.9373232126235962,0.8938713073730469,0.8573880195617676,0.9225448369979858,0.923823893070221,0.7828556895256042,0.8993399739265442,0.8192012906074524,0.9566251635551453,0.9806498289108276,0.9425062537193298,0.9963696002960205,0.9998103380203247,0.5701370239257812,0.7816070318222046,0.8751584887504578,0.7868771553039551,0.7840862274169922,0.821271538734436,0.9487549066543579,0.9592121243476868,0.9470258951187134,0.9097299575805664,0.8688217401504517,0.9263292551040649,0.9348853230476379,0.7706416249275208,0.9106560349464417,0.807185709476471,0.9614893198013306
202,0.2,0.9784399271011353,0.9467847347259521,0.9957136511802673,0.9998016953468323,0.5664526224136353,0.7870146036148071,0.8631160855293274,0.7834055423736572,0.7846614122390747,0.7982977032661438,0.9368054270744324,0.9600898027420044,0.9377445578575134,0.8970026969909668,0.8608807325363159,0.9204651713371277,0.9232956171035767,0.7833364009857178,0.912588894367218,0.8189721703529358,0.9570335745811462,0.9833371639251709,0.9453877210617065,0.9972211718559265,0.9997573494911194,0.6061323881149292,0.8133960962295532,0.8776796460151672,0.782946765422821,0.7692669630050659,0.8152604699134827,0.954866886138916,0.9657009243965149,0.9487072825431824,0.9116653203964233,0.8785384297370911,0.9336393475532532,0.9398719072341919,0.7821833491325378,0.924942135810852,0.8119166493415833,0.9670602083206177
203,0.2,0.9785030484199524,0.9367760419845581,0.9965715408325195,0.998139500617981,0.5641689896583557,0.7920399904251099,0.8615021109580994,0.7813063263893127,0.7817904949188232,0.8077722191810608,0.939721941947937,0.9619336128234863,0.9397431015968323,0.8946598768234253,0.8645782470703125,0.9254837036132812,0.9281948804855347,0.7868185043334961,0.9069922566413879,0.8188483119010925,0.9570332169532776,0.9835052490234375,0.9328999519348145,0.9971643686294556,0.9996703267097473,0.5874918699264526,0.8411462903022766,0.874579906463623,0.7662255167961121,0.8006337881088257,0.8300177454948425,0.9549353122711182,0.9639461636543274,0.9540767073631287,0.9118777513504028,0.8763265013694763,0.9329231381416321,0.9376235604286194,0.7512422204017639,0.9300380945205688,0.8215079307556152,0.9627891778945923
204,0.2,0.981098473072052,0.9387148022651672,0.996275007724762,0.9991775155067444,0.5664627552032471,0.7897089719772339,0.8661490082740784,0.7771077156066895,0.7796857357025146,0.8099085092544556,0.9378007650375366,0.9606693387031555,0.9394519925117493,0.8958306908607483,0.8606545329093933,0.92349773645401,0.9203840494155884,0.78310626745224,0.9134967923164368,0.8245055675506592,0.9547163248062134,0.9834838509559631,0.948576807975769,0.997572660446167,0.9998058080673218,0.5817715525627136,0.8304321765899658,0.8828223347663879,0.7906807661056519,0.7869940996170044,0.8172069787979126,0.9554697275161743,0.9667111039161682,0.9447271227836609,0.9106812477111816,0.8619062304496765,0.940184473991394,0.945412814617157,0.7721523642539978,0.9246218204498291,0.8030728101730347,0.9676110744476318
205,0.2,0.9811796545982361,0.9477558732032776,0.9969106912612915,0.999470591545105,0.5659188032150269,0.7804702520370483,0.8655918836593628,0.7868136167526245,0.7792290449142456,0.8020225167274475,0.9371150135993958,0.9646205306053162,0.9443198442459106,0.8968883156776428,0.8600553870201111,0.9266597628593445,0.9300990104675293,0.780055582523346,0.9102168679237366,0.8212862014770508,0.961388111114502,0.9817451238632202,0.9449126124382019,0.9966281652450562,0.9997034668922424,0.6043128371238708,0.7903998494148254,0.8757885098457336,0.7858813405036926,0.7690828442573547,0.8170833587646484,0.9555931687355042,0.9618615508079529,0.9483286142349243,0.9014953970909119,0.864594578742981,0.9270023107528687,0.9411554336547852,0.7698805332183838,0.9107704758644104,0.7957545518875122,0.965226411819458
206,0.2,0.9792287349700928,0.9423732161521912,0.9959544539451599,0.9987629055976868,0.5626287460327148,0.781432032585144,0.8673750162124634,0.787092924118042,0.7817679643630981,0.7988187074661255,0.940037727355957,0.9624642133712769,0.942378580570221,0.894315779209137,0.8612861633300781,0.9245632886886597,0.9281530380249023,0.7828923463821411,0.9113366007804871,0.8166676163673401,0.9614753723144531,0.9839420318603516,0.9432313442230225,0.9973769783973694,0.9998084306716919,0.6072044968605042,0.8232661485671997,0.8772006630897522,0.7654324769973755,0.7965555787086487,0.8276270627975464,0.9567214846611023,0.9660921096801758,0.9501429796218872,0.9165597558021545,0.8743613362312317,0.9292725324630737,0.9438683390617371,0.7569809556007385,0.922540545463562,0.8135858178138733,0.9683241248130798
207,0.2,0.9806545972824097,0.9443641304969788,0.9965171217918396,0.9989895224571228,0.5660692453384399,0.7824715375900269,0.8646644949913025,0.7801123857498169,0.7798572182655334,0.8070312738418579,0.9371108412742615,0.9645726084709167,0.9431174993515015,0.8915570974349976,0.8693957924842834,0.9235366582870483,0.9308536052703857,0.7803764343261719,0.9158114790916443,0.8103680610656738,0.9617215394973755,0.985400915145874,0.9457515478134155,0.9978154301643372,0.9998070001602173,0.6068774461746216,0.8529711365699768,0.8817037343978882,0.777887761592865,0.806073784828186,0.8217301964759827,0.9607077240943909,0.9664478898048401,0.9530051946640015,0.9117904901504517,0.869199275970459,0.9398764371871948,0.9467191100120544,0.7715551853179932,0.9314486980438232,0.7985188364982605,0.9698012471199036
208,0.2,0.9806433320045471,0.9377696514129639,0.9969574809074402,0.9991228580474854,0.567230761051178,0.7904207110404968,0.8619786500930786,0.7815829515457153,0.782450258731842,0.8099378943443298,0.9405066967010498,0.9609666466712952,0.9406410455703735,0.8970885872840881,0.8581605553627014,0.9262673258781433,0.9290477633476257,0.7827581167221069,0.9160798788070679,0.8178156614303589,0.9594113826751709,0.9825153350830078,0.9411252737045288,0.9969497323036194,0.9997681975364685,0.563219428062439,0.8178352117538452,0.8779535293579102,0.8039915561676025,0.8153747320175171,0.8222578167915344,0.9556902050971985,0.9629620909690857,0.9456271529197693,0.9153503179550171,0.8711032271385193,0.9314032196998596,0.9432292580604553,0.7422974109649658,0.9193760752677917,0.7922748923301697,0.9652796387672424
209,0.2,0.9768868088722229,0.9354672431945801,0.9958267211914062,0.998335063457489,0.5656060576438904,0.7930577993392944,0.865075945854187,0.789171576499939,0.7815741896629333,0.8096027970314026,0.9442053437232971,0.9583879113197327,0.9395431876182556,0.8934462666511536,0.8622159957885742,0.9263175129890442,0.9272478222846985,0.7800878286361694,0.9096127152442932,0.8080138564109802,0.9582456946372986,0.9801968932151794,0.9400579929351807,0.9967120885848999,0.999804675579071,0.5631656646728516,0.8232819437980652,0.8800127506256104,0.8077477216720581,0.814157247543335,0.8186330199241638,0.953347384929657,0.9605348706245422,0.9380518198013306,0.9074060320854187,0.8730394840240479,0.9315846562385559,0.9365953803062439,0.75752854347229,0.9268527030944824,0.7965573668479919,0.9653833508491516
210,0.2,0.977362871170044,0.9377062320709229,0.9962344169616699,0.9992343187332153,0.5652726888656616,0.7832323312759399,0.8674710988998413,0.7740130424499512,0.7790063619613647,0.8113389611244202,0.9380452036857605,0.9611964821815491,0.928702175617218,0.8867163062095642,0.858907163143158,0.923859715461731,0.9263180494308472,0.7931702733039856,0.91777104139328,0.8188487887382507,0.9566648602485657,0.9857178926467896,0.9414557814598083,0.9973189234733582,0.9996414184570312,0.5922670364379883,0.8112019300460815,0.8863993883132935,0.7642917633056641,0.7930409908294678,0.8319913744926453,0.9509149789810181,0.9696050882339478,0.9501653909683228,0.9113942980766296,0.8701052069664001,0.9353031516075134,0.9375055432319641,0.7457396388053894,0.9431162476539612,0.8252973556518555,0.968259334564209
211,0.2,0.9802441000938416,0.9330412149429321,0.9963818192481995,0.9997482299804688,0.568015456199646,0.7827603816986084,0.868992030620575,0.7866913080215454,0.7780171036720276,0.8132941126823425,0.9401471614837646,0.962251603603363,0.9363123178482056,0.8961340188980103,0.8595559000968933,0.9243228435516357,0.925014078617096,0.7835439443588257,0.9167512059211731,0.826966404914856,0.9622582793235779,0.9818856716156006,0.931549608707428,0.9967097043991089,0.999638557434082,0.6045637726783752,0.8306402564048767,0.8787214756011963,0.8076270222663879,0.799142599105835,0.8323433995246887,0.9506308436393738,0.9642887115478516,0.9410580396652222,0.9129759669303894,0.8699008822441101,0.9316032528877258,0.9358189105987549,0.8250540494918823,0.9319563508033752,0.8021777272224426,0.9656035900115967
212,0.2,0.9773289561271667,0.929905354976654,0.9955474138259888,0.9976841807365417,0.5768993496894836,0.7755309343338013,0.8642674088478088,0.7826600670814514,0.7818944454193115,0.8187615275382996,0.9339162111282349,0.9586132764816284,0.9361486434936523,0.895256519317627,0.8593378067016602,0.9263681173324585,0.9248435497283936,0.7900325059890747,0.9133221507072449,0.8199043273925781,0.9589254260063171,0.9828514456748962,0.9299692511558533,0.9971808791160583,0.9996810555458069,0.6036508083343506,0.8243393898010254,0.8761818408966064,0.7924832701683044,0.7868887186050415,0.8312212228775024,0.9611257314682007,0.9629142880439758,0.9498359560966492,0.9082412719726562,0.8674522638320923,0.9307425618171692,0.93958580493927,0.766501784324646,0.9230668544769287,0.7969518303871155,0.9649120569229126
213,0.2,0.9795185923576355,0.9285125732421875,0.9957063794136047,0.997850775718689,0.5688654184341431,0.7885342240333557,0.8612912893295288,0.7801908850669861,0.7880619168281555,0.8193928599357605,0.942015528678894,0.9621694087982178,0.9402468204498291,0.896359384059906,0.8603322505950928,0.92589271068573,0.926121711730957,0.7832228541374207,0.9122514128684998,0.8173819780349731,0.9596496820449829,0.9836862683296204,0.9391886591911316,0.9972409605979919,0.9997503757476807,0.5919134020805359,0.8263136744499207,0.87825608253479,0.7805966734886169,0.7893147468566895,0.8292874097824097,0.9574540257453918,0.9647353887557983,0.9480186700820923,0.9121464490890503,0.8655359745025635,0.9332106709480286,0.9423929452896118,0.7381410002708435,0.9342432618141174,0.8195157051086426,0.9658573269844055
214,0.2,0.9783733487129211,0.938996434211731,0.9960667490959167,0.9995379447937012,0.5694839358329773,0.7836487293243408,0.8626767992973328,0.7893333435058594,0.7799933552742004,0.8090768456459045,0.9369685649871826,0.960216224193573,0.9406007528305054,0.8933862447738647,0.8654985427856445,0.9255275130271912,0.9277116656303406,0.7805936932563782,0.9108502268791199,0.8200918436050415,0.9578682780265808,0.9852960705757141,0.942745566368103,0.9975269436836243,0.9996410012245178,0.5927572250366211,0.8068752288818359,0.8811609148979187,0.792777419090271,0.7800289392471313,0.8254101276397705,0.9556924700737,0.967559814453125,0.9536967277526855,0.9132407903671265,0.8850518465042114,0.9267826080322266,0.9440647959709167,0.8152894377708435,0.9381709098815918,0.7876143455505371,0.9675799608230591
215,0.2,0.9821130633354187,0.9448076486587524,0.9968885183334351,0.9985358715057373,0.5723883509635925,0.7819263935089111,0.8672956228256226,0.7810612916946411,0.7831701636314392,0.805237889289856,0.9386193156242371,0.9650664925575256,0.9437978863716125,0.8973053693771362,0.8688898086547852,0.9275508522987366,0.9289873838424683,0.7851865291595459,0.9170301556587219,0.8282161355018616,0.9613385200500488,0.9836350679397583,0.934441089630127,0.9972673654556274,0.999807596206665,0.5808702111244202,0.7995137572288513,0.8761491179466248,0.797520637512207,0.8117773532867432,0.8205850124359131,0.9565615057945251,0.9629415273666382,0.9570671916007996,0.9193857312202454,0.8848422765731812,0.9280638694763184,0.9412851333618164,0.7656357288360596,0.9207253456115723,0.801682710647583,0.9670849442481995
216,0.2,0.9776313304901123,0.9334330558776855,0.9959074854850769,0.9976953268051147,0.5657964944839478,0.7830678820610046,0.8637731671333313,0.7856550812721252,0.7848968505859375,0.8091040849685669,0.9385885000228882,0.9595962762832642,0.944957435131073,0.8983147740364075,0.8671645522117615,0.9174280166625977,0.93006432056427,0.7928202748298645,0.9072767496109009,0.8221953511238098,0.9562822580337524,0.9819047451019287,0.9326992034912109,0.9966413378715515,0.9998022317886353,0.6310257911682129,0.8489483594894409,0.87593013048172,0.7893208265304565,0.792574942111969,0.8282914757728577,0.954410195350647,0.9619464874267578,0.9462644457817078,0.9130809903144836,0.8747682571411133,0.9359700083732605,0.9395143389701843,0.7984984517097473,0.9240129590034485,0.7964044213294983,0.963483989238739
217,0.2,0.9780939221382141,0.9310700297355652,0.9953323006629944,0.9987277388572693,0.5694067478179932,0.7857160568237305,0.8676056265830994,0.7903774976730347,0.7860327363014221,0.8132663369178772,0.9362065196037292,0.9594138264656067,0.9372805953025818,0.9007397890090942,0.8656391501426697,0.9280224442481995,0.9273189902305603,0.781529426574707,0.9126604199409485,0.8210804462432861,0.9527904391288757,0.9849497079849243,0.9374347925186157,0.9974874258041382,0.9997734427452087,0.5983368754386902,0.8206833600997925,0.8841036558151245,0.7829079627990723,0.7964066863059998,0.8306698799133301,0.9562532901763916,0.9686193466186523,0.9476882219314575,0.9117551445960999,0.8697435855865479,0.9390659928321838,0.9437922835350037,0.7791497111320496,0.9265820980072021,0.7896384596824646,0.9691223502159119
218,0.2,0.9806098937988281,0.9373853206634521,0.9964231848716736,0.9995530843734741,0.5653344392776489,0.7917695641517639,0.8715957999229431,0.7882639169692993,0.785042941570282,0.8116481304168701,0.9413320422172546,0.9650593996047974,0.9438146948814392,0.8939346075057983,0.8679919242858887,0.9252878427505493,0.9287670254707336,0.788857638835907,0.9140366315841675,0.8228847980499268,0.9614446759223938,0.9826533794403076,0.9443328380584717,0.997037947177887,0.9996351003646851,0.560739278793335,0.8092662692070007,0.8786792159080505,0.8026161789894104,0.8282471895217896,0.8220958113670349,0.9579229354858398,0.9637645483016968,0.9465557336807251,0.9118757247924805,0.8825490474700928,0.9373739361763,0.9429265260696411,0.7918873429298401,0.9299972653388977,0.7965325117111206,0.9670200347900391
219,0.2,0.9778069853782654,0.9389275908470154,0.9966253638267517,0.9992332458496094,0.5688497424125671,0.7856782078742981,0.8705583214759827,0.795765221118927,0.7874666452407837,0.8117656111717224,0.941245436668396,0.9614193439483643,0.9407135844230652,0.8963192701339722,0.8643224835395813,0.9235880970954895,0.9316527843475342,0.7833259105682373,0.9159968495368958,0.8165114521980286,0.9584751725196838,0.9822214245796204,0.942940354347229,0.9967232346534729,0.9996410012245178,0.5848385691642761,0.8395549058914185,0.8843638300895691,0.799227774143219,0.7756457924842834,0.8226010203361511,0.9492959976196289,0.965171754360199,0.9453040957450867,0.9145668148994446,0.8797014355659485,0.9301415085792542,0.9351966381072998,0.786270260810852,0.9316437840461731,0.7884913086891174,0.9658823013305664
220,0.2,0.979273796081543,0.9410891532897949,0.9966342449188232,0.9992988109588623,0.5712478756904602,0.7846130132675171,0.8681395649909973,0.7924665808677673,0.7835969924926758,0.8082000017166138,0.9415919780731201,0.9616596102714539,0.9314612746238708,0.8945221304893494,0.8650103807449341,0.927374005317688,0.9300921559333801,0.7878051400184631,0.917029857635498,0.8177986741065979,0.9620528817176819,0.9825080633163452,0.9393514394760132,0.9967211484909058,0.9996416568756104,0.6068187952041626,0.817345142364502,0.8816919922828674,0.7929654717445374,0.7715852856636047,0.8307045698165894,0.9566760659217834,0.9618836045265198,0.9491544961929321,0.9078468084335327,0.8822763562202454,0.9314160346984863,0.9404598474502563,0.7956072092056274,0.9293545484542847,0.8220423460006714,0.9683622121810913
221,0.2,0.9798471331596375,0.9402660727500916,0.9967012405395508,0.9989312887191772,0.5699789524078369,0.7838442921638489,0.8673194050788879,0.7823516130447388,0.7873343825340271,0.8113342523574829,0.9388647675514221,0.9642869830131531,0.9426722526550293,0.8989136219024658,0.863169252872467,0.9269595742225647,0.9315946698188782,0.780613362789154,0.9103268384933472,0.8257423639297485,0.9618829488754272,0.9836782217025757,0.9456564784049988,0.9974879026412964,0.999805748462677,0.5486870408058167,0.8234595060348511,0.886061429977417,0.7754706144332886,0.7971035242080688,0.8232300877571106,0.9578729867935181,0.9671204090118408,0.9487106800079346,0.9124035239219666,0.8727339506149292,0.9369050860404968,0.9453065395355225,0.7747396230697632,0.8975802659988403,0.8124961256980896,0.9687215685844421
222,0.2,0.9800004363059998,0.9364135265350342,0.9962093830108643,0.9982432723045349,0.571429967880249,0.7829836010932922,0.8670019507408142,0.792496383190155,0.784998893737793,0.8141385316848755,0.9403496384620667,0.9629157781600952,0.9456700086593628,0.8954154253005981,0.8677611947059631,0.9173956513404846,0.9298421144485474,0.7919499278068542,0.9099863171577454,0.8157551288604736,0.9600762128829956,0.9805727005004883,0.930852472782135,0.9965371489524841,0.9998111724853516,0.6053218245506287,0.8412076830863953,0.8819131851196289,0.8109872341156006,0.8041239976882935,0.820728600025177,0.9526546597480774,0.9632649421691895,0.9468101263046265,0.9077272415161133,0.8705044984817505,0.9251133799552917,0.9389601945877075,0.7597798705101013,0.9116606116294861,0.8260427713394165,0.9655075669288635
223,0.2,0.979012668132782,0.9362435936927795,0.996049165725708,0.9991511106491089,0.5716385245323181,0.7954047322273254,0.8699994087219238,0.7940961122512817,0.7880143523216248,0.815534770488739,0.9441579580307007,0.9632179737091064,0.9458631873130798,0.8952979445457458,0.8630784749984741,0.9220545887947083,0.9309328198432922,0.7887478470802307,0.9154267907142639,0.8224300742149353,0.9600951671600342,0.9842106103897095,0.9301872849464417,0.9975482821464539,0.9998095631599426,0.5811850428581238,0.812286376953125,0.8852258920669556,0.8025866746902466,0.7977532148361206,0.8349654078483582,0.9561205506324768,0.9670863747596741,0.9536405801773071,0.9143590331077576,0.8701077699661255,0.9278928637504578,0.944293737411499,0.7523019313812256,0.9253726005554199,0.8156142830848694,0.9697760939598083
224,0.2,0.9810922741889954,0.9360508918762207,0.9965993762016296,0.9988824725151062,0.5702304840087891,0.7868995666503906,0.8725805282592773,0.7910604476928711,0.782026469707489,0.8194155693054199,0.9458462595939636,0.9670670628547668,0.9492806792259216,0.8984255790710449,0.864149808883667,0.9253759980201721,0.9316636919975281,0.789506733417511,0.9108406901359558,0.8341273069381714,0.9623314142227173,0.9839955568313599,0.9386839866638184,0.9974093437194824,0.9998120069503784,0.5963924527168274,0.8238090872764587,0.8886908888816833,0.8134335279464722,0.7992832660675049,0.8395999073982239,0.9524067044258118,0.9682547450065613,0.9509794116020203,0.9185196757316589,0.8669264912605286,0.9301354885101318,0.943160355091095,0.7461907863616943,0.9348090887069702,0.7836411595344543,0.9689942002296448
225,0.2,0.9803725481033325,0.9398561120033264,0.9970653653144836,0.9997996687889099,0.5730728507041931,0.7836189270019531,0.8738037347793579,0.7927054762840271,0.7783558368682861,0.8200432658195496,0.9395440816879272,0.9653239250183105,0.9383920431137085,0.8952866196632385,0.8636184930801392,0.9237388968467712,0.9353596568107605,0.7865812182426453,0.9151611328125,0.8193015456199646,0.9637231230735779,0.9843844771385193,0.9395818114280701,0.9974844455718994,0.9998129606246948,0.6015976667404175,0.8102193474769592,0.8888777494430542,0.8118441104888916,0.786839485168457,0.8304041624069214,0.9569762349128723,0.9688612222671509,0.9522233009338379,0.9195398092269897,0.8775603771209717,0.9331002831459045,0.9431736469268799,0.7277001738548279,0.9392073154449463,0.7853921055793762,0.9700287580490112
226,0.2,0.9816080331802368,0.9366146922111511,0.9970599412918091,0.9986913204193115,0.568830668926239,0.7832928895950317,0.8757643103599548,0.7816309928894043,0.7820762395858765,0.8200667500495911,0.9453917145729065,0.9667738080024719,0.9534714818000793,0.8955674767494202,0.8630377054214478,0.9282437562942505,0.9347859621047974,0.7866875529289246,0.9223588109016418,0.8218148350715637,0.9647367596626282,0.9848533272743225,0.941525399684906,0.9975335597991943,0.9998104572296143,0.6007298231124878,0.8053715825080872,0.888463020324707,0.794760525226593,0.8024430871009827,0.836092472076416,0.9546797275543213,0.9665637016296387,0.9522048234939575,0.9207014441490173,0.8795846104621887,0.9370743036270142,0.9457183480262756,0.7748695611953735,0.9363669157028198,0.7981170415878296,0.9701182842254639
227,0.2,0.9780874848365784,0.9390199780464172,0.9957867860794067,0.999607264995575,0.5755611062049866,0.778318464756012,0.8729811906814575,0.7946809530258179,0.7799187302589417,0.8205517530441284,0.934776246547699,0.9611049294471741,0.9370175004005432,0.9000628590583801,0.8702473044395447,0.9226604104042053,0.9211964011192322,0.7845710515975952,0.9231780767440796,0.8124624490737915,0.9590646624565125,0.9839791059494019,0.9405436515808105,0.9973841309547424,0.999812662601471,0.5756104588508606,0.8076983690261841,0.8891543745994568,0.8086566925048828,0.810810923576355,0.8362253904342651,0.9516564011573792,0.9679533243179321,0.9497942924499512,0.9012702703475952,0.8785020112991333,0.9349122643470764,0.9433479905128479,0.7319595813751221,0.9340725541114807,0.8007151484489441,0.9687333703041077
228,0.2,0.9774091243743896,0.9417077898979187,0.996107816696167,0.9996422529220581,0.5761232376098633,0.7771687507629395,0.8679286241531372,0.7916105389595032,0.7806955575942993,0.8248614072799683,0.9420502781867981,0.9603812098503113,0.9374446272850037,0.8933666944503784,0.8648576140403748,0.920340359210968,0.9310107827186584,0.7886871099472046,0.9229989647865295,0.8220768570899963,0.9612933993339539,0.9843974113464355,0.9414060115814209,0.9974363446235657,0.9998122453689575,0.5801718235015869,0.8210113644599915,0.8852521777153015,0.8062897324562073,0.7794886231422424,0.8410919308662415,0.9556551575660706,0.9653934240341187,0.9508402347564697,0.9128769040107727,0.872391402721405,0.9301997423171997,0.9472699165344238,0.7669663429260254,0.9359310865402222,0.7899464964866638,0.9700729250907898
229,0.2,0.9822006225585938,0.946577250957489,0.996913731098175,0.9987289905548096,0.5750534534454346,0.780604362487793,0.8721584677696228,0.7913500070571899,0.782387912273407,0.8251224160194397,0.9424474835395813,0.9644457101821899,0.9436037540435791,0.9031263589859009,0.8622230291366577,0.9241012930870056,0.9391362071037292,0.7906655073165894,0.9251733422279358,0.8141907453536987,0.9655159711837769,0.9854190349578857,0.9496818780899048,0.9977681040763855,0.9998117685317993,0.6178505420684814,0.8301137685775757,0.8901513814926147,0.8067622184753418,0.7789392471313477,0.8337775468826294,0.953859269618988,0.9681668281555176,0.9535570740699768,0.9155064225196838,0.8641102313995361,0.9323834180831909,0.9489774703979492,0.7748386263847351,0.9399271011352539,0.7967991828918457,0.9716726541519165
230,0.2,0.980545699596405,0.9427366256713867,0.9969561100006104,0.9990099668502808,0.5759104490280151,0.7835530042648315,0.8742457628250122,0.7913398742675781,0.7875038385391235,0.8234310746192932,0.9475277662277222,0.9638304114341736,0.9391481280326843,0.8965140581130981,0.8643854260444641,0.9213097095489502,0.9352265000343323,0.7848174571990967,0.9178073406219482,0.8240963816642761,0.9612144827842712,0.9836161732673645,0.9408736824989319,0.9971945881843567,0.9998118281364441,0.609584629535675,0.8276624083518982,0.8811007738113403,0.8068222999572754,0.7966457009315491,0.8436002731323242,0.9535888433456421,0.9643524289131165,0.9525374174118042,0.9099283218383789,0.8755472302436829,0.9355989694595337,0.9430907964706421,0.8153265118598938,0.9404767751693726,0.7830449938774109,0.9686116576194763
231,0.2,0.9802934527397156,0.9417019486427307,0.9970391988754272,0.9992254376411438,0.5737775564193726,0.7832565307617188,0.8683509230613708,0.7984358668327332,0.7845169901847839,0.8292118906974792,0.9440246820449829,0.9662152528762817,0.9471380114555359,0.8961508870124817,0.8619590401649475,0.9238340258598328,0.9308635592460632,0.78666752576828,0.9219377636909485,0.8171032071113586,0.9618537425994873,0.9859964847564697,0.9487103819847107,0.9981109499931335,0.9998078942298889,0.573779821395874,0.822064995765686,0.8860626220703125,0.8050838708877563,0.8015323877334595,0.8458517789840698,0.9560009241104126,0.9713674783706665,0.9517409801483154,0.9122714400291443,0.8711880445480347,0.935921847820282,0.95323246717453,0.7703376412391663,0.9411081671714783,0.8028916120529175,0.9698351621627808
232,0.2,0.9796898365020752,0.9441303610801697,0.9966163635253906,0.9996382594108582,0.5724843740463257,0.782283365726471,0.8693540692329407,0.7909756898880005,0.7858871817588806,0.8247633576393127,0.9441120624542236,0.965615451335907,0.9467375874519348,0.8984656929969788,0.8672622442245483,0.9261495471000671,0.9307991862297058,0.7912972569465637,0.9258480668067932,0.8245218992233276,0.9630687236785889,0.9847562909126282,0.9429827928543091,0.9976510405540466,0.9998095035552979,0.6183954477310181,0.8181230425834656,0.8830240368843079,0.8044251799583435,0.7768329381942749,0.8455551266670227,0.9567764401435852,0.9679391384124756,0.9538021087646484,0.9121069312095642,0.8682113289833069,0.9260485768318176,0.9496358036994934,0.7559609413146973,0.9378021359443665,0.7964316606521606,0.9714242815971375
233,0.2,0.9828833937644958,0.9425466656684875,0.9969307780265808,0.9991493821144104,0.5680032968521118,0.7816584706306458,0.8755505084991455,0.7976734042167664,0.7831576466560364,0.8333165645599365,0.9399827718734741,0.9680923223495483,0.949304461479187,0.8992998600006104,0.8628607392311096,0.9305363297462463,0.9383592009544373,0.7866818308830261,0.9242107272148132,0.8186153769493103,0.9648404121398926,0.9845584034919739,0.9439492225646973,0.9979073405265808,0.999809205532074,0.6043217778205872,0.8157962560653687,0.8917179107666016,0.8124359846115112,0.7902481555938721,0.8477141261100769,0.9547919034957886,0.9685929417610168,0.9532256126403809,0.9082083702087402,0.8718722462654114,0.931981086730957,0.9489321112632751,0.7678542137145996,0.9422265887260437,0.8060511350631714,0.9699622988700867
234,0.2,0.9804086089134216,0.9424521327018738,0.9965633749961853,0.999156653881073,0.5783569812774658,0.778687596321106,0.8748631477355957,0.8010150790214539,0.7840465903282166,0.8279621601104736,0.9384008646011353,0.9666318893432617,0.9448552131652832,0.8957948684692383,0.8693214654922485,0.9154811501502991,0.9323258996009827,0.7863920331001282,0.9200761914253235,0.8175248503684998,0.9600910544395447,0.9852898120880127,0.9451217651367188,0.9976481199264526,0.9998099207878113,0.5847743153572083,0.8393102288246155,0.8824903964996338,0.80533766746521,0.7934239506721497,0.8546957969665527,0.9588414430618286,0.969866931438446,0.9540590643882751,0.9116579294204712,0.8762998580932617,0.9373928308486938,0.9520387649536133,0.7956956624984741,0.9383456707000732,0.7984268069267273,0.9724187254905701
235,0.2,0.9800719618797302,0.9409064650535583,0.9966673254966736,0.9986020922660828,0.5739172101020813,0.7846705913543701,0.8704113960266113,0.7971265912055969,0.7820014953613281,0.8432621359825134,0.9440945386886597,0.963722288608551,0.943369448184967,0.89671391248703,0.8681473135948181,0.9233887195587158,0.931611180305481,0.7869321703910828,0.925179123878479,0.8231154680252075,0.9615070223808289,0.9853440523147583,0.9475754499435425,0.9979903697967529,0.999809205532074,0.6250690817832947,0.8039728403091431,0.889009952545166,0.8049627542495728,0.7772320508956909,0.8496235609054565,0.9602295756340027,0.9700656533241272,0.95787513256073,0.9197295308113098,0.8850446343421936,0.9321978688240051,0.9498065710067749,0.7215361595153809,0.9465231895446777,0.7950308918952942,0.9738529324531555
236,0.2,0.9811685681343079,0.9465145468711853,0.996442437171936,0.9980946183204651,0.5735165476799011,0.7817543745040894,0.8739765286445618,0.7948732376098633,0.7898526191711426,0.8410940170288086,0.9403257966041565,0.9663516283035278,0.944676399230957,0.8962457776069641,0.87270587682724,0.927249014377594,0.9392492175102234,0.7822350263595581,0.9236757755279541,0.828462541103363,0.9646310210227966,0.9851803183555603,0.9473329186439514,0.9978789687156677,0.9998107552528381,0.5779125094413757,0.8135582208633423,0.8876262903213501,0.8098664879798889,0.7884786128997803,0.8555586338043213,0.9634935855865479,0.9700760245323181,0.9557437300682068,0.9138154983520508,0.8697455525398254,0.9259907603263855,0.9500354528427124,0.7604116797447205,0.9199274778366089,0.8117141127586365,0.9738465547561646
237,0.2,0.9819567799568176,0.9508707523345947,0.9975113272666931,0.998881459236145,0.577273428440094,0.7770001888275146,0.8747996687889099,0.8026968240737915,0.7939695119857788,0.8420706391334534,0.9401875734329224,0.9678682088851929,0.9460340738296509,0.8927060961723328,0.8663030862808228,0.9230245351791382,0.9360930919647217,0.7930117845535278,0.9212348461151123,0.8259305953979492,0.9622326493263245,0.9835638403892517,0.9487338066101074,0.9979022145271301,0.9998093247413635,0.6090263724327087,0.8272822499275208,0.8862272500991821,0.8114156126976013,0.7882541418075562,0.8621840476989746,0.961375892162323,0.9681369066238403,0.9430726170539856,0.9077376127243042,0.8644192218780518,0.930119514465332,0.9538145065307617,0.8444351553916931,0.9363076686859131,0.8245578408241272,0.9687830209732056
238,0.2,0.9788696765899658,0.9431045055389404,0.9965693950653076,0.9981474280357361,0.5800204873085022,0.7791159749031067,0.8761549592018127,0.8019500970840454,0.7801008224487305,0.8479321002960205,0.9455167651176453,0.9656413197517395,0.9385523796081543,0.892277181148529,0.8625872135162354,0.9224569201469421,0.9366286993026733,0.7837069630622864,0.9188443422317505,0.8150973320007324,0.9596304297447205,0.9848502278327942,0.9506310224533081,0.9979621767997742,0.9998130202293396,0.5971568822860718,0.815540075302124,0.8912184834480286,0.8156845569610596,0.8025275468826294,0.858810305595398,0.9550378918647766,0.9704240560531616,0.9549807906150818,0.9178476333618164,0.8737996816635132,0.9332138299942017,0.9466252326965332,0.749999463558197,0.9503029584884644,0.8276827335357666,0.9711601734161377
239,0.2,0.980175256729126,0.9469670057296753,0.9968430399894714,0.9986867904663086,0.5786378383636475,0.7860915064811707,0.8755908608436584,0.8018284440040588,0.7902571558952332,0.8431574106216431,0.9473584890365601,0.9655652046203613,0.9495140314102173,0.8964219689369202,0.8654101490974426,0.922299325466156,0.9367267489433289,0.7858352065086365,0.9263609051704407,0.8213261365890503,0.9615557789802551,0.9847158193588257,0.9516123533248901,0.9978982210159302,0.9998119473457336,0.5620139241218567,0.8116459846496582,0.8962493538856506,0.8218734860420227,0.8033620119094849,0.8616147041320801,0.9569756388664246,0.9702660441398621,0.9519296288490295,0.9177320003509521,0.8739259839057922,0.9325748682022095,0.9497870206832886,0.745472252368927,0.9489643573760986,0.8017658591270447,0.9695907831192017
240,0.2,0.979910671710968,0.9481027722358704,0.9971449971199036,0.997536301612854,0.5772088766098022,0.7896546125411987,0.8741188645362854,0.8049242496490479,0.7950201034545898,0.8473270535469055,0.9497179985046387,0.9657518267631531,0.9473260045051575,0.9014957547187805,0.8716505169868469,0.9243799448013306,0.9410779476165771,0.7846663594245911,0.9248396754264832,0.8228428363800049,0.9627026319503784,0.9842202067375183,0.9513156414031982,0.9977955222129822,0.9998112916946411,0.594365656375885,0.8143680095672607,0.8908061981201172,0.8197857737541199,0.7966204285621643,0.8588919043540955,0.9549728631973267,0.9712218642234802,0.9507157206535339,0.9205187559127808,0.8705848455429077,0.9312286376953125,0.9505711197853088,0.791187047958374,0.9438432455062866,0.7968928813934326,0.9693779349327087
241,0.2,0.981836199760437,0.9490779042243958,0.9971160888671875,0.998701810836792,0.5870631337165833,0.7901350259780884,0.8790743350982666,0.8083146214485168,0.7948014140129089,0.8491840958595276,0.9490549564361572,0.9694579839706421,0.945239782333374,0.8996609449386597,0.8725939989089966,0.9276422262191772,0.9365128874778748,0.7902012467384338,0.9304839372634888,0.8218525052070618,0.9664356708526611,0.9855457544326782,0.9524175524711609,0.9979879856109619,0.9998106956481934,0.6173166632652283,0.7889845967292786,0.8921068906784058,0.8272427916526794,0.7834044098854065,0.8675127029418945,0.9590879678726196,0.9710978269577026,0.9548901319503784,0.9192041158676147,0.8773755431175232,0.9301231503486633,0.9523296356201172,0.7178305983543396,0.939458966255188,0.8178287148475647,0.9696156978607178
242,0.2,0.9812681078910828,0.9507772326469421,0.9971818327903748,0.9991535544395447,0.6023270487785339,0.7823255062103271,0.8744645714759827,0.8170726299285889,0.7964860796928406,0.8501304984092712,0.9445675611495972,0.9687259197235107,0.9499987363815308,0.9062327146530151,0.8711947202682495,0.9217818975448608,0.9371703863143921,0.7914339303970337,0.9267858266830444,0.8144555687904358,0.9610146880149841,0.984939694404602,0.9547474384307861,0.9979759454727173,0.999812126159668,0.5978289842605591,0.7919113636016846,0.892539918422699,0.8572587370872498,0.8311011791229248,0.8628102540969849,0.9597233533859253,0.9729571342468262,0.9545484185218811,0.9217590689659119,0.8892555832862854,0.9291248321533203,0.9508470296859741,0.7482088804244995,0.9556925892829895,0.8135921359062195,0.9708760976791382
243,0.2,0.9786518216133118,0.9463968276977539,0.9968138933181763,0.9991567134857178,0.6289230585098267,0.7867141962051392,0.8723955154418945,0.8104692697525024,0.8040749430656433,0.8490005135536194,0.9405449628829956,0.9673852920532227,0.9438489675521851,0.906166136264801,0.8712655901908875,0.9220666289329529,0.9371193647384644,0.7841503024101257,0.931230902671814,0.8303468823432922,0.9612300395965576,0.9841304421424866,0.953000009059906,0.9979686141014099,0.9998116493225098,0.6504417657852173,0.7995679974555969,0.8913185596466064,0.8307213187217712,0.8239457607269287,0.8576729893684387,0.9621713757514954,0.9724535942077637,0.9568474292755127,0.9249947667121887,0.8744833469390869,0.928676962852478,0.9482190608978271,0.7876564860343933,0.9438165426254272,0.8115642070770264,0.9700625538825989
244,0.2,0.9799387454986572,0.9502044320106506,0.9970592856407166,0.9990187287330627,0.6435702443122864,0.7892356514930725,0.8766192197799683,0.8126461505889893,0.8013103008270264,0.8559471368789673,0.9461714029312134,0.9692820310592651,0.9474077224731445,0.9093013405799866,0.8700418472290039,0.9241211414337158,0.9440504312515259,0.7933204174041748,0.9329259395599365,0.826348066329956,0.9604679942131042,0.9861059188842773,0.9575225114822388,0.9983580708503723,0.9998109936714172,0.6624853014945984,0.8367540240287781,0.8941365480422974,0.840944766998291,0.7862840890884399,0.8681393265724182,0.9607720971107483,0.9741886854171753,0.9536707401275635,0.9217914938926697,0.8772944211959839,0.9367576837539673,0.9511491060256958,0.7643743753433228,0.9501284956932068,0.8076149225234985,0.9711973071098328
245,0.2,0.9824210405349731,0.9540719985961914,0.9974368214607239,0.9990482926368713,0.6495822072029114,0.7818188667297363,0.8745139241218567,0.81606525182724,0.8024896383285522,0.8667158484458923,0.9427554607391357,0.9706816077232361,0.948494017124176,0.9068547487258911,0.8731070756912231,0.9247447848320007,0.9399816393852234,0.7927510142326355,0.9272314310073853,0.8338646292686462,0.9633010625839233,0.986506998538971,0.9605590105056763,0.9984764456748962,0.9998122453689575,0.6655468344688416,0.8372610807418823,0.8953254222869873,0.8361430764198303,0.8005052804946899,0.8684942722320557,0.9548836350440979,0.9753733277320862,0.9504213929176331,0.9213801026344299,0.8818992972373962,0.925578773021698,0.9552494287490845,0.7454157471656799,0.9499020576477051,0.7912787199020386,0.9686107039451599
246,0.2,0.9833739995956421,0.9568221569061279,0.9981414079666138,0.9992779493331909,0.6573787331581116,0.7864071726799011,0.8761129379272461,0.8171253800392151,0.8005833029747009,0.8566051125526428,0.9521942734718323,0.9716101288795471,0.9458721280097961,0.9045950770378113,0.8686025142669678,0.9189655184745789,0.9410579800605774,0.7849190831184387,0.9277379512786865,0.8266674876213074,0.9617190361022949,0.9884352684020996,0.9606758952140808,0.9986847043037415,0.9998115301132202,0.6697492599487305,0.8404989838600159,0.896140456199646,0.8550113439559937,0.7916762232780457,0.8674970269203186,0.962928831577301,0.9766600131988525,0.9623034596443176,0.9278534650802612,0.8744004964828491,0.9346364736557007,0.956865668296814,0.7373474836349487,0.9495182037353516,0.8160784244537354,0.972301185131073
247,0.2,0.984350323677063,0.9594687819480896,0.9979366660118103,0.9984411001205444,0.6638889908790588,0.7886327505111694,0.8757440447807312,0.8149653673171997,0.8082639575004578,0.8561989068984985,0.9413819909095764,0.9719232320785522,0.9526659250259399,0.9088512063026428,0.8691543340682983,0.9228795766830444,0.9448145627975464,0.789024293422699,0.9254056215286255,0.8343552947044373,0.9642239212989807,0.9880307912826538,0.963633120059967,0.9985117316246033,0.9998121857643127,0.6862599849700928,0.815047025680542,0.8957092761993408,0.8419773578643799,0.8057627081871033,0.868518590927124,0.9644057750701904,0.9761338829994202,0.9608079195022583,0.921556830406189,0.870120108127594,0.9341089129447937,0.9555832743644714,0.7861432433128357,0.9519292116165161,0.7999005913734436,0.9745400547981262
248,0.2,0.9821967482566833,0.9593602418899536,0.9975462555885315,0.9978906512260437,0.6617594957351685,0.7922524809837341,0.8844559192657471,0.8263555765151978,0.807246208190918,0.8547529578208923,0.9432831406593323,0.9710599780082703,0.9464008212089539,0.8999425768852234,0.8734543919563293,0.9189078211784363,0.9413896799087524,0.7845561504364014,0.9364771842956543,0.8203436732292175,0.9658725261688232,0.985383927822113,0.9640658497810364,0.9983925819396973,0.9998120665550232,0.6714667677879333,0.8330361247062683,0.8989081382751465,0.8248985409736633,0.828855574131012,0.8562864065170288,0.9617089629173279,0.9731335043907166,0.9565697908401489,0.9164553880691528,0.887760579586029,0.9317470788955688,0.952395498752594,0.8295464515686035,0.944879412651062,0.8022658228874207,0.9731863737106323
249,0.2,0.9818772673606873,0.9585569500923157,0.9974221587181091,0.9995216727256775,0.6703535318374634,0.788913905620575,0.884243905544281,0.816677987575531,0.7995043992996216,0.8523941040039062,0.938750147819519,0.9694391489028931,0.946493923664093,0.9043864607810974,0.8744106888771057,0.9206488728523254,0.9383955597877502,0.7962378859519958,0.932155191898346,0.8216391205787659,0.9659430384635925,0.9875543713569641,0.9616755247116089,0.9984771013259888,0.999812662601471,0.6909587979316711,0.8358538746833801,0.8991491794586182,0.8247625827789307,0.8148880004882812,0.8736081123352051,0.9624409079551697,0.9757140278816223,0.9600808024406433,0.9191240668296814,0.8770114779472351,0.9301373958587646,0.9550694823265076,0.7629905343055725,0.942825436592102,0.8151556849479675,0.9746682643890381
250,0.2,0.9824602603912354,0.9600953459739685,0.998119592666626,0.9995741248130798,0.6681920289993286,0.7931697368621826,0.8827904462814331,0.815419614315033,0.7998749613761902,0.8586136698722839,0.9456533789634705,0.9714068174362183,0.9440932869911194,0.9060709476470947,0.8723627328872681,0.9237704277038574,0.9431257843971252,0.7860062122344971,0.9281973242759705,0.8283121585845947,0.9664068222045898,0.9885778427124023,0.9668077826499939,0.9987769722938538,0.9998123645782471,0.6937352418899536,0.811059832572937,0.9019935727119446,0.8336921334266663,0.8115901947021484,0.8751384615898132,0.966173529624939,0.9750536680221558,0.9570882320404053,0.9145427942276001,0.8766786456108093,0.9365070462226868,0.9571335315704346,0.7144748568534851,0.9517316222190857,0.7932087182998657,0.9754007458686829
251,0.2,0.9838787913322449,0.9601211547851562,0.9975520372390747,0.999382734298706,0.6690688729286194,0.7905890345573425,0.879896342754364,0.8225317597389221,0.8098673820495605,0.8631595969200134,0.9453622698783875,0.9710626602172852,0.9524658918380737,0.9023662209510803,0.8750358819961548,0.9189983010292053,0.9342544078826904,0.7802742719650269,0.9337809085845947,0.8226574659347534,0.9660796523094177,0.9884493947029114,0.9678593277931213,0.9985483884811401,0.9998136758804321,0.6894006133079529,0.8363866209983826,0.9036065936088562,0.85289067029953,0.8063190579414368,0.8688191771507263,0.9603863954544067,0.9742951393127441,0.9643377065658569,0.9264370799064636,0.8844879269599915,0.9351415634155273,0.9545519948005676,0.7469275593757629,0.9441851377487183,0.7911242842674255,0.9739220142364502
252,0.2,0.9854047298431396,0.9634720087051392,0.997882604598999,0.9998081922531128,0.6830145716667175,0.78439861536026,0.8851133584976196,0.8155139088630676,0.8049578666687012,0.8568922877311707,0.9477717876434326,0.9707722663879395,0.951433002948761,0.907242476940155,0.8758788704872131,0.9247564077377319,0.9425594806671143,0.7855826020240784,0.9327711462974548,0.8267862200737,0.9663602113723755,0.9871878027915955,0.967429518699646,0.998500645160675,0.9998136162757874,0.7109116911888123,0.8277113437652588,0.9004236459732056,0.8383817076683044,0.7959197163581848,0.8676397204399109,0.9640041589736938,0.9731704592704773,0.9620964527130127,0.9186344146728516,0.8758291602134705,0.9250326156616211,0.9570819139480591,0.7615847587585449,0.9407551884651184,0.8011460304260254,0.9741278886795044
253,0.2,0.9831647872924805,0.9628092050552368,0.9975619912147522,0.9992675185203552,0.6779862642288208,0.7817406058311462,0.8864533305168152,0.8241128325462341,0.8036169409751892,0.8565918803215027,0.9392414689064026,0.9709833264350891,0.9500449895858765,0.9066965579986572,0.8732513785362244,0.9178863167762756,0.9403664469718933,0.7862348556518555,0.9229958057403564,0.8266466856002808,0.9656407237052917,0.9870922565460205,0.9680925607681274,0.9982763528823853,0.999813973903656,0.6959183216094971,0.8255720138549805,0.8940430879592896,0.8353376984596252,0.8106341361999512,0.8715958595275879,0.9568848013877869,0.9737290740013123,0.9637150764465332,0.923084557056427,0.8759338855743408,0.9194055795669556,0.9556546807289124,0.754987359046936,0.9435232281684875,0.834164559841156,0.9708915948867798
254,0.2,0.9838095307350159,0.9652273058891296,0.9976831674575806,0.9991482496261597,0.6880103349685669,0.7882740497589111,0.885945737361908,0.818518877029419,0.8026473522186279,0.8571981191635132,0.9469274878501892,0.9695020914077759,0.9526987075805664,0.9034212827682495,0.8730870485305786,0.922743022441864,0.9433271288871765,0.7927369475364685,0.934862494468689,0.8301854133605957,0.9663887023925781,0.9875413179397583,0.9672783613204956,0.9984574913978577,0.9998131394386292,0.694208562374115,0.8467926979064941,0.8974208235740662,0.8465288281440735,0.8218428492546082,0.8737080097198486,0.9588733911514282,0.974686861038208,0.9643605947494507,0.9297856688499451,0.877614438533783,0.9250670075416565,0.9563727378845215,0.7201964259147644,0.943812370300293,0.80042564868927,0.9715556502342224
255,0.2,0.9848011136054993,0.9643681049346924,0.99791419506073,0.9985722303390503,0.6866897344589233,0.7907639145851135,0.88121098279953,0.8205411434173584,0.8082011342048645,0.864080011844635,0.9417361617088318,0.9714080095291138,0.9540133476257324,0.9131128787994385,0.8697448968887329,0.9207514524459839,0.9443556666374207,0.7871008515357971,0.927008867263794,0.8277568221092224,0.963213324546814,0.9870784878730774,0.9673343896865845,0.9984644651412964,0.9998106956481934,0.7049299478530884,0.8182224035263062,0.8980876207351685,0.8442754745483398,0.7983248829841614,0.8723925352096558,0.9614308476448059,0.9741300344467163,0.9600274562835693,0.9221333861351013,0.8736469745635986,0.9247695207595825,0.9547230005264282,0.7730138897895813,0.9390851855278015,0.8278551697731018,0.9682132005691528
256,0.2,0.9833400845527649,0.9662529826164246,0.9975739121437073,0.9997663497924805,0.6896454691886902,0.7856312990188599,0.8766499161720276,0.8200905919075012,0.804196298122406,0.8599269390106201,0.9474807977676392,0.9696327447891235,0.9558020234107971,0.9058955311775208,0.8724120855331421,0.9199503660202026,0.9422308802604675,0.7983250021934509,0.9336168169975281,0.8283718824386597,0.9616820216178894,0.9871612787246704,0.9673097133636475,0.9981203675270081,0.9997944831848145,0.7377225160598755,0.8201233148574829,0.8957359194755554,0.8518404960632324,0.8082748055458069,0.8714883923530579,0.9643606543540955,0.9735747575759888,0.9666398167610168,0.9193599820137024,0.8882519602775574,0.9240332245826721,0.9534949660301208,0.7693538069725037,0.9512626528739929,0.8199040293693542,0.9738554954528809
257,0.2,0.9837930798530579,0.9637812376022339,0.9975128769874573,0.999082624912262,0.6966986060142517,0.7918635606765747,0.8833706378936768,0.8256712555885315,0.8104443550109863,0.8640286326408386,0.9448062181472778,0.9711344242095947,0.9545087814331055,0.9084512591362,0.8726385235786438,0.9196518659591675,0.9406477212905884,0.7843859791755676,0.9335418939590454,0.8382003307342529,0.9627618789672852,0.9865168929100037,0.9663214087486267,0.9981085062026978,0.9998058676719666,0.7062003016471863,0.8021410703659058,0.8994327783584595,0.8497595191001892,0.7914310097694397,0.8735531568527222,0.9642890691757202,0.9738328456878662,0.9641105532646179,0.927607536315918,0.8675962090492249,0.926648736000061,0.9562169313430786,0.7769472002983093,0.9391282796859741,0.8116679787635803,0.9725810289382935
258,0.2,0.984260618686676,0.966474175453186,0.99796062707901,0.9990381002426147,0.6972173452377319,0.7905712723731995,0.8877975940704346,0.8239573240280151,0.8084788918495178,0.8684431314468384,0.9473362565040588,0.9724563360214233,0.95293790102005,0.904401421546936,0.8704851269721985,0.9146612286567688,0.9457839131355286,0.7846221923828125,0.9357147216796875,0.8213573098182678,0.9654873013496399,0.9872625470161438,0.9728552103042603,0.9987409114837646,0.9998092651367188,0.7249826192855835,0.8482426404953003,0.8980697989463806,0.8472245335578918,0.827189028263092,0.8765662312507629,0.9624505043029785,0.9765520691871643,0.9670647978782654,0.9221296310424805,0.8762920498847961,0.9207552671432495,0.9599026441574097,0.7790454030036926,0.9444640278816223,0.8004613518714905,0.9741767644882202
259,0.2,0.9846459031105042,0.9685600996017456,0.9984191060066223,0.9995617270469666,0.6998921036720276,0.7942092418670654,0.8838105797767639,0.8254735469818115,0.8137839436531067,0.8594714403152466,0.9436164498329163,0.9715397357940674,0.9530302286148071,0.9020527601242065,0.8684984445571899,0.9167701005935669,0.9389069676399231,0.7903047800064087,0.9155078530311584,0.8291808366775513,0.9644683599472046,0.987720251083374,0.9740330576896667,0.9988629817962646,0.999811053276062,0.7087206840515137,0.8298599123954773,0.900058388710022,0.8426984548568726,0.8087311387062073,0.8772410154342651,0.9677752256393433,0.9740381240844727,0.9659556746482849,0.9179966449737549,0.8845989108085632,0.9272345900535583,0.9568773508071899,0.770453691482544,0.9564421772956848,0.8145738244056702,0.9748055934906006
260,0.2,0.985035240650177,0.9690325856208801,0.9980008602142334,0.9990384578704834,0.7028365731239319,0.7904092669487,0.8926530480384827,0.824762225151062,0.8094733357429504,0.8684656620025635,0.9453004598617554,0.9732933044433594,0.9526376724243164,0.9026821851730347,0.8727490901947021,0.9166885614395142,0.9442260265350342,0.7922936081886292,0.9335050582885742,0.8277512192726135,0.9651421308517456,0.9872293472290039,0.9697686433792114,0.9984762072563171,0.9998109936714172,0.7038913369178772,0.8209319114685059,0.8964094519615173,0.8400371074676514,0.8243334889411926,0.8668440580368042,0.9634080529212952,0.974296510219574,0.9637047052383423,0.9114450812339783,0.8805074691772461,0.9225444197654724,0.9560114145278931,0.8150562644004822,0.9416670203208923,0.7965505123138428,0.9720143675804138
261,0.2,0.9848430752754211,0.967567503452301,0.9978355765342712,0.9992992281913757,0.7027754187583923,0.7948325872421265,0.8820896744728088,0.8297112584114075,0.8209545612335205,0.8684211373329163,0.9494236707687378,0.9724589586257935,0.9599378705024719,0.8955308794975281,0.8753839135169983,0.9150752425193787,0.9443568587303162,0.7961551547050476,0.9324840903282166,0.8209728598594666,0.9656282663345337,0.9878948926925659,0.970695436000824,0.9983123540878296,0.9998124241828918,0.7075977921485901,0.8024110794067383,0.8947691917419434,0.8584336638450623,0.8389933109283447,0.8775621056556702,0.9639148116111755,0.9750450849533081,0.9660366177558899,0.9085216522216797,0.8828760385513306,0.9234110116958618,0.9580458402633667,0.777787983417511,0.945938229560852,0.8021942973136902,0.9741504192352295
262,0.2,0.985787570476532,0.9667379260063171,0.9982140064239502,0.9991944432258606,0.6986494660377502,0.7975844740867615,0.8832840323448181,0.8322378993034363,0.8190301060676575,0.8673176765441895,0.9488242864608765,0.9739190936088562,0.9548054933547974,0.9020481705665588,0.874716579914093,0.9174600839614868,0.941634476184845,0.7813746929168701,0.9301407933235168,0.8276364803314209,0.9663061499595642,0.9886125922203064,0.9743927121162415,0.9987751245498657,0.9998120069503784,0.6662301421165466,0.8455733060836792,0.8997225761413574,0.8368352055549622,0.8453967571258545,0.8824973106384277,0.9630695581436157,0.9775607585906982,0.9575350880622864,0.9229321479797363,0.8727759122848511,0.9364147782325745,0.9608413577079773,0.7948194146156311,0.9513258934020996,0.7917428016662598,0.9746671319007874
263,0.2,0.985133707523346,0.9682761430740356,0.9978559017181396,0.9995760917663574,0.701322615146637,0.7904210090637207,0.8810797929763794,0.8299301862716675,0.8169988989830017,0.8733699917793274,0.9406499862670898,0.9727791547775269,0.9538574814796448,0.9038760662078857,0.8647139668464661,0.9251480102539062,0.9422248005867004,0.7945846319198608,0.9362876415252686,0.8319354057312012,0.968150794506073,0.98862224817276,0.9740706086158752,0.9987985491752625,0.9998138546943665,0.6971655488014221,0.8084390759468079,0.9019814729690552,0.8379822969436646,0.8238998055458069,0.8858099579811096,0.9633210301399231,0.9758219718933105,0.9634960293769836,0.9182388782501221,0.8827377557754517,0.9300619959831238,0.9586790204048157,0.7790117859840393,0.9524932503700256,0.8018959164619446,0.9760518074035645
264,0.2,0.9870479106903076,0.9730049967765808,0.9983825087547302,0.9992400407791138,0.7086344957351685,0.7842651009559631,0.8837682008743286,0.833642840385437,0.8144276142120361,0.8735450506210327,0.9452875256538391,0.9732140898704529,0.9550514817237854,0.8996574878692627,0.871513307094574,0.923865795135498,0.9492802023887634,0.8006709218025208,0.935093343257904,0.8231795430183411,0.970191240310669,0.9883818626403809,0.9754058122634888,0.9986597299575806,0.9998135566711426,0.7358323335647583,0.8007233738899231,0.898768424987793,0.8474653959274292,0.8186754584312439,0.8839482665061951,0.9625967144966125,0.9753393530845642,0.9635896682739258,0.9232475161552429,0.8905842304229736,0.9290536046028137,0.9557066559791565,0.7809003591537476,0.9554541707038879,0.8271751999855042,0.9759315848350525
265,0.2,0.9862126111984253,0.9733242392539978,0.9983630180358887,0.9988408088684082,0.7071754932403564,0.7913679480552673,0.8864261507987976,0.8315214514732361,0.8172198534011841,0.8657190799713135,0.9417809844017029,0.9749764800071716,0.9587045907974243,0.9032073616981506,0.875450074672699,0.917137086391449,0.945330023765564,0.7902351021766663,0.9379435777664185,0.8204540610313416,0.9682621359825134,0.9880644679069519,0.9757862687110901,0.9988260865211487,0.9998131394386292,0.716702401638031,0.8397595286369324,0.9058105945587158,0.8430538773536682,0.8266466856002808,0.8753387331962585,0.9658031463623047,0.9766463041305542,0.9658178687095642,0.9174668192863464,0.8832467794418335,0.9255046844482422,0.9599933624267578,0.7306298017501831,0.9488776922225952,0.8078118562698364,0.9756246209144592
266,0.2,0.9863629341125488,0.9708291888237,0.9978765249252319,0.9993879199028015,0.7196089029312134,0.7927133440971375,0.8868376612663269,0.828691840171814,0.8161569237709045,0.8682218790054321,0.9490466117858887,0.9740476608276367,0.9579874277114868,0.9022251963615417,0.8732564449310303,0.9197292923927307,0.944683313369751,0.7956215739250183,0.9355325102806091,0.8325027227401733,0.9695723652839661,0.989229142665863,0.9746683835983276,0.9989268779754639,0.9998077750205994,0.7314499020576477,0.8402596116065979,0.9071514010429382,0.8434343934059143,0.825376033782959,0.8771704435348511,0.9669786691665649,0.978474497795105,0.9646833539009094,0.9241006374359131,0.8840823769569397,0.9333499670028687,0.9610537886619568,0.8593888282775879,0.9466620683670044,0.8194026947021484,0.978003740310669
267,0.2,0.9854783415794373,0.971471905708313,0.998151421546936,0.9987074136734009,0.7150176167488098,0.7959756851196289,0.8885002732276917,0.8311074376106262,0.8217098116874695,0.8791175484657288,0.9523932337760925,0.9719933271408081,0.9554089307785034,0.9036972522735596,0.8734645247459412,0.9201104044914246,0.9477574229240417,0.7861529588699341,0.9387384057044983,0.8358012437820435,0.9686421155929565,0.9861241579055786,0.9752236604690552,0.9983672499656677,0.9998024106025696,0.7191339731216431,0.8616764545440674,0.9016556143760681,0.831062912940979,0.8273060917854309,0.8822519779205322,0.9548680186271667,0.9739094376564026,0.9617023468017578,0.9248748421669006,0.8907133340835571,0.9217380881309509,0.9598821401596069,0.7733749151229858,0.9501376748085022,0.795201301574707,0.9722472429275513
268,0.2,0.9844260811805725,0.9730148315429688,0.9979817867279053,0.999767541885376,0.721371591091156,0.7995018362998962,0.8894160389900208,0.833655595779419,0.8191244006156921,0.8760660290718079,0.9483392834663391,0.9709622859954834,0.961548924446106,0.9026259779930115,0.877237856388092,0.9096252918243408,0.9456468224525452,0.7872354984283447,0.9303274154663086,0.8337948322296143,0.9678657054901123,0.9887485504150391,0.9775416254997253,0.9989977478981018,0.9997963905334473,0.7354307770729065,0.8450141549110413,0.9075141549110413,0.8489655256271362,0.818683922290802,0.8817031383514404,0.9655824899673462,0.976516604423523,0.9699932336807251,0.9241663813591003,0.8788143992424011,0.9157146215438843,0.9612999558448792,0.7265226244926453,0.9425489902496338,0.8027413487434387,0.977703332901001
269,0.2,0.9839386343955994,0.972058892250061,0.9974526166915894,0.9993257522583008,0.7194644212722778,0.7967572212219238,0.8922668695449829,0.8246300220489502,0.8225282430648804,0.8708754181861877,0.9501299858093262,0.9711070656776428,0.9533796310424805,0.9078361988067627,0.8749194741249084,0.9158251881599426,0.9477548003196716,0.7930356860160828,0.9312683939933777,0.8276627063751221,0.9669553637504578,0.9867761135101318,0.971743106842041,0.9982379674911499,0.9998114109039307,0.7276043891906738,0.8320444822311401,0.9019521474838257,0.8374435901641846,0.7943445444107056,0.8798297643661499,0.9639233350753784,0.9724504351615906,0.9624930620193481,0.9203748106956482,0.8757752180099487,0.9347996711730957,0.9555965662002563,0.8185871839523315,0.9383699893951416,0.8342340588569641,0.972568690776825
270,0.2,0.9860748052597046,0.9709100723266602,0.9981886148452759,0.9987018704414368,0.7158721089363098,0.7979204058647156,0.8852124214172363,0.8293401598930359,0.8155505657196045,0.8732250928878784,0.9414349794387817,0.972882866859436,0.9568281769752502,0.9037339091300964,0.8772944808006287,0.9189931750297546,0.9448615312576294,0.797645092010498,0.9386534094810486,0.8262194991111755,0.9659957885742188,0.9887923002243042,0.9754756093025208,0.998683750629425,0.9997885227203369,0.7311130166053772,0.8291639685630798,0.9039260745048523,0.8412172198295593,0.8360138535499573,0.8805264830589294,0.96413654088974,0.9753482937812805,0.9686357378959656,0.9190459251403809,0.8795071244239807,0.9212327003479004,0.9573141932487488,0.8004838824272156,0.9538468718528748,0.8234403729438782,0.9753065705299377
271,0.2,0.9862911105155945,0.9718145728111267,0.9983009696006775,0.9983145594596863,0.7111667990684509,0.7923116683959961,0.8907629251480103,0.8387829661369324,0.8221071362495422,0.8760844469070435,0.9500582814216614,0.9755844473838806,0.9559581875801086,0.9057151079177856,0.8759823441505432,0.9231889843940735,0.9456953406333923,0.7940343618392944,0.9317542314529419,0.8269107341766357,0.9688844680786133,0.9895568490028381,0.9774098992347717,0.9989442825317383,0.9997625946998596,0.7600640654563904,0.8185010552406311,0.9094732999801636,0.8297510743141174,0.7989811897277832,0.8816115260124207,0.96668541431427,0.9781306385993958,0.9703129529953003,0.9230934977531433,0.8784710764884949,0.9194612503051758,0.9608582854270935,0.7672145962715149,0.9546397924423218,0.8049694895744324,0.9766901135444641
272,0.2,0.9856560230255127,0.9747695922851562,0.9980747103691101,0.9997605681419373,0.7279729843139648,0.7919421195983887,0.8825890421867371,0.8327383399009705,0.8171536326408386,0.8770983219146729,0.9495497941970825,0.9732159376144409,0.9612206816673279,0.9068708419799805,0.8712692260742188,0.9198951125144958,0.9475845694541931,0.7908065319061279,0.93446284532547,0.8318073153495789,0.9645488858222961,0.9891359806060791,0.9795294404029846,0.9987663626670837,0.9998036026954651,0.728710949420929,0.8136974573135376,0.9026976227760315,0.8476632833480835,0.8486518263816833,0.8870832324028015,0.9649972319602966,0.9778978228569031,0.9684136509895325,0.9215579032897949,0.8820627331733704,0.9321568012237549,0.9611323475837708,0.74253910779953,0.9537171721458435,0.8419314026832581,0.9757912755012512
273,0.2,0.9831883907318115,0.9721583127975464,0.9969666004180908,0.9990281462669373,0.7236242294311523,0.8015760183334351,0.8855947852134705,0.8280810713768005,0.827344536781311,0.8778215646743774,0.9429787993431091,0.9706495404243469,0.9600798487663269,0.90256267786026,0.8727484941482544,0.9166750907897949,0.9478833675384521,0.7931318879127502,0.9332278370857239,0.8386632204055786,0.9660773873329163,0.9881611466407776,0.9770201444625854,0.9985278248786926,0.9998016953468323,0.7215427160263062,0.8454083800315857,0.9061338901519775,0.8472898006439209,0.8314982652664185,0.8783377408981323,0.96176677942276,0.9765194058418274,0.9644791483879089,0.9203093647956848,0.8805916905403137,0.9372456669807434,0.9589247703552246,0.7944014072418213,0.9420969486236572,0.8183693885803223,0.9741211533546448
274,0.2,0.985554039478302,0.9757482409477234,0.9977755546569824,0.9976580142974854,0.7302777171134949,0.7926002144813538,0.8853351473808289,0.8367283344268799,0.8226264119148254,0.8704735040664673,0.9405925273895264,0.9735848307609558,0.9633582234382629,0.9031778573989868,0.8742372393608093,0.9186564683914185,0.9420964121818542,0.7964738607406616,0.936789333820343,0.8310467600822449,0.9646850228309631,0.987067461013794,0.9770289063453674,0.9985563158988953,0.9998085498809814,0.7299380302429199,0.8324041962623596,0.9055560231208801,0.8425771594047546,0.8311765789985657,0.8723980784416199,0.9592395424842834,0.9766123294830322,0.9632434248924255,0.9218993782997131,0.8754019141197205,0.9182112216949463,0.9576108455657959,0.7741584181785583,0.9500834941864014,0.8031408786773682,0.9763656258583069
275,0.2,0.9865962862968445,0.9752789735794067,0.9981738924980164,0.9981337189674377,0.7320213913917542,0.8000075221061707,0.8912932276725769,0.8330641984939575,0.8188199996948242,0.8776879906654358,0.9477242231369019,0.9732944369316101,0.9567804336547852,0.9050820469856262,0.8751983642578125,0.9134692549705505,0.9496158957481384,0.7912301421165466,0.939477801322937,0.8259185552597046,0.9673345685005188,0.988526463508606,0.9790797829627991,0.9988017678260803,0.9998064637184143,0.7382448315620422,0.8382273316383362,0.9090806245803833,0.8464972972869873,0.8203454613685608,0.8812817335128784,0.9626606702804565,0.9795546531677246,0.9659850597381592,0.9216189980506897,0.8790131211280823,0.9354202151298523,0.9614205360412598,0.7799550890922546,0.955100417137146,0.8097464442253113,0.9766527414321899
276,0.2,0.9880656003952026,0.9777452945709229,0.9984744191169739,0.9979124665260315,0.7312315106391907,0.7914590239524841,0.8893977403640747,0.8334721326828003,0.8217213153839111,0.8808320760726929,0.9511663317680359,0.9762550592422485,0.9591056108474731,0.9075149893760681,0.8750587701797485,0.9195330142974854,0.9503470659255981,0.7922747731208801,0.9443618059158325,0.8347242474555969,0.9714497327804565,0.9895200729370117,0.9805911183357239,0.998619019985199,0.999778687953949,0.7512378692626953,0.8072608113288879,0.903403639793396,0.8479817509651184,0.8021698594093323,0.8876339793205261,0.9661187529563904,0.9788448810577393,0.96681147813797,0.9237290620803833,0.8850767016410828,0.9414374232292175,0.9619370102882385,0.8499751687049866,0.9532944560050964,0.8002909421920776,0.9785775542259216
277,0.2,0.9862421751022339,0.976481020450592,0.9982181191444397,0.998223066329956,0.7296255230903625,0.807015061378479,0.8857410550117493,0.8366113305091858,0.8214914202690125,0.8789152503013611,0.9498777985572815,0.9744812250137329,0.9585200548171997,0.9092245697975159,0.8780941963195801,0.9223173260688782,0.9499863982200623,0.7927555441856384,0.9384168982505798,0.8313289284706116,0.9686680436134338,0.9884178042411804,0.9792491793632507,0.9983799457550049,0.9997521638870239,0.7634343504905701,0.8357712030410767,0.9071133136749268,0.8448300361633301,0.8242282867431641,0.8814576864242554,0.9637153148651123,0.9773030877113342,0.9661495089530945,0.9236170053482056,0.8762678503990173,0.9344538450241089,0.960888147354126,0.7809779047966003,0.9566192626953125,0.8385493755340576,0.9758740067481995
278,0.2,0.9852833151817322,0.9751847982406616,0.9980188012123108,0.9993140697479248,0.7312424778938293,0.7932573556900024,0.883946418762207,0.8377063274383545,0.8299428224563599,0.8745830655097961,0.945152997970581,0.9742113351821899,0.9614913463592529,0.9020227193832397,0.8744989037513733,0.9208737015724182,0.9461447596549988,0.795765221118927,0.9327062964439392,0.830254077911377,0.9668028950691223,0.9885631799697876,0.9780672788619995,0.9984815120697021,0.9998051524162292,0.7436792850494385,0.8356964588165283,0.9080171585083008,0.8577380180358887,0.8482819199562073,0.8915442228317261,0.9648849368095398,0.9776117205619812,0.9678955674171448,0.9243985414505005,0.8665100336074829,0.9185011386871338,0.9588283896446228,0.8387196063995361,0.9614292979240417,0.7937610149383545,0.9767282605171204
279,0.2,0.985619306564331,0.9746432900428772,0.9978965520858765,0.9991112351417542,0.7335101366043091,0.7976224422454834,0.8852716088294983,0.8305028676986694,0.824635922908783,0.8861855864524841,0.9518905878067017,0.974493145942688,0.9588831067085266,0.907992422580719,0.8823854327201843,0.9159026741981506,0.9475241303443909,0.7877522706985474,0.9455236792564392,0.8334947824478149,0.9692453145980835,0.9886022806167603,0.9807128310203552,0.9986657500267029,0.9998058676719666,0.7100369930267334,0.8617582321166992,0.9070380330085754,0.8420403003692627,0.8550114035606384,0.880885899066925,0.9654140472412109,0.9784290790557861,0.9663183093070984,0.9229678511619568,0.8921023607254028,0.9337597489356995,0.9629527926445007,0.8476166129112244,0.9578818082809448,0.7983432412147522,0.9756895899772644
280,0.2,0.9847952723503113,0.9777442216873169,0.9978664517402649,0.999016284942627,0.7408537268638611,0.7918146848678589,0.8922987580299377,0.8302682638168335,0.8294131755828857,0.87440025806427,0.9485384225845337,0.9733743667602539,0.9583278298377991,0.9068444967269897,0.8732322454452515,0.9147431254386902,0.9462948441505432,0.795235276222229,0.9302433729171753,0.8290895223617554,0.9667656421661377,0.9877612590789795,0.9807507395744324,0.9985368847846985,0.9997864365577698,0.7214775681495667,0.8183267712593079,0.9057231545448303,0.8406082987785339,0.8148788213729858,0.8853199481964111,0.9618580341339111,0.9783269166946411,0.9629789590835571,0.9189890623092651,0.8827219605445862,0.9311588406562805,0.9621953368186951,0.7512158751487732,0.951636552810669,0.8238322138786316,0.9759448170661926
281,0.2,0.9868965148925781,0.9786924719810486,0.9984816908836365,0.9993214011192322,0.7437976002693176,0.7926738858222961,0.8953067660331726,0.8327938914299011,0.8256690502166748,0.8720886707305908,0.9447681903839111,0.976642906665802,0.9526281952857971,0.9057558178901672,0.8737449049949646,0.9224763512611389,0.9503253102302551,0.788479745388031,0.9322323203086853,0.838549017906189,0.96794193983078,0.9884177446365356,0.9800228476524353,0.9985929131507874,0.9997577667236328,0.7886061668395996,0.8258366584777832,0.9075841903686523,0.8519613742828369,0.8101624250411987,0.8862791061401367,0.9587517380714417,0.9792035818099976,0.9658644795417786,0.9296518564224243,0.8814550042152405,0.9251918792724609,0.9611547589302063,0.7447806596755981,0.9539062976837158,0.8207688927650452,0.977336049079895
282,0.2,0.9884098768234253,0.9776986241340637,0.9986464381217957,0.9990667700767517,0.7408522963523865,0.8048392534255981,0.8896114230155945,0.8356224298477173,0.8252902626991272,0.8768556714057922,0.9519699811935425,0.9789049029350281,0.960975170135498,0.9089924693107605,0.8719348311424255,0.9264248609542847,0.9554856419563293,0.7958044409751892,0.9388146996498108,0.8352026343345642,0.9704398512840271,0.9892881512641907,0.9800878167152405,0.9986644387245178,0.9998101592063904,0.7489607334136963,0.8092076778411865,0.9032091498374939,0.8388760089874268,0.8361457586288452,0.8788250088691711,0.9618585705757141,0.9786801338195801,0.9656274318695068,0.92568439245224,0.8865252733230591,0.9392740726470947,0.9597873091697693,0.7845569849014282,0.9496340155601501,0.8029295206069946,0.9740009903907776
283,0.2,0.9877260327339172,0.9780107140541077,0.9983869791030884,0.9994100332260132,0.7430639863014221,0.7888511419296265,0.8921293020248413,0.8287132978439331,0.8272089958190918,0.8836771249771118,0.9472025632858276,0.9770817160606384,0.9605511426925659,0.9064668416976929,0.8806405663490295,0.9204992651939392,0.9489863514900208,0.7908507585525513,0.9309616088867188,0.8298600316047668,0.9700468182563782,0.9888057708740234,0.9811622500419617,0.99870365858078,0.9998118281364441,0.7487177848815918,0.8342953324317932,0.9029445648193359,0.8398756980895996,0.8223997950553894,0.8895444273948669,0.9635565280914307,0.9793606400489807,0.9661422371864319,0.9207017421722412,0.8895858526229858,0.9277297854423523,0.9601888060569763,0.7716794013977051,0.9482858777046204,0.8034482002258301,0.973930835723877
284,0.2,0.9859434962272644,0.978623628616333,0.998146116733551,0.9979079961776733,0.7483150362968445,0.7932820320129395,0.894960343837738,0.8362749218940735,0.8293895125389099,0.8813541531562805,0.9467007517814636,0.975921630859375,0.9543793797492981,0.9080171585083008,0.8832931518554688,0.9258692264556885,0.9481163024902344,0.7950645685195923,0.9419768452644348,0.829483687877655,0.9695591926574707,0.9891676306724548,0.981356143951416,0.9987630844116211,0.9998102188110352,0.7571437954902649,0.8317008018493652,0.9088233709335327,0.8501584529876709,0.8221627473831177,0.8808454275131226,0.9661877155303955,0.9798231720924377,0.9682222008705139,0.9286378026008606,0.8767837882041931,0.9297553300857544,0.9593145251274109,0.747639000415802,0.9579549431800842,0.8189753293991089,0.9774240851402283
285,0.2,0.9846665263175964,0.9773100018501282,0.9980477094650269,0.9976416230201721,0.7436743974685669,0.799841046333313,0.8893293738365173,0.8365145921707153,0.8301969766616821,0.8745895624160767,0.9464887976646423,0.9724065065383911,0.9594395160675049,0.9043444395065308,0.8722538948059082,0.9191515445709229,0.9419153332710266,0.7950456738471985,0.9242165088653564,0.8410767316818237,0.9635348320007324,0.9882014989852905,0.9810205101966858,0.9984079599380493,0.9998072385787964,0.7432418465614319,0.830544650554657,0.9018173217773438,0.8480995297431946,0.8170429468154907,0.8876636028289795,0.9629388451576233,0.978977620601654,0.965801477432251,0.9279311895370483,0.8861405849456787,0.9263713955879211,0.9579985737800598,0.8046329021453857,0.9533464312553406,0.8126266598701477,0.9747297167778015
286,0.2,0.9865748882293701,0.9777751564979553,0.998484194278717,0.9992818832397461,0.7519459128379822,0.7976431250572205,0.8891294598579407,0.8378080129623413,0.8355361223220825,0.8799875378608704,0.9490504860877991,0.9767442941665649,0.9565551280975342,0.9055564403533936,0.8736079335212708,0.9139269590377808,0.9444818496704102,0.7909813523292542,0.9394719004631042,0.8310095071792603,0.9625754952430725,0.9891740083694458,0.9817712306976318,0.9987411499023438,0.9997867941856384,0.7414679527282715,0.8369283080101013,0.9004212021827698,0.8530135154724121,0.8368815779685974,0.8919212222099304,0.95818692445755,0.9799853563308716,0.96308833360672,0.9281055331230164,0.8850761651992798,0.929304301738739,0.9592021107673645,0.8294918537139893,0.9582130908966064,0.8026778697967529,0.9730283617973328
287,0.2,0.9870295524597168,0.978571355342865,0.998212456703186,0.9998030066490173,0.7615858316421509,0.796758770942688,0.8873607516288757,0.8387892842292786,0.8308610320091248,0.8908545970916748,0.9490118622779846,0.9754894971847534,0.9598539471626282,0.9052045345306396,0.881293535232544,0.9226224422454834,0.9526636004447937,0.7995988726615906,0.9368146657943726,0.837776780128479,0.9689103960990906,0.9891859292984009,0.984050989151001,0.9988689422607422,0.999809980392456,0.7827789783477783,0.8263473510742188,0.9044833779335022,0.8493407368659973,0.8420220613479614,0.8907338976860046,0.964777410030365,0.979442298412323,0.9676002264022827,0.9255468845367432,0.8878985643386841,0.932005763053894,0.9610490798950195,0.7658016085624695,0.9588033556938171,0.8147681951522827,0.9737066626548767
288,0.2,0.9877369403839111,0.983265221118927,0.9986060261726379,0.9997948408126831,0.7863377332687378,0.8008755445480347,0.8918387293815613,0.8390361666679382,0.8404307961463928,0.8805425763130188,0.9526075124740601,0.9779676198959351,0.9624279737472534,0.9096412658691406,0.8765877485275269,0.918309211730957,0.9542427659034729,0.7961536049842834,0.9474619626998901,0.8387852311134338,0.9709810018539429,0.9902437329292297,0.9857448935508728,0.9991742372512817,0.9998108148574829,0.7909946441650391,0.819282054901123,0.9122574329376221,0.8536809086799622,0.8356112241744995,0.8956801891326904,0.9634274244308472,0.9818486571311951,0.9633322358131409,0.9185060262680054,0.892239511013031,0.9346703290939331,0.9637256860733032,0.7710050940513611,0.9647801518440247,0.8226076364517212,0.9765830636024475
289,0.2,0.9858387112617493,0.9841380715370178,0.9986167550086975,0.9995644092559814,0.7905715703964233,0.8015242218971252,0.8918439149856567,0.8341084718704224,0.8361814022064209,0.882692277431488,0.9485734701156616,0.976626455783844,0.9623558521270752,0.9088551998138428,0.8840137124061584,0.9201383590698242,0.9544878005981445,0.7924435138702393,0.9434381127357483,0.8308848738670349,0.9702280163764954,0.9890191555023193,0.9848933815956116,0.9990983605384827,0.999742865562439,0.7998690605163574,0.804664671421051,0.910365104675293,0.8514373898506165,0.8355089426040649,0.8866544365882874,0.9644460678100586,0.9812033176422119,0.9656851291656494,0.9247918725013733,0.8868642449378967,0.9366105794906616,0.9656191468238831,0.8113446831703186,0.9581497311592102,0.8203343749046326,0.975844144821167
290,0.2,0.986268162727356,0.9802696704864502,0.9985867738723755,0.9995443224906921,0.8062771558761597,0.803306519985199,0.8936188220977783,0.8343575596809387,0.8436927199363708,0.8786814212799072,0.9518381357192993,0.9781287908554077,0.961391270160675,0.9124985337257385,0.8789493441581726,0.9196092486381531,0.9473686814308167,0.7909263372421265,0.9423630833625793,0.8297644257545471,0.9709326028823853,0.9897206425666809,0.9857438802719116,0.9992532134056091,0.9997595548629761,0.8090918660163879,0.7801657915115356,0.9139695763587952,0.8519561886787415,0.8338073492050171,0.8907875418663025,0.9666516780853271,0.9817013740539551,0.967595100402832,0.9294570088386536,0.8879238367080688,0.9340137839317322,0.9658207297325134,0.7873965501785278,0.9535493850708008,0.8109980821609497,0.9780409336090088
291,0.2,0.9870526790618896,0.9838355183601379,0.9987958669662476,0.9991504549980164,0.8086206912994385,0.7945864796638489,0.9062638878822327,0.8338649272918701,0.8479316234588623,0.881368100643158,0.954048752784729,0.9792128205299377,0.9537497162818909,0.908119797706604,0.8813090324401855,0.9253460764884949,0.951822817325592,0.8030794858932495,0.9442288279533386,0.8340911269187927,0.971980631351471,0.9896022081375122,0.9859939217567444,0.9992312788963318,0.9998128414154053,0.8345955014228821,0.8238032460212708,0.9152668118476868,0.8426769375801086,0.8319661021232605,0.8874971270561218,0.9706260561943054,0.9833502769470215,0.9664486646652222,0.928618311882019,0.8986367583274841,0.940678060054779,0.9637584090232849,0.7443981766700745,0.9613678455352783,0.8373309373855591,0.980226993560791
292,0.2,0.9858381152153015,0.982257604598999,0.9983405470848083,0.9992974996566772,0.8195711374282837,0.8013688921928406,0.8928190469741821,0.8379166126251221,0.843353271484375,0.8824408650398254,0.9496186375617981,0.9764211177825928,0.9608322978019714,0.908011257648468,0.8872801065444946,0.9183066487312317,0.9473426342010498,0.7976899743080139,0.9411057233810425,0.8365931510925293,0.9702168703079224,0.9892849922180176,0.9850242733955383,0.9990881681442261,0.9996446967124939,0.8467323184013367,0.8286400437355042,0.9117386341094971,0.8367689251899719,0.8691921234130859,0.892819881439209,0.9647519588470459,0.9809558391571045,0.9646766185760498,0.9242964386940002,0.8926714658737183,0.9267765283584595,0.9663674831390381,0.8294196724891663,0.9495306611061096,0.8168973922729492,0.9776135087013245
293,0.2,0.9851630926132202,0.9797188639640808,0.9983181357383728,0.9994882345199585,0.8353516459465027,0.7965983152389526,0.8907302618026733,0.8415716290473938,0.8454389572143555,0.87568199634552,0.9481925368309021,0.9759427309036255,0.955601692199707,0.9051468372344971,0.8808680772781372,0.9162365794181824,0.9461663961410522,0.7902398705482483,0.9376182556152344,0.8367616534233093,0.9688069224357605,0.9887720346450806,0.9849038124084473,0.9990133047103882,0.9997758865356445,0.8592362999916077,0.8398559093475342,0.9146268367767334,0.8516597151756287,0.8583291172981262,0.8953153491020203,0.9678367376327515,0.9808973670005798,0.9641127586364746,0.9303305745124817,0.8906320333480835,0.9339694380760193,0.9655620455741882,0.7648839950561523,0.9536147713661194,0.799229621887207,0.9789206981658936
294,0.2,0.9855577349662781,0.9816753268241882,0.9982093572616577,0.9976089000701904,0.8487434387207031,0.7998136878013611,0.9017183184623718,0.8405097126960754,0.8472552299499512,0.8857661485671997,0.9482497572898865,0.9779938459396362,0.9592728018760681,0.9096439480781555,0.8788948059082031,0.9234374761581421,0.954826831817627,0.7956688404083252,0.9477190971374512,0.8369782567024231,0.9700065851211548,0.9898142218589783,0.985477864742279,0.9990426898002625,0.9996466636657715,0.8584844470024109,0.7874621152877808,0.9173997640609741,0.837619960308075,0.8623536229133606,0.8967142105102539,0.9669984579086304,0.9821491241455078,0.9670771360397339,0.9314023852348328,0.8908006548881531,0.9304659366607666,0.9656758308410645,0.762302815914154,0.962364137172699,0.8101081252098083,0.9793441891670227
295,0.2,0.9873201251029968,0.9820592403411865,0.9985955953598022,0.9997605681419373,0.8455344438552856,0.8011958599090576,0.8986719846725464,0.8374707102775574,0.8467127084732056,0.8863211870193481,0.9555712938308716,0.9792067408561707,0.9592910408973694,0.9147147536277771,0.8901428580284119,0.9217607975006104,0.952155590057373,0.7922370433807373,0.9444557428359985,0.8387253880500793,0.9709838032722473,0.9884532690048218,0.9830290675163269,0.9989145398139954,0.9996402263641357,0.8647708296775818,0.8100494742393494,0.9150689840316772,0.8459509015083313,0.8415468335151672,0.8923697471618652,0.9589935541152954,0.9800162315368652,0.957615077495575,0.9314667582511902,0.8883677124977112,0.9317817091941833,0.9622955322265625,0.8061274290084839,0.960902988910675,0.8055002689361572,0.9771329760551453
296,0.2,0.9862924814224243,0.9804434180259705,0.9981967806816101,0.9979897141456604,0.8501566648483276,0.7986660599708557,0.9010127186775208,0.8397395610809326,0.8546290397644043,0.890190601348877,0.9561663866043091,0.9781937003135681,0.9587770700454712,0.905540406703949,0.8838467597961426,0.9229599237442017,0.9501868486404419,0.7979454398155212,0.9423325061798096,0.83501136302948,0.9711397290229797,0.9897631406784058,0.9860299229621887,0.9991564154624939,0.9996562600135803,0.880922257900238,0.8401801586151123,0.9161226153373718,0.856080174446106,0.8441740274429321,0.8935060501098633,0.9681121110916138,0.9822580218315125,0.9661387205123901,0.9309958219528198,0.8932164907455444,0.9406235218048096,0.9666879177093506,0.8083950877189636,0.9571856260299683,0.8365518450737,0.9789218902587891
297,0.2,0.9848372340202332,0.9810838103294373,0.9979893565177917,0.9992159008979797,0.8674924969673157,0.8053245544433594,0.8963695168495178,0.8374813199043274,0.8495038747787476,0.8873007893562317,0.9541857838630676,0.9765999913215637,0.9572266340255737,0.909160852432251,0.8791701793670654,0.9109727740287781,0.9525832533836365,0.7902544140815735,0.9342943429946899,0.8259560465812683,0.9698347449302673,0.9894185066223145,0.9855014681816101,0.9991065859794617,0.9998087882995605,0.8809764385223389,0.8508455753326416,0.9140344262123108,0.854304850101471,0.8397425413131714,0.8898966908454895,0.9661033153533936,0.981758713722229,0.9652873277664185,0.925279974937439,0.8916136026382446,0.935133695602417,0.9658893346786499,0.8081295490264893,0.9492480754852295,0.8013049960136414,0.9765153527259827
298,0.2,0.9875106811523438,0.9834504723548889,0.9986484050750732,0.999299168586731,0.8675968050956726,0.8026552200317383,0.8985300064086914,0.8335625529289246,0.8469254374504089,0.882463812828064,0.9508334398269653,0.9784031510353088,0.9645130038261414,0.9062228202819824,0.880075991153717,0.9181196093559265,0.9564481973648071,0.7969099283218384,0.9426918625831604,0.8366566300392151,0.9716061353683472,0.9898099303245544,0.9864948391914368,0.9991944432258606,0.9997736215591431,0.8824488520622253,0.8373665809631348,0.9178702235221863,0.8340893387794495,0.849924623966217,0.8935520648956299,0.9666911959648132,0.9815157651901245,0.97037672996521,0.9266062378883362,0.9020005464553833,0.9400203824043274,0.9658189415931702,0.7741626501083374,0.9655799269676208,0.7946614623069763,0.9793847799301147
299,0.2,0.988369882106781,0.9832208752632141,0.9989411234855652,0.9973056316375732,0.8704793453216553,0.7967617511749268,0.9034773707389832,0.8377312421798706,0.8502404093742371,0.8838465213775635,0.9537206888198853,0.9802793860435486,0.9672073721885681,0.9053354263305664,0.8825132250785828,0.9195116758346558,0.9512057900428772,0.792324960231781,0.9443344473838806,0.8290279507637024,0.9708723425865173,0.990237832069397,0.986505389213562,0.9991183280944824,0.9996582865715027,0.8800273537635803,0.8207920789718628,0.9133521318435669,0.8451623916625977,0.8519939184188843,0.8932396173477173,0.9665554165840149,0.9810359477996826,0.9693131446838379,0.9288433790206909,0.884533703327179,0.9366737604141235,0.9679665565490723,0.785129189491272,0.9582118391990662,0.7907566428184509,0.9788423180580139
300,0.2,0.9865368604660034,0.9823522567749023,0.9985098242759705,0.9984626770019531,0.8610714673995972,0.7999734878540039,0.8961489796638489,0.8368704915046692,0.8492612838745117,0.8810245990753174,0.9491263628005981,0.9782813787460327,0.9578948616981506,0.9078174233436584,0.8831326365470886,0.9274556636810303,0.9506093263626099,0.7933709025382996,0.9342348575592041,0.8272498250007629,0.9714779853820801,0.9880405068397522,0.9839471578598022,0.9989360570907593,0.9996371865272522,0.8792536854743958,0.8296610116958618,0.9157598614692688,0.8373497724533081,0.8432514071464539,0.8981418609619141,0.9646379351615906,0.978595495223999,0.9598107933998108,0.9252217411994934,0.8956764340400696,0.9429283738136292,0.962654173374176,0.8021522164344788,0.959712028503418,0.80342698097229,0.9770772457122803
301,0.2,0.9865242838859558,0.9817027449607849,0.9983236193656921,0.9990537762641907,0.8695918321609497,0.8002583980560303,0.9010561108589172,0.8410485982894897,0.848258912563324,0.8815580606460571,0.9504961967468262,0.9780388474464417,0.9564359784126282,0.9119045734405518,0.8798072338104248,0.9254040718078613,0.9509560465812683,0.8006762862205505,0.944602370262146,0.8342341184616089,0.9696232676506042,0.9890034198760986,0.9861904978752136,0.99915611743927,0.9997488856315613,0.8884609937667847,0.7960765957832336,0.9160526394844055,0.8547315001487732,0.8537562489509583,0.893181324005127,0.9620625972747803,0.9806080460548401,0.9645353555679321,0.9295495748519897,0.9033119082450867,0.9418737888336182,0.9645708203315735,0.7562924027442932,0.9679811000823975,0.7987514138221741,0.9805572032928467
302,0.2,0.9855549335479736,0.9821209907531738,0.9986171126365662,0.9989364147186279,0.871143639087677,0.7995959520339966,0.9019743800163269,0.8419758677482605,0.849592387676239,0.8905895948410034,0.9517108798027039,0.97733074426651,0.9583041667938232,0.9029054641723633,0.8861515522003174,0.9194972515106201,0.9538212418556213,0.792594313621521,0.9469999074935913,0.8375206589698792,0.972257673740387,0.9889119267463684,0.985440731048584,0.9989799857139587,0.999657392501831,0.8882464170455933,0.8017290234565735,0.9150645136833191,0.8502263426780701,0.8516952395439148,0.9011806845664978,0.9647425413131714,0.9793232083320618,0.9626462459564209,0.9344491362571716,0.8972439169883728,0.9385323524475098,0.9620333909988403,0.8030133843421936,0.964876115322113,0.8031408190727234,0.9785676002502441
303,0.2,0.9857478737831116,0.983314573764801,0.9985480904579163,0.998404324054718,0.8765621781349182,0.8000118732452393,0.903131365776062,0.8403033018112183,0.8563249707221985,0.8929979801177979,0.9520739912986755,0.9786524772644043,0.9569429159164429,0.9109562635421753,0.884709358215332,0.9215097427368164,0.953544557094574,0.8006042838096619,0.9454486966133118,0.8346583843231201,0.9721517562866211,0.9901055693626404,0.9876810312271118,0.9991640448570251,0.9996498823165894,0.890846312046051,0.80832439661026,0.9193949103355408,0.8484287858009338,0.8483794927597046,0.8974687457084656,0.9652455449104309,0.981094479560852,0.9651565551757812,0.9260050654411316,0.8914543390274048,0.9383522868156433,0.9669374823570251,0.7797069549560547,0.9603428840637207,0.8396933078765869,0.9792465567588806
304,0.2,0.9859501719474792,0.9845564961433411,0.998629629611969,0.9979425072669983,0.8758619427680969,0.8076519966125488,0.904143214225769,0.840408980846405,0.851886510848999,0.8821721076965332,0.9591004252433777,0.978776216506958,0.9624208211898804,0.897776186466217,0.8841797709465027,0.9238163828849792,0.9557109475135803,0.7983110547065735,0.9477916359901428,0.8345509171485901,0.9707459807395935,0.9893701672554016,0.9886142015457153,0.9991667866706848,0.9996487498283386,0.886760950088501,0.8129948973655701,0.9165031909942627,0.8525029420852661,0.8609967231750488,0.8927449584007263,0.9677560925483704,0.9803162813186646,0.9672337174415588,0.9257611036300659,0.8916783332824707,0.9410001635551453,0.9649057388305664,0.7605858445167542,0.9632931351661682,0.8309998512268066,0.9774272441864014
305,0.2,0.9845663905143738,0.9844297766685486,0.9985863566398621,0.9973833560943604,0.8806237578392029,0.7973661422729492,0.8955758810043335,0.8456969857215881,0.8529191613197327,0.880973219871521,0.955604612827301,0.9756859540939331,0.9580949544906616,0.9092705249786377,0.8841776847839355,0.9200955033302307,0.9521999955177307,0.7937794327735901,0.9387837052345276,0.8439993262290955,0.9712715744972229,0.9901752471923828,0.9869214296340942,0.9990746974945068,0.9996429681777954,0.891342282295227,0.8734436631202698,0.9178650379180908,0.8562350273132324,0.8491072058677673,0.8854554295539856,0.9674801230430603,0.978675127029419,0.9685892462730408,0.9231417179107666,0.898754358291626,0.9292149543762207,0.9661768674850464,0.7913802862167358,0.9536152482032776,0.808789074420929,0.9799329042434692
306,0.2,0.9882873892784119,0.9854770302772522,0.9990348815917969,0.9989126324653625,0.8821828365325928,0.8051528334617615,0.9017263650894165,0.8401994109153748,0.8512325882911682,0.8874921798706055,0.9492308497428894,0.9792606234550476,0.9546108841896057,0.9051750898361206,0.8866873383522034,0.926003098487854,0.9543934464454651,0.8007792830467224,0.9466620087623596,0.8359161615371704,0.9731743335723877,0.9913822412490845,0.9908430576324463,0.9993537664413452,0.9996616244316101,0.8975048661231995,0.8434558510780334,0.9179037809371948,0.8494135737419128,0.8666173219680786,0.8979454636573792,0.9703218936920166,0.983707070350647,0.9661803245544434,0.9306870102882385,0.8938051462173462,0.9493920803070068,0.9703794121742249,0.7655494213104248,0.9674413204193115,0.8239829540252686,0.9808191657066345
307,0.2,0.9882081747055054,0.9861461520195007,0.998793363571167,0.9986598491668701,0.8828718066215515,0.8078785538673401,0.901863694190979,0.8360986709594727,0.8536334037780762,0.8823563456535339,0.9486133456230164,0.9793883562088013,0.9559594988822937,0.9126040935516357,0.8903098702430725,0.9235830307006836,0.9453203678131104,0.788702130317688,0.9497252106666565,0.831701397895813,0.9697192311286926,0.9882830381393433,0.9865846633911133,0.9990180134773254,0.999802827835083,0.8979238867759705,0.8513351678848267,0.9134600758552551,0.8542133569717407,0.8593757152557373,0.8817379474639893,0.9643632173538208,0.9803634881973267,0.966401994228363,0.9340263605117798,0.893543541431427,0.9388406872749329,0.9654498100280762,0.780128002166748,0.9608659148216248,0.8251606225967407,0.9758265614509583
308,0.2,0.9876182079315186,0.9861524105072021,0.9986225962638855,0.9989486932754517,0.8796898722648621,0.8068988919258118,0.8990711569786072,0.8378549218177795,0.8570563793182373,0.8827111124992371,0.9570418000221252,0.9787153005599976,0.9612506031990051,0.9067811369895935,0.8845046162605286,0.9194564819335938,0.957817018032074,0.7972609996795654,0.9395312070846558,0.8362846970558167,0.9688783884048462,0.9892426133155823,0.9875999689102173,0.9991263747215271,0.9996447563171387,0.9032113552093506,0.8042755722999573,0.9221874475479126,0.8459755182266235,0.8428068161010742,0.8913237452507019,0.9598457217216492,0.9818264245986938,0.9651696681976318,0.9321054816246033,0.9024948477745056,0.9371396899223328,0.9649427533149719,0.7779316306114197,0.9681612253189087,0.8377982378005981,0.9787331223487854
309,0.2,0.9872532486915588,0.9849306344985962,0.9985172748565674,0.9986441731452942,0.8856834173202515,0.8030971884727478,0.9055472612380981,0.8384596705436707,0.8585243821144104,0.8841999769210815,0.952552080154419,0.9800326824188232,0.9595964550971985,0.9056209921836853,0.887294352054596,0.9235148429870605,0.9541743397712708,0.7962906360626221,0.9334970712661743,0.8421826362609863,0.9694380164146423,0.9905427098274231,0.988970160484314,0.9992654323577881,0.9998117685317993,0.9002864956855774,0.8297833800315857,0.9228787422180176,0.8502918481826782,0.8637754321098328,0.8963564038276672,0.9655729532241821,0.9829300045967102,0.9663569331169128,0.9299150109291077,0.8998977541923523,0.9387028813362122,0.9670369029045105,0.766669511795044,0.9653226733207703,0.8279851675033569,0.9797365069389343
310,0.2,0.9887792468070984,0.9865848422050476,0.9988847374916077,0.9965681433677673,0.8876634836196899,0.8060192465782166,0.9105714559555054,0.8360267281532288,0.8470490574836731,0.8896899819374084,0.9593163132667542,0.9798063039779663,0.9632066488265991,0.9130969047546387,0.8890008330345154,0.9224957227706909,0.9550923109054565,0.7980095148086548,0.942939281463623,0.8346720933914185,0.9749203324317932,0.991012454032898,0.989946186542511,0.9993109107017517,0.9998091459274292,0.8935132026672363,0.85103440284729,0.9246116280555725,0.8597939610481262,0.8474593758583069,0.9006009101867676,0.9717378616333008,0.9818636178970337,0.9640640020370483,0.9268172979354858,0.8998543620109558,0.9421680569648743,0.9697998762130737,0.7779009938240051,0.9653106331825256,0.8275157809257507,0.982581615447998
311,0.2,0.9886523485183716,0.9849884510040283,0.9987248182296753,0.9986776113510132,0.8808280229568481,0.8063955307006836,0.9067384600639343,0.8446384072303772,0.8584399819374084,0.8863987922668457,0.9565238356590271,0.9795587658882141,0.9650081992149353,0.9096989035606384,0.8851916790008545,0.923108696937561,0.9533240795135498,0.798287034034729,0.948096513748169,0.8379316926002502,0.9733377695083618,0.9909719824790955,0.9887768030166626,0.999264121055603,0.9998114705085754,0.8990644812583923,0.8119511604309082,0.9248456954956055,0.848141074180603,0.8453989028930664,0.8965733647346497,0.9697903394699097,0.9839015007019043,0.9637932181358337,0.9252540469169617,0.8855237364768982,0.9346716403961182,0.9695345163345337,0.7753164768218994,0.9633290767669678,0.7995567917823792,0.98142009973526
312,0.2,0.9883245825767517,0.9847016930580139,0.9984509944915771,0.9986830949783325,0.8887166976928711,0.8126606345176697,0.9014760851860046,0.8374490737915039,0.851315438747406,0.8962819576263428,0.9526041150093079,0.9808104634284973,0.9602440595626831,0.9071512222290039,0.8865445852279663,0.922800600528717,0.9560360908508301,0.8042178153991699,0.9396541118621826,0.838050365447998,0.9746439456939697,0.9915528893470764,0.988313615322113,0.9992573261260986,0.9996548295021057,0.8949859142303467,0.8477270007133484,0.9229353666305542,0.8445338010787964,0.8571333885192871,0.9065535664558411,0.9686976671218872,0.9819481372833252,0.966438353061676,0.927335798740387,0.8897846341133118,0.9511452913284302,0.969572901725769,0.7854869961738586,0.9680148363113403,0.799801230430603,0.9814654588699341
313,0.2,0.9861308336257935,0.9853484630584717,0.9989356398582458,0.9974596500396729,0.8879715800285339,0.8115835189819336,0.9032226800918579,0.8430498242378235,0.851921021938324,0.8808133006095886,0.952242910861969,0.9783706665039062,0.9578179717063904,0.9029467105865479,0.8865400552749634,0.9205625057220459,0.9535098671913147,0.7930618524551392,0.9484543204307556,0.8350788950920105,0.9693760871887207,0.9907651543617249,0.9890846014022827,0.9993002414703369,0.9996498823165894,0.9072632193565369,0.824325442314148,0.9268421530723572,0.8426948189735413,0.8587281107902527,0.8975797295570374,0.9685978293418884,0.9827744960784912,0.9663270711898804,0.923525869846344,0.8986415863037109,0.9402540922164917,0.9676682949066162,0.789908230304718,0.9683837294578552,0.8263305425643921,0.9790634512901306
314,0.2,0.9854736328125,0.9848776459693909,0.9985184073448181,0.9981583952903748,0.8948984146118164,0.800731897354126,0.9046655893325806,0.8391109108924866,0.8515348434448242,0.8907321095466614,0.9502052664756775,0.9783222079277039,0.9583062529563904,0.9082765579223633,0.8872766494750977,0.9176229238510132,0.9569246172904968,0.8003273606300354,0.9478409290313721,0.837120771408081,0.971426784992218,0.9894529581069946,0.9881430268287659,0.9990783929824829,0.9996435642242432,0.9083423018455505,0.823387861251831,0.9237195253372192,0.8507513403892517,0.8625463843345642,0.894376814365387,0.9602299332618713,0.9801666736602783,0.9586018323898315,0.9295522570610046,0.8910683989524841,0.9397839307785034,0.967327356338501,0.8035058975219727,0.9597874879837036,0.8053162097930908,0.9775911569595337
315,0.2,0.9867372512817383,0.984799325466156,0.9985374212265015,0.9986399412155151,0.8880559802055359,0.7992172241210938,0.902464747428894,0.8428650498390198,0.8567097187042236,0.8845120668411255,0.9561524987220764,0.9769213795661926,0.9605456590652466,0.9119994044303894,0.8859308362007141,0.9253150224685669,0.9548070430755615,0.7982247471809387,0.9465792775154114,0.8358620405197144,0.967799186706543,0.9903565645217896,0.9883131980895996,0.9990846514701843,0.9996485710144043,0.9006468653678894,0.8235247135162354,0.9195020198822021,0.8478403687477112,0.8665590286254883,0.8988907933235168,0.9672070741653442,0.9802886247634888,0.9622439742088318,0.9279167652130127,0.8924187421798706,0.9328708052635193,0.9671116471290588,0.7523137927055359,0.9552261233329773,0.8087698817253113,0.9789943099021912
316,0.2,0.9877033829689026,0.9848747253417969,0.9988068342208862,0.9977990984916687,0.8972333669662476,0.8063986897468567,0.9007328748703003,0.8403998613357544,0.8544819355010986,0.886233389377594,0.95840984582901,0.980127215385437,0.9580805897712708,0.9093673229217529,0.884302020072937,0.9230984449386597,0.9561761617660522,0.7998800277709961,0.9414756298065186,0.8345958590507507,0.969624400138855,0.9905825257301331,0.9885470867156982,0.9992186427116394,0.9996566772460938,0.9106910824775696,0.8145766258239746,0.9227644205093384,0.8458743095397949,0.8389997482299805,0.9029245376586914,0.9666592478752136,0.982237696647644,0.9574443697929382,0.9303016066551208,0.9023833274841309,0.9459050297737122,0.9656192660331726,0.796602725982666,0.9553942680358887,0.8066117763519287,0.9808104634284973
317,0.2,0.9874700903892517,0.986152708530426,0.998863697052002,0.9988730549812317,0.9017776846885681,0.802821695804596,0.9064226150512695,0.843982994556427,0.8548505306243896,0.8919287919998169,0.9557876586914062,0.9789928793907166,0.9593862891197205,0.909712016582489,0.8885061144828796,0.9207075238227844,0.9548162221908569,0.7995249032974243,0.9428156018257141,0.8306436538696289,0.971771240234375,0.9904395341873169,0.9880008101463318,0.9991437196731567,0.9995983242988586,0.9122488498687744,0.8322240114212036,0.9194520711898804,0.851296067237854,0.848476231098175,0.902678906917572,0.9659498333930969,0.9804650545120239,0.9652509093284607,0.9361215233802795,0.8978437185287476,0.9457095861434937,0.9673833847045898,0.7879241704940796,0.9543421864509583,0.8345531225204468,0.9798740148544312
318,0.2,0.9873692393302917,0.986376166343689,0.9984725713729858,0.9949018359184265,0.8991180658340454,0.8071476817131042,0.8997241854667664,0.8447355628013611,0.8551920652389526,0.8909698128700256,0.9541933536529541,0.9783515334129333,0.9604170918464661,0.9130362868309021,0.8908577561378479,0.9210231900215149,0.9506113529205322,0.8037984371185303,0.9510729312896729,0.8386349081993103,0.9720110893249512,0.9898744821548462,0.9889331459999084,0.9991979002952576,0.9995579123497009,0.9104820489883423,0.8473643660545349,0.9178313612937927,0.8495499491691589,0.865707278251648,0.8959468603134155,0.9638302326202393,0.9808265566825867,0.9655119180679321,0.9297124147415161,0.8898561000823975,0.9366168975830078,0.96707683801651,0.8406965136528015,0.9556706547737122,0.8128119707107544,0.9768508672714233
319,0.2,0.9884183406829834,0.985889732837677,0.9991148114204407,0.9956108927726746,0.8999438285827637,0.8023354411125183,0.9007819294929504,0.8468296527862549,0.8516780734062195,0.8943880200386047,0.9574300050735474,0.9790173172950745,0.9608297944068909,0.9101811051368713,0.8891813158988953,0.9267338514328003,0.9554761648178101,0.7969342470169067,0.9398702383041382,0.8359979391098022,0.9702447056770325,0.992374062538147,0.990317165851593,0.9993950128555298,0.9996329545974731,0.9158334732055664,0.8196160197257996,0.9243695139884949,0.8581616878509521,0.8481133580207825,0.9016411900520325,0.9685621857643127,0.9824349880218506,0.9675126075744629,0.9302255511283875,0.8985838890075684,0.945625364780426,0.9715640544891357,0.7957720160484314,0.961640477180481,0.8113495111465454,0.9827844500541687
320,0.2,0.9891608357429504,0.9871841669082642,0.9989776015281677,0.9974794387817383,0.9025657176971436,0.8072130084037781,0.9104372262954712,0.8455785512924194,0.8534523844718933,0.8933117389678955,0.9567559957504272,0.9816311001777649,0.9619136452674866,0.9043086171150208,0.8835384845733643,0.927463948726654,0.9606020450592041,0.8041002750396729,0.9490340948104858,0.8325437903404236,0.9761533737182617,0.9920594096183777,0.9894896745681763,0.9992786049842834,0.9996403455734253,0.9113843441009521,0.8253738880157471,0.9183351993560791,0.8498015403747559,0.8577722907066345,0.9010313153266907,0.9693873524665833,0.9823042750358582,0.9691484570503235,0.9328672885894775,0.8777216076850891,0.9392394423484802,0.9696670174598694,0.7623187303543091,0.9580716490745544,0.8131043910980225,0.9791136980056763
321,0.2,0.9893753528594971,0.9875602126121521,0.9989412426948547,0.996776282787323,0.9036502242088318,0.8112175464630127,0.9048612117767334,0.8474289774894714,0.8499549031257629,0.895263671875,0.9600158929824829,0.9807495474815369,0.9652484059333801,0.9108158946037292,0.8882192969322205,0.9259297847747803,0.961138129234314,0.8006107211112976,0.9539839625358582,0.835564136505127,0.9733501076698303,0.9930211901664734,0.9900693297386169,0.999414324760437,0.999640941619873,0.9179143905639648,0.8496067523956299,0.9226396679878235,0.8601399660110474,0.8634130954742432,0.9074233770370483,0.9702021479606628,0.9831332564353943,0.9707591533660889,0.9339731931686401,0.8823046684265137,0.9463680982589722,0.9698458909988403,0.7766532301902771,0.9655415415763855,0.8151252269744873,0.983476459980011
322,0.2,0.9887660145759583,0.9859848022460938,0.99895179271698,0.9964056611061096,0.900325357913971,0.8175653219223022,0.9017558693885803,0.8480116724967957,0.853825569152832,0.8918402791023254,0.9515364766120911,0.9798664450645447,0.9626806378364563,0.9079484343528748,0.8905346393585205,0.9230747818946838,0.9589717388153076,0.7949730753898621,0.9500510096549988,0.8353464603424072,0.9748932123184204,0.9922012090682983,0.9886593222618103,0.9992400407791138,0.9996328949928284,0.917945146560669,0.8605393767356873,0.9224290251731873,0.8448877334594727,0.8536241054534912,0.9037672877311707,0.9698918461799622,0.9812595248222351,0.9689541459083557,0.936116635799408,0.8965024352073669,0.9465336203575134,0.9656615257263184,0.8180488348007202,0.9650012850761414,0.8106508851051331,0.9804811477661133
323,0.2,0.9887962937355042,0.9859724044799805,0.9989721179008484,0.9977992177009583,0.9002113938331604,0.818977415561676,0.8999204635620117,0.8449918627738953,0.8529469966888428,0.882110595703125,0.9571283459663391,0.9787837266921997,0.9647048711776733,0.9098990559577942,0.8892185688018799,0.9262279868125916,0.950389564037323,0.8019588589668274,0.9482726454734802,0.8338605165481567,0.9726865291595459,0.9904832243919373,0.9889052510261536,0.9991298913955688,0.9996451735496521,0.9175663590431213,0.819067120552063,0.9206967353820801,0.8584421873092651,0.8446610569953918,0.8940801620483398,0.9693475961685181,0.9827083945274353,0.9676172137260437,0.9354718923568726,0.8984920978546143,0.9319462180137634,0.9660295844078064,0.7895801663398743,0.9600558280944824,0.8241133689880371,0.9807484149932861
324,0.2,0.9885058999061584,0.9872600436210632,0.9989774227142334,0.9991264343261719,0.902424693107605,0.8096053004264832,0.9032307863235474,0.8479488492012024,0.8553918600082397,0.8919299244880676,0.9619050621986389,0.9806492328643799,0.9618929624557495,0.9075427651405334,0.885926365852356,0.9244824051856995,0.9570287466049194,0.8014463186264038,0.9464426040649414,0.8403009176254272,0.9754604697227478,0.9915905594825745,0.9897767305374146,0.9992780685424805,0.9996538162231445,0.9188973307609558,0.8116992115974426,0.9192662835121155,0.8489575386047363,0.8574127554893494,0.9028381109237671,0.9692717790603638,0.9820970892906189,0.9668148159980774,0.9328046441078186,0.9033829569816589,0.9400199055671692,0.9674168229103088,0.7750012874603271,0.9629130363464355,0.7998421788215637,0.9799497723579407
325,0.2,0.9882175922393799,0.9865156412124634,0.99891197681427,0.9973272085189819,0.9081925749778748,0.8175589442253113,0.9006198048591614,0.8414310812950134,0.8562624454498291,0.8934036493301392,0.9554086327552795,0.9797389507293701,0.9682148694992065,0.9189296364784241,0.8926278948783875,0.930488646030426,0.9603062868118286,0.8000962138175964,0.9428539872169495,0.8393285870552063,0.9725130200386047,0.9912291765213013,0.9890028834342957,0.999273419380188,0.9996544122695923,0.9155423641204834,0.8268482089042664,0.9250696897506714,0.8570317625999451,0.8483726978302002,0.9018287062644958,0.9692515134811401,0.9811558127403259,0.9663234353065491,0.9222469329833984,0.8841205835342407,0.9422169923782349,0.9682077169418335,0.7908859848976135,0.9577727913856506,0.8238765001296997,0.979309618473053
326,0.2,0.9879249930381775,0.9862755537033081,0.998731791973114,0.9964300990104675,0.9128259420394897,0.8118568062782288,0.9068655371665955,0.841228187084198,0.8533937931060791,0.8878703117370605,0.9562137722969055,0.9802854061126709,0.9615334868431091,0.9123324751853943,0.8887825608253479,0.9312623739242554,0.9575785994529724,0.7941620945930481,0.9460489749908447,0.835142970085144,0.9728471636772156,0.9907882213592529,0.9893082976341248,0.9992351531982422,0.9996459484100342,0.9261839389801025,0.8414327502250671,0.9284887313842773,0.8473778963088989,0.8241835236549377,0.8978151082992554,0.9680509567260742,0.9820693731307983,0.9658490419387817,0.9341339468955994,0.8991241455078125,0.9454227089881897,0.9687948226928711,0.7728939652442932,0.9548589587211609,0.7987781167030334,0.9795946478843689
327,0.2,0.9878780245780945,0.9854738712310791,0.9986688494682312,0.9979633688926697,0.899235725402832,0.8091985583305359,0.90980464220047,0.8435837626457214,0.8555928468704224,0.887212336063385,0.9522209763526917,0.9805699586868286,0.9595345854759216,0.9186533689498901,0.8847165107727051,0.9185501337051392,0.9566633105278015,0.8052766919136047,0.9419090747833252,0.8376083970069885,0.9693887829780579,0.9893386960029602,0.9879429936408997,0.9991230964660645,0.9992333054542542,0.9213703274726868,0.8302717804908752,0.9264481663703918,0.8464102745056152,0.8656882643699646,0.8992279171943665,0.9601519703865051,0.9814296960830688,0.9627258777618408,0.9354789853096008,0.8953557014465332,0.9391019940376282,0.9665283560752869,0.7589718699455261,0.9575581550598145,0.8110665082931519,0.9752785563468933
328,0.2,0.9881896376609802,0.9848715662956238,0.9984650015830994,0.998130738735199,0.9128188490867615,0.8136144876480103,0.9045789241790771,0.8446165919303894,0.8542304635047913,0.8934314846992493,0.9575929045677185,0.9789484739303589,0.9594337940216064,0.9205210208892822,0.8919711112976074,0.9156404733657837,0.9549672603607178,0.7968317270278931,0.9551645517349243,0.8335681557655334,0.9736888408660889,0.9897631406784058,0.988136351108551,0.999087929725647,0.9993148446083069,0.9204051494598389,0.8264243006706238,0.9216004610061646,0.8526328206062317,0.858736515045166,0.9056156277656555,0.9661867618560791,0.9806832671165466,0.9659278988838196,0.9331927299499512,0.8860916495323181,0.9416471719741821,0.9663021564483643,0.7802520394325256,0.9621756672859192,0.808415949344635,0.9774014353752136
329,0.2,0.9883219003677368,0.9875515699386597,0.99854576587677,0.9978020191192627,0.9044069051742554,0.8098922371864319,0.9013436436653137,0.8461606502532959,0.8539273142814636,0.8940473794937134,0.9526912569999695,0.978138267993927,0.9582133293151855,0.9115573763847351,0.8869963884353638,0.924799382686615,0.9578121304512024,0.7995378971099854,0.9508934020996094,0.839024543762207,0.9726502299308777,0.9913293719291687,0.9897729158401489,0.9994103908538818,0.9996258020401001,0.9191110134124756,0.8081365823745728,0.929458737373352,0.8540480136871338,0.8534404039382935,0.9072165489196777,0.9698214530944824,0.9835096597671509,0.9651274681091309,0.9317374229431152,0.881033718585968,0.9461655616760254,0.968219518661499,0.826514720916748,0.9641885161399841,0.8455021977424622,0.9834355711936951
330,0.2,0.9871330261230469,0.9865368604660034,0.9986881613731384,0.9973537921905518,0.9061038494110107,0.8076833486557007,0.9006775617599487,0.8444750308990479,0.8566724061965942,0.9019203186035156,0.9595790505409241,0.9796245098114014,0.9626354575157166,0.9097461104393005,0.8902460336685181,0.9239649772644043,0.9538567662239075,0.8075686693191528,0.9491971731185913,0.8377739191055298,0.972539484500885,0.9911208748817444,0.9897946119308472,0.9993066787719727,0.9992943406105042,0.9257833361625671,0.8243239521980286,0.9216740727424622,0.8560951352119446,0.862208902835846,0.9052566289901733,0.9645746946334839,0.9821081757545471,0.9695369005203247,0.9246665239334106,0.9015712738037109,0.9275833964347839,0.9652503728866577,0.7637031674385071,0.9663615822792053,0.8222049474716187,0.9802850484848022
331,0.2,0.9895744323730469,0.9881467819213867,0.9989911913871765,0.9967184066772461,0.9108624458312988,0.812714695930481,0.9082300662994385,0.8445703983306885,0.8591434359550476,0.8932563066482544,0.9606507420539856,0.9807953238487244,0.9685049057006836,0.9088670611381531,0.8875810503959656,0.9213470220565796,0.955503523349762,0.7978293299674988,0.9526451826095581,0.8461753129959106,0.9741561412811279,0.9918968081474304,0.9906077980995178,0.9994109869003296,0.9996392726898193,0.924617350101471,0.8278031349182129,0.9292363524436951,0.8499253392219543,0.8381065130233765,0.9027619361877441,0.9721782803535461,0.9833129048347473,0.9685332775115967,0.928178071975708,0.9025261402130127,0.9397048354148865,0.9693202376365662,0.7768014669418335,0.9581592082977295,0.8237816691398621,0.9824767708778381
332,0.2,0.9874957203865051,0.9876670837402344,0.9988145232200623,0.9980769753456116,0.9113161563873291,0.8080595135688782,0.9083691239356995,0.8411750197410583,0.8567439317703247,0.8862484693527222,0.9573756456375122,0.9801225662231445,0.958118736743927,0.9068576097488403,0.8936631083488464,0.9268118739128113,0.9551171064376831,0.7995094656944275,0.9458647966384888,0.8384772539138794,0.9746740460395813,0.9914641976356506,0.9912805557250977,0.9994385838508606,0.9996328949928284,0.9272082448005676,0.8213452100753784,0.930026113986969,0.852653443813324,0.8560200333595276,0.9045224785804749,0.9690574407577515,0.9838827252388,0.9686451554298401,0.9314379096031189,0.9059561491012573,0.9374693036079407,0.9685664176940918,0.7670780420303345,0.9657648801803589,0.8299631476402283,0.9815899133682251
333,0.2,0.9893686175346375,0.9888924360275269,0.9990673661231995,0.9968997240066528,0.9147886633872986,0.8141242265701294,0.9048277735710144,0.848835825920105,0.8580722212791443,0.8966948390007019,0.9584446549415588,0.9797999858856201,0.9639338254928589,0.9155076146125793,0.8935798406600952,0.9359063506126404,0.9602484107017517,0.8019731640815735,0.949162483215332,0.8411709666252136,0.9739095568656921,0.9916936159133911,0.9899507761001587,0.9993219971656799,0.9996436834335327,0.9191715121269226,0.7951558232307434,0.9182265400886536,0.8535318374633789,0.8567855954170227,0.9066434502601624,0.9679547548294067,0.9820761680603027,0.9683840274810791,0.9250427484512329,0.8932798504829407,0.930070161819458,0.966036856174469,0.7631801962852478,0.9629266262054443,0.8182663321495056,0.9776600003242493
334,0.2,0.9882148504257202,0.9870544075965881,0.9987249374389648,0.9974950551986694,0.9118435382843018,0.8112806081771851,0.9050489664077759,0.8491554260253906,0.8563807606697083,0.8958883285522461,0.9506282210350037,0.9788455367088318,0.9654330015182495,0.9124416708946228,0.8935472965240479,0.9267799854278564,0.9546595811843872,0.7985196113586426,0.9511159658432007,0.836503267288208,0.9721874594688416,0.9901136159896851,0.989172101020813,0.999094545841217,0.9996511936187744,0.9212005138397217,0.8387506604194641,0.9200130105018616,0.8540365695953369,0.8665763735771179,0.9045901894569397,0.9654441475868225,0.9807124137878418,0.9664311408996582,0.9346190690994263,0.8790087699890137,0.9437341690063477,0.9679654836654663,0.7762737274169922,0.9520039558410645,0.8241005539894104,0.9794228672981262
335,0.2,0.9878996014595032,0.9887183904647827,0.9986552596092224,0.9975489974021912,0.913694441318512,0.822047770023346,0.9100702404975891,0.8447853326797485,0.8596047759056091,0.8983858823776245,0.9564590454101562,0.9788600206375122,0.9639391899108887,0.9168581962585449,0.8925965428352356,0.9287425875663757,0.9604595303535461,0.8030908703804016,0.9476224780082703,0.8423900008201599,0.9738340973854065,0.9907280802726746,0.9901947379112244,0.9993458390235901,0.9996426105499268,0.9280241131782532,0.8206890225410461,0.9236929416656494,0.8435065150260925,0.8413701057434082,0.8983763456344604,0.9658644199371338,0.9820922613143921,0.9653028249740601,0.9370056390762329,0.9033223986625671,0.9331169724464417,0.9680895209312439,0.7424778342247009,0.9617156982421875,0.8150979280471802,0.979362428188324
336,0.2,0.988603949546814,0.9867295622825623,0.9988088607788086,0.9985402822494507,0.9131395220756531,0.8123264908790588,0.9025147557258606,0.8495764136314392,0.8622657060623169,0.8906798958778381,0.9550792574882507,0.9800100922584534,0.9610924124717712,0.9120470285415649,0.8882205486297607,0.9224442839622498,0.9576996564865112,0.7979301810264587,0.9456144571304321,0.8434823751449585,0.9715389609336853,0.9906100034713745,0.9902092814445496,0.9993205070495605,0.9996562004089355,0.9248265624046326,0.8369272351264954,0.9259437918663025,0.8446078300476074,0.8366411328315735,0.9002067446708679,0.9701619744300842,0.9823276996612549,0.9643405079841614,0.9309788942337036,0.905655026435852,0.9476531744003296,0.9692171216011047,0.796950101852417,0.9641690850257874,0.8152133226394653,0.9826783537864685
337,0.2,0.9893277883529663,0.9868759512901306,0.9986289739608765,0.998418927192688,0.9147953987121582,0.8167610764503479,0.9115034937858582,0.8470931649208069,0.8583151698112488,0.891294538974762,0.9583126902580261,0.9791243672370911,0.9591041803359985,0.9133361577987671,0.89671790599823,0.922279953956604,0.9589553475379944,0.8019849061965942,0.9509713053703308,0.8443273305892944,0.9711534976959229,0.9902651309967041,0.9893567562103271,0.9992444515228271,0.9996429681777954,0.9279593825340271,0.8423194289207458,0.9254969358444214,0.848365068435669,0.8670135736465454,0.9066419005393982,0.966107189655304,0.9820269346237183,0.962957501411438,0.9362841844558716,0.8890182375907898,0.9368051886558533,0.9669526219367981,0.771550178527832,0.967969536781311,0.8214220404624939,0.9811602234840393
338,0.2,0.9880806803703308,0.9863238334655762,0.9990036487579346,0.9980847239494324,0.917146623134613,0.8269813060760498,0.9085404276847839,0.8423179984092712,0.8650718331336975,0.8912263512611389,0.9619560241699219,0.9804096817970276,0.9636659622192383,0.9050926566123962,0.892875075340271,0.9319208264350891,0.9552873373031616,0.804712176322937,0.9477637410163879,0.837607741355896,0.975281834602356,0.990531861782074,0.9904206395149231,0.9992298483848572,0.9996457695960999,0.9233784079551697,0.8303784132003784,0.9205517768859863,0.8504337072372437,0.8522228002548218,0.9009602665901184,0.9697309136390686,0.981222927570343,0.9657899141311646,0.9242145419120789,0.8899147510528564,0.9338981509208679,0.9680169820785522,0.784784734249115,0.9637365341186523,0.8416275978088379,0.9794051051139832
339,0.2,0.9892880916595459,0.9890444874763489,0.9989471435546875,0.9955198168754578,0.9097824692726135,0.8233374953269958,0.9058924913406372,0.8503208756446838,0.8577399849891663,0.8980726599693298,0.964958131313324,0.9804341793060303,0.9644903540611267,0.9134377241134644,0.891588568687439,0.9230422973632812,0.9581266641616821,0.8000692129135132,0.9417141079902649,0.8469220399856567,0.9762662649154663,0.9916681051254272,0.9906140565872192,0.9992416501045227,0.9996383190155029,0.9236915707588196,0.8402048945426941,0.9288506507873535,0.851891040802002,0.8464230895042419,0.9068354368209839,0.9698912501335144,0.981474757194519,0.9693464040756226,0.9324062466621399,0.9013490080833435,0.9401446580886841,0.9698616862297058,0.7780912518501282,0.9610164761543274,0.824626624584198,0.9816011786460876
340,0.2,0.9906191825866699,0.9882835745811462,0.9990396499633789,0.9962902665138245,0.9187769889831543,0.817743718624115,0.9035045504570007,0.846878707408905,0.8630161881446838,0.8978953957557678,0.9560909867286682,0.9821979403495789,0.9644880890846252,0.9141877293586731,0.8912032246589661,0.9247589111328125,0.9560911059379578,0.8040988445281982,0.9542016983032227,0.8402612805366516,0.976742684841156,0.9910433292388916,0.9907298684120178,0.9993512034416199,0.9996530413627625,0.9303309917449951,0.8037839531898499,0.9306107759475708,0.8558908700942993,0.8640516996383667,0.9021091461181641,0.9681748151779175,0.9835000038146973,0.9693242311477661,0.939549446105957,0.9061720371246338,0.9447973966598511,0.9687247276306152,0.790677547454834,0.9630631804466248,0.8446652889251709,0.983622670173645
341,0.2,0.9899044632911682,0.9890933036804199,0.9991170167922974,0.999738335609436,0.9195096492767334,0.8191615343093872,0.9105705618858337,0.8460783362388611,0.8598700761795044,0.8930937051773071,0.9591391682624817,0.9823855757713318,0.9608379006385803,0.9126583933830261,0.892331063747406,0.923747718334198,0.9590186476707458,0.8003537058830261,0.9500432014465332,0.8386649489402771,0.9759979844093323,0.9932361841201782,0.9933103919029236,0.9995960593223572,0.9996395707130432,0.9308137893676758,0.8221558332443237,0.936170220375061,0.8496468663215637,0.8612819910049438,0.9074931740760803,0.9694450497627258,0.9843823313713074,0.9641428589820862,0.9384477734565735,0.9001169204711914,0.9477394223213196,0.9698708653450012,0.7773159742355347,0.9721677303314209,0.8080270290374756,0.9822510480880737
342,0.2,0.9901029467582703,0.989654541015625,0.9988861083984375,0.9975687265396118,0.9183512926101685,0.8154135346412659,0.9058992266654968,0.8501578569412231,0.8647242784500122,0.8991038799285889,0.9498663544654846,0.9808310866355896,0.9610080122947693,0.9161569476127625,0.8992473483085632,0.934431791305542,0.9573615193367004,0.7987684011459351,0.9500904679298401,0.8379157781600952,0.9739817976951599,0.9911426305770874,0.9911187291145325,0.9993851780891418,0.9997080564498901,0.9350653290748596,0.8471282124519348,0.9317753911018372,0.8451287746429443,0.8714454174041748,0.9016527533531189,0.9703617095947266,0.9826684594154358,0.969078540802002,0.9357497692108154,0.909244954586029,0.9477863311767578,0.9666648507118225,0.8255024552345276,0.9704906940460205,0.8178743124008179,0.9835450053215027
343,0.2,0.9892777800559998,0.9887774586677551,0.998975932598114,0.99675053358078,0.9184245467185974,0.8192599415779114,0.9060073494911194,0.8484605550765991,0.8611454963684082,0.8940728902816772,0.9634729623794556,0.9811697602272034,0.962794303894043,0.9116917848587036,0.8955481648445129,0.92650306224823,0.9599160552024841,0.7944840788841248,0.9480846524238586,0.8384115099906921,0.9756106734275818,0.991706371307373,0.9906905889511108,0.9993602633476257,0.9997298717498779,0.925575315952301,0.8240576386451721,0.9280470013618469,0.8547545671463013,0.8473926782608032,0.9058811664581299,0.9692605137825012,0.9824060201644897,0.9693705439567566,0.9315913319587708,0.8811101913452148,0.9480254650115967,0.9680814743041992,0.7748538851737976,0.964607834815979,0.830200731754303,0.9791933298110962
344,0.2,0.98890620470047,0.9863501787185669,0.998759925365448,0.9966868162155151,0.911973237991333,0.8154579401016235,0.9067381024360657,0.8474065065383911,0.857976496219635,0.8960124850273132,0.9629516005516052,0.9803561568260193,0.9626491069793701,0.9116085767745972,0.8958224058151245,0.9258188009262085,0.9598215818405151,0.8003286719322205,0.9466108679771423,0.8443143963813782,0.9748846292495728,0.9910876750946045,0.9904195070266724,0.9992265701293945,0.9997745752334595,0.9337283372879028,0.8497399687767029,0.9227946996688843,0.8538341522216797,0.8460127711296082,0.9120947122573853,0.9633034467697144,0.9806957244873047,0.9672321081161499,0.9365074038505554,0.8916487693786621,0.947724461555481,0.9675548672676086,0.7793914675712585,0.964225172996521,0.8152464032173157,0.9793238639831543
345,0.2,0.9881703853607178,0.9872176051139832,0.9987457990646362,0.9973207116127014,0.9130480885505676,0.8203349709510803,0.9039934873580933,0.8440375924110413,0.860146164894104,0.896018922328949,0.9539936780929565,0.9781813025474548,0.9670326709747314,0.9148656725883484,0.8885148167610168,0.9218223094940186,0.9535027146339417,0.8032041788101196,0.9467836618423462,0.8418731689453125,0.966718316078186,0.990646481513977,0.9898988008499146,0.9992454648017883,0.9996533989906311,0.9329502582550049,0.8202771544456482,0.9242773652076721,0.8581783771514893,0.8650571703910828,0.9106948375701904,0.9647284150123596,0.9810093641281128,0.9676753878593445,0.9392966628074646,0.8894231915473938,0.9463786482810974,0.9682368040084839,0.772960901260376,0.9658291339874268,0.8182994723320007,0.9754274487495422
346,0.2,0.9878851771354675,0.9868600964546204,0.9987539052963257,0.9966036081314087,0.9209356307983398,0.8202154040336609,0.9088862538337708,0.8511267304420471,0.8618489503860474,0.8998987674713135,0.9571642875671387,0.9793261885643005,0.9629388451576233,0.9146425724029541,0.8867395520210266,0.924860954284668,0.9546602368354797,0.7972460985183716,0.9523556232452393,0.8409985303878784,0.971205472946167,0.9922784566879272,0.9911196827888489,0.9994263648986816,0.9996554851531982,0.934996485710144,0.8424686789512634,0.9318022727966309,0.8664175271987915,0.8471170663833618,0.9127973914146423,0.9672167897224426,0.9820431470870972,0.9660215973854065,0.9449570178985596,0.8953486084938049,0.946122407913208,0.9721801280975342,0.7738849520683289,0.966410219669342,0.8355906009674072,0.9796478748321533
347,0.2,0.9892058968544006,0.988341212272644,0.999125599861145,0.9977608323097229,0.922374427318573,0.8209348917007446,0.9058253765106201,0.8516576290130615,0.8612093925476074,0.9073988795280457,0.957413911819458,0.9798214435577393,0.9608255624771118,0.9148591756820679,0.8965612649917603,0.9227626919746399,0.9630042314529419,0.800704300403595,0.952571451663971,0.8545365929603577,0.9742158651351929,0.9908002614974976,0.9894837141036987,0.9993899464607239,0.9996160268783569,0.9344089031219482,0.8564409017562866,0.9343156814575195,0.850007951259613,0.858232855796814,0.9121235609054565,0.967685878276825,0.9823613166809082,0.9657536149024963,0.9373018741607666,0.9069505929946899,0.9413209557533264,0.9660427570343018,0.8154737949371338,0.9675333499908447,0.8209145665168762,0.9816270470619202
348,0.2,0.9880786538124084,0.9876448512077332,0.9989388585090637,0.9997500777244568,0.9189611673355103,0.8238504528999329,0.9106707572937012,0.8477275967597961,0.8611414432525635,0.8998379111289978,0.9573561549186707,0.9797446727752686,0.9637835621833801,0.9125620126724243,0.8968077301979065,0.9276126027107239,0.956315815448761,0.8060939908027649,0.9537331461906433,0.8422819375991821,0.974787175655365,0.9914326071739197,0.9904660582542419,0.9994478225708008,0.9988280534744263,0.9319522380828857,0.841881513595581,0.9345245361328125,0.8370604515075684,0.8550096750259399,0.9085863828659058,0.9634581804275513,0.9822754263877869,0.9692807197570801,0.9322934746742249,0.9027153253555298,0.9263366460800171,0.9680810570716858,0.7792273759841919,0.9668683409690857,0.8167674541473389,0.9794620871543884
349,0.2,0.9879464507102966,0.9882615208625793,0.9986267685890198,0.998143196105957,0.9171973466873169,0.823207437992096,0.911766529083252,0.8503019213676453,0.8602215647697449,0.9021878242492676,0.9602419137954712,0.9799711108207703,0.9632560014724731,0.9118139147758484,0.8975650668144226,0.9253566861152649,0.9580204486846924,0.8023414015769958,0.9487959742546082,0.8394187688827515,0.9720062017440796,0.9920756220817566,0.9917066097259521,0.9994729161262512,0.9996611475944519,0.9331874847412109,0.8488368988037109,0.9299203753471375,0.8572850823402405,0.8706461787223816,0.9074200391769409,0.9681203365325928,0.9829742312431335,0.9681552648544312,0.9316542744636536,0.8915296196937561,0.9492195248603821,0.9684475064277649,0.7534891963005066,0.9614254236221313,0.8130359053611755,0.9782938957214355
350,0.2,0.9868548512458801,0.987829327583313,0.9988921284675598,0.9991638660430908,0.9185155630111694,0.8238011598587036,0.9069792628288269,0.8515048027038574,0.8591968417167664,0.9058617949485779,0.9572357535362244,0.9800131916999817,0.9616220593452454,0.9082556366920471,0.8934786319732666,0.92137211561203,0.9562530517578125,0.8057143688201904,0.9506440758705139,0.8372237086296082,0.9724917411804199,0.9911983013153076,0.9907911419868469,0.9993748664855957,0.9996222853660583,0.9359355568885803,0.8307331204414368,0.935050904750824,0.8539785742759705,0.8566368818283081,0.9103829860687256,0.9664856195449829,0.9819241762161255,0.9701064229011536,0.9401721358299255,0.9008080363273621,0.940505862236023,0.9693124294281006,0.7610073089599609,0.9657493829727173,0.811538577079773,0.9802421927452087
351,0.2,0.9879018068313599,0.9885209202766418,0.9990214109420776,0.9978955984115601,0.9215585589408875,0.8318620324134827,0.901987612247467,0.8466643691062927,0.862573504447937,0.9023464918136597,0.959190309047699,0.9803467392921448,0.968328595161438,0.9142696857452393,0.9006019234657288,0.9228850603103638,0.9584958553314209,0.8029406666755676,0.9547931551933289,0.842305064201355,0.9751564264297485,0.9904915690422058,0.9899545311927795,0.9992908239364624,0.9993495345115662,0.9273744225502014,0.8439053893089294,0.9303065538406372,0.8515915274620056,0.8516750335693359,0.8994207382202148,0.9684321880340576,0.9809765815734863,0.9711071252822876,0.936327338218689,0.8948605060577393,0.9313039183616638,0.9679358601570129,0.7926087379455566,0.9634185433387756,0.8157896995544434,0.9814340472221375
352,0.2,0.9874868988990784,0.9887038469314575,0.9989511370658875,0.9974111914634705,0.9185415506362915,0.8237430453300476,0.9140633940696716,0.8568330407142639,0.8593382239341736,0.8975383639335632,0.9584133625030518,0.9814574122428894,0.9696561098098755,0.9143950939178467,0.8920382857322693,0.9229505062103271,0.960273265838623,0.8014296889305115,0.953437864780426,0.8411633968353271,0.9752221703529358,0.9906158447265625,0.9902957081794739,0.9992807507514954,0.998885452747345,0.9341025948524475,0.8496629595756531,0.9278454184532166,0.8545509576797485,0.8518266081809998,0.8984889388084412,0.9662657380104065,0.9815728068351746,0.96722811460495,0.9391493797302246,0.8874874711036682,0.9307413101196289,0.9668493866920471,0.7949280738830566,0.9558591842651367,0.8354180455207825,0.9810076951980591
353,0.2,0.9889528155326843,0.9886695146560669,0.9990063309669495,0.9974930286407471,0.9225488305091858,0.8244904279708862,0.9129485487937927,0.8509635925292969,0.8663709163665771,0.9017166495323181,0.9597994089126587,0.9812170267105103,0.96435546875,0.9110268354415894,0.8881889581680298,0.9169098734855652,0.9555224180221558,0.7988954186439514,0.9364725351333618,0.8286868929862976,0.9758520722389221,0.991133987903595,0.9906607270240784,0.9993072152137756,0.9989134669303894,0.9356098771095276,0.8247820138931274,0.9330865144729614,0.8579694032669067,0.8638473153114319,0.9014999866485596,0.9627725481987,0.9816965460777283,0.9711707234382629,0.9413641691207886,0.8985981941223145,0.9381334185600281,0.9674296379089355,0.7896949648857117,0.965258002281189,0.8565922379493713,0.9809994101524353
354,0.2,0.988002598285675,0.9891791939735413,0.9987694025039673,0.9972383975982666,0.9225791096687317,0.8255805969238281,0.9142088294029236,0.8538125157356262,0.8626545071601868,0.8992466330528259,0.9566776156425476,0.9786653518676758,0.9650440812110901,0.9158779978752136,0.8937767744064331,0.9271976351737976,0.9582836031913757,0.8041417598724365,0.9513852000236511,0.8448437452316284,0.9743276834487915,0.9911060929298401,0.9925053715705872,0.9993900060653687,0.999670147895813,0.9354000687599182,0.8387342691421509,0.9277498722076416,0.8590057492256165,0.8690667748451233,0.9064617156982422,0.965578556060791,0.981050968170166,0.9674614667892456,0.9337149262428284,0.899384617805481,0.9474456310272217,0.9720157980918884,0.7682244181632996,0.9684206247329712,0.832210123538971,0.9807546734809875
355,0.2,0.988375723361969,0.9903528094291687,0.9990366101264954,0.9975453615188599,0.9190273880958557,0.8241785168647766,0.9104742407798767,0.8500839471817017,0.8626580834388733,0.9020062685012817,0.9605937600135803,0.9792406558990479,0.9652809500694275,0.911454975605011,0.8916383385658264,0.9284271597862244,0.9601869583129883,0.8019586205482483,0.955663800239563,0.842492938041687,0.9752997756004333,0.9923454523086548,0.9928412437438965,0.999559760093689,0.9998116493225098,0.9330775141716003,0.8561585545539856,0.9334612488746643,0.8553943634033203,0.8504980206489563,0.9092005491256714,0.970501184463501,0.983697772026062,0.9691768288612366,0.9365012049674988,0.8904686570167542,0.9550839066505432,0.9728540182113647,0.7689586877822876,0.9652564525604248,0.8086019158363342,0.9831055998802185
356,0.2,0.9898155927658081,0.9897512793540955,0.9991851449012756,0.9953712821006775,0.9208661913871765,0.8260270953178406,0.9135337471961975,0.8477565050125122,0.8628476858139038,0.9050337076187134,0.959924578666687,0.98161780834198,0.9668235182762146,0.9111377596855164,0.8933847546577454,0.9368743896484375,0.9613817930221558,0.8023682236671448,0.9466694593429565,0.8416797518730164,0.9746376872062683,0.9913027286529541,0.9909323453903198,0.9992756843566895,0.9980520009994507,0.9314990043640137,0.8276260495185852,0.9256057143211365,0.848739743232727,0.8549003005027771,0.909899115562439,0.966182291507721,0.9802199006080627,0.969264805316925,0.9322155714035034,0.9043175578117371,0.9343081116676331,0.9680938720703125,0.7997244596481323,0.9572256803512573,0.8078885078430176,0.9814798831939697
357,0.2,0.9897422194480896,0.990319013595581,0.9991620779037476,0.997100830078125,0.923087477684021,0.8307584524154663,0.9014188647270203,0.8493528366088867,0.8682262301445007,0.9006233215332031,0.9583352208137512,0.9803298115730286,0.969413161277771,0.9154555201530457,0.8989748954772949,0.9239410758018494,0.9607813954353333,0.8042099475860596,0.9478012323379517,0.8420698046684265,0.978010892868042,0.992392897605896,0.9935100078582764,0.9995130300521851,0.9997231960296631,0.9395812153816223,0.8400132060050964,0.9281894564628601,0.8546375632286072,0.8616275787353516,0.9084466695785522,0.9701204299926758,0.9825804829597473,0.970302939414978,0.9387213587760925,0.9007566571235657,0.9385115504264832,0.9721356630325317,0.7974825501441956,0.96595698595047,0.8059559464454651,0.9827592968940735
358,0.2,0.9919871687889099,0.9919618368148804,0.9992135763168335,0.9975376725196838,0.9263874888420105,0.8334364295005798,0.910164475440979,0.8501650094985962,0.8646448850631714,0.9008151292800903,0.9650052785873413,0.9844641089439392,0.9714562296867371,0.9175208806991577,0.8952304124832153,0.9245702624320984,0.96063232421875,0.800114631652832,0.952576756477356,0.8463239669799805,0.9792301058769226,0.9919326901435852,0.9915152192115784,0.9993703961372375,0.9992137551307678,0.9375099539756775,0.8391454219818115,0.9321910738945007,0.8534446954727173,0.8553314805030823,0.9103798270225525,0.966486394405365,0.9826862812042236,0.9728618264198303,0.9444824457168579,0.8964101672172546,0.9403138756752014,0.9676302671432495,0.7518476843833923,0.9661853909492493,0.8423988819122314,0.9836365580558777
359,0.2,0.9905974864959717,0.9904941916465759,0.9990277290344238,0.9960432052612305,0.923828125,0.8397811651229858,0.9087398052215576,0.8548072576522827,0.8682553768157959,0.89694744348526,0.9602984189987183,0.9811421632766724,0.9658496379852295,0.916286289691925,0.896863579750061,0.927259624004364,0.9614658951759338,0.8042973279953003,0.951103150844574,0.8415194749832153,0.978001594543457,0.9919241070747375,0.9920650720596313,0.9993888735771179,0.9996364712715149,0.9361356496810913,0.8394564986228943,0.929225504398346,0.8567675352096558,0.8680616617202759,0.9133649468421936,0.9707343578338623,0.9823126196861267,0.9679659008979797,0.9362984895706177,0.8930431008338928,0.9365647435188293,0.9720327854156494,0.7252830862998962,0.9652702808380127,0.8233059048652649,0.9825584888458252
360,0.2,0.9893648624420166,0.9903537631034851,0.9990061521530151,0.9974337816238403,0.9313377737998962,0.833856463432312,0.9158107042312622,0.8533316850662231,0.8668740391731262,0.9026440382003784,0.9644241333007812,0.9819149374961853,0.9657041430473328,0.9107758402824402,0.8962945938110352,0.9340465664863586,0.9552841186523438,0.8014596700668335,0.9603044986724854,0.8362123966217041,0.9785462021827698,0.9926392436027527,0.9931777119636536,0.9995306730270386,0.9996479153633118,0.9415892362594604,0.8304986357688904,0.9347564578056335,0.8513001799583435,0.8674995303153992,0.9184069037437439,0.9683514833450317,0.9835464954376221,0.9700686931610107,0.9391905069351196,0.9095683693885803,0.9405145049095154,0.971571683883667,0.7495867013931274,0.9762601852416992,0.8370285630226135,0.9846789836883545
361,0.2,0.9901627898216248,0.9901480078697205,0.9990378618240356,0.9970028400421143,0.9229010939598083,0.8333215713500977,0.9178890585899353,0.8534325361251831,0.8631466031074524,0.8999994993209839,0.9555071592330933,0.9810979962348938,0.9656865000724792,0.9208770394325256,0.9005407691001892,0.9279084801673889,0.9542416334152222,0.801710307598114,0.9568352103233337,0.8381718397140503,0.9782055616378784,0.9925145506858826,0.9933274984359741,0.9995135068893433,0.9996939301490784,0.9409006237983704,0.8428274989128113,0.939868152141571,0.8459998369216919,0.846466064453125,0.9038205146789551,0.9670225381851196,0.9825281500816345,0.9691317677497864,0.925187349319458,0.899096667766571,0.9323734045028687,0.9694315791130066,0.7811805009841919,0.9739695191383362,0.8212947249412537,0.9817685484886169
362,0.2,0.9898594617843628,0.9905839562416077,0.9989884495735168,0.9951218962669373,0.9259623885154724,0.8315070271492004,0.9134896397590637,0.8509557843208313,0.8636054992675781,0.8982590436935425,0.9608393907546997,0.9809138774871826,0.9716584086418152,0.9148150682449341,0.8972156643867493,0.9239293932914734,0.9580138325691223,0.7957239151000977,0.9575914144515991,0.8450829386711121,0.9761984944343567,0.991564929485321,0.9920562505722046,0.9993806481361389,0.9996889233589172,0.9380770325660706,0.8441690802574158,0.9386867880821228,0.8456984162330627,0.8660339117050171,0.905794620513916,0.9698868989944458,0.9821159839630127,0.970445990562439,0.9402960538864136,0.9077650904655457,0.945589005947113,0.9676810503005981,0.7691619396209717,0.9738309383392334,0.8254148960113525,0.9835886359214783
363,0.2,0.9894858002662659,0.9899606108665466,0.99896240234375,0.9948434829711914,0.9289477467536926,0.8379007577896118,0.9094854593276978,0.8553978800773621,0.8659318089485168,0.8933144211769104,0.9601040482521057,0.9804095029830933,0.9607406854629517,0.9121681451797485,0.8977600932121277,0.9300546050071716,0.9621956944465637,0.7972490787506104,0.9571591019630432,0.8437626361846924,0.9756758809089661,0.9908257722854614,0.9923062324523926,0.999367892742157,0.9987722039222717,0.9425655603408813,0.8473896384239197,0.9362990260124207,0.8615338206291199,0.8598167300224304,0.9060849547386169,0.9660974144935608,0.9813631772994995,0.965315580368042,0.9393534064292908,0.8913533091545105,0.9356429576873779,0.9685807228088379,0.804189145565033,0.9717308878898621,0.8084309101104736,0.9843760132789612
364,0.2,0.9887067675590515,0.9886034727096558,0.9988470673561096,0.995916485786438,0.9252600073814392,0.8359253406524658,0.9159204959869385,0.8564688563346863,0.8615781664848328,0.9009725451469421,0.963140070438385,0.9793626666069031,0.9628204703330994,0.911046028137207,0.8991117477416992,0.9247627854347229,0.9589242339134216,0.7967705130577087,0.9460839629173279,0.8494554758071899,0.9765943884849548,0.9916666746139526,0.9930886030197144,0.9994458556175232,0.9997984766960144,0.9340589046478271,0.8383933901786804,0.930226743221283,0.8525500893592834,0.8644508719444275,0.9077910780906677,0.9696280360221863,0.981155514717102,0.9649210572242737,0.9231024384498596,0.9131224155426025,0.9446559548377991,0.9712465405464172,0.8020207285881042,0.9655847549438477,0.831099808216095,0.9835545420646667
365,0.2,0.9862962365150452,0.9900577664375305,0.9989799857139587,0.9969447255134583,0.9249240159988403,0.8386836647987366,0.9124853014945984,0.8543657064437866,0.8647342324256897,0.8906727433204651,0.9603061079978943,0.9785987138748169,0.9614753127098083,0.9037708640098572,0.900883674621582,0.92609041929245,0.9575141668319702,0.810849130153656,0.9446081519126892,0.8474062085151672,0.9766280055046082,0.9918997287750244,0.992925763130188,0.9994252324104309,0.9997584223747253,0.9377186298370361,0.8328968286514282,0.9348925948143005,0.8522943258285522,0.8593675494194031,0.9113360643386841,0.9695371389389038,0.981497049331665,0.9668449759483337,0.92265385389328,0.906112790107727,0.9239339828491211,0.970465898513794,0.7653253078460693,0.9716483950614929,0.7916087508201599,0.9834795594215393
366,0.2,0.989002525806427,0.9918258190155029,0.9991582632064819,0.9965643286705017,0.9261521697044373,0.8341280221939087,0.9151496291160583,0.8526614308357239,0.8638184070587158,0.9035929441452026,0.9604777097702026,0.9789190292358398,0.9631691575050354,0.9087123274803162,0.8964360952377319,0.9288938045501709,0.9625198841094971,0.8059699535369873,0.9580192565917969,0.8377929329872131,0.9764645099639893,0.9934127330780029,0.9944025874137878,0.9996064901351929,0.9997837543487549,0.9427531957626343,0.8455256223678589,0.9412811994552612,0.8568218350410461,0.8566471934318542,0.9137893319129944,0.9705209136009216,0.9829567670822144,0.9694861769676208,0.9378973245620728,0.8971588015556335,0.9378811120986938,0.9729634523391724,0.7789940237998962,0.9724968671798706,0.8306406140327454,0.9845917820930481
367,0.2,0.9895554184913635,0.9924421906471252,0.9991044402122498,0.9948328733444214,0.9220954179763794,0.8359200358390808,0.9197037816047668,0.8540409803390503,0.8650115132331848,0.9031755328178406,0.9576402306556702,0.9807857871055603,0.9623457789421082,0.9226226806640625,0.8982623219490051,0.9229645133018494,0.9579241871833801,0.800466001033783,0.955355703830719,0.8433893918991089,0.9764594435691833,0.9915001392364502,0.9919092655181885,0.9993786811828613,0.9994109869003296,0.9428925514221191,0.8374956250190735,0.9381588697433472,0.8553465008735657,0.8792010545730591,0.9072285890579224,0.9681206345558167,0.9820243716239929,0.9649271368980408,0.9387555122375488,0.9035770297050476,0.9390943050384521,0.9674561023712158,0.7802618145942688,0.9723799824714661,0.8250730633735657,0.9840158820152283
368,0.2,0.987642228603363,0.9895129203796387,0.998987078666687,0.9975925087928772,0.9299201965332031,0.8360975384712219,0.9163574576377869,0.8535885214805603,0.8603242635726929,0.8944421410560608,0.9609864354133606,0.9802395701408386,0.9620667099952698,0.9091159701347351,0.897693395614624,0.9273895621299744,0.9624146223068237,0.8006553053855896,0.9521182179450989,0.8405160307884216,0.9743818044662476,0.991895318031311,0.9926977157592773,0.999459445476532,0.9998025298118591,0.942782461643219,0.849511981010437,0.9321396350860596,0.8504481911659241,0.8513299822807312,0.9010502696037292,0.9681121706962585,0.9837988018989563,0.9658623933792114,0.9244567155838013,0.8967674970626831,0.9324902892112732,0.973910927772522,0.7847940921783447,0.9646312594413757,0.818996250629425,0.9800048470497131
369,0.2,0.9888100028038025,0.991728663444519,0.9992170333862305,0.9983567595481873,0.9283517003059387,0.8387768268585205,0.9142892956733704,0.855756938457489,0.8577370047569275,0.9010270833969116,0.9666085839271545,0.9799364805221558,0.9619861245155334,0.9078086018562317,0.8891114592552185,0.9191118478775024,0.9645488262176514,0.8038543462753296,0.9480482935905457,0.8374164700508118,0.9786354303359985,0.9933093190193176,0.9927967190742493,0.9994849562644958,0.999779462814331,0.9431166052818298,0.8405465483665466,0.9401734471321106,0.8589599132537842,0.8633533716201782,0.9163433909416199,0.9718554615974426,0.9831469058990479,0.9704564809799194,0.9291062355041504,0.8861134052276611,0.9457163214683533,0.9724652171134949,0.7756938934326172,0.9683451056480408,0.7870257496833801,0.9831201434135437
370,0.2,0.9891932010650635,0.9915456771850586,0.9992527961730957,0.9964327812194824,0.9280131459236145,0.8357006907463074,0.9200760126113892,0.8593014478683472,0.8642568588256836,0.9080155491828918,0.9650382399559021,0.9814754128456116,0.9595114588737488,0.9149789214134216,0.8953567147254944,0.9292600154876709,0.9600026607513428,0.7983396649360657,0.9581204056739807,0.8337859511375427,0.9776194095611572,0.9927080869674683,0.9932485818862915,0.9994752407073975,0.9997918009757996,0.9453988075256348,0.84211665391922,0.9397909641265869,0.8583270907402039,0.8576504588127136,0.9066052436828613,0.9685852527618408,0.9832600355148315,0.9696215987205505,0.9320532083511353,0.9128944277763367,0.9458872675895691,0.9724945425987244,0.7781626582145691,0.972173810005188,0.8357288837432861,0.9815974235534668
371,0.2,0.9896098375320435,0.9908444285392761,0.9992800951004028,0.9988868236541748,0.9294368028640747,0.8320065140724182,0.9206533432006836,0.8610211610794067,0.8686091899871826,0.8967433571815491,0.9597883820533752,0.9815880656242371,0.9658126831054688,0.9123430252075195,0.9021134972572327,0.9313414692878723,0.9586064219474792,0.7983550429344177,0.9485058784484863,0.8426100611686707,0.9755452871322632,0.9930600523948669,0.993503987789154,0.9994760155677795,0.9992910623550415,0.945304811000824,0.8533279895782471,0.9417977929115295,0.8580875396728516,0.8757870197296143,0.9148706793785095,0.9717316031455994,0.983934760093689,0.9713056683540344,0.9330556988716125,0.9144297242164612,0.9438745975494385,0.9718819260597229,0.782859742641449,0.9736848473548889,0.8098809719085693,0.9836207628250122
372,0.2,0.9896347522735596,0.9905385971069336,0.9991362690925598,0.9966078996658325,0.9310117959976196,0.8362712264060974,0.9184045195579529,0.8537256717681885,0.8634582161903381,0.8936036825180054,0.9626695513725281,0.9805951118469238,0.9622430801391602,0.9130786061286926,0.8993287682533264,0.9282693862915039,0.9626169204711914,0.8001043200492859,0.9549816250801086,0.8472691178321838,0.9786649942398071,0.9934059977531433,0.9935369491577148,0.9994882941246033,0.9989522099494934,0.9416120648384094,0.8471587300300598,0.9372870326042175,0.8568776249885559,0.8532967567443848,0.9104938507080078,0.9711242914199829,0.9838857054710388,0.9716756343841553,0.934548556804657,0.9035175442695618,0.9383331537246704,0.9718217849731445,0.8176707625389099,0.9692026376724243,0.817166268825531,0.9820001721382141
373,0.2,0.99049311876297,0.990870475769043,0.9992141723632812,0.9967039227485657,0.9316967725753784,0.8385122418403625,0.9123939871788025,0.8601446151733398,0.8671022057533264,0.902716875076294,0.961813747882843,0.9809658527374268,0.9708229303359985,0.913987398147583,0.8941749334335327,0.9321818351745605,0.9577050805091858,0.8025975227355957,0.958145797252655,0.8422732353210449,0.9764595627784729,0.9930988550186157,0.9927892684936523,0.9994288682937622,0.9990582466125488,0.948441743850708,0.8429631590843201,0.9405750632286072,0.8620197772979736,0.8607404232025146,0.9200869202613831,0.9653653502464294,0.9850510954856873,0.9708835482597351,0.9430596232414246,0.9108114242553711,0.951930820941925,0.9710207581520081,0.7533795237541199,0.975245475769043,0.8192924857139587,0.9825119972229004
374,0.2,0.9900779724121094,0.9921549558639526,0.998943567276001,0.9957063794136047,0.9388869404792786,0.8426143527030945,0.9187390208244324,0.8563902974128723,0.8655890822410583,0.9099435210227966,0.9672194719314575,0.9830048680305481,0.9731765985488892,0.9129302501678467,0.9048669934272766,0.9302757978439331,0.9635385274887085,0.7996946573257446,0.9583773612976074,0.8383321762084961,0.9760733246803284,0.9926146268844604,0.9930078983306885,0.9994797706604004,0.99910569190979,0.9470458030700684,0.8518532514572144,0.9432315230369568,0.8620178699493408,0.8644727468490601,0.9116334319114685,0.9694080948829651,0.9843143820762634,0.9697174429893494,0.9342387914657593,0.9047176241874695,0.9386336207389832,0.9710601568222046,0.7527773380279541,0.9700269103050232,0.8633687496185303,0.9826950430870056
375,0.2,0.9905832409858704,0.9913458228111267,0.9988542795181274,0.9967483282089233,0.9356988668441772,0.8460670709609985,0.9234740734100342,0.8506139516830444,0.865116536617279,0.907162606716156,0.9655532240867615,0.9827111959457397,0.9736166000366211,0.9080597758293152,0.8998536467552185,0.9277795553207397,0.9599894881248474,0.8026635050773621,0.9584224820137024,0.845772922039032,0.9757143259048462,0.9933463335037231,0.9930325746536255,0.9994577765464783,0.9987195730209351,0.9483393430709839,0.8394419550895691,0.9410423040390015,0.8582075834274292,0.8588361740112305,0.9177097678184509,0.969645082950592,0.9838807582855225,0.9703960418701172,0.9366351366043091,0.9183034300804138,0.9480662941932678,0.971961259841919,0.7976929545402527,0.972715437412262,0.8482394218444824,0.9837443232536316
376,0.2,0.9911254644393921,0.9917517304420471,0.9991424083709717,0.9968631267547607,0.9362990260124207,0.8408557772636414,0.911595344543457,0.8539003133773804,0.8678017258644104,0.9040462374687195,0.9642300009727478,0.9829028248786926,0.9676549434661865,0.9159619808197021,0.9034360647201538,0.9262210726737976,0.9560232162475586,0.8024271726608276,0.9549316763877869,0.8437240123748779,0.979884922504425,0.9926378726959229,0.9929046630859375,0.9994338154792786,0.9983262419700623,0.9440973401069641,0.8545282483100891,0.9358019232749939,0.8483340740203857,0.8565841317176819,0.9116723537445068,0.9699907302856445,0.9837015271186829,0.9696218371391296,0.9352953433990479,0.8859649300575256,0.9505015015602112,0.9714299440383911,0.799832284450531,0.9681406021118164,0.8074800372123718,0.981505811214447
377,0.2,0.9890541434288025,0.9897167682647705,0.9987678527832031,0.9951326847076416,0.9337775111198425,0.8404262661933899,0.9115665555000305,0.856703519821167,0.8683832883834839,0.9061319828033447,0.9621077179908752,0.9807310104370117,0.9693782329559326,0.9118702411651611,0.8989488482475281,0.9319870471954346,0.9577780961990356,0.80412358045578,0.9533697962760925,0.8383762836456299,0.9758335947990417,0.9927191734313965,0.9929118752479553,0.9994679093360901,0.9990566372871399,0.940650999546051,0.8258664011955261,0.9366944432258606,0.857096791267395,0.854240894317627,0.9075090885162354,0.9719387292861938,0.983476996421814,0.9706650376319885,0.9331754446029663,0.9012007117271423,0.9427849650382996,0.9689524173736572,0.7590813636779785,0.9743044376373291,0.8533506393432617,0.9814189672470093
378,0.2,0.9896928668022156,0.9912773966789246,0.999004602432251,0.9973885416984558,0.9348297119140625,0.8387691974639893,0.9220851063728333,0.858805775642395,0.861445963382721,0.8983906507492065,0.9629530310630798,0.9817857146263123,0.965265691280365,0.9138033390045166,0.8990166783332825,0.9225436449050903,0.9551377892494202,0.7934629321098328,0.956395149230957,0.8499399423599243,0.9735193252563477,0.9924925565719604,0.993744969367981,0.9995021820068359,0.9993543028831482,0.9472528100013733,0.852257490158081,0.941554069519043,0.8595578670501709,0.8544411063194275,0.9050649404525757,0.9706754088401794,0.9843519926071167,0.9674868583679199,0.9344158172607422,0.8984169960021973,0.9473689198493958,0.9739063382148743,0.7887398600578308,0.9676187634468079,0.8175269365310669,0.9826022982597351
379,0.2,0.9895060658454895,0.9919012188911438,0.9991792440414429,0.9969179034233093,0.9374020099639893,0.839247465133667,0.9195588231086731,0.8558277487754822,0.8673858046531677,0.9014738202095032,0.966668963432312,0.9827485680580139,0.9678565263748169,0.9187401533126831,0.8992133736610413,0.9277662038803101,0.962604284286499,0.8040109276771545,0.9492079019546509,0.8445506691932678,0.9750173091888428,0.991991400718689,0.9933667778968811,0.9995045065879822,0.9987589716911316,0.9438531994819641,0.8507341146469116,0.9420239925384521,0.8570142984390259,0.8484910726547241,0.8987199068069458,0.9726468324661255,0.9838624596595764,0.9712090492248535,0.9248861074447632,0.9064506888389587,0.9366633296012878,0.9712110161781311,0.8154005408287048,0.9667343497276306,0.828579306602478,0.9826247692108154
380,0.2,0.9897748231887817,0.9918541312217712,0.9989721179008484,0.9986439943313599,0.9340532422065735,0.8389672040939331,0.917283833026886,0.8540980815887451,0.86805260181427,0.9042518138885498,0.9607039093971252,0.9813905954360962,0.9632382392883301,0.911415159702301,0.9047178626060486,0.9339179396629333,0.9654343724250793,0.8070437908172607,0.944395124912262,0.8500644564628601,0.9762781858444214,0.9917892217636108,0.9925942420959473,0.9994260668754578,0.9991000294685364,0.9473411440849304,0.8431201577186584,0.9395532011985779,0.8590109944343567,0.854692280292511,0.9078724384307861,0.9701938033103943,0.9844537377357483,0.9698656797409058,0.9305831789970398,0.9105396270751953,0.9369500875473022,0.970338761806488,0.7747999429702759,0.9708322286605835,0.8161114454269409,0.9839857220649719
381,0.2,0.9889258742332458,0.991267740726471,0.9990614056587219,0.9972507953643799,0.9365501403808594,0.838768720626831,0.9107896685600281,0.8632358908653259,0.8656717538833618,0.8923494219779968,0.9629592895507812,0.9814769625663757,0.9678723812103271,0.9136621952056885,0.9076720476150513,0.9229510426521301,0.9596539735794067,0.800645649433136,0.9599221348762512,0.8516046404838562,0.9785086512565613,0.9909141659736633,0.9924261569976807,0.9992719888687134,0.9982819557189941,0.9499732255935669,0.8379625678062439,0.937570333480835,0.86203533411026,0.8610571622848511,0.9049203395843506,0.9648076295852661,0.9822601675987244,0.9687063097953796,0.9261364340782166,0.9090993404388428,0.9312922358512878,0.9695289134979248,0.8506861925125122,0.9722675085067749,0.8247207403182983,0.9836116433143616
382,0.2,0.9905508160591125,0.9914054870605469,0.9989100694656372,0.9978563785552979,0.9355213046073914,0.839414656162262,0.9150300621986389,0.8551904559135437,0.8690468668937683,0.9017044305801392,0.966559648513794,0.9810035228729248,0.9617672562599182,0.9085085988044739,0.9003240466117859,0.9311004281044006,0.9614019989967346,0.8080157041549683,0.956438422203064,0.8425616025924683,0.9769325852394104,0.9922555088996887,0.9934054017066956,0.9993711709976196,0.9997627139091492,0.943532407283783,0.8463578820228577,0.9357118606567383,0.8532230257987976,0.8606945276260376,0.9091048836708069,0.9695064425468445,0.9832247495651245,0.9691251516342163,0.9279031157493591,0.9012364149093628,0.9368399977684021,0.9721905589103699,0.8203281760215759,0.9661318063735962,0.82457035779953,0.9819070100784302
383,0.2,0.9903537034988403,0.9916099905967712,0.9991605281829834,0.9955727458000183,0.9352219700813293,0.8400394320487976,0.9175320267677307,0.8600546717643738,0.8690462112426758,0.8963304162025452,0.9594033360481262,0.9822481274604797,0.9695647358894348,0.9097021222114563,0.8991526961326599,0.9225160479545593,0.9602074027061462,0.7942971587181091,0.9521995782852173,0.8479239344596863,0.9745270609855652,0.9918660521507263,0.9933286905288696,0.9994911551475525,0.9988128542900085,0.9499834775924683,0.8413890600204468,0.946532666683197,0.8568277955055237,0.8345507383346558,0.9090456366539001,0.965752124786377,0.9841185212135315,0.9668394327163696,0.9282235503196716,0.9193100333213806,0.9428578019142151,0.9721549153327942,0.7445095181465149,0.9716273546218872,0.9324091672897339,0.9841602444648743
384,0.2,0.9891074895858765,0.9900655746459961,0.999079167842865,0.9965046644210815,0.9348061680793762,0.8413745164871216,0.9120903611183167,0.8510043621063232,0.8637333512306213,0.8944168090820312,0.9623895883560181,0.9792482256889343,0.9617621898651123,0.906495213508606,0.9018451571464539,0.9301071166992188,0.9611825346946716,0.8059483766555786,0.944186270236969,0.8482145071029663,0.9773246049880981,0.991410493850708,0.99221271276474,0.9992688894271851,0.9996341466903687,0.9478914141654968,0.846720814704895,0.9398595094680786,0.8472490310668945,0.8701017498970032,0.913045346736908,0.9709029197692871,0.9819985032081604,0.9696174263954163,0.9286030530929565,0.9071749448776245,0.9467458724975586,0.9726293683052063,0.7947495579719543,0.9665756821632385,0.8226054310798645,0.9848236441612244
385,0.2,0.9893713593482971,0.9904710650444031,0.9991939067840576,0.9968980550765991,0.9370934367179871,0.8421511650085449,0.9166706204414368,0.8570510149002075,0.8678935170173645,0.9049529433250427,0.9682798385620117,0.9818781018257141,0.9664203524589539,0.9176880717277527,0.8958753943443298,0.9300588965415955,0.9631497859954834,0.8039191961288452,0.952875554561615,0.8419454097747803,0.9793131351470947,0.9916243553161621,0.9930772185325623,0.9994027018547058,0.999146580696106,0.951159656047821,0.8424843549728394,0.9393563270568848,0.8561366200447083,0.8572006225585938,0.9161856174468994,0.9697265625,0.9833899140357971,0.9684008955955505,0.9400339722633362,0.9094666838645935,0.9393003582954407,0.9729964733123779,0.7994756698608398,0.9702995419502258,0.8242202401161194,0.9832713603973389
386,0.2,0.9899094104766846,0.991543710231781,0.9991374015808105,0.996884286403656,0.9370175004005432,0.8423879146575928,0.913786768913269,0.8617260456085205,0.8660539388656616,0.9046202301979065,0.959673285484314,0.9831956028938293,0.9662827849388123,0.9165832996368408,0.9003425240516663,0.930709183216095,0.9624630808830261,0.7995939254760742,0.9521788954734802,0.8448497653007507,0.9790111184120178,0.9921677112579346,0.9929121136665344,0.999351978302002,0.9996433258056641,0.9544402956962585,0.8450573682785034,0.9383828639984131,0.8634564876556396,0.8457143902778625,0.9156289100646973,0.9666230082511902,0.9831143617630005,0.9706007838249207,0.9324840903282166,0.9105128645896912,0.9478251934051514,0.9695626497268677,0.7444915175437927,0.9745178818702698,0.8326112031936646,0.9855661988258362
387,0.2,0.9892245531082153,0.9916958212852478,0.9991785287857056,0.9974138736724854,0.9344887137413025,0.8437861204147339,0.914996862411499,0.8577414751052856,0.8648095726966858,0.8991557955741882,0.9598655104637146,0.9812377691268921,0.9646614789962769,0.9093545079231262,0.9072599411010742,0.9288594126701355,0.9657931923866272,0.8124098181724548,0.9607254266738892,0.8414326906204224,0.9770486950874329,0.9930754899978638,0.994498074054718,0.999547004699707,0.9992905259132385,0.949070394039154,0.8440043926239014,0.9446074366569519,0.8602121472358704,0.8540887832641602,0.9254551529884338,0.9712132215499878,0.9839739203453064,0.9715101718902588,0.9331156611442566,0.9043136239051819,0.9518601894378662,0.9740368723869324,0.7938864231109619,0.974489688873291,0.8123190402984619,0.9839085340499878
388,0.2,0.9892148971557617,0.9922882318496704,0.9991508722305298,0.9984988570213318,0.939890444278717,0.8396952748298645,0.9195087552070618,0.8602423071861267,0.8664965629577637,0.9105097055435181,0.9648764729499817,0.9827910661697388,0.967085599899292,0.9108294248580933,0.9031099081039429,0.9297197461128235,0.9641180634498596,0.8068999648094177,0.9588950872421265,0.8466683030128479,0.9756673574447632,0.9919748306274414,0.9940268993377686,0.9994760751724243,0.9994032382965088,0.9508329629898071,0.8525074124336243,0.9429318308830261,0.858737587928772,0.8426290154457092,0.9111538529396057,0.9679835438728333,0.983156144618988,0.9656201004981995,0.9356924891471863,0.906620979309082,0.9371036291122437,0.9726012349128723,0.7675670385360718,0.9722365140914917,0.8087054491043091,0.982048749923706
389,0.2,0.9888637065887451,0.991221010684967,0.9991089701652527,0.9970478415489197,0.9403129816055298,0.8420988917350769,0.9229565262794495,0.8524504899978638,0.8632686734199524,0.9118732810020447,0.9600862264633179,0.9808023571968079,0.9646210074424744,0.9181230664253235,0.9025082588195801,0.9283115267753601,0.9612941145896912,0.8034080862998962,0.9544664621353149,0.8406723737716675,0.9765580296516418,0.9916961789131165,0.9928597211837769,0.9993234276771545,0.9996155500411987,0.9502144455909729,0.8456495404243469,0.9360592365264893,0.8581096529960632,0.8576302528381348,0.9199830889701843,0.968213677406311,0.9816921353340149,0.9683749675750732,0.9296532869338989,0.907876193523407,0.9404712915420532,0.9703611731529236,0.7703002691268921,0.9698521494865417,0.8408452272415161,0.9832093119621277
390,0.2,0.990437924861908,0.9889194369316101,0.998767614364624,0.9953281879425049,0.9375572204589844,0.8463009595870972,0.9103330969810486,0.8608942031860352,0.8688247203826904,0.9096163511276245,0.9618042707443237,0.9822821021080017,0.967695951461792,0.9221121668815613,0.900453507900238,0.9305421710014343,0.9600194692611694,0.800625741481781,0.9456567764282227,0.8477591872215271,0.9762941598892212,0.9916614294052124,0.9932942986488342,0.9993475675582886,0.9996205568313599,0.949081540107727,0.8456059098243713,0.9400773644447327,0.8500266075134277,0.8639112114906311,0.9121218323707581,0.9671978950500488,0.9824787378311157,0.968147337436676,0.9408336877822876,0.9175378084182739,0.9470627903938293,0.9691904783248901,0.788295328617096,0.9670981168746948,0.8051947355270386,0.9831369519233704
391,0.2,0.9895592331886292,0.9910393357276917,0.999142587184906,0.9980518221855164,0.9338565468788147,0.8424913287162781,0.9151281118392944,0.8563985824584961,0.862519383430481,0.9042508602142334,0.9580632448196411,0.9813761711120605,0.9666792750358582,0.9109369516372681,0.8968034982681274,0.928169310092926,0.9600942134857178,0.8076514601707458,0.9547817707061768,0.8344981670379639,0.9757945537567139,0.992213249206543,0.9941944479942322,0.9994838833808899,0.9997782707214355,0.94748854637146,0.831086277961731,0.9406864643096924,0.8599215745925903,0.8631348609924316,0.9122267365455627,0.9713666439056396,0.9833101630210876,0.9708893895149231,0.943425714969635,0.9093769192695618,0.9384101033210754,0.9709872603416443,0.7343834042549133,0.9718329310417175,0.8167791962623596,0.9825134873390198
392,0.2,0.9917881488800049,0.9928862452507019,0.9994990825653076,0.997778058052063,0.942039966583252,0.846214771270752,0.9240738153457642,0.8644168972969055,0.876561164855957,0.9026342630386353,0.9684111475944519,0.9847972393035889,0.9712986946105957,0.9203046560287476,0.9069918394088745,0.9377720355987549,0.9657700061798096,0.8006638288497925,0.9549252390861511,0.8452761769294739,0.9796692132949829,0.9927963614463806,0.9945122599601746,0.9995323419570923,0.9998037219047546,0.945456326007843,0.8432769775390625,0.9296184182167053,0.8599762916564941,0.8681484460830688,0.9206508994102478,0.9700107574462891,0.9833633899688721,0.9722840189933777,0.9405028820037842,0.9129621982574463,0.9479747414588928,0.9743976593017578,0.786132276058197,0.9693421125411987,0.7937244176864624,0.9829593300819397
393,0.2,0.9891541600227356,0.9901459217071533,0.9987714886665344,0.996242344379425,0.9340550899505615,0.8400492668151855,0.9141910076141357,0.8611107468605042,0.8635117411613464,0.9035472273826599,0.9596090912818909,0.981061577796936,0.9682173132896423,0.9165192246437073,0.8971976637840271,0.9211066961288452,0.9612253904342651,0.8064844012260437,0.9561861157417297,0.8496192097663879,0.976116418838501,0.9916536211967468,0.9934011101722717,0.9994134306907654,0.9996334314346313,0.9486055374145508,0.8396735191345215,0.9345918297767639,0.8544232845306396,0.8656816482543945,0.9092583060264587,0.9675771594047546,0.9829257130622864,0.9711099863052368,0.939016580581665,0.9059228301048279,0.9381223917007446,0.9717949032783508,0.7676741480827332,0.9577205777168274,0.8387677073478699,0.9817968606948853
394,0.2,0.9902262687683105,0.9911026358604431,0.9992067217826843,0.9974430799484253,0.9352139234542847,0.8421995043754578,0.9197863936424255,0.8627107739448547,0.8636799454689026,0.9135653972625732,0.9614946842193604,0.9808899164199829,0.9648543000221252,0.9180899262428284,0.9089232087135315,0.9266884326934814,0.9576324820518494,0.8049623966217041,0.9604158401489258,0.841117262840271,0.9741053581237793,0.9920313358306885,0.9923669099807739,0.9993718862533569,0.9995468258857727,0.9493909478187561,0.8489213585853577,0.9395005702972412,0.8612542152404785,0.8474289774894714,0.9156530499458313,0.9686402678489685,0.9836516380310059,0.9678360223770142,0.9351720213890076,0.908595085144043,0.9530175924301147,0.9733059406280518,0.7910217642784119,0.9666173458099365,0.8354260325431824,0.9814659357070923
395,0.2,0.9885672926902771,0.9910547733306885,0.9990865588188171,0.9965406656265259,0.9327723979949951,0.8411884903907776,0.919201135635376,0.8616518974304199,0.8686923384666443,0.905722975730896,0.9609344005584717,0.9808313250541687,0.958301842212677,0.9113497734069824,0.9024536609649658,0.926383376121521,0.9616621136665344,0.8059980273246765,0.9539774656295776,0.8499601483345032,0.9762852191925049,0.9923043251037598,0.9931451082229614,0.9993430376052856,0.9998018145561218,0.9504340291023254,0.843717634677887,0.9339516758918762,0.8564698100090027,0.8522782921791077,0.9099326729774475,0.9705361127853394,0.9836012721061707,0.9703654646873474,0.9400039315223694,0.9104089140892029,0.9434753060340881,0.9719951748847961,0.8194718360900879,0.9688841700553894,0.8507779836654663,0.9844971299171448
396,0.2,0.9888467192649841,0.9918838739395142,0.9989718198776245,0.9949880838394165,0.9340869784355164,0.841204047203064,0.9224631786346436,0.8606594800949097,0.8701261281967163,0.8937203288078308,0.9609347581863403,0.9806200265884399,0.9630395770072937,0.9143667817115784,0.9005566835403442,0.9312564730644226,0.9558908939361572,0.8011110424995422,0.9554470181465149,0.8456377983093262,0.9747087359428406,0.9921780228614807,0.9924468398094177,0.9993073344230652,0.999288022518158,0.9524919390678406,0.8462944626808167,0.9386928677558899,0.8483694791793823,0.846484899520874,0.9164415001869202,0.9678709506988525,0.9830490350723267,0.9717767238616943,0.9343307614326477,0.9122492074966431,0.9400549530982971,0.9700616598129272,0.7645846009254456,0.9665851593017578,0.8497793078422546,0.9844391345977783
397,0.2,0.9913305640220642,0.9906402230262756,0.9990146160125732,0.9958850741386414,0.940952479839325,0.8441504836082458,0.9163079857826233,0.8607061505317688,0.8647626638412476,0.9110248684883118,0.9643074870109558,0.9836123585700989,0.9738627672195435,0.9116007089614868,0.9001554846763611,0.9281272888183594,0.9595530033111572,0.8037047982215881,0.9486473798751831,0.8484448194503784,0.9790495038032532,0.9919419884681702,0.9939309358596802,0.9993906021118164,0.9991773962974548,0.9552921056747437,0.8316959142684937,0.937897264957428,0.8566086292266846,0.8654342293739319,0.9186029434204102,0.9684586524963379,0.9835227727890015,0.9703233242034912,0.940310001373291,0.9055619239807129,0.9436559081077576,0.9718988537788391,0.7742540836334229,0.9668495655059814,0.8265404105186462,0.9836028814315796
398,0.2,0.9880288243293762,0.9919168949127197,0.9990896582603455,0.9955226182937622,0.9393972158432007,0.8471704721450806,0.9194643497467041,0.861339271068573,0.8705861568450928,0.9019371867179871,0.9622576832771301,0.9821627140045166,0.9647262096405029,0.9177387952804565,0.8967578411102295,0.9236762523651123,0.9569730758666992,0.8002966046333313,0.9549367427825928,0.8455337285995483,0.9751918911933899,0.9931796193122864,0.9934470653533936,0.9994314312934875,0.9985889792442322,0.9497049450874329,0.8425406217575073,0.9401119351387024,0.8554638624191284,0.8586530685424805,0.9178007245063782,0.9693547487258911,0.9841138124465942,0.9702374935150146,0.9374551177024841,0.9037412405014038,0.9443174600601196,0.9716067910194397,0.7985208630561829,0.9635382890701294,0.8355298042297363,0.9830713868141174
399,0.2,0.9909732341766357,0.9923245310783386,0.9992758631706238,0.9939154982566833,0.9410005807876587,0.8455685377120972,0.9142287373542786,0.8628580570220947,0.8678725957870483,0.9064506888389587,0.9621997475624084,0.9830936789512634,0.9693583846092224,0.9131958484649658,0.9030665159225464,0.9305875301361084,0.9603976607322693,0.7995318174362183,0.9521076679229736,0.8400010466575623,0.9775269627571106,0.9933726191520691,0.9942103624343872,0.9995071887969971,0.9985945820808411,0.9470630884170532,0.8460968136787415,0.9420114159584045,0.8651877641677856,0.8671835660934448,0.9191715717315674,0.969623327255249,0.9826915264129639,0.9708744883537292,0.9426512122154236,0.9097121953964233,0.9393168687820435,0.9748085737228394,0.8025854229927063,0.9670522809028625,0.8391305208206177,0.982533872127533
400,0.2,0.9889538288116455,0.9915603995323181,0.9991241097450256,0.9970131516456604,0.9378617405891418,0.8451514840126038,0.924611508846283,0.8607887625694275,0.8631239533424377,0.9053515195846558,0.9595586657524109,0.9817176461219788,0.9596788287162781,0.9154719114303589,0.9037886261940002,0.9233559966087341,0.9642573595046997,0.8099865317344666,0.9491676688194275,0.8468833565711975,0.9778206944465637,0.9921720027923584,0.9937134981155396,0.9994727373123169,0.9989771246910095,0.9495453238487244,0.8387540578842163,0.9465755224227905,0.8647975325584412,0.8461595773696899,0.9154885411262512,0.9677891135215759,0.9834719300270081,0.9724854826927185,0.9311244487762451,0.9070675373077393,0.9346889853477478,0.9718007445335388,0.7521962523460388,0.9666264057159424,0.893400251865387,0.9836208820343018
401,0.2,0.9898345470428467,0.9906731247901917,0.9992154836654663,0.995842695236206,0.9424579739570618,0.8443899154663086,0.9273724555969238,0.8641669154167175,0.8620760440826416,0.9051762223243713,0.9624907970428467,0.9822669625282288,0.9707949161529541,0.9091848134994507,0.9043468832969666,0.923951268196106,0.9642219543457031,0.8054081797599792,0.9569525122642517,0.8426976203918457,0.9780976176261902,0.9915698170661926,0.994461715221405,0.9995489716529846,0.9976938962936401,0.9506723880767822,0.8409417271614075,0.9487465023994446,0.8666552901268005,0.8503623604774475,0.9107690453529358,0.9655830264091492,0.9827509522438049,0.971604585647583,0.9408618807792664,0.9089497923851013,0.9280739426612854,0.9728761315345764,0.7886226773262024,0.9711868166923523,0.8197713494300842,0.982679009437561
402,0.2,0.9903312921524048,0.9926745891571045,0.9992210865020752,0.9966920018196106,0.94037926197052,0.8461068272590637,0.923719584941864,0.8625317811965942,0.866856575012207,0.9065272808074951,0.9661902785301208,0.9814668893814087,0.9704515337944031,0.9110624194145203,0.9052838087081909,0.9252815246582031,0.9662695527076721,0.8021106123924255,0.9631423950195312,0.8522892594337463,0.9772146344184875,0.9923028945922852,0.9941573739051819,0.9995341897010803,0.9992709159851074,0.9521950483322144,0.8480520248413086,0.9418483376502991,0.8656839728355408,0.8487096428871155,0.9169242978096008,0.963992178440094,0.9832400679588318,0.9709385633468628,0.9444947242736816,0.903821587562561,0.9422292113304138,0.975297212600708,0.7978081107139587,0.9712157845497131,0.8245331048965454,0.9844568371772766
403,0.2,0.9910200238227844,0.9918352365493774,0.999214231967926,0.9956948161125183,0.942201554775238,0.8460937142372131,0.9118462204933167,0.8641060590744019,0.8668975234031677,0.9088066816329956,0.9672231674194336,0.9825189709663391,0.9686699509620667,0.9098395705223083,0.9030988216400146,0.924166738986969,0.9588102102279663,0.8020462393760681,0.9507363438606262,0.8504368662834167,0.9780542254447937,0.9918025732040405,0.9926984310150146,0.9993372559547424,0.9988131523132324,0.9459893107414246,0.8462399244308472,0.9366791248321533,0.8598068952560425,0.8580090403556824,0.9163364171981812,0.9669658541679382,0.9827171564102173,0.970548689365387,0.9420999884605408,0.9098836779594421,0.9326170086860657,0.971484899520874,0.8092595338821411,0.9706296324729919,0.8383222818374634,0.9828169941902161
404,0.2,0.9900532364845276,0.9917831420898438,0.9989742636680603,0.9978258013725281,0.9326087236404419,0.8437951803207397,0.9216061234474182,0.863680899143219,0.8678765892982483,0.9028941988945007,0.9606708884239197,0.9806848168373108,0.9653254747390747,0.9114963412284851,0.904154896736145,0.9252568483352661,0.9599463939666748,0.8044409155845642,0.9525845050811768,0.8489582538604736,0.9766933917999268,0.9934945106506348,0.9949846863746643,0.999559760093689,0.9991257190704346,0.9497981071472168,0.8318862915039062,0.9458962082862854,0.8574906587600708,0.861613392829895,0.9123127460479736,0.9695991277694702,0.9844362735748291,0.9727647304534912,0.9413405060768127,0.9151687622070312,0.9546288847923279,0.9754451513290405,0.7977024912834167,0.9689165353775024,0.8452060222625732,0.9838535189628601
405,0.2,0.9895557761192322,0.9910615682601929,0.9991423487663269,0.9963200092315674,0.9330474138259888,0.8456739783287048,0.9168994426727295,0.865713894367218,0.8692247271537781,0.9059523940086365,0.9648760557174683,0.9812962412834167,0.9654667377471924,0.9143688678741455,0.9050672650337219,0.9263108372688293,0.9610690474510193,0.8033667206764221,0.9544291496276855,0.8518429398536682,0.9750036597251892,0.9926956295967102,0.9934494495391846,0.9994012713432312,0.9988870024681091,0.9479628801345825,0.8468533158302307,0.9386739730834961,0.8608803749084473,0.8594204187393188,0.9125123023986816,0.9701812267303467,0.9824170470237732,0.9687319397926331,0.9381652474403381,0.9056045413017273,0.9530771374702454,0.972430408000946,0.7423384189605713,0.9668580293655396,0.8197336196899414,0.9822086095809937
406,0.2,0.990544855594635,0.9934234619140625,0.9993635416030884,0.997456967830658,0.9337008595466614,0.8434005975723267,0.9218332171440125,0.862082839012146,0.8736231923103333,0.9099138379096985,0.9589637517929077,0.9814175367355347,0.965803861618042,0.9096206426620483,0.9065592288970947,0.9331492185592651,0.9593003392219543,0.7964377999305725,0.9563437700271606,0.8416575789451599,0.9739183187484741,0.9931066036224365,0.9940235018730164,0.9994478225708008,0.9989498853683472,0.9527958631515503,0.845008909702301,0.9429623484611511,0.8614464998245239,0.8655918836593628,0.9132148623466492,0.9686779379844666,0.9838664531707764,0.9694736003875732,0.9456000328063965,0.9140340685844421,0.9557771682739258,0.9734681248664856,0.8015955090522766,0.9690885543823242,0.8129079937934875,0.9839448928833008
407,0.2,0.9905348420143127,0.992371678352356,0.9992884397506714,0.9961830377578735,0.943449854850769,0.8494716286659241,0.9185447692871094,0.8652786612510681,0.8688920736312866,0.9116261005401611,0.9583085775375366,0.9821498394012451,0.968184232711792,0.9150899648666382,0.8991117477416992,0.9338996410369873,0.9615527391433716,0.8052353262901306,0.9539772272109985,0.8469318747520447,0.9763433337211609,0.9924308657646179,0.9941503405570984,0.9995267391204834,0.9991504549980164,0.948208212852478,0.8441838622093201,0.9474301338195801,0.8578735589981079,0.8583970665931702,0.9151119589805603,0.9708132147789001,0.9839651584625244,0.9686378836631775,0.9402524828910828,0.9051439762115479,0.941814661026001,0.9722329378128052,0.7623990774154663,0.9728033542633057,0.8505476713180542,0.9836447238922119
408,0.2,0.9899211525917053,0.9916090369224548,0.9991838335990906,0.9944587349891663,0.9410769939422607,0.8442411422729492,0.9221622943878174,0.86384516954422,0.8665315508842468,0.9118973612785339,0.9623881578445435,0.9823229908943176,0.9670923352241516,0.9190676808357239,0.9042696952819824,0.9278839826583862,0.9603980779647827,0.8008254766464233,0.9561150074005127,0.8450663089752197,0.9768154621124268,0.9916753768920898,0.9930373430252075,0.9994238615036011,0.9989126920700073,0.9496078491210938,0.8426476120948792,0.9400326609611511,0.8607717156410217,0.8590855002403259,0.9132276177406311,0.9634546637535095,0.9818774461746216,0.9674481153488159,0.939563512802124,0.907417893409729,0.9295329451560974,0.968457818031311,0.7979735732078552,0.9741807579994202,0.8422420620918274,0.981789231300354
409,0.2,0.9905060529708862,0.9922078847885132,0.9990606904029846,0.9946961998939514,0.9386020302772522,0.8482863903045654,0.9251729249954224,0.8650853633880615,0.8709490299224854,0.9081342816352844,0.9620392322540283,0.9803929328918457,0.9661072492599487,0.9167852997779846,0.9061493277549744,0.9279509782791138,0.9641315937042236,0.8017102479934692,0.965345025062561,0.8473281264305115,0.9765968918800354,0.9931262135505676,0.9946689605712891,0.9995442032814026,0.999342679977417,0.9511765241622925,0.8420307040214539,0.9457311034202576,0.8665972352027893,0.8664226531982422,0.9205866456031799,0.9655625224113464,0.9836799502372742,0.9720014333724976,0.9324777126312256,0.9232985377311707,0.9431158900260925,0.9729351997375488,0.7898253202438354,0.9760561585426331,0.8145720958709717,0.9809228181838989
410,0.2,0.9912262558937073,0.9931045770645142,0.9991791248321533,0.9968365430831909,0.9374450445175171,0.8484513163566589,0.9228244423866272,0.8657307624816895,0.8740540146827698,0.9085264205932617,0.9662827849388123,0.983043909072876,0.970415472984314,0.9177259802818298,0.9095930457115173,0.9260974526405334,0.9640350937843323,0.7988035082817078,0.9565314650535583,0.8429062962532043,0.9768455028533936,0.9922251105308533,0.9941015243530273,0.999495267868042,0.9986685514450073,0.9519283175468445,0.8458914160728455,0.9486574530601501,0.8701459169387817,0.8526149392127991,0.9175275564193726,0.9699364900588989,0.9831839203834534,0.9649443626403809,0.9447048306465149,0.9175931215286255,0.9308892488479614,0.9723567366600037,0.775587260723114,0.9715966582298279,0.8389050364494324,0.9838114976882935
411,0.2,0.9914275407791138,0.992742121219635,0.9992303252220154,0.9969252943992615,0.9450043439865112,0.8452626466751099,0.9297395944595337,0.8659656643867493,0.8666765689849854,0.9124318957328796,0.9633557200431824,0.9823906421661377,0.9665406942367554,0.9201855063438416,0.9027878046035767,0.9360448718070984,0.9657211899757385,0.8050734400749207,0.9625185132026672,0.8449112176895142,0.9784701466560364,0.9944471716880798,0.9954147338867188,0.9996293187141418,0.999310314655304,0.9543261528015137,0.8475341796875,0.9492585062980652,0.8630102872848511,0.8641924858093262,0.9281002283096313,0.9711535573005676,0.984738290309906,0.9722799062728882,0.9387899041175842,0.917429506778717,0.9439555406570435,0.9768582582473755,0.7456079125404358,0.9744853377342224,0.8149137496948242,0.9869954586029053
412,0.2,0.9905095100402832,0.9923874139785767,0.9993135333061218,0.9969117045402527,0.9421295523643494,0.8489927649497986,0.92830890417099,0.8687220811843872,0.8688346147537231,0.9157673716545105,0.9642959237098694,0.9827890396118164,0.9657518863677979,0.9153873324394226,0.9058741331100464,0.9276524186134338,0.9635709524154663,0.798839271068573,0.9622814655303955,0.8429213166236877,0.9782069325447083,0.9925909638404846,0.9926892518997192,0.9994471073150635,0.9991171956062317,0.9521547555923462,0.8451254367828369,0.9406444430351257,0.8667287230491638,0.8496913313865662,0.9189833402633667,0.9688767194747925,0.9834926128387451,0.9689990878105164,0.9245700240135193,0.9098023176193237,0.9415966272354126,0.9715672731399536,0.7495095729827881,0.9699256420135498,0.8215359449386597,0.9845295548439026
413,0.2,0.9907047748565674,0.9916112422943115,0.9990721940994263,0.9950990676879883,0.9373144507408142,0.842568039894104,0.9242323040962219,0.8614026308059692,0.8639726042747498,0.9088720679283142,0.9621855616569519,0.9801795482635498,0.9689934253692627,0.9183782935142517,0.9084993004798889,0.9249757528305054,0.9600722193717957,0.8014222979545593,0.9549735188484192,0.8486141562461853,0.9765998125076294,0.9920241236686707,0.9937646985054016,0.9994843006134033,0.9992806315422058,0.9512952566146851,0.8445666432380676,0.9437380433082581,0.8645175099372864,0.8511412739753723,0.923642098903656,0.9656983613967896,0.9833425879478455,0.9713324308395386,0.9493817090988159,0.9125382304191589,0.9438526630401611,0.9737378358840942,0.7594928741455078,0.9756793975830078,0.8377957940101624,0.9827777743339539
414,0.2,0.9893381595611572,0.9925253987312317,0.9991143345832825,0.9955843687057495,0.9386659860610962,0.8473924398422241,0.9240130186080933,0.8703023791313171,0.8642825484275818,0.9152252674102783,0.9611881375312805,0.9821838736534119,0.9623596668243408,0.9119913578033447,0.9087104201316833,0.9383034110069275,0.9651989936828613,0.8052039742469788,0.956250786781311,0.8494601845741272,0.9796429872512817,0.9922300577163696,0.9940230250358582,0.9995403289794922,0.9987953305244446,0.9574280977249146,0.8499088287353516,0.9506751298904419,0.8662052154541016,0.8529545664787292,0.9074143171310425,0.9666662812232971,0.9841517806053162,0.9641445279121399,0.9420638084411621,0.9102125763893127,0.9450110793113708,0.9739643335342407,0.7547615170478821,0.9786668419837952,0.837066650390625,0.9843681454658508
415,0.2,0.9906663298606873,0.9929291009902954,0.9990611672401428,0.996021032333374,0.9485477805137634,0.8528276681900024,0.9347366690635681,0.8686011433601379,0.8734872937202454,0.9086735248565674,0.974547266960144,0.982645571231842,0.9628076553344727,0.916939377784729,0.90461266040802,0.9227517247200012,0.9673388004302979,0.8041433095932007,0.9600614905357361,0.8423888087272644,0.9797112345695496,0.9931510090827942,0.9946234226226807,0.999522864818573,0.9989036321640015,0.9504256248474121,0.8432106971740723,0.9457705616950989,0.8672127723693848,0.8600301146507263,0.897608757019043,0.9684118628501892,0.9833605289459229,0.9719319343566895,0.9327454566955566,0.9108949899673462,0.9392025470733643,0.9715068340301514,0.7948571443557739,0.9769477248191833,0.8394775390625,0.9833270311355591
416,0.2,0.9890904426574707,0.9912241101264954,0.9990124106407166,0.9953826069831848,0.9412702918052673,0.848348081111908,0.9228230714797974,0.8675223588943481,0.872172474861145,0.8978893756866455,0.9603354334831238,0.9811928868293762,0.9608466029167175,0.9129329323768616,0.9087778329849243,0.928668737411499,0.9575937390327454,0.8075425028800964,0.9629799723625183,0.8483466506004333,0.976319432258606,0.9921547174453735,0.9942433834075928,0.9994709491729736,0.9985239505767822,0.9531369209289551,0.8365148901939392,0.944703221321106,0.8666263222694397,0.8614282608032227,0.9217697381973267,0.9666880965232849,0.9824167490005493,0.9672118425369263,0.931882381439209,0.9138473272323608,0.9403390288352966,0.9710949063301086,0.7675362825393677,0.9766308665275574,0.8187817335128784,0.9817626476287842
417,0.2,0.9901522994041443,0.993114173412323,0.9993611574172974,0.99505615234375,0.9391869902610779,0.8475141525268555,0.9148804545402527,0.8629902005195618,0.8703369498252869,0.9063655734062195,0.9618094563484192,0.982011616230011,0.9654263257980347,0.914431631565094,0.9055016040802002,0.927657425403595,0.9599944353103638,0.8088958263397217,0.9564045667648315,0.8436526656150818,0.9771450161933899,0.9927499890327454,0.9941033124923706,0.9995301365852356,0.9982825517654419,0.9525031447410583,0.8434787392616272,0.9412080645561218,0.8622962236404419,0.8575807809829712,0.9204373955726624,0.9674746990203857,0.9832150936126709,0.9696875810623169,0.9490645527839661,0.9275047779083252,0.953028678894043,0.9696270823478699,0.7663071155548096,0.9779517650604248,0.8139030933380127,0.9806627035140991
418,0.2,0.9908086657524109,0.9915677309036255,0.9991564750671387,0.9943665266036987,0.943345308303833,0.8462029099464417,0.9211591482162476,0.8615663647651672,0.8714226484298706,0.9168655872344971,0.9607119560241699,0.9830645322799683,0.9683657884597778,0.916197657585144,0.908130407333374,0.9290141463279724,0.9599582552909851,0.7991805672645569,0.9638091325759888,0.8465648293495178,0.9755572080612183,0.9930710792541504,0.9937896728515625,0.9994742274284363,0.9986422061920166,0.9542297124862671,0.8460388779640198,0.944169819355011,0.859806478023529,0.8542007803916931,0.9206403493881226,0.9694386124610901,0.983549952507019,0.968134880065918,0.9421119093894958,0.9068378210067749,0.9406388401985168,0.9719942212104797,0.7586392164230347,0.9684225916862488,0.842109739780426,0.9832628965377808
419,0.2,0.9923574328422546,0.9929852485656738,0.9991483688354492,0.9957461357116699,0.948146641254425,0.8502982258796692,0.9215307235717773,0.8637890219688416,0.8757556080818176,0.9137003421783447,0.9677457809448242,0.9835330247879028,0.972052812576294,0.9162154793739319,0.910672128200531,0.9319888353347778,0.9683771133422852,0.8089480996131897,0.9482435584068298,0.8463693857192993,0.9795939922332764,0.9934424757957458,0.9948529601097107,0.9995866417884827,0.9990052580833435,0.9552749991416931,0.842218279838562,0.9473613500595093,0.8591307401657104,0.8548452258110046,0.9176888465881348,0.9699743390083313,0.9842889308929443,0.9700570106506348,0.9317294955253601,0.9191023707389832,0.9376373291015625,0.9737907648086548,0.8139206171035767,0.9648261666297913,0.8190225958824158,0.9838628768920898
420,0.2,0.9904808402061462,0.9922258257865906,0.9991408586502075,0.9947081208229065,0.9446458220481873,0.8492995500564575,0.9224104285240173,0.8640321493148804,0.8694273829460144,0.9084821939468384,0.956580638885498,0.9813844561576843,0.9631165862083435,0.9229309558868408,0.9040787816047668,0.9234912991523743,0.9639185667037964,0.8069168925285339,0.9464463591575623,0.8471457958221436,0.9754952192306519,0.9924699664115906,0.9941482543945312,0.9995654225349426,0.997860848903656,0.955496072769165,0.8440189957618713,0.9530032277107239,0.862035870552063,0.86053067445755,0.9245218634605408,0.9633262157440186,0.9842523336410522,0.9691133499145508,0.94880610704422,0.8993451595306396,0.9461801052093506,0.9750798940658569,0.8158568739891052,0.9722045063972473,0.816527247428894,0.9808940291404724
421,0.2,0.9913247227668762,0.9934768080711365,0.9994048476219177,0.996356725692749,0.9442095756530762,0.8551238775253296,0.9263404011726379,0.8640962243080139,0.8656039237976074,0.9146842956542969,0.9653416872024536,0.9833769202232361,0.9667248725891113,0.9272180795669556,0.9088220000267029,0.919996440410614,0.9665945172309875,0.8060960173606873,0.9591392874717712,0.847006618976593,0.9771071076393127,0.9937951564788818,0.9947931170463562,0.9996185898780823,0.9980795383453369,0.9548366665840149,0.8421351909637451,0.9490776658058167,0.8693373799324036,0.8625479936599731,0.9249243140220642,0.970071017742157,0.9851498603820801,0.9707598686218262,0.9445285201072693,0.9116453528404236,0.9360696077346802,0.9745734333992004,0.7788299322128296,0.9743814468383789,0.8107160329818726,0.9849300980567932
422,0.2,0.9907433390617371,0.9928911924362183,0.9991223216056824,0.9968751668930054,0.9498333930969238,0.8523038625717163,0.9282455444335938,0.8651643991470337,0.8796285390853882,0.9178960919380188,0.965427577495575,0.9834348559379578,0.9673329591751099,0.9133298993110657,0.9097074270248413,0.9269375205039978,0.9622746109962463,0.8054438829421997,0.9569600820541382,0.851479172706604,0.9770451188087463,0.993294358253479,0.9948441982269287,0.9995726943016052,0.9995368123054504,0.9562377333641052,0.8419199585914612,0.94864821434021,0.8548426032066345,0.862125039100647,0.9150622487068176,0.9696725606918335,0.9851410388946533,0.9665529727935791,0.9350061416625977,0.9093682765960693,0.9373091459274292,0.9743683934211731,0.8359655141830444,0.9714808464050293,0.8536173701286316,0.9854539036750793
423,0.2,0.9909374117851257,0.9930292367935181,0.9991549849510193,0.9942634105682373,0.9399448037147522,0.8494045734405518,0.9224786758422852,0.8687759637832642,0.876964807510376,0.9162308573722839,0.9685204029083252,0.9815976619720459,0.9672088027000427,0.921113908290863,0.9073081612586975,0.9238436222076416,0.960579514503479,0.8054407835006714,0.9622506499290466,0.8392203450202942,0.9763059616088867,0.9928988218307495,0.9939398765563965,0.9994409084320068,0.9993383288383484,0.9551148414611816,0.8408192992210388,0.9439622759819031,0.8627818822860718,0.8529201149940491,0.9193982481956482,0.9687391519546509,0.9848041534423828,0.9710365533828735,0.9461703300476074,0.9177050590515137,0.944993257522583,0.9718921780586243,0.7690373063087463,0.9724934697151184,0.8480637669563293,0.9836176037788391
424,0.2,0.9911526441574097,0.9930554032325745,0.9991452097892761,0.9969110488891602,0.9448017477989197,0.8519344925880432,0.9166300892829895,0.8689988255500793,0.8740648031234741,0.9144667983055115,0.964880108833313,0.9835847616195679,0.9692392349243164,0.9262017011642456,0.9052590131759644,0.9229233264923096,0.9632763862609863,0.8006001710891724,0.9624272584915161,0.8444077372550964,0.9776450395584106,0.9930596351623535,0.994657576084137,0.9994360208511353,0.9997916221618652,0.9531766772270203,0.8460365533828735,0.9374265074729919,0.8703818917274475,0.861669659614563,0.9216805696487427,0.970169723033905,0.9846492409706116,0.9704849123954773,0.9400594234466553,0.9025875926017761,0.9472046494483948,0.9717938899993896,0.7420305013656616,0.9700092077255249,0.8392981886863708,0.9828199744224548
425,0.2,0.9917090535163879,0.9926347136497498,0.9992976784706116,0.9967906475067139,0.945329487323761,0.852688729763031,0.9130081534385681,0.869110107421875,0.8702618479728699,0.9124048352241516,0.9658225774765015,0.984803318977356,0.9693553447723389,0.9170424342155457,0.9068958163261414,0.9262422323226929,0.9645271301269531,0.797658383846283,0.9628273844718933,0.8506942987442017,0.9752874374389648,0.9930055737495422,0.9939445853233337,0.9994106888771057,0.9991670250892639,0.9574920535087585,0.8403633236885071,0.9405983686447144,0.8598262071609497,0.852447509765625,0.9260877966880798,0.9691657423973083,0.9833519458770752,0.9723620414733887,0.9453553557395935,0.9037204384803772,0.9443725943565369,0.9733834266662598,0.7984294891357422,0.9728104472160339,0.8333508372306824,0.9831166863441467
426,0.2,0.9909757971763611,0.9929336309432983,0.9991984367370605,0.9969220161437988,0.947773814201355,0.8504924178123474,0.9198891520500183,0.8671931624412537,0.8719704747200012,0.9170064926147461,0.9669749736785889,0.9830957651138306,0.9647189378738403,0.9200533032417297,0.9058328866958618,0.923897922039032,0.962916374206543,0.7984502911567688,0.9559057354927063,0.8435790538787842,0.9788464307785034,0.9918153882026672,0.9942824840545654,0.9994863867759705,0.9989064931869507,0.9570860862731934,0.8450422883033752,0.9470216035842896,0.8732455372810364,0.8522923588752747,0.9202746152877808,0.9683666229248047,0.9836512207984924,0.9681512713432312,0.9348011612892151,0.9080498218536377,0.924026370048523,0.9718816876411438,0.7583078742027283,0.9721569418907166,0.817510724067688,0.9841108322143555
427,0.2,0.9905698299407959,0.991815984249115,0.9989816546440125,0.9973210096359253,0.9423796534538269,0.8518551588058472,0.9255523681640625,0.8664141893386841,0.8715025782585144,0.9114256501197815,0.9615431427955627,0.9828476309776306,0.9647989273071289,0.9212331771850586,0.9084638953208923,0.9305009841918945,0.959788978099823,0.8001986742019653,0.9526540637016296,0.8524033427238464,0.9778285622596741,0.9930592179298401,0.9947125911712646,0.9995180368423462,0.9991214871406555,0.9535184502601624,0.8422653079032898,0.9475160241127014,0.8566132187843323,0.8611449599266052,0.919530987739563,0.9702179431915283,0.9849665760993958,0.9752427339553833,0.9503639936447144,0.9159307479858398,0.9359477758407593,0.9744390249252319,0.7976016998291016,0.9749695062637329,0.8290274143218994,0.9855157732963562
428,0.2,0.9915764331817627,0.9938291907310486,0.9995056390762329,0.9967287182807922,0.9444683194160461,0.8512393832206726,0.9257106184959412,0.8753895163536072,0.8742372989654541,0.9065621495246887,0.9683936238288879,0.9852460622787476,0.9750410318374634,0.9221282601356506,0.9116594195365906,0.9253959059715271,0.969377875328064,0.8009875416755676,0.9661741256713867,0.8447785973548889,0.9804572463035583,0.9932918548583984,0.9954933524131775,0.9996203184127808,0.9993771910667419,0.9580302834510803,0.84816974401474,0.9480562210083008,0.8658904433250427,0.8413687348365784,0.9194576740264893,0.969036877155304,0.9854090809822083,0.9712047576904297,0.946463942527771,0.9129302501678467,0.9472231864929199,0.9734834432601929,0.7915908098220825,0.9803110361099243,0.8246568441390991,0.984793484210968
429,0.2,0.9907580614089966,0.9926443696022034,0.9992572069168091,0.9976027607917786,0.9433801770210266,0.85045325756073,0.9155769348144531,0.8673271536827087,0.8683046102523804,0.9163353443145752,0.9657657146453857,0.9830621480941772,0.9721339344978333,0.9169952869415283,0.906069815158844,0.9252588748931885,0.9676185250282288,0.8012076020240784,0.9580749273300171,0.8512276411056519,0.9786733388900757,0.9925317168235779,0.9937071800231934,0.999443769454956,0.9993924498558044,0.951554536819458,0.8366609215736389,0.9459577202796936,0.8564889430999756,0.8525833487510681,0.9226866364479065,0.9709337949752808,0.9829387068748474,0.9691507816314697,0.9434983730316162,0.901902973651886,0.9484308958053589,0.9717429876327515,0.7985697388648987,0.9606187343597412,0.846969723701477,0.9834707975387573
