Epoch,Alpha,building_impl_complex_train_accuracy,building_no_car_truck_train_accuracy,building_no_chimney_statue_train_accuracy,building_nodoorornowindow_impl_noawning_train_accuracy,commercial_train_accuracy,hotel_train_accuracy,store_train_accuracy,misccommercial_train_accuracy,cafe_train_accuracy,restaurant_train_accuracy,industrial_train_accuracy,industrial_not_table_train_accuracy,constructionsite_train_accuracy,miscindustrial_train_accuracy,powerplant_train_accuracy,watertreatment_train_accuracy,residential_train_accuracy,suburban_train_accuracy,countryhouse_train_accuracy,miscresidential_train_accuracy,residential_no_chimney_pipe_train_accuracy,building_impl_complex_val_accuracy,building_no_car_truck_val_accuracy,building_no_chimney_statue_val_accuracy,building_nodoorornowindow_impl_noawning_val_accuracy,commercial_val_accuracy,hotel_val_accuracy,store_val_accuracy,misccommercial_val_accuracy,cafe_val_accuracy,restaurant_val_accuracy,industrial_val_accuracy,industrial_not_table_val_accuracy,constructionsite_val_accuracy,miscindustrial_val_accuracy,powerplant_val_accuracy,watertreatment_val_accuracy,residential_val_accuracy,suburban_val_accuracy,countryhouse_val_accuracy,miscresidential_val_accuracy,residential_no_chimney_pipe_val_accuracy
0,0.7,0.6046468615531921,0.7281443476676941,0.742464005947113,0.9232381582260132,0.5450037121772766,0.4938850700855255,0.2939605712890625,0.6539020538330078,0.42865121364593506,0.6044771671295166,0.5502545237541199,0.4881184697151184,0.5235413312911987,0.6592225432395935,0.5506518483161926,0.5180186629295349,0.561855137348175,0.5513318777084351,0.6937093138694763,0.5927966237068176,0.49987107515335083,0.6341029405593872,0.760036289691925,0.7582718133926392,0.9311231374740601,0.54369056224823,0.5485755801200867,0.29703736305236816,0.6709510087966919,0.42769742012023926,0.6206989288330078,0.5218195915222168,0.5132824182510376,0.533164381980896,0.6868361830711365,0.5511101484298706,0.540529191493988,0.5599091649055481,0.5563308596611023,0.7015232443809509,0.5962440371513367,0.506801962852478
1,0.7,0.6353098750114441,0.7626592516899109,0.7600565552711487,0.9181653261184692,0.5477254390716553,0.5446460843086243,0.26182666420936584,0.6770416498184204,0.42591822147369385,0.6226580142974854,0.5214397311210632,0.5151979923248291,0.5310978293418884,0.6838533282279968,0.5553293228149414,0.5441613793373108,0.5603659152984619,0.5560771226882935,0.7038512229919434,0.5996305346488953,0.5087345838546753,0.6358267664909363,0.7637919783592224,0.7611156105995178,0.9320544600486755,0.5453783273696899,0.5469675064086914,0.2604169249534607,0.6652090549468994,0.44717633724212646,0.6248238682746887,0.5281046628952026,0.5174530744552612,0.532825767993927,0.6898583769798279,0.5565436482429504,0.5428705215454102,0.5611080527305603,0.5571079850196838,0.7027296423912048,0.5997695326805115,0.5075228214263916
2,0.7,0.6372306942939758,0.7665003538131714,0.7629241943359375,0.919466495513916,0.5474737286567688,0.5446730256080627,0.26422229409217834,0.6728051900863647,0.429716020822525,0.6248348951339722,0.5176423192024231,0.5178380608558655,0.5310604572296143,0.686750054359436,0.5616359710693359,0.5471778512001038,0.5608119964599609,0.5587283968925476,0.7073482275009155,0.6007383465766907,0.511416494846344,0.6374037265777588,0.7671970725059509,0.7631646990776062,0.9214712381362915,0.5465568900108337,0.5458778142929077,0.26963701844215393,0.6766025424003601,0.4427274763584137,0.6247549653053284,0.5889919996261597,0.5257728695869446,0.5362704396247864,0.6770453453063965,0.5682132840156555,0.5540959239006042,0.5603135824203491,0.5598686337471008,0.6969864964485168,0.598008930683136,0.5144846439361572
3,0.7,0.6426823139190674,0.774860680103302,0.763421893119812,0.9399225115776062,0.5475619435310364,0.5441659688949585,0.24924065172672272,0.6568492650985718,0.4207480847835541,0.6300899386405945,0.5267043709754944,0.5355023145675659,0.5317822098731995,0.6866176128387451,0.5824121832847595,0.5674346089363098,0.5509079694747925,0.5604778528213501,0.6981574296951294,0.5966778993606567,0.5278760194778442,0.6572122573852539,0.7951127886772156,0.777054488658905,0.9867638349533081,0.5478362441062927,0.5449060797691345,0.24198582768440247,0.610834002494812,0.41072073578834534,0.6473888754844666,0.5865715146064758,0.5821074843406677,0.5371789932250977,0.6876099705696106,0.6241182684898376,0.6031171679496765,0.5173025727272034,0.5514039993286133,0.6790335774421692,0.5939929485321045,0.555580198764801
4,0.7,0.6863076090812683,0.8270228505134583,0.7505537867546082,0.9843728542327881,0.5380238890647888,0.541559636592865,0.2307383269071579,0.5959630608558655,0.42059892416000366,0.6532142162322998,0.5756320357322693,0.6207262277603149,0.5428302884101868,0.6727310419082642,0.6407609581947327,0.6019653677940369,0.5084114074707031,0.5663114786148071,0.6972708106040955,0.6162012815475464,0.5688376426696777,0.7087576985359192,0.8492991328239441,0.7474658489227295,0.9858950972557068,0.5238397121429443,0.5422759056091309,0.21926914155483246,0.6025022864341736,0.40246689319610596,0.6613589525222778,0.5827142596244812,0.6849951148033142,0.5448637008666992,0.6644960045814514,0.6462966203689575,0.6194799542427063,0.5085785984992981,0.5655367970466614,0.6609919667243958,0.6038818955421448,0.5905224680900574
5,0.7,0.7311030030250549,0.8662006258964539,0.7704841494560242,0.9795541763305664,0.5300298929214478,0.5446352362632751,0.18885649740695953,0.6015723347663879,0.43648016452789307,0.6679331660270691,0.5779066681861877,0.6811285018920898,0.5595443248748779,0.648658812046051,0.6658446788787842,0.6192955374717712,0.5216063857078552,0.5975412726402283,0.6950376629829407,0.6164880394935608,0.6008850336074829,0.7305890917778015,0.8633529543876648,0.7838240265846252,0.9853226542472839,0.5357555747032166,0.5458763241767883,0.16580833494663239,0.6049081087112427,0.41686373949050903,0.6743707656860352,0.5966220498085022,0.6974793672561646,0.5602266788482666,0.6213776469230652,0.6440962553024292,0.6522378921508789,0.5250386595726013,0.6128302216529846,0.6496303677558899,0.611909806728363,0.6236092448234558
6,0.7,0.776777446269989,0.8932597637176514,0.809204638004303,0.9737514853477478,0.5337313413619995,0.5548245906829834,0.17598658800125122,0.6113766431808472,0.4649306833744049,0.6781845092773438,0.5907822251319885,0.7075676321983337,0.5972434878349304,0.6385789513587952,0.6834080219268799,0.6422203779220581,0.5430622696876526,0.6207787990570068,0.6846433281898499,0.6269925832748413,0.6408316493034363,0.795039176940918,0.9012784361839294,0.8128532767295837,0.9775379300117493,0.5360626578330994,0.5631625652313232,0.17432324588298798,0.6103599667549133,0.4526793360710144,0.6741030812263489,0.606820285320282,0.7286311388015747,0.611207127571106,0.6181646585464478,0.6845853328704834,0.6782251000404358,0.5583134293556213,0.638533890247345,0.6837042570114136,0.6275008320808411,0.6803619861602783
7,0.7,0.8263689279556274,0.9183348417282104,0.8450937271118164,0.9673609137535095,0.5468063354492188,0.5717705488204956,0.17253664135932922,0.6199193000793457,0.4908292889595032,0.6919518709182739,0.609696090221405,0.7415319681167603,0.6439381241798401,0.6492288708686829,0.6961750388145447,0.6652243137359619,0.5843955874443054,0.6570728421211243,0.6884291768074036,0.6879282593727112,0.6803308725357056,0.8470171093940735,0.9283888339996338,0.8566693067550659,0.975935697555542,0.5688994526863098,0.5803059935569763,0.17043669521808624,0.6255478262901306,0.49812784790992737,0.6946300864219666,0.6329056024551392,0.7612519264221191,0.6625673770904541,0.6244766116142273,0.7043384909629822,0.6949417591094971,0.6296060681343079,0.6720179915428162,0.6977881789207458,0.7212390303611755,0.6916454434394836
8,0.7,0.8609918355941772,0.9328616261482239,0.8679317235946655,0.9568884968757629,0.5603794455528259,0.593736469745636,0.16759473085403442,0.6378850340843201,0.5194826126098633,0.7023562788963318,0.6270960569381714,0.768339991569519,0.6762879490852356,0.6479286551475525,0.6936020255088806,0.6833803653717041,0.6194977164268494,0.6837279796600342,0.6833412647247314,0.7201608419418335,0.709162175655365,0.8817050457000732,0.9433098435401917,0.8824122548103333,0.9587815403938293,0.5717104077339172,0.6136245131492615,0.15684805810451508,0.6467389464378357,0.5447802543640137,0.7145896553993225,0.6450144648551941,0.7848576903343201,0.6980509161949158,0.6299729347229004,0.7315924167633057,0.708437442779541,0.6709901094436646,0.711656391620636,0.6453551054000854,0.7426006197929382,0.712497889995575
9,0.7,0.8934418559074402,0.947313666343689,0.8920526504516602,0.9513152241706848,0.5778293013572693,0.6260830760002136,0.16344843804836273,0.6593078970909119,0.5565656423568726,0.711481511592865,0.6544933319091797,0.8001883625984192,0.7077221274375916,0.6543641686439514,0.6934217214584351,0.6986572742462158,0.6853703856468201,0.7292534112930298,0.6765725612640381,0.7376115322113037,0.7249278426170349,0.8967469930648804,0.9491984248161316,0.8884019255638123,0.9462565779685974,0.5873814225196838,0.6379580497741699,0.14764216542243958,0.6770673990249634,0.5543763041496277,0.715397298336029,0.6583561897277832,0.8092593550682068,0.7107250094413757,0.6150183081626892,0.6811941862106323,0.7050560116767883,0.709557294845581,0.7355364561080933,0.68874591588974,0.7419877052307129,0.7224809527397156
10,0.7,0.9082404375076294,0.9522181749343872,0.9017606377601624,0.9445134401321411,0.6077481508255005,0.6448015570640564,0.16257281601428986,0.6750260591506958,0.5795636177062988,0.7092140316963196,0.6670243740081787,0.8221623301506042,0.7286803126335144,0.6567115187644958,0.6881014108657837,0.7094908952713013,0.7168186902999878,0.7492288947105408,0.6783161163330078,0.748923122882843,0.7388327121734619,0.9293810129165649,0.9626530408859253,0.9169745445251465,0.9401655793190002,0.6490720510482788,0.6750625967979431,0.15019908547401428,0.690509557723999,0.6044415235519409,0.6880008578300476,0.6695107221603394,0.8546467423439026,0.7378149628639221,0.6859105825424194,0.6452663540840149,0.7137883901596069,0.7543472647666931,0.7802932262420654,0.6552491784095764,0.7622866034507751,0.7496112585067749
11,0.7,0.9164769649505615,0.9562249183654785,0.908481240272522,0.9472327828407288,0.6134719848632812,0.6588416695594788,0.15958306193351746,0.6839029788970947,0.5979721546173096,0.7111693024635315,0.6736573576927185,0.8429110050201416,0.7392326593399048,0.669485867023468,0.6894579529762268,0.7176815271377563,0.7192243337631226,0.7638009786605835,0.677505373954773,0.7523662447929382,0.7610334753990173,0.9284462928771973,0.9652194380760193,0.9201439619064331,0.9462562799453735,0.6168619394302368,0.6813207864761353,0.14810162782669067,0.6939762830734253,0.6240523457527161,0.7400426864624023,0.6882837414741516,0.8619392514228821,0.7515007257461548,0.664279580116272,0.6508423089981079,0.7314267754554749,0.7624634504318237,0.8056553602218628,0.6525229811668396,0.7668533325195312,0.7644158601760864
12,0.7,0.924787163734436,0.9586445689201355,0.9142225980758667,0.9476401209831238,0.6228772401809692,0.6736561059951782,0.15794683992862701,0.6966081857681274,0.6197885274887085,0.7092580199241638,0.6810932755470276,0.8565709590911865,0.7535139322280884,0.6762436032295227,0.6782612800598145,0.7257566452026367,0.7437341213226318,0.7893698811531067,0.6846394538879395,0.764567494392395,0.7710028290748596,0.9215303659439087,0.9553667306900024,0.9120718240737915,0.9392642378807068,0.6631053686141968,0.6803672313690186,0.17387227714061737,0.6878042817115784,0.6205145120620728,0.7142434120178223,0.6801954507827759,0.8585729002952576,0.7638787627220154,0.6554442644119263,0.7237967848777771,0.736480712890625,0.7670300006866455,0.8103757500648499,0.6894286870956421,0.7740756273269653,0.7573790550231934
13,0.7,0.9173767566680908,0.9521417021751404,0.9079189300537109,0.9410750865936279,0.6816282868385315,0.6821663975715637,0.15926694869995117,0.7032111287117004,0.6234847903251648,0.7039353251457214,0.689727783203125,0.8640823364257812,0.7665050625801086,0.6887402534484863,0.6888815760612488,0.7376500368118286,0.7499455213546753,0.7948156595230103,0.7072210311889648,0.7721643447875977,0.7719660401344299,0.906322717666626,0.9491845965385437,0.9010713696479797,0.9351993203163147,0.7172826528549194,0.6897459626197815,0.1598328799009323,0.7011882066726685,0.6206599473953247,0.7013584971427917,0.6967540979385376,0.8615044951438904,0.7793692946434021,0.7272247672080994,0.6965453624725342,0.7402712106704712,0.7867254614830017,0.814315140247345,0.7247432470321655,0.7760457992553711,0.7544384598731995
14,0.7,0.9169159531593323,0.951296329498291,0.9092071056365967,0.9399427771568298,0.7027750015258789,0.6906011700630188,0.15762920677661896,0.7080073952674866,0.643997311592102,0.6923218965530396,0.7119463682174683,0.8767567276954651,0.7871631979942322,0.7670366764068604,0.6872372627258301,0.7705704569816589,0.7619503736495972,0.8066094517707825,0.7475783824920654,0.780232846736908,0.7824000120162964,0.9359815120697021,0.9632883667945862,0.9254884719848633,0.9354889988899231,0.7509695887565613,0.6984798312187195,0.16580058634281158,0.7016531229019165,0.668319046497345,0.6825150847434998,0.7401555180549622,0.893057107925415,0.8011433482170105,0.7638860940933228,0.669727087020874,0.7939258813858032,0.8102154731750488,0.8463830351829529,0.7315924167633057,0.802741527557373,0.7877909541130066
15,0.7,0.9264267086982727,0.9558546543121338,0.9124961495399475,0.9406574964523315,0.7349646687507629,0.6980242133140564,0.15316733717918396,0.7122481465339661,0.6550332307815552,0.6943987011909485,0.7409362196922302,0.8837170600891113,0.7898043990135193,0.7759636044502258,0.6971601247787476,0.7881399393081665,0.782757043838501,0.8271698951721191,0.7427229285240173,0.7984938025474548,0.7930530905723572,0.9347929358482361,0.9612944722175598,0.9165341258049011,0.9321556687355042,0.7704831957817078,0.7069082856178284,0.13566049933433533,0.7147411704063416,0.6554303765296936,0.670367419719696,0.7630123496055603,0.8958516716957092,0.8017122745513916,0.7804794907569885,0.6999922394752502,0.8095074892044067,0.8048593401908875,0.8488991856575012,0.7446554899215698,0.8131508827209473,0.7910019159317017
16,0.7,0.927708625793457,0.9549699425697327,0.9082775712013245,0.9317170977592468,0.749871015548706,0.702732264995575,0.14877265691757202,0.7142394781112671,0.6732698082923889,0.6908910274505615,0.7477120161056519,0.8947433829307556,0.7933797240257263,0.7894156575202942,0.7077476978302002,0.8026686310768127,0.7860751748085022,0.8202448487281799,0.7686298489570618,0.8091588020324707,0.7989804744720459,0.9265087842941284,0.9566923975944519,0.9083903431892395,0.9357785582542419,0.7756349444389343,0.7129275798797607,0.1479519158601761,0.7085167169570923,0.6983113884925842,0.7011789083480835,0.7548322081565857,0.8936203718185425,0.7922527194023132,0.8030036091804504,0.7108820080757141,0.8055675029754639,0.8137515187263489,0.8416373133659363,0.7759374976158142,0.8173609972000122,0.7850924134254456
17,0.7,0.9312602281570435,0.9552246928215027,0.9083062410354614,0.9380224347114563,0.7652528285980225,0.7051510810852051,0.15084365010261536,0.7172891497612,0.683699369430542,0.6967434287071228,0.7487393617630005,0.8974178433418274,0.788449227809906,0.7996824979782104,0.7121890187263489,0.8056309819221497,0.7830710411071777,0.8269068002700806,0.7795818448066711,0.8135334849357605,0.8015077710151672,0.9268079400062561,0.95256108045578,0.8987013697624207,0.9315048456192017,0.7850102186203003,0.7152156233787537,0.14749853312969208,0.7272592186927795,0.6768933534622192,0.6944621801376343,0.7605682611465454,0.8907873034477234,0.7934878468513489,0.7993242144584656,0.6963204145431519,0.8142767548561096,0.8243216872215271,0.8404698967933655,0.8132871985435486,0.8216565847396851,0.7746132016181946
18,0.7,0.9345443248748779,0.9567418694496155,0.9086975455284119,0.9389326572418213,0.775029718875885,0.7058345675468445,0.14817267656326294,0.7203680276870728,0.6926494836807251,0.7036146521568298,0.7572292685508728,0.9001893401145935,0.7862452864646912,0.7983548641204834,0.7108056545257568,0.7995200157165527,0.7988253235816956,0.8336748480796814,0.7821594476699829,0.8249366879463196,0.806094765663147,0.9389522075653076,0.9621474146842957,0.9210087060928345,0.9422427415847778,0.8024501800537109,0.7147292494773865,0.14321430027484894,0.7066142559051514,0.6964411735534668,0.710326075553894,0.777930498123169,0.908067524433136,0.8062682151794434,0.7921578288078308,0.7243972420692444,0.8269652724266052,0.8282862305641174,0.8655047416687012,0.8405607342720032,0.8380709290504456,0.8032277822494507
19,0.7,0.9352017641067505,0.9584424495697021,0.9135950803756714,0.9410234689712524,0.7781868577003479,0.7076687216758728,0.14607881009578705,0.7194749116897583,0.6920057535171509,0.7014579176902771,0.7611231803894043,0.9020140767097473,0.7972634434700012,0.8026077151298523,0.7074791193008423,0.8133931756019592,0.7966728806495667,0.8317663669586182,0.7691501379013062,0.8275583386421204,0.8129741549491882,0.931183934211731,0.9611944556236267,0.9150516986846924,0.9402602314949036,0.8024414777755737,0.7141678333282471,0.14891520142555237,0.7183235883712769,0.7006473541259766,0.7094266414642334,0.7889291048049927,0.9034163355827332,0.810295045375824,0.8072696328163147,0.7481678128242493,0.8123188018798828,0.832852840423584,0.8607932329177856,0.7685254812240601,0.8397936820983887,0.7912531495094299
20,0.7,0.9289225935935974,0.9582213759422302,0.9123847484588623,0.9372056126594543,0.7893246412277222,0.7118489742279053,0.1454228311777115,0.7246503829956055,0.7029955387115479,0.7058176398277283,0.7754426598548889,0.9041156768798828,0.8098355531692505,0.804702639579773,0.7174621820449829,0.8101755976676941,0.7978649139404297,0.8352643251419067,0.7948319315910339,0.8330806493759155,0.8119722604751587,0.9201429486274719,0.9639471173286438,0.9150934815406799,0.9374648928642273,0.8249421119689941,0.7254577279090881,0.15561790764331818,0.7277255654335022,0.7415540814399719,0.7021371126174927,0.8162610530853271,0.9070172309875488,0.8519063591957092,0.8169676661491394,0.7113779187202454,0.8382580280303955,0.8353922367095947,0.8729060888290405,0.8627504706382751,0.8542727828025818,0.8174852132797241
21,0.7,0.9292885661125183,0.958375096321106,0.9171701669692993,0.9353950619697571,0.8023125529289246,0.7168546319007874,0.14164769649505615,0.7277485728263855,0.7173411250114441,0.7059734463691711,0.7907673716545105,0.9049552083015442,0.8275473713874817,0.8113582134246826,0.7126787304878235,0.8168160915374756,0.817682147026062,0.8445335626602173,0.8447636365890503,0.8434009552001953,0.8126920461654663,0.9049248695373535,0.9591175317764282,0.9115747213363647,0.9336311221122742,0.8229175806045532,0.7225131988525391,0.13072001934051514,0.7270097732543945,0.7199991941452026,0.6989526748657227,0.7977016568183899,0.9052489995956421,0.8792532682418823,0.8196226358413696,0.6980052590370178,0.8131364583969116,0.8304038047790527,0.8671622276306152,0.8647087812423706,0.8514450788497925,0.7917102575302124
22,0.7,0.9228274822235107,0.9576914310455322,0.9169791340827942,0.9342290163040161,0.798331618309021,0.7192750573158264,0.1392872929573059,0.7346054315567017,0.7129984498023987,0.7060730457305908,0.7839037179946899,0.9027156829833984,0.839518129825592,0.8126512765884399,0.7116760611534119,0.8139656782150269,0.8071871399879456,0.8479170203208923,0.8380268216133118,0.8457315564155579,0.8159604668617249,0.9056584239006042,0.9627438187599182,0.9155364632606506,0.9425883293151855,0.8325924277305603,0.7311305403709412,0.14165320992469788,0.7524141073226929,0.7129625082015991,0.680693507194519,0.8114514350891113,0.8965895175933838,0.8860421776771545,0.8234211802482605,0.7137525081634521,0.8421270251274109,0.8414149880409241,0.8742676377296448,0.8642836809158325,0.8637624382972717,0.8203075528144836
23,0.7,0.9223418831825256,0.9593256711959839,0.9164392948150635,0.9315405488014221,0.804112434387207,0.7204433679580688,0.13877107203006744,0.7440329790115356,0.7175680994987488,0.7063014507293701,0.7944338917732239,0.9014933109283447,0.8490868210792542,0.8096027970314026,0.718417227268219,0.807640552520752,0.8154262900352478,0.8480122089385986,0.853938102722168,0.8487226963043213,0.8156736493110657,0.8956215977668762,0.953251302242279,0.9098184704780579,0.9183815121650696,0.8283288478851318,0.737790048122406,0.1523323953151703,0.7522003054618835,0.7078086733818054,0.715708315372467,0.8086450099945068,0.8887304663658142,0.8764573931694031,0.81969153881073,0.7193873524665833,0.8220628499984741,0.8364005088806152,0.8588782548904419,0.8676564693450928,0.8507102131843567,0.7918868064880371
24,0.7,0.9249703288078308,0.9608526229858398,0.9225851893424988,0.9209239482879639,0.8220632672309875,0.7271132469177246,0.13729965686798096,0.7537378072738647,0.7284272313117981,0.7070704698562622,0.8024590611457825,0.9068171977996826,0.8640042543411255,0.8244044780731201,0.7162407040596008,0.820059061050415,0.8087015748023987,0.8600711226463318,0.8628605604171753,0.8573636412620544,0.8310670852661133,0.9162094593048096,0.9652679562568665,0.9184871912002563,0.9345791339874268,0.8410179018974304,0.7295897006988525,0.13331371545791626,0.7548538446426392,0.7352682948112488,0.7606523633003235,0.8176583647727966,0.9085684418678284,0.8906981348991394,0.8323845267295837,0.7371516227722168,0.8393377065658569,0.8320408463478088,0.8814926147460938,0.8830017447471619,0.8633425831794739,0.8365586400032043
25,0.7,0.9275535345077515,0.9611098766326904,0.9204070568084717,0.9277271628379822,0.8263044953346252,0.7382645010948181,0.13533006608486176,0.7719748616218567,0.7347127795219421,0.7172337770462036,0.8051949739456177,0.9038404822349548,0.8596056699752808,0.8297227621078491,0.7217905521392822,0.8255805373191833,0.814522385597229,0.8583441376686096,0.8565430641174316,0.8621434569358826,0.8281946778297424,0.923197865486145,0.9665008783340454,0.9203859567642212,0.9407184720039368,0.8539409637451172,0.7710565328598022,0.1339641660451889,0.7790994644165039,0.7721790671348572,0.7420633435249329,0.8278840780258179,0.9044193029403687,0.9052258133888245,0.8357195854187012,0.7466640472412109,0.8117414712905884,0.8415262699127197,0.8864058256149292,0.8798172473907471,0.8770973682403564,0.8274365663528442
26,0.7,0.9323363900184631,0.9631235599517822,0.9231653213500977,0.9350848197937012,0.8257419466972351,0.7390490770339966,0.13320697844028473,0.77372145652771,0.7402728199958801,0.7131078839302063,0.8137109875679016,0.9069472551345825,0.8756166100502014,0.8306129574775696,0.7276411652565002,0.8258538246154785,0.8167626261711121,0.8614352345466614,0.8628184795379639,0.8652662634849548,0.8298113346099854,0.9198272824287415,0.9661616683006287,0.9198803901672363,0.93648362159729,0.8600490093231201,0.7497695088386536,0.13765764236450195,0.8020848631858826,0.7421953082084656,0.7209252119064331,0.827880859375,0.8993478417396545,0.9126265645027161,0.8392300605773926,0.7257989048957825,0.8470616340637207,0.8372542858123779,0.8803441524505615,0.8911012411117554,0.8810057044029236,0.8210830688476562
27,0.7,0.9349650740623474,0.9658323526382446,0.924274206161499,0.9402405023574829,0.8378441333770752,0.7442009449005127,0.13233043253421783,0.7794352769851685,0.7476196885108948,0.7131192684173584,0.8233664631843567,0.9125430583953857,0.8884837627410889,0.8376672267913818,0.7315957546234131,0.8350833058357239,0.8168685436248779,0.8691244721412659,0.8690925240516663,0.8748748302459717,0.8385352492332458,0.9286434054374695,0.9646403193473816,0.9108154773712158,0.9450792074203491,0.8465415835380554,0.7547357678413391,0.14230877161026,0.7820823192596436,0.760054886341095,0.7253522276878357,0.8274811506271362,0.9065632820129395,0.9023334383964539,0.834611713886261,0.7463477849960327,0.8137624263763428,0.8336559534072876,0.8889476656913757,0.8903644680976868,0.8727519512176514,0.8297691941261292
28,0.7,0.9345657229423523,0.9657426476478577,0.9232258200645447,0.9424213171005249,0.8274531364440918,0.750038206577301,0.13120585680007935,0.7844522595405579,0.7442250847816467,0.713820219039917,0.8200541138648987,0.9109206199645996,0.8831319212913513,0.839590847492218,0.7372525930404663,0.8346577882766724,0.8141883015632629,0.8610818982124329,0.8723496794700623,0.8791248798370361,0.838085949420929,0.9390776753425598,0.9721829295158386,0.9282330274581909,0.9449349045753479,0.8735050559043884,0.7812448143959045,0.1335078924894333,0.7857863903045654,0.7732235789299011,0.7104112505912781,0.8471670746803284,0.9178528785705566,0.9210282564163208,0.8447356820106506,0.7296059131622314,0.8568193912506104,0.8407112956047058,0.8984276652336121,0.8861857652664185,0.8953314423561096,0.8470497727394104
29,0.7,0.937896728515625,0.9653316736221313,0.9210052490234375,0.9426702260971069,0.8461324572563171,0.7560089826583862,0.1299447864294052,0.7879763245582581,0.7534785866737366,0.7151424884796143,0.8320218920707703,0.9149660468101501,0.8923815488815308,0.8379404544830322,0.7539801597595215,0.8336101770401001,0.8205276131629944,0.872611939907074,0.8774852156639099,0.8820731043815613,0.8425346612930298,0.9348117113113403,0.9677467942237854,0.9175416827201843,0.9450106620788574,0.8688168525695801,0.7421093583106995,0.13276000320911407,0.7990766167640686,0.7520301938056946,0.7042440176010132,0.8455054759979248,0.9098055958747864,0.918704628944397,0.8415881395339966,0.7304469347000122,0.8552452921867371,0.840050220489502,0.8967390656471252,0.8971295356750488,0.8961827158927917,0.8387984037399292
30,0.7,0.9406813383102417,0.9657813310623169,0.9239287376403809,0.9447048306465149,0.8455724716186523,0.7558151483535767,0.12805616855621338,0.7917543053627014,0.753012478351593,0.7108673453330994,0.8371435403823853,0.9150579571723938,0.8830260634422302,0.8401718139648438,0.7535797357559204,0.8376126885414124,0.8246755003929138,0.882063090801239,0.8860669732093811,0.8861060738563538,0.8440447449684143,0.9374145269393921,0.9678587913513184,0.9169918298721313,0.9479199647903442,0.8634697794914246,0.7549571990966797,0.13928170502185822,0.8005357384681702,0.7862061262130737,0.6908623576164246,0.848406195640564,0.9126153588294983,0.9122698903083801,0.8363491296768188,0.7453505396842957,0.8430553078651428,0.8454269170761108,0.9046630263328552,0.9009016156196594,0.8986819982528687,0.8462153673171997
31,0.7,0.9444815516471863,0.9662933349609375,0.9196809530258179,0.9433450698852539,0.8437681794166565,0.7582864761352539,0.1309073567390442,0.7964528203010559,0.7534211277961731,0.7128928899765015,0.8350460529327393,0.915055513381958,0.8915849328041077,0.8448342084884644,0.7721222043037415,0.8361684083938599,0.8176432251930237,0.8789725303649902,0.8807658553123474,0.8793336153030396,0.8413034081459045,0.9286870360374451,0.9633626341819763,0.9125538468360901,0.9465118050575256,0.8620285987854004,0.7583136558532715,0.13909366726875305,0.8034122586250305,0.7608755230903625,0.7235610485076904,0.8417717814445496,0.9038731455802917,0.9073371291160583,0.8414857387542725,0.7525691390037537,0.8336662650108337,0.8478925228118896,0.8920928239822388,0.8984993100166321,0.8887731432914734,0.8148058652877808
32,0.7,0.9460960030555725,0.9681506752967834,0.9225733280181885,0.9456744194030762,0.8414219617843628,0.751213014125824,0.1267455369234085,0.7931666970252991,0.7598828673362732,0.7178877592086792,0.8380269408226013,0.9185410141944885,0.8816951513290405,0.8477393388748169,0.7785957455635071,0.839027464389801,0.8219892978668213,0.8721445798873901,0.8913857340812683,0.8871062994003296,0.8496106863021851,0.941713273525238,0.9697732329368591,0.9148021936416626,0.9458894729614258,0.8757044076919556,0.7649135589599609,0.13154339790344238,0.8031450510025024,0.8062165975570679,0.6890974640846252,0.8492909669876099,0.9195147752761841,0.9168608784675598,0.8525367975234985,0.8035867214202881,0.8239090442657471,0.8390828371047974,0.9005067348480225,0.9029154777526855,0.9022437930107117,0.8460774421691895
33,0.7,0.9454247355461121,0.9660869240760803,0.9240070581436157,0.9458907246589661,0.8448963761329651,0.7537549734115601,0.12799416482448578,0.7971919178962708,0.7637276649475098,0.717103123664856,0.8394763469696045,0.919508695602417,0.8938325047492981,0.8502911329269409,0.7805389165878296,0.8376346230506897,0.814599871635437,0.8842499852180481,0.8845167756080627,0.8854580521583557,0.8497377634048462,0.9393621683120728,0.9663075804710388,0.9212868809700012,0.9458954930305481,0.8786066770553589,0.7740601897239685,0.13268762826919556,0.8093345165252686,0.8024818301200867,0.707033634185791,0.8562069535255432,0.9116715788841248,0.9246698617935181,0.8506263494491577,0.7779937386512756,0.8446612358093262,0.8405130505561829,0.9011651873588562,0.8867985010147095,0.900428295135498,0.8439220786094666
34,0.7,0.9452656507492065,0.9669316411018372,0.9258495569229126,0.9483454823493958,0.8539514541625977,0.7575514912605286,0.12590837478637695,0.7939853668212891,0.770663321018219,0.7188063263893127,0.841333270072937,0.9202657341957092,0.8968407511711121,0.8518949151039124,0.7870098948478699,0.836235523223877,0.8162055611610413,0.8827121257781982,0.8754198551177979,0.8903186321258545,0.8413593173027039,0.9523648023605347,0.9718908071517944,0.9261717796325684,0.9411664009094238,0.8941581845283508,0.7672210335731506,0.1347130686044693,0.7760109305381775,0.7874572277069092,0.6939495801925659,0.8585478663444519,0.9233023524284363,0.9325577020645142,0.8642090559005737,0.8243927359580994,0.8572661280632019,0.8425979018211365,0.9046252965927124,0.8995691537857056,0.9078463912010193,0.8361058831214905
35,0.7,0.9504535794258118,0.9676522016525269,0.9287193417549133,0.9471256136894226,0.8663222193717957,0.7593048810958862,0.12526732683181763,0.7993459701538086,0.7725782990455627,0.7228116393089294,0.8457775115966797,0.9243819713592529,0.9072269797325134,0.8547580242156982,0.8104397654533386,0.8365298509597778,0.8229840993881226,0.8942219614982605,0.8864209055900574,0.8953737616539001,0.8442402482032776,0.9615700244903564,0.9742826819419861,0.9328274726867676,0.9503570199012756,0.9033603668212891,0.802341639995575,0.13361842930316925,0.796410083770752,0.782490611076355,0.7238494157791138,0.8707938194274902,0.9305734038352966,0.9314233660697937,0.8661734461784363,0.8287021517753601,0.8310856223106384,0.8434610962867737,0.9142564535140991,0.9049842357635498,0.9137158989906311,0.8651382923126221
36,0.7,0.9463525414466858,0.9683379530906677,0.9250443577766418,0.9496606588363647,0.866355836391449,0.7653945684432983,0.125456303358078,0.7986769080162048,0.772683322429657,0.7247138023376465,0.852666437625885,0.9246086478233337,0.9083448052406311,0.8555597066879272,0.8156734108924866,0.8358813524246216,0.8229963183403015,0.8928584456443787,0.888099193572998,0.8985357284545898,0.8575384020805359,0.9475042223930359,0.9698262214660645,0.9230546355247498,0.9460014700889587,0.8931039571762085,0.7786939740180969,0.1335001438856125,0.796271800994873,0.8080308437347412,0.7166949510574341,0.8624556660652161,0.9205853343009949,0.9249433279037476,0.8588635325431824,0.8395287990570068,0.8330444693565369,0.840330183506012,0.906889021396637,0.8983278274536133,0.9057998061180115,0.8482984900474548
37,0.7,0.9472106099128723,0.965771496295929,0.9286465644836426,0.9485458135604858,0.8661268949508667,0.7592024803161621,0.12292918562889099,0.7982603907585144,0.7631366848945618,0.722191572189331,0.8500383496284485,0.9237192869186401,0.9044114947319031,0.8535701632499695,0.8100782036781311,0.8347063660621643,0.8229272365570068,0.8822501301765442,0.893090009689331,0.8995143175125122,0.8531319499015808,0.959888219833374,0.9729136824607849,0.9322580695152283,0.9456509351730347,0.9029057621955872,0.7696592211723328,0.12256785482168198,0.7916561365127563,0.7587801218032837,0.719489336013794,0.8722529411315918,0.9299280643463135,0.9307687282562256,0.866532027721405,0.8288426995277405,0.8209596872329712,0.8426700234413147,0.914400577545166,0.9120296239852905,0.9129817485809326,0.8639169931411743
38,0.7,0.9540767073631287,0.9700700044631958,0.9340394139289856,0.9488018155097961,0.8649901747703552,0.7653512358665466,0.12561357021331787,0.8000128269195557,0.7635395526885986,0.7301097512245178,0.8548538088798523,0.9299366474151611,0.9121785163879395,0.8586994409561157,0.8072531223297119,0.8370012640953064,0.8275039792060852,0.8906129002571106,0.8902267217636108,0.9071152210235596,0.8635568618774414,0.9591305255889893,0.9736806154251099,0.9321144223213196,0.9506015181541443,0.9017954468727112,0.7454743981361389,0.13324572145938873,0.8061715364456177,0.8057266473770142,0.7185510396957397,0.8776401281356812,0.9327277541160583,0.9304478168487549,0.8687649965286255,0.8276020288467407,0.864734411239624,0.8488976955413818,0.9170757532119751,0.9187952280044556,0.9134097695350647,0.8638615608215332
39,0.7,0.9530102610588074,0.9671055674552917,0.9318929314613342,0.9483804106712341,0.8686048984527588,0.7660818099975586,0.12251532077789307,0.8052327036857605,0.7724501490592957,0.7350844144821167,0.8534018397331238,0.928321123123169,0.9071779847145081,0.860542356967926,0.8227128982543945,0.8321244716644287,0.8236773610115051,0.8838472962379456,0.8963703513145447,0.9031925201416016,0.8584519028663635,0.9563983678817749,0.9693307876586914,0.9298473596572876,0.9481402039527893,0.9015549421310425,0.7603620886802673,0.12428846210241318,0.8103060126304626,0.7940152883529663,0.7414823770523071,0.8694491386413574,0.9270620942115784,0.9269393086433411,0.8734140396118164,0.8407860398292542,0.8453368544578552,0.8477404713630676,0.9120525121688843,0.910362184047699,0.9141795039176941,0.8462259769439697
40,0.7,0.9538402557373047,0.9658690690994263,0.9299206137657166,0.9525020718574524,0.86910480260849,0.766233503818512,0.12419918924570084,0.8007886409759521,0.7765676975250244,0.7456858158111572,0.8556656837463379,0.9269008636474609,0.9078512787818909,0.8587907552719116,0.8186001777648926,0.8324774503707886,0.8250603079795837,0.8970237374305725,0.897990882396698,0.9014233946800232,0.8610568642616272,0.9605096578598022,0.9670910239219666,0.925929069519043,0.9496548175811768,0.9011074900627136,0.8030259609222412,0.1450718492269516,0.783636212348938,0.7820250391960144,0.7439452409744263,0.8605127930641174,0.9261367917060852,0.9255967140197754,0.865547776222229,0.8382237553596497,0.8493728637695312,0.8495399951934814,0.9079853892326355,0.9124307632446289,0.9076884388923645,0.8420446515083313
41,0.7,0.9564580321311951,0.9653793573379517,0.932320773601532,0.9536837935447693,0.8783584833145142,0.7696413397789001,0.12932679057121277,0.7986712455749512,0.7702820897102356,0.7557468414306641,0.8564083576202393,0.9275817275047302,0.8999483585357666,0.8594964146614075,0.8326411843299866,0.8299834728240967,0.8256629109382629,0.8978217840194702,0.9024103879928589,0.8990866541862488,0.8608667254447937,0.9627355337142944,0.9699411392211914,0.9347105622291565,0.9512662291526794,0.9128894209861755,0.7380513548851013,0.14421644806861877,0.802065908908844,0.7707939743995667,0.7606166005134583,0.8740963935852051,0.9329097867012024,0.933586597442627,0.8735107779502869,0.8051553964614868,0.8396163582801819,0.8476083278656006,0.9244323372840881,0.9157289266586304,0.918759286403656,0.8552746176719666
42,0.7,0.9575477838516235,0.9628941416740417,0.9351325631141663,0.9491447806358337,0.8722601532936096,0.7672526240348816,0.15215474367141724,0.8060315847396851,0.7710389494895935,0.7605518102645874,0.8566381931304932,0.9288380742073059,0.89913010597229,0.8630226850509644,0.8212062120437622,0.8358204364776611,0.8293225765228271,0.904194712638855,0.9034122228622437,0.9007318615913391,0.8575238585472107,0.9619265794754028,0.967194676399231,0.9380382895469666,0.9477106928825378,0.9053038358688354,0.7735919952392578,0.14824837446212769,0.7882966995239258,0.7939761281013489,0.7853541374206543,0.8723680973052979,0.9318505525588989,0.9323059320449829,0.8634790182113647,0.8586774468421936,0.8516436815261841,0.848164439201355,0.919612467288971,0.9124961495399475,0.9111363887786865,0.8561435341835022
43,0.7,0.958204448223114,0.9640487432479858,0.9354134202003479,0.9460161924362183,0.8745250105857849,0.7665107846260071,0.16238956153392792,0.8041871190071106,0.7696913480758667,0.7656845450401306,0.859307050704956,0.9301074743270874,0.9038375020027161,0.8640761971473694,0.8349617123603821,0.8300129771232605,0.8313630223274231,0.901987612247467,0.9052987694740295,0.9054093956947327,0.8563848733901978,0.9626733660697937,0.967534601688385,0.9330733418464661,0.950190007686615,0.9076172709465027,0.756759762763977,0.17472387850284576,0.7904239296913147,0.7824366092681885,0.7829176187515259,0.8723244071006775,0.9284877777099609,0.9266766905784607,0.872133195400238,0.865703284740448,0.8656981587409973,0.8498491048812866,0.9178801774978638,0.925169050693512,0.9209281802177429,0.8521310687065125
44,0.7,0.9591420292854309,0.961330771446228,0.9368576407432556,0.9450818300247192,0.8782219290733337,0.771755039691925,0.21060419082641602,0.8091044425964355,0.7675012350082397,0.7688896059989929,0.8640016913414001,0.9301167130470276,0.9148454666137695,0.8637227416038513,0.8286134004592896,0.8310653567314148,0.8340755701065063,0.9049801826477051,0.9039468765258789,0.9085240364074707,0.8482606410980225,0.9659995436668396,0.9647693037986755,0.9410037398338318,0.9416337013244629,0.916689395904541,0.7955959439277649,0.24312236905097961,0.7679811716079712,0.7603367567062378,0.8050402402877808,0.877519428730011,0.9337010383605957,0.9316338896751404,0.8886501789093018,0.86899733543396,0.8250601887702942,0.8498176336288452,0.924648642539978,0.9174216389656067,0.9156872034072876,0.848219633102417
45,0.7,0.9565461874008179,0.9587827920913696,0.9332796335220337,0.9433669447898865,0.8721429705619812,0.775219738483429,0.26547539234161377,0.8122791647911072,0.771210253238678,0.7824537754058838,0.8629502058029175,0.9269112944602966,0.9145785570144653,0.8664647340774536,0.8350402116775513,0.8203234076499939,0.8349300026893616,0.9063296318054199,0.9028186798095703,0.9057435393333435,0.8540025353431702,0.9711425304412842,0.9695467948913574,0.9434051513671875,0.9483392238616943,0.9171696901321411,0.7795283794403076,0.3001176416873932,0.8102309107780457,0.7831250429153442,0.7931803464889526,0.8861756324768066,0.938603401184082,0.9356302618980408,0.8890746235847473,0.8664669990539551,0.852703869342804,0.8408415913581848,0.9373606443405151,0.9186346530914307,0.9238921403884888,0.8588312864303589
46,0.7,0.9579837918281555,0.9599297046661377,0.9333019852638245,0.9429906010627747,0.8790259957313538,0.776785135269165,0.2949976623058319,0.8040345907211304,0.7728692293167114,0.7807068824768066,0.86221843957901,0.9291067719459534,0.9066488146781921,0.8686046600341797,0.836540162563324,0.8260593414306641,0.830524206161499,0.902708113193512,0.9083803296089172,0.9030796885490417,0.8501770496368408,0.9660534262657166,0.9649283289909363,0.940523087978363,0.9429011940956116,0.9187813997268677,0.7719348073005676,0.3068366050720215,0.8286110758781433,0.7648499608039856,0.7911609411239624,0.8881745934486389,0.9283259510993958,0.9354522824287415,0.8853933215141296,0.8616372346878052,0.8599868416786194,0.8468347191810608,0.9221524596214294,0.9203276634216309,0.915143609046936,0.8488279581069946
47,0.7,0.960814356803894,0.9612272381782532,0.9397359490394592,0.9427075386047363,0.8894490003585815,0.7843630909919739,0.30403459072113037,0.8091754913330078,0.776094913482666,0.7791892886161804,0.8736802935600281,0.9321483969688416,0.9023441076278687,0.8721035718917847,0.8473077416419983,0.830312967300415,0.8353195190429688,0.9026371240615845,0.9027978181838989,0.9051803946495056,0.853432297706604,0.9692335724830627,0.9660853743553162,0.9436218738555908,0.9413203001022339,0.9249634742736816,0.8023063540458679,0.31037279963493347,0.8319334983825684,0.7866958379745483,0.788689374923706,0.8969160914421082,0.9378881454467773,0.942024290561676,0.8952603340148926,0.8785683512687683,0.854282557964325,0.8546611666679382,0.9339603781700134,0.9155773520469666,0.9220720529556274,0.8613666296005249
48,0.7,0.9621885418891907,0.9603717923164368,0.9389231204986572,0.9398545622825623,0.888891339302063,0.7845656871795654,0.31010645627975464,0.8124908804893494,0.7743017673492432,0.7832668423652649,0.8764141201972961,0.9351481795310974,0.9066153168678284,0.8744117617607117,0.838409423828125,0.8274260759353638,0.837577223777771,0.9101902842521667,0.9070493578910828,0.9153558611869812,0.8591538667678833,0.9690659046173096,0.9643164277076721,0.939416766166687,0.9439273476600647,0.9161699414253235,0.7913642525672913,0.33707454800605774,0.822065532207489,0.7884327173233032,0.7841535806655884,0.898014485836029,0.9401390552520752,0.9410139322280884,0.881648063659668,0.8653833866119385,0.8410890102386475,0.8534407019615173,0.9333549737930298,0.9181458353996277,0.92708820104599,0.849685788154602
49,0.7,0.9565601944923401,0.956527054309845,0.9380237460136414,0.9474659562110901,0.8752349615097046,0.7823652029037476,0.36904922127723694,0.8069304823875427,0.7719301581382751,0.7859805226325989,0.8717920780181885,0.9329724907875061,0.912067174911499,0.8724614381790161,0.8427470922470093,0.8317912220954895,0.8329782485961914,0.9086340665817261,0.9014163017272949,0.9073469638824463,0.8548363447189331,0.964426577091217,0.9588557481765747,0.939738929271698,0.9463921785354614,0.920696496963501,0.7858151793479919,0.42651817202568054,0.7940260767936707,0.8059415221214294,0.814751148223877,0.887561023235321,0.933440089225769,0.9297975897789001,0.8789033889770508,0.8670029640197754,0.8485232591629028,0.8530188798904419,0.9238573312759399,0.9045439958572388,0.9205539226531982,0.8513423204421997
50,0.7,0.9617831707000732,0.9595568776130676,0.9429851770401001,0.9500797390937805,0.8832241296768188,0.7870107293128967,0.4898952543735504,0.8111947774887085,0.7857353091239929,0.7881941199302673,0.8788518309593201,0.9367680549621582,0.9151889085769653,0.8758230805397034,0.8352333903312683,0.8412812948226929,0.8429479002952576,0.9111299514770508,0.912106454372406,0.9112203121185303,0.8660951256752014,0.9701038599014282,0.9615282416343689,0.94931960105896,0.9490868449211121,0.9238423109054565,0.793846070766449,0.5829805731773376,0.8286250233650208,0.7879605889320374,0.8080880641937256,0.8964072465896606,0.9360284805297852,0.9371410012245178,0.883202075958252,0.8528091907501221,0.8679530024528503,0.8561843037605286,0.9278115630149841,0.9191253185272217,0.9270241856575012,0.8653233051300049
51,0.7,0.9641475081443787,0.960884690284729,0.9483954906463623,0.9496247172355652,0.8840060234069824,0.7912233471870422,0.5725859999656677,0.8134451508522034,0.7704824805259705,0.7909896969795227,0.8816182017326355,0.9354245066642761,0.906156599521637,0.8738840818405151,0.8262293934822083,0.8377705216407776,0.8399953246116638,0.916327714920044,0.9166635870933533,0.9177729487419128,0.8634069561958313,0.96675705909729,0.9608781337738037,0.9451262354850769,0.953097403049469,0.9243815541267395,0.7971529364585876,0.589300274848938,0.8211530447006226,0.7771161794662476,0.8094930648803711,0.893525242805481,0.9314204454421997,0.9387412071228027,0.9011201858520508,0.86190265417099,0.8444933891296387,0.8540619611740112,0.9257925152778625,0.9107348918914795,0.9264102578163147,0.8599288463592529
52,0.7,0.9660415649414062,0.9608632326126099,0.945261538028717,0.951691210269928,0.8950688242912292,0.798093855381012,0.607745885848999,0.8216395378112793,0.782400906085968,0.7937764525413513,0.8829607963562012,0.9381436109542847,0.9170945286750793,0.8778948783874512,0.8369616866111755,0.8394485712051392,0.8459156155586243,0.9200779795646667,0.9126075506210327,0.9234758019447327,0.8700481057167053,0.9697598218917847,0.9593855738639832,0.9413225650787354,0.9494467973709106,0.9290134906768799,0.8169751763343811,0.6140722036361694,0.8274614214897156,0.7433071732521057,0.798432469367981,0.9042670726776123,0.9364219307899475,0.942354679107666,0.8774785399436951,0.8684450387954712,0.8423762321472168,0.8553813099861145,0.9372839331626892,0.9304215312004089,0.9336721897125244,0.8717488646507263
53,0.7,0.9671273827552795,0.9603113532066345,0.9474226236343384,0.949926495552063,0.8904345035552979,0.7940839529037476,0.623668372631073,0.8200927376747131,0.7757368683815002,0.7893878817558289,0.8791746497154236,0.9393860697746277,0.914929211139679,0.8839445114135742,0.8468308448791504,0.8385124802589417,0.836994469165802,0.9130619168281555,0.9094591736793518,0.9135793447494507,0.870339572429657,0.9713518023490906,0.9587189555168152,0.9474259614944458,0.9516335129737854,0.9239503741264343,0.7947522401809692,0.633253276348114,0.8363161683082581,0.7968533039093018,0.8138560652732849,0.8955067992210388,0.9351866841316223,0.9424185752868652,0.890829861164093,0.8759498000144958,0.8501659631729126,0.8466354608535767,0.9381548166275024,0.9105017781257629,0.925236701965332,0.8687601089477539
54,0.7,0.9693303108215332,0.9610394239425659,0.9509164690971375,0.9545706510543823,0.892076849937439,0.7977768182754517,0.6417421698570251,0.8226433992385864,0.7777478098869324,0.799662172794342,0.8867455720901489,0.9432747960090637,0.9338170289993286,0.886663019657135,0.849666953086853,0.8358620405197144,0.8386027812957764,0.9224094152450562,0.9154530763626099,0.9256073236465454,0.8715502023696899,0.9735945463180542,0.9575300812721252,0.9515950083732605,0.9574384689331055,0.9305469393730164,0.7974894642829895,0.6537511944770813,0.8287899494171143,0.8167366981506348,0.8162655234336853,0.897668719291687,0.9388266205787659,0.9430425763130188,0.8876079320907593,0.8841568231582642,0.8460508584976196,0.8425242900848389,0.9451504349708557,0.9203415513038635,0.9280375838279724,0.8887870907783508
55,0.7,0.9702562093734741,0.9563270807266235,0.9520770311355591,0.9574716687202454,0.9029247164726257,0.8016896843910217,0.6508588194847107,0.8210133910179138,0.7767598032951355,0.8049864768981934,0.8945406079292297,0.9437033534049988,0.9227616190910339,0.8850551843643188,0.8532858490943909,0.8362311124801636,0.833314836025238,0.91340571641922,0.9075262546539307,0.9228673577308655,0.8787550926208496,0.9650011658668518,0.9521790742874146,0.9430662393569946,0.9517742395401001,0.9250734448432922,0.8037097454071045,0.6462610363960266,0.8217336535453796,0.7616100907325745,0.8134506344795227,0.8926689028739929,0.9346546530723572,0.9402675032615662,0.8882352113723755,0.8493444919586182,0.8500134348869324,0.8558022975921631,0.9335538744926453,0.9183887839317322,0.9244015216827393,0.8599131107330322
56,0.7,0.9692692756652832,0.9575859308242798,0.9483242034912109,0.9576902985572815,0.8965826630592346,0.7985540628433228,0.660979688167572,0.8250250220298767,0.7790203094482422,0.8004268407821655,0.8848826885223389,0.9402175545692444,0.9064970016479492,0.8866162896156311,0.8506091833114624,0.8337230682373047,0.8433067202568054,0.916792094707489,0.9044047594070435,0.9226143956184387,0.8644067645072937,0.9755993485450745,0.9653640985488892,0.9522395730018616,0.9550345540046692,0.9324278831481934,0.8091554045677185,0.6627731919288635,0.8269441723823547,0.8182408809661865,0.8025050759315491,0.8985893130302429,0.9453061819076538,0.941742479801178,0.8957921862602234,0.887464702129364,0.8659036755561829,0.8563337922096252,0.9358178973197937,0.9347804188728333,0.9373748898506165,0.8710566759109497
57,0.7,0.9713640809059143,0.960828959941864,0.9512406587600708,0.9578579664230347,0.8935927152633667,0.804526150226593,0.6747350692749023,0.8319283127784729,0.7804098129272461,0.7984954714775085,0.8845412135124207,0.9438329935073853,0.9205811023712158,0.8899100422859192,0.8497621417045593,0.8382976651191711,0.8385043740272522,0.9202039241790771,0.9186692237854004,0.9267887473106384,0.8706800937652588,0.9674956202507019,0.9517475366592407,0.9440696835517883,0.9568017721176147,0.915145754814148,0.8092154264450073,0.6751310229301453,0.8321660757064819,0.7916041612625122,0.8298465013504028,0.888598620891571,0.9333541989326477,0.937228262424469,0.9082884192466736,0.8784990310668945,0.8592063784599304,0.8494957685470581,0.9294496178627014,0.9187973141670227,0.9216496348381042,0.86089026927948
58,0.7,0.9712332487106323,0.9602665305137634,0.953101396560669,0.958884060382843,0.9000828266143799,0.8072637319564819,0.6814092397689819,0.8281194567680359,0.785293698310852,0.8069577217102051,0.8862734436988831,0.9465567469596863,0.929521381855011,0.8957367539405823,0.8575729131698608,0.8389208912849426,0.84270840883255,0.9195976853370667,0.9164906144142151,0.9243661761283875,0.8722235560417175,0.9786925315856934,0.9574918746948242,0.9576819539070129,0.9624597430229187,0.9374566674232483,0.8067033886909485,0.693622887134552,0.8423292636871338,0.7959246635437012,0.823415219783783,0.9059908390045166,0.9454718232154846,0.9529027342796326,0.9219882488250732,0.88535475730896,0.83896803855896,0.85608971118927,0.9472156167030334,0.9358881115913391,0.9304903149604797,0.8794872760772705
59,0.7,0.9725333452224731,0.9572164416313171,0.95416659116745,0.9637051820755005,0.9024132490158081,0.811893105506897,0.6924379467964172,0.8303550481796265,0.7775475382804871,0.8091623187065125,0.8919543027877808,0.9478219151496887,0.9344854950904846,0.8929038643836975,0.8677433133125305,0.8417972326278687,0.8435556292533875,0.9227863550186157,0.9219356775283813,0.9278835654258728,0.8736555576324463,0.9771972298622131,0.9593117833137512,0.9525576829910278,0.9592400193214417,0.9309267997741699,0.8397970795631409,0.703548789024353,0.8233693242073059,0.7798356413841248,0.8147509694099426,0.904997706413269,0.9500041604042053,0.9496411681175232,0.8957234025001526,0.8875757455825806,0.8680480122566223,0.8641656041145325,0.9360426068305969,0.9281243681907654,0.9343251585960388,0.861304521560669
60,0.7,0.9742109775543213,0.9577545523643494,0.9590067267417908,0.9616941809654236,0.9041151404380798,0.813292920589447,0.7040826082229614,0.8283053636550903,0.7895443439483643,0.8105355501174927,0.8939505815505981,0.9512644410133362,0.932703971862793,0.8973492383956909,0.8638067245483398,0.8500913977622986,0.8493404388427734,0.9255783557891846,0.9237223267555237,0.9316251277923584,0.8691620826721191,0.9778010845184326,0.9592666625976562,0.9587774276733398,0.9663286209106445,0.9282028079032898,0.8128941059112549,0.7224943041801453,0.8359906673431396,0.789990246295929,0.8219196200370789,0.9072968363761902,0.9458606839179993,0.9488628506660461,0.9077360033988953,0.8838229775428772,0.8556410074234009,0.8535065650939941,0.9414046406745911,0.9378803968429565,0.9373029470443726,0.868438184261322
61,0.7,0.9735376238822937,0.9559646844863892,0.9589947462081909,0.9636135101318359,0.9003016352653503,0.8114966750144958,0.7142301797866821,0.8324316143989563,0.7794679403305054,0.8149673342704773,0.8972975611686707,0.9507792592048645,0.932471513748169,0.8966826796531677,0.8751835823059082,0.8418260812759399,0.8439145088195801,0.9276304244995117,0.9147340655326843,0.9268803000450134,0.8685225248336792,0.9815885424613953,0.9458387494087219,0.9634827971458435,0.9658243656158447,0.9361767768859863,0.8090267181396484,0.7364606261253357,0.8415540456771851,0.8036231398582458,0.8367922306060791,0.9177985787391663,0.9518101215362549,0.9573581218719482,0.8974461555480957,0.8970054388046265,0.8373063206672668,0.8606024980545044,0.9574428796768188,0.9364879727363586,0.9485771059989929,0.8825452923774719
62,0.7,0.9722791910171509,0.9507392644882202,0.9559686779975891,0.9636809229850769,0.9050491452217102,0.8146845102310181,0.7269666790962219,0.8349249958992004,0.7834711074829102,0.8176580667495728,0.8958048820495605,0.9506624341011047,0.9328118562698364,0.894967794418335,0.873014509677887,0.8452691435813904,0.8490312695503235,0.928496241569519,0.9184114933013916,0.9321140646934509,0.878279983997345,0.9758502840995789,0.9520541429519653,0.9528703093528748,0.9637253284454346,0.9326978921890259,0.8092495799064636,0.7391632795333862,0.8264109492301941,0.7983795404434204,0.8295561671257019,0.9064415097236633,0.9462215900421143,0.9488871097564697,0.8815985918045044,0.891510546207428,0.8580522537231445,0.8625444173812866,0.9436833262443542,0.9292663335800171,0.9294828176498413,0.8731849789619446
63,0.7,0.971756100654602,0.9538393616676331,0.9540472030639648,0.9627170562744141,0.9071275591850281,0.811360239982605,0.7327378988265991,0.8339644074440002,0.7809759974479675,0.8147915005683899,0.9000185132026672,0.9497423768043518,0.9345356822013855,0.8970807790756226,0.8732463121414185,0.8484964966773987,0.8481944799423218,0.9292021989822388,0.914168119430542,0.928329348564148,0.8696969151496887,0.9775475859642029,0.9523985981941223,0.9559910297393799,0.9690296649932861,0.9334684610366821,0.810099720954895,0.7617886066436768,0.8309590816497803,0.7666895389556885,0.83125239610672,0.9038984775543213,0.9451968669891357,0.946763277053833,0.8996991515159607,0.8704244494438171,0.8719131946563721,0.8538140058517456,0.9510751366615295,0.9358681440353394,0.9375272393226624,0.8797417283058167
64,0.7,0.9754913449287415,0.9567180275917053,0.9588381052017212,0.9634712934494019,0.9110298752784729,0.8162233233451843,0.7465226650238037,0.8426996469497681,0.7768604159355164,0.8158040642738342,0.9042048454284668,0.9538530111312866,0.9432832598686218,0.8938237428665161,0.8723631501197815,0.8532086610794067,0.846525251865387,0.9342423677444458,0.9168428778648376,0.9357256293296814,0.883089542388916,0.9798440337181091,0.9529620409011841,0.9592599272727966,0.9659479260444641,0.9373952746391296,0.8092393279075623,0.7592833638191223,0.8347762227058411,0.7979468703269958,0.8329683542251587,0.9111247658729553,0.9480142593383789,0.9512162804603577,0.9197452664375305,0.888882577419281,0.8606199622154236,0.8585161566734314,0.94438236951828,0.9349819421768188,0.9413368701934814,0.8759095072746277
65,0.7,0.9745786786079407,0.9538551568984985,0.958170473575592,0.9578705430030823,0.9048486948013306,0.8174419403076172,0.747090220451355,0.8415690660476685,0.783531665802002,0.8167203664779663,0.8944494128227234,0.9502975940704346,0.9309539198875427,0.8967402577400208,0.8698428869247437,0.8535635471343994,0.8456959128379822,0.924382746219635,0.911704421043396,0.9329975247383118,0.8775213956832886,0.9760411977767944,0.9457080960273743,0.9528906345367432,0.9584862589836121,0.9360398054122925,0.8123759031295776,0.7559590339660645,0.8288980722427368,0.7790433168411255,0.8385762572288513,0.9078741669654846,0.9443459510803223,0.9468730092048645,0.9176005125045776,0.8764320015907288,0.8557120561599731,0.86881023645401,0.9465265870094299,0.9348433017730713,0.9368133544921875,0.8629331588745117
66,0.7,0.97374027967453,0.9541478157043457,0.957358717918396,0.9620031714439392,0.91115403175354,0.8185047507286072,0.7546308040618896,0.8431178331375122,0.7814128398895264,0.8193589448928833,0.9029877781867981,0.9487038254737854,0.9324657917022705,0.8980468511581421,0.8665348291397095,0.8471797108650208,0.8567942380905151,0.929024875164032,0.9141262173652649,0.9328889846801758,0.8774459362030029,0.9804744720458984,0.9491026401519775,0.9618858695030212,0.9603064060211182,0.9397538900375366,0.8105491995811462,0.7716009020805359,0.8362208008766174,0.775375485420227,0.822756290435791,0.9116342663764954,0.9498986005783081,0.9520131945610046,0.9188295602798462,0.8933456540107727,0.831329882144928,0.865537703037262,0.9420798420906067,0.9362984299659729,0.9448384046554565,0.861384928226471
67,0.7,0.9741541147232056,0.9522401690483093,0.9593525528907776,0.9628304243087769,0.9113401174545288,0.818731427192688,0.7622880339622498,0.8387485146522522,0.7811405658721924,0.8207463026046753,0.9029930830001831,0.9523118734359741,0.9318561553955078,0.8958743214607239,0.8731840252876282,0.8517354130744934,0.8449326157569885,0.9331571459770203,0.9214662313461304,0.933168351650238,0.8848820328712463,0.9799972772598267,0.9520277380943298,0.9632384777069092,0.968338668346405,0.9518120884895325,0.8133055567741394,0.7896323204040527,0.849356472492218,0.7963868379592896,0.8376179933547974,0.9203303456306458,0.9505351185798645,0.9538951516151428,0.9032471776008606,0.897483229637146,0.8779776692390442,0.8510543704032898,0.9479746222496033,0.9360146522521973,0.9450351595878601,0.8944302797317505
68,0.7,0.9747421741485596,0.9582986235618591,0.9592079520225525,0.9648571610450745,0.9114181995391846,0.8204308748245239,0.7734615206718445,0.8446753621101379,0.7747873663902283,0.8087047934532166,0.9038664102554321,0.9537845253944397,0.9362650513648987,0.8985512256622314,0.8706216216087341,0.8588102459907532,0.8435742259025574,0.9365415573120117,0.9288713335990906,0.9327499270439148,0.8902881741523743,0.9804177284240723,0.9570055603981018,0.9599117040634155,0.9685178399085999,0.9392082691192627,0.8203119039535522,0.7948198914527893,0.829829752445221,0.7710416913032532,0.8272087574005127,0.9149212837219238,0.9540972113609314,0.9498859643936157,0.9279934167861938,0.8844873905181885,0.8780457377433777,0.8587877154350281,0.9460568428039551,0.9449416995048523,0.9458486437797546,0.8851011991500854
69,0.7,0.9739692807197571,0.9527613520622253,0.9576245546340942,0.9627521634101868,0.9141653180122375,0.8160622119903564,0.7758646011352539,0.8393623232841492,0.7765728831291199,0.8179676532745361,0.8960909247398376,0.9512133002281189,0.9319517612457275,0.89775151014328,0.8732588887214661,0.8495076894760132,0.8476343750953674,0.9305797815322876,0.9233282208442688,0.9355284571647644,0.8865749835968018,0.9817084074020386,0.953380823135376,0.9600391387939453,0.9612482190132141,0.9378722310066223,0.8131263852119446,0.7853373885154724,0.8411635756492615,0.7598361968994141,0.8326943516731262,0.9193364381790161,0.9541303515434265,0.9492787718772888,0.9093195796012878,0.8989773392677307,0.8527826070785522,0.857246458530426,0.9438046813011169,0.9360233545303345,0.9451344609260559,0.883039116859436
70,0.7,0.9756796956062317,0.9513306617736816,0.959793210029602,0.9622594714164734,0.9082466959953308,0.815847635269165,0.7843444347381592,0.8376290202140808,0.7735018134117126,0.8209375739097595,0.8962926268577576,0.9540258646011353,0.9271445870399475,0.9017425179481506,0.8714504837989807,0.8513672351837158,0.8508287668228149,0.9218418598175049,0.9284259676933289,0.9306953549385071,0.8774750828742981,0.9792832732200623,0.9481191039085388,0.9584731459617615,0.9635770916938782,0.9415859580039978,0.8224677443504333,0.7842828035354614,0.8496875762939453,0.791229784488678,0.8356178998947144,0.9168763756752014,0.9496234655380249,0.9519563913345337,0.9194406867027283,0.8889521360397339,0.8585577011108398,0.8578499555587769,0.9402170777320862,0.9349342584609985,0.9441208839416504,0.8786432147026062
71,0.7,0.9761080145835876,0.9512472152709961,0.9632768630981445,0.9654651284217834,0.9231976270675659,0.8252195119857788,0.7837327122688293,0.8466145992279053,0.7788045406341553,0.8251916766166687,0.9113691449165344,0.9569425582885742,0.938280463218689,0.8975579142570496,0.8765112161636353,0.858954668045044,0.847981333732605,0.9307023882865906,0.9303528666496277,0.9360063076019287,0.8838916420936584,0.9862909317016602,0.9541968703269958,0.968447208404541,0.9676312804222107,0.9503693580627441,0.8146882057189941,0.8033203482627869,0.8500660061836243,0.7802532911300659,0.8349279761314392,0.9337491989135742,0.962629497051239,0.9643319249153137,0.900941789150238,0.8982471823692322,0.864205002784729,0.8540993928909302,0.9502801895141602,0.9412185549736023,0.9539886116981506,0.8937296867370605
72,0.7,0.9789220094680786,0.952609121799469,0.9625944495201111,0.9618133306503296,0.9283546209335327,0.8265921473503113,0.7927719354629517,0.8506588935852051,0.7790841460227966,0.8199195265769958,0.9084213376045227,0.960571825504303,0.9387569427490234,0.9003099799156189,0.8770663738250732,0.8557402491569519,0.8509226441383362,0.9352649450302124,0.9232134222984314,0.9324411153793335,0.8831233382225037,0.9814706444740295,0.9452387690544128,0.9621286988258362,0.9661758542060852,0.9425890445709229,0.8179271221160889,0.7950475811958313,0.8404862880706787,0.8218062520027161,0.8440310955047607,0.9159555435180664,0.9533529877662659,0.956020712852478,0.9138081073760986,0.8927172422409058,0.8674483895301819,0.8658248782157898,0.9578760862350464,0.9368879795074463,0.940406084060669,0.8836972117424011
73,0.7,0.9784408807754517,0.9464097023010254,0.961441159248352,0.9633275270462036,0.9176081418991089,0.8279489874839783,0.7947934865951538,0.842006504535675,0.7754537463188171,0.8313665986061096,0.9075645804405212,0.9588416218757629,0.9290372133255005,0.9025457501411438,0.8753633499145508,0.8617125749588013,0.8514415621757507,0.9391196370124817,0.9250892996788025,0.9314117431640625,0.8790596127510071,0.9875109195709229,0.9453381896018982,0.9719281792640686,0.9708767533302307,0.9525240659713745,0.8187618851661682,0.8221064805984497,0.8392077684402466,0.7955196499824524,0.8502702713012695,0.9291993379592896,0.9653105735778809,0.9635812640190125,0.9206617474555969,0.9066736102104187,0.8807204961776733,0.8580774068832397,0.9497782588005066,0.9526945948600769,0.9536082148551941,0.8943108320236206
74,0.7,0.9779330492019653,0.9452670812606812,0.9643754959106445,0.9638850092887878,0.9197534322738647,0.8260376453399658,0.8035891056060791,0.8435601592063904,0.7774339914321899,0.8311384320259094,0.9051205515861511,0.9603628516197205,0.9330764412879944,0.9034242630004883,0.8775067925453186,0.8512776494026184,0.8494282364845276,0.9345269799232483,0.9239145517349243,0.9368834495544434,0.883650004863739,0.9858269691467285,0.9410408139228821,0.9707542657852173,0.9681145548820496,0.9551794528961182,0.8088849782943726,0.8217368721961975,0.8448461890220642,0.7778010368347168,0.8552682399749756,0.9281736016273499,0.9596533179283142,0.964085578918457,0.9388688206672668,0.890595018863678,0.8560487627983093,0.8562440276145935,0.9521238803863525,0.9418922662734985,0.9539749026298523,0.8923642039299011
75,0.7,0.9765264987945557,0.9451957941055298,0.9613181352615356,0.9624821543693542,0.925575315952301,0.8286429047584534,0.8025271892547607,0.8472080826759338,0.7701832056045532,0.8305620551109314,0.9069952964782715,0.9577024579048157,0.9313846230506897,0.8992863893508911,0.8847914934158325,0.8553875088691711,0.8525956273078918,0.9356484413146973,0.9228825569152832,0.9304996132850647,0.8856165409088135,0.98189777135849,0.944925844669342,0.9622510671615601,0.9652599692344666,0.9434469938278198,0.8135509490966797,0.8163002729415894,0.8243711590766907,0.7688267230987549,0.8403124213218689,0.9168036580085754,0.9521533846855164,0.9522472023963928,0.9278761744499207,0.9012348055839539,0.8726224303245544,0.8600584864616394,0.9570348262786865,0.9350661635398865,0.9435785412788391,0.8840516209602356
76,0.7,0.9786686301231384,0.9499157667160034,0.965082049369812,0.9674116373062134,0.9194937944412231,0.8283097743988037,0.8049424886703491,0.8480521440505981,0.7774302363395691,0.8265296816825867,0.9145957231521606,0.95845627784729,0.9363095760345459,0.8980365991592407,0.8806918859481812,0.8622155785560608,0.8516859412193298,0.9421512484550476,0.9312436580657959,0.9333059787750244,0.8793674111366272,0.984847366809845,0.9406536221504211,0.9663925766944885,0.9709674715995789,0.9508777260780334,0.8265443444252014,0.8154475688934326,0.8557840585708618,0.8020460605621338,0.8545314073562622,0.928935706615448,0.9585026502609253,0.9594342708587646,0.9201983213424683,0.9039797782897949,0.8712489008903503,0.8703560829162598,0.9590252041816711,0.9379035234451294,0.9521506428718567,0.877535343170166
77,0.7,0.9799693822860718,0.9433111548423767,0.9626026153564453,0.9646543860435486,0.9220945239067078,0.8249046802520752,0.8070981502532959,0.852522611618042,0.7750959396362305,0.836527407169342,0.9111958742141724,0.9589446783065796,0.9423977732658386,0.8957804441452026,0.8776057362556458,0.8548902869224548,0.8598058223724365,0.9440252780914307,0.9276103973388672,0.9408636689186096,0.8739205002784729,0.9809187054634094,0.9428135752677917,0.957224428653717,0.9677793383598328,0.939837634563446,0.8246617317199707,0.8127476572990417,0.8203989863395691,0.7782676815986633,0.8542351126670837,0.9171506762504578,0.9501555562019348,0.955206036567688,0.8799877762794495,0.8981401324272156,0.8661380410194397,0.8591794967651367,0.9479267597198486,0.9362552762031555,0.9452933073043823,0.8758410811424255
78,0.7,0.9794763922691345,0.9493358731269836,0.9628396034240723,0.964957058429718,0.9211211800575256,0.8294044733047485,0.8118074536323547,0.8484640717506409,0.7764488458633423,0.832392692565918,0.9098020792007446,0.9590150713920593,0.9326629042625427,0.8952935934066772,0.8822001814842224,0.853213906288147,0.8558847904205322,0.9454459547996521,0.9310545325279236,0.9378316402435303,0.8828497529029846,0.9853736162185669,0.9392679929733276,0.9675596952438354,0.9725625514984131,0.9505678415298462,0.8177174925804138,0.826554000377655,0.848950207233429,0.7978946566581726,0.850750744342804,0.9278538227081299,0.9569182991981506,0.9625145196914673,0.9240812659263611,0.895430326461792,0.8382273316383362,0.8638055324554443,0.9638618230819702,0.9448857307434082,0.952335774898529,0.8860158920288086
79,0.7,0.979878842830658,0.9499703049659729,0.9658822417259216,0.9657207727432251,0.9273992776870728,0.8314573168754578,0.8201667666435242,0.8522598147392273,0.7769522070884705,0.8331109285354614,0.9127943515777588,0.9576013088226318,0.936398446559906,0.9013534188270569,0.8865443468093872,0.8483411073684692,0.8639070987701416,0.9402225613594055,0.9254378080368042,0.939149796962738,0.8717916011810303,0.9844898581504822,0.9483290314674377,0.9679611325263977,0.9733797311782837,0.9576863646507263,0.84183269739151,0.8262989521026611,0.8594990968704224,0.8046122789382935,0.8442529439926147,0.9279249310493469,0.9559369087219238,0.9613848924636841,0.9344241619110107,0.9096465706825256,0.893791675567627,0.8669811487197876,0.9623540639877319,0.9376484155654907,0.955657958984375,0.8816460371017456
80,0.7,0.977792501449585,0.9484764933586121,0.9643736481666565,0.9687638282775879,0.9281559586524963,0.8317346572875977,0.820084810256958,0.8552935123443604,0.7752083539962769,0.83193439245224,0.9118407368659973,0.9578117728233337,0.9302088618278503,0.9059902429580688,0.8858679533004761,0.8618308305740356,0.85523921251297,0.9356954097747803,0.9270915389060974,0.9342374205589294,0.8785015940666199,0.9849839806556702,0.9376428723335266,0.9658551216125488,0.9705121517181396,0.9556822776794434,0.816558301448822,0.8326679468154907,0.8473709225654602,0.7948160171508789,0.8562914133071899,0.922409176826477,0.9553104043006897,0.9600369930267334,0.9234775304794312,0.8974600434303284,0.8330617547035217,0.8581819534301758,0.9594070315361023,0.937521755695343,0.9544520974159241,0.88531094789505
81,0.7,0.9815380573272705,0.9433053135871887,0.9661276340484619,0.9701986908912659,0.9313266277313232,0.8310067653656006,0.822749674320221,0.853287935256958,0.7826961278915405,0.8399935364723206,0.9129867553710938,0.9608614444732666,0.9415414333343506,0.9003908634185791,0.8864351511001587,0.848729133605957,0.8516063690185547,0.9413533806800842,0.928563117980957,0.9345468878746033,0.8814219236373901,0.9851905107498169,0.9398680925369263,0.9668359756469727,0.9721142053604126,0.9486742615699768,0.8279369473457336,0.826786458492279,0.857786238193512,0.7623720765113831,0.8542071580886841,0.9304054975509644,0.9576116800308228,0.9611226916313171,0.9142866134643555,0.9001514911651611,0.8681728839874268,0.8636056780815125,0.9651370644569397,0.9266048073768616,0.9465782642364502,0.8886151313781738
82,0.7,0.9810744524002075,0.9478819966316223,0.9668555855751038,0.9673306345939636,0.922563910484314,0.8298015594482422,0.8300792574882507,0.8518886566162109,0.7711727619171143,0.8321120738983154,0.9104492664337158,0.9600315690040588,0.9422336220741272,0.9014187455177307,0.8859414458274841,0.860011100769043,0.8529589176177979,0.9325891137123108,0.9284903407096863,0.9424652457237244,0.8863512277603149,0.985476553440094,0.9506068229675293,0.9676993489265442,0.9750913381576538,0.9450428485870361,0.8314492702484131,0.8399057984352112,0.8412072062492371,0.7589320540428162,0.8411446213722229,0.9285057187080383,0.9572102427482605,0.9605870246887207,0.9129882454872131,0.9085809588432312,0.883777379989624,0.8646145462989807,0.9614187479019165,0.9474740028381348,0.9520511031150818,0.8881109356880188
83,0.7,0.9817545413970947,0.9524349570274353,0.9652921557426453,0.9721998572349548,0.9235482215881348,0.8308600783348083,0.8256865739822388,0.8579533696174622,0.7829886674880981,0.8260796666145325,0.9176273941993713,0.9611561298370361,0.943992018699646,0.9012433290481567,0.8871239423751831,0.8586199283599854,0.8579379916191101,0.9403878450393677,0.9322425723075867,0.9439369440078735,0.8851069211959839,0.987670361995697,0.9461964964866638,0.9700106978416443,0.9784764051437378,0.9539282917976379,0.8290799856185913,0.8460124135017395,0.8655438423156738,0.7687185406684875,0.8521619439125061,0.932429313659668,0.9621132016181946,0.9658896923065186,0.9151726961135864,0.9208786487579346,0.8793992400169373,0.8605747222900391,0.9675625562667847,0.9423795938491821,0.9573035836219788,0.8930522799491882
84,0.7,0.9796209335327148,0.9493607878684998,0.9645423293113708,0.9722415208816528,0.9260494112968445,0.8332716822624207,0.8295946717262268,0.8535444736480713,0.7726280093193054,0.8283371925354004,0.9149508476257324,0.9609590172767639,0.9411711096763611,0.8942859172821045,0.888217031955719,0.8650373220443726,0.8586564064025879,0.9501988887786865,0.9312732219696045,0.9405356645584106,0.8813117742538452,0.9844965934753418,0.945941686630249,0.9654068946838379,0.9773773550987244,0.9549693465232849,0.8394261002540588,0.8375163674354553,0.8494793772697449,0.7564090490341187,0.8463351726531982,0.9336912631988525,0.9588344097137451,0.9637755751609802,0.9064938426017761,0.9118895530700684,0.8792794346809387,0.8586423397064209,0.9578495025634766,0.9386900067329407,0.9510028958320618,0.8924685716629028
85,0.7,0.9817425012588501,0.9520826935768127,0.9672874212265015,0.9713749885559082,0.9323919415473938,0.8347009420394897,0.8372129797935486,0.8593302965164185,0.7757382392883301,0.8279435634613037,0.9189302921295166,0.9635048508644104,0.9476690888404846,0.8943613171577454,0.8998127579689026,0.8634878396987915,0.8516982197761536,0.9448991417884827,0.9348193407058716,0.942212700843811,0.8886386752128601,0.9870467782020569,0.9446607828140259,0.9694609642028809,0.9762119650840759,0.9570679664611816,0.8202231526374817,0.8440873622894287,0.867848813533783,0.8350412845611572,0.8520917892456055,0.934939444065094,0.9626861810684204,0.965694010257721,0.8967127203941345,0.902160108089447,0.8866457343101501,0.8651530742645264,0.9622318744659424,0.9455463886260986,0.9538105726242065,0.88399338722229
86,0.7,0.980794370174408,0.9500540494918823,0.9665315747261047,0.9728352427482605,0.9310685396194458,0.8354083895683289,0.8392102718353271,0.8562506437301636,0.7778756022453308,0.8322067856788635,0.9154927730560303,0.9626820087432861,0.9425241351127625,0.8964782953262329,0.8943201899528503,0.8608168959617615,0.8659378290176392,0.9495657086372375,0.9415343999862671,0.9398042559623718,0.8802435994148254,0.9861375689506531,0.9403876662254333,0.9698596596717834,0.9756972789764404,0.9563984274864197,0.8307701349258423,0.8510698080062866,0.832173764705658,0.7583155632019043,0.8592199087142944,0.9272285103797913,0.9605587124824524,0.9609272480010986,0.9132451415061951,0.9104227423667908,0.8767420053482056,0.8582384586334229,0.9601746201515198,0.9499885439872742,0.9455162286758423,0.8902028799057007
87,0.7,0.9785906076431274,0.9407050013542175,0.9627304077148438,0.9659633040428162,0.9222306609153748,0.8316808342933655,0.8385014533996582,0.8469631671905518,0.7716613411903381,0.8389458060264587,0.9160104990005493,0.9609596133232117,0.9407399296760559,0.8951312303543091,0.8943682909011841,0.8502993583679199,0.8408432602882385,0.9320079684257507,0.9107895493507385,0.9319610595703125,0.8925400376319885,0.9863505959510803,0.94069504737854,0.9672397971153259,0.9670019745826721,0.9528405070304871,0.8316990733146667,0.850313663482666,0.8456734418869019,0.7908529043197632,0.8573712110519409,0.9262484908103943,0.9599955081939697,0.9591163396835327,0.88466876745224,0.8795875906944275,0.8571851253509521,0.8480896353721619,0.9587693810462952,0.9493613243103027,0.9512540698051453,0.9021100401878357
88,0.7,0.9814115166664124,0.9461744427680969,0.9704262018203735,0.9650273323059082,0.9319393038749695,0.835258960723877,0.8427769541740417,0.855616569519043,0.7743493914604187,0.8387936949729919,0.924304187297821,0.9638169407844543,0.947889506816864,0.9023174047470093,0.8964693546295166,0.8616411089897156,0.8459147214889526,0.9469369649887085,0.9222156405448914,0.94061678647995,0.8968817591667175,0.984466016292572,0.9414635300636292,0.9676811099052429,0.9758663773536682,0.9518548250198364,0.8272080421447754,0.8532215356826782,0.8460925221443176,0.756486713886261,0.8576369285583496,0.925873339176178,0.9585134387016296,0.956271231174469,0.9001184701919556,0.9185782670974731,0.8783098459243774,0.8651797771453857,0.9615665674209595,0.9399982690811157,0.9495893716812134,0.8912954926490784
89,0.7,0.9807734489440918,0.950678825378418,0.9681774377822876,0.9682298898696899,0.9266934394836426,0.8319002389907837,0.8518219590187073,0.8592883348464966,0.7798401117324829,0.8355505466461182,0.9170771241188049,0.9635958075523376,0.9508939385414124,0.9040509462356567,0.8972716331481934,0.8617121577262878,0.8492516875267029,0.9465604424476624,0.9314686059951782,0.9421078562736511,0.8946656584739685,0.9861807823181152,0.9474325776100159,0.969745934009552,0.9724745750427246,0.9547520875930786,0.8358503580093384,0.8573943972587585,0.8398609161376953,0.7566545009613037,0.85410076379776,0.9290974140167236,0.959598958492279,0.9628321528434753,0.9251046776771545,0.9236229062080383,0.8673322796821594,0.8602648973464966,0.9601355791091919,0.9461089372634888,0.956291675567627,0.8920639753341675
90,0.7,0.9798835515975952,0.9506556391716003,0.9667081236839294,0.9680938124656677,0.9237645268440247,0.8341906666755676,0.8456678986549377,0.857546865940094,0.7730240225791931,0.8313933610916138,0.913943886756897,0.9622679948806763,0.9420965909957886,0.9034671783447266,0.8945952653884888,0.8559649586677551,0.8579242825508118,0.9470477104187012,0.9349371790885925,0.9393953680992126,0.8701903223991394,0.9851498007774353,0.947100818157196,0.9672796130180359,0.9767200350761414,0.952484667301178,0.8291574716567993,0.8541885018348694,0.8481997847557068,0.7893542647361755,0.8541590571403503,0.9261562824249268,0.9602935910224915,0.9638906717300415,0.9136818647384644,0.9109616875648499,0.8831850290298462,0.8755520582199097,0.9583054780960083,0.9473493099212646,0.9465093016624451,0.8723770380020142
91,0.7,0.9793112277984619,0.9476935863494873,0.965503454208374,0.9666359424591064,0.9255895614624023,0.8378713130950928,0.8505803942680359,0.8580681681632996,0.7748554348945618,0.8349796533584595,0.913912832736969,0.9640116691589355,0.9462082386016846,0.9007567167282104,0.8930156230926514,0.858045220375061,0.8475180268287659,0.9485094547271729,0.9281978011131287,0.9410862326622009,0.8903856873512268,0.9824330806732178,0.9337480068206787,0.9626995325088501,0.9704485535621643,0.9458332657814026,0.8293605446815491,0.8497111201286316,0.8536432385444641,0.8092240691184998,0.8587730526924133,0.9321900606155396,0.961628258228302,0.9633558392524719,0.9084811210632324,0.9128788709640503,0.8730646967887878,0.8637567162513733,0.9572178721427917,0.9274698495864868,0.9517067074775696,0.88250732421875
92,0.7,0.9783191084861755,0.9461299180984497,0.963951587677002,0.9683459401130676,0.9264274835586548,0.8351996541023254,0.8465715646743774,0.8577225804328918,0.7751281261444092,0.8362053036689758,0.9160154461860657,0.9599672555923462,0.9397419095039368,0.9015815854072571,0.8895901441574097,0.859592616558075,0.8511386513710022,0.9459432363510132,0.9317277669906616,0.9392132759094238,0.8872843384742737,0.9832274317741394,0.9405896663665771,0.964690089225769,0.9745299220085144,0.9502238035202026,0.8285466432571411,0.8606560826301575,0.8474834561347961,0.7938400506973267,0.8617503046989441,0.9245957732200623,0.9597629904747009,0.9587788581848145,0.9016159176826477,0.9134414196014404,0.8968487977981567,0.8614283800125122,0.9556273221969604,0.9396432638168335,0.9517231583595276,0.8942012190818787
93,0.7,0.9811782836914062,0.948262631893158,0.9652655720710754,0.9713146090507507,0.9292100667953491,0.8385474681854248,0.8568680882453918,0.8526824116706848,0.7726881504058838,0.8381359577178955,0.9215407967567444,0.9652641415596008,0.9489637017250061,0.904477059841156,0.8964011073112488,0.8662028908729553,0.8542653918266296,0.9460713267326355,0.9379720687866211,0.9455844163894653,0.8969243764877319,0.9857929944992065,0.9412998557090759,0.968192458152771,0.9765343070030212,0.9552127122879028,0.8229362964630127,0.8634765148162842,0.8593908548355103,0.7495075464248657,0.855426013469696,0.9332138299942017,0.9641848802566528,0.9619562029838562,0.9142444133758545,0.9141831994056702,0.8795946836471558,0.857808530330658,0.9636348485946655,0.946040153503418,0.9577250480651855,0.9009105563163757
94,0.7,0.9813663363456726,0.9470441937446594,0.9668123126029968,0.9673846960067749,0.9274422526359558,0.8382399082183838,0.8553035259246826,0.8537900447845459,0.7738826274871826,0.8368366360664368,0.9200378060340881,0.9657110571861267,0.9444331526756287,0.8959917426109314,0.8942945003509521,0.8650962114334106,0.8540558815002441,0.9462354779243469,0.9385062456130981,0.9423509836196899,0.8891872763633728,0.9860978126525879,0.943612813949585,0.9702615737915039,0.972381055355072,0.9594614505767822,0.8347265124320984,0.8693081140518188,0.8439751267433167,0.7772243022918701,0.8612856864929199,0.9310770034790039,0.962373673915863,0.960414469242096,0.9265791773796082,0.9126306772232056,0.8813596963882446,0.8666239380836487,0.9611606597900391,0.9479889273643494,0.9596868753433228,0.8850297331809998
95,0.7,0.98130202293396,0.9514101147651672,0.9686242341995239,0.967911958694458,0.9302031397819519,0.8428937792778015,0.8641858100891113,0.8594648838043213,0.7707698941230774,0.8319292664527893,0.9239778518676758,0.9654299020767212,0.9452243447303772,0.898505687713623,0.9023256301879883,0.8709292411804199,0.8605119585990906,0.9496945738792419,0.9377815127372742,0.947079598903656,0.8841553330421448,0.9870043396949768,0.9424149394035339,0.9708746075630188,0.9768079519271851,0.9563964605331421,0.8264570832252502,0.8733662962913513,0.8672858476638794,0.7858515381813049,0.8569846153259277,0.940297544002533,0.9663947820663452,0.9629201292991638,0.902505099773407,0.9043418169021606,0.8859640955924988,0.8656086325645447,0.9642462134361267,0.9406695365905762,0.9579405188560486,0.8936129212379456
96,0.7,0.982592761516571,0.9456588625907898,0.9674780964851379,0.9676498174667358,0.9246824383735657,0.8404194116592407,0.863429844379425,0.8596355319023132,0.7745181322097778,0.8409312963485718,0.9196931719779968,0.9661183953285217,0.9503062963485718,0.8970953822135925,0.8990724682807922,0.8635992407798767,0.8579248189926147,0.9451469779014587,0.9357341527938843,0.9435850977897644,0.891323447227478,0.9870424270629883,0.9413768649101257,0.9712485074996948,0.9758380651473999,0.9582455158233643,0.834357738494873,0.8778122663497925,0.8592378497123718,0.7670937180519104,0.860360860824585,0.9338030219078064,0.9649699926376343,0.9635121822357178,0.9188552498817444,0.9069219827651978,0.8782593607902527,0.8669579029083252,0.9614924788475037,0.9466284513473511,0.9582269191741943,0.8880013823509216
97,0.7,0.9814202785491943,0.9445109367370605,0.9687402844429016,0.9690476059913635,0.9330791234970093,0.8425752520561218,0.8659302592277527,0.8617631196975708,0.7728771567344666,0.8419824838638306,0.9218475222587585,0.9678170680999756,0.9489302039146423,0.8995844125747681,0.8978029489517212,0.8647500872612,0.8594949245452881,0.9499901533126831,0.9326484799385071,0.9442551136016846,0.8861679434776306,0.9843816757202148,0.9313755035400391,0.9679424166679382,0.9772876501083374,0.9578068852424622,0.8356429934501648,0.8695298433303833,0.8635743856430054,0.8321653008460999,0.8677417635917664,0.9336754679679871,0.9623984098434448,0.9635105729103088,0.9196957945823669,0.9155109524726868,0.8912522196769714,0.8638720512390137,0.9607965350151062,0.9435101747512817,0.9548481702804565,0.8950697779655457
98,0.7,0.979902446269989,0.9418249130249023,0.9666619896888733,0.9738818407058716,0.9258601665496826,0.8461374044418335,0.865712583065033,0.8638726472854614,0.7733016610145569,0.8430416584014893,0.9150949716567993,0.9641334414482117,0.935451865196228,0.897173285484314,0.8910632729530334,0.8582994341850281,0.8550664186477661,0.9444675445556641,0.9411240816116333,0.9453526139259338,0.8943885564804077,0.9872272610664368,0.9380584955215454,0.9709051847457886,0.9778974652290344,0.9616862535476685,0.8306405544281006,0.8782229423522949,0.8625119924545288,0.7996748685836792,0.8659789562225342,0.9328101277351379,0.9628772139549255,0.966734766960144,0.9062920808792114,0.8891972899436951,0.8746346235275269,0.8604322671890259,0.9656665325164795,0.9479662179946899,0.9571214914321899,0.8948888778686523
99,0.7,0.9822453856468201,0.9457614421844482,0.9682685732841492,0.9699141979217529,0.9343795776367188,0.8480973839759827,0.8685518503189087,0.864274263381958,0.7765032052993774,0.8377566933631897,0.9202086925506592,0.9646368622779846,0.9391688108444214,0.9017874002456665,0.8954592347145081,0.8637213706970215,0.8580830693244934,0.9458299875259399,0.9350975751876831,0.9461079835891724,0.888280987739563,0.9844197034835815,0.9260002374649048,0.9699970483779907,0.9717779159545898,0.952974259853363,0.8310933709144592,0.8755381107330322,0.8615928292274475,0.7648718953132629,0.8729181289672852,0.9280359745025635,0.9608864784240723,0.9583336114883423,0.9129436016082764,0.9092254042625427,0.8728142976760864,0.8632857203483582,0.9591535329818726,0.9368329644203186,0.9487217664718628,0.8918396830558777
100,0.7,0.9804051518440247,0.9409064054489136,0.9689679145812988,0.9715030193328857,0.9277880787849426,0.8443804979324341,0.8751012682914734,0.8619380593299866,0.7769244313240051,0.8529219627380371,0.9247209429740906,0.9661746025085449,0.9485387802124023,0.9051110148429871,0.9015703797340393,0.8696256279945374,0.8564813137054443,0.9501676559448242,0.9412990808486938,0.9439713358879089,0.886654257774353,0.9849299192428589,0.9319943189620972,0.971500813961029,0.9704563021659851,0.9558379650115967,0.8399708867073059,0.8818451166152954,0.8550100922584534,0.7580294013023376,0.8754099011421204,0.934639573097229,0.9648414850234985,0.9657211303710938,0.9259222149848938,0.911046028137207,0.8747351169586182,0.8596089482307434,0.9638544321060181,0.9425858855247498,0.9550110101699829,0.8961759805679321
101,0.7,0.9799309372901917,0.9467570781707764,0.9694055914878845,0.9730364084243774,0.9344732761383057,0.8475956916809082,0.8706178665161133,0.864486813545227,0.7769938111305237,0.8404504656791687,0.9209076762199402,0.9647650718688965,0.9500118494033813,0.9016023278236389,0.90410315990448,0.869419276714325,0.85731041431427,0.9482660293579102,0.9356260299682617,0.9461370706558228,0.8881433606147766,0.9852737188339233,0.9385247230529785,0.97080397605896,0.9709196090698242,0.9584314227104187,0.8316085338592529,0.8833829760551453,0.8549929261207581,0.7758656740188599,0.8609262108802795,0.9311023950576782,0.96231609582901,0.9634191393852234,0.9118504524230957,0.9193056225776672,0.8715954422950745,0.8718365430831909,0.9615473747253418,0.9497138261795044,0.9552977085113525,0.8863931894302368
102,0.7,0.9812524318695068,0.9418221116065979,0.9698503613471985,0.9663233757019043,0.9352147579193115,0.8480387926101685,0.8784857392311096,0.859453022480011,0.7709980607032776,0.8563796281814575,0.9200417399406433,0.9659860134124756,0.9493933916091919,0.9059447646141052,0.8996582627296448,0.8652505874633789,0.8607768416404724,0.9491531252861023,0.9358702301979065,0.9444957375526428,0.8838441967964172,0.9883102178573608,0.9376457333564758,0.9725406765937805,0.9743155837059021,0.9561582207679749,0.8348866701126099,0.889785647392273,0.8650238513946533,0.822211742401123,0.8791346549987793,0.9334617257118225,0.9661719799041748,0.9642183184623718,0.9275999665260315,0.9194551706314087,0.8587985634803772,0.8624931573867798,0.9729145765304565,0.9444315433502197,0.9605851173400879,0.9008386731147766
103,0.7,0.9793130159378052,0.9381136298179626,0.967346727848053,0.968332827091217,0.9312769770622253,0.843900203704834,0.8769405484199524,0.8614840507507324,0.7728996872901917,0.8576500415802002,0.9232279658317566,0.9646229147911072,0.9483120441436768,0.9046075344085693,0.8960133194923401,0.8664700388908386,0.8577836155891418,0.9432043433189392,0.9303612112998962,0.9411088228225708,0.8918560147285461,0.9829061627388,0.931097149848938,0.9641889929771423,0.9665608406066895,0.9452024698257446,0.8305258750915527,0.8821387887001038,0.854374349117279,0.7832580208778381,0.8697267770767212,0.9280039072036743,0.9601689577102661,0.955507218837738,0.8973950147628784,0.9143099188804626,0.8854069113731384,0.8592482805252075,0.9593881368637085,0.926932692527771,0.9478567838668823,0.8941153287887573
104,0.7,0.981947124004364,0.9365342855453491,0.9679343700408936,0.9688608646392822,0.9248003959655762,0.8429086804389954,0.8813471794128418,0.8586534261703491,0.7745127081871033,0.8583099842071533,0.9196542501449585,0.9660576581954956,0.9421566724777222,0.906151294708252,0.9012480974197388,0.8647791147232056,0.8479044437408447,0.9474796652793884,0.9342764019966125,0.9433743953704834,0.8895342946052551,0.9816137552261353,0.9268611669540405,0.9650208950042725,0.9731647372245789,0.9518126845359802,0.8243280649185181,0.8843213319778442,0.8387088775634766,0.7808421850204468,0.8811862468719482,0.9242843985557556,0.9593473076820374,0.95835942029953,0.9232653975486755,0.9047723412513733,0.8748943209648132,0.863140881061554,0.961309015750885,0.9464758038520813,0.9430467486381531,0.8878527283668518
105,0.7,0.982999861240387,0.9394742846488953,0.9710502028465271,0.9693054556846619,0.9365107417106628,0.8447192907333374,0.8795469403266907,0.8663733005523682,0.7764869332313538,0.8648964166641235,0.9232518076896667,0.9690502285957336,0.9507305026054382,0.9032326936721802,0.9051567316055298,0.8617885112762451,0.8568848967552185,0.952950656414032,0.9414392113685608,0.9488305449485779,0.8904555439949036,0.9860362410545349,0.9280064105987549,0.9695430994033813,0.9755679368972778,0.955574631690979,0.8280665278434753,0.887544572353363,0.8533494472503662,0.7905800342559814,0.8886255621910095,0.9282571077346802,0.9632640480995178,0.9579489827156067,0.9279383420944214,0.9025658369064331,0.8662421107292175,0.8677363395690918,0.9692301154136658,0.9476739168167114,0.9471242427825928,0.8925886154174805
106,0.7,0.9809312224388123,0.9329907894134521,0.9652374982833862,0.969619631767273,0.9284909963607788,0.8524629473686218,0.8802838325500488,0.8651503324508667,0.7718488574028015,0.8715972304344177,0.9134047031402588,0.9650499820709229,0.942051887512207,0.9070881009101868,0.8997583389282227,0.8662907481193542,0.8648317456245422,0.9496343731880188,0.9433754682540894,0.9466078877449036,0.8877530097961426,0.986746072769165,0.9140653610229492,0.9705691337585449,0.9755765199661255,0.9554747939109802,0.8408095240592957,0.894398033618927,0.8511686325073242,0.7846290469169617,0.9116432070732117,0.9371736645698547,0.965717077255249,0.9692332148551941,0.9216216206550598,0.914612352848053,0.8632714748382568,0.8684000968933105,0.967334508895874,0.9499074816703796,0.956942081451416,0.8910006880760193
107,0.7,0.9804686903953552,0.9338794350624084,0.9680451154708862,0.9710143804550171,0.9306146502494812,0.8502679467201233,0.8847694993019104,0.8708170056343079,0.7766477465629578,0.8763002157211304,0.9152071475982666,0.9609304666519165,0.9420592784881592,0.9091033339500427,0.9015917181968689,0.8648757934570312,0.8608453869819641,0.9502190351486206,0.9397898316383362,0.9412506222724915,0.8837736248970032,0.9878321886062622,0.9269780516624451,0.9743155837059021,0.9747351408004761,0.9602009654045105,0.8419978618621826,0.9009737372398376,0.8579177856445312,0.7526533603668213,0.906161904335022,0.9399346113204956,0.966955304145813,0.9721081256866455,0.9143751859664917,0.9143401384353638,0.8802127838134766,0.869230329990387,0.9621682167053223,0.9473746418952942,0.9587119221687317,0.8882977962493896
108,0.7,0.9838230609893799,0.9364071488380432,0.9713606834411621,0.9716974496841431,0.9377975463867188,0.8467357158660889,0.8898234367370605,0.8708894848823547,0.7718674540519714,0.879109799861908,0.9257491827011108,0.9685118794441223,0.9440096616744995,0.9109717607498169,0.8976600766181946,0.8636463284492493,0.8601531386375427,0.9513717889785767,0.9429643750190735,0.9517999887466431,0.8887733221054077,0.9835222363471985,0.9222665429115295,0.9692261815071106,0.9719692468643188,0.9626221060752869,0.8397266268730164,0.8928323984146118,0.8739534616470337,0.7752346992492676,0.8998178839683533,0.9307137727737427,0.9617298245429993,0.9661091566085815,0.9332122802734375,0.9119295477867126,0.8441689610481262,0.8648775219917297,0.962205171585083,0.9411209225654602,0.9583431482315063,0.8899235129356384
109,0.7,0.9827995896339417,0.9354192614555359,0.9704458117485046,0.9675072431564331,0.935974657535553,0.8522548675537109,0.8916117548942566,0.8741730451583862,0.7756991386413574,0.8809633255004883,0.9260790944099426,0.970227062702179,0.9432468414306641,0.9063700437545776,0.9020952582359314,0.8733370304107666,0.8600865006446838,0.9558823108673096,0.9428029656410217,0.9504377245903015,0.8904944062232971,0.9888838529586792,0.9273902773857117,0.9735719561576843,0.9751931428909302,0.9613297581672668,0.8377098441123962,0.8995785117149353,0.8475467562675476,0.7927568554878235,0.9036317467689514,0.935481607913971,0.9687137007713318,0.9697790741920471,0.9150146842002869,0.9196751117706299,0.8793759346008301,0.8703768253326416,0.9732762575149536,0.9498611688613892,0.9590660929679871,0.8935727477073669
110,0.7,0.9829714298248291,0.9402055144309998,0.9712944626808167,0.9705489277839661,0.927579402923584,0.85014808177948,0.8897852301597595,0.8616206645965576,0.7802857756614685,0.8741195797920227,0.9246307015419006,0.9687499403953552,0.946714460849762,0.9024068713188171,0.9045736193656921,0.8671994805335999,0.8652930855751038,0.9500252604484558,0.9411613345146179,0.9436607956886292,0.8840409517288208,0.9877850413322449,0.9359121918678284,0.9752277135848999,0.9773287773132324,0.9657537937164307,0.8432415127754211,0.9072205424308777,0.8807405233383179,0.7855000495910645,0.8986826539039612,0.9466777443885803,0.9703524708747864,0.9748659729957581,0.9309529662132263,0.9185128808021545,0.8812381029129028,0.8708323836326599,0.9720871448516846,0.9497663378715515,0.9647248387336731,0.892922043800354
111,0.7,0.9808247685432434,0.9419558644294739,0.9683095812797546,0.9709413051605225,0.9287312626838684,0.8546642661094666,0.8924020528793335,0.8661296367645264,0.7791461944580078,0.8705031275749207,0.9196473360061646,0.9680120944976807,0.9446659684181213,0.9063661694526672,0.8933999538421631,0.8656723499298096,0.8578689694404602,0.9440819621086121,0.9351311326026917,0.945583701133728,0.8811133503913879,0.9853817224502563,0.9321801662445068,0.9710014462471008,0.9750168919563293,0.9614484906196594,0.8377654552459717,0.9046646952629089,0.8654822707176208,0.7591952085494995,0.898491621017456,0.9401751756668091,0.9662228226661682,0.9686282277107239,0.912591814994812,0.9122571349143982,0.8795222043991089,0.8702353239059448,0.9677997827529907,0.944559633731842,0.9575772285461426,0.89094477891922
112,0.7,0.9818278551101685,0.9414628744125366,0.9700167775154114,0.9673798084259033,0.9373505115509033,0.854204535484314,0.895763099193573,0.8745208382606506,0.7805930376052856,0.8765774369239807,0.9241259098052979,0.9703863263130188,0.9464802145957947,0.9054376482963562,0.9083170890808105,0.8756309747695923,0.862309455871582,0.9497909545898438,0.9424635767936707,0.9490543603897095,0.8920177817344666,0.9871578216552734,0.9300556182861328,0.9731166958808899,0.9756910800933838,0.9635422229766846,0.8450232148170471,0.9089438915252686,0.8704883456230164,0.7546938061714172,0.9130070209503174,0.9385082721710205,0.9677795171737671,0.9701308012008667,0.9229540824890137,0.9192444086074829,0.8885998129844666,0.8680806756019592,0.9675894975662231,0.9462116360664368,0.9602260589599609,0.8940584659576416
113,0.7,0.9824967980384827,0.943838357925415,0.9711633920669556,0.9704405665397644,0.9391902685165405,0.8570210933685303,0.8995496034622192,0.8771001696586609,0.7740569710731506,0.8848541975021362,0.9276482462882996,0.9704229831695557,0.9468942880630493,0.908370852470398,0.9012556076049805,0.8778463006019592,0.8609259724617004,0.9527519941329956,0.9392741322517395,0.9555846452713013,0.8927738070487976,0.9872657656669617,0.9282580614089966,0.9735904335975647,0.972576379776001,0.961178719997406,0.8511243462562561,0.9103423357009888,0.8628378510475159,0.7897454500198364,0.9183579683303833,0.9397194981575012,0.9688969254493713,0.9653434157371521,0.9124056100845337,0.9187585115432739,0.9058678150177002,0.8686912059783936,0.9648322463035583,0.9442174434661865,0.9605156779289246,0.8888946771621704
114,0.7,0.9815773963928223,0.9443079829216003,0.9698623418807983,0.9701868295669556,0.9305658936500549,0.8541715145111084,0.8950954079627991,0.8689827919006348,0.7844239473342896,0.8891310095787048,0.9302019476890564,0.9682698845863342,0.9551689028739929,0.9091723561286926,0.9039937257766724,0.8701222538948059,0.8631473779678345,0.9489699602127075,0.9413279294967651,0.9447556138038635,0.8853464126586914,0.9840590953826904,0.9196215271949768,0.9693900942802429,0.9742228984832764,0.9494754076004028,0.8393442630767822,0.8961658477783203,0.861160159111023,0.7865809202194214,0.9294246435165405,0.9331808686256409,0.962067723274231,0.9645770192146301,0.9279276132583618,0.9121624231338501,0.87227463722229,0.8656315803527832,0.9530568718910217,0.9319480657577515,0.9475717544555664,0.8873037099838257
115,0.7,0.9835909605026245,0.9435460567474365,0.9718058705329895,0.9706596732139587,0.9361451864242554,0.8530484437942505,0.8996492028236389,0.875413179397583,0.78765469789505,0.8968081474304199,0.9280939102172852,0.9691342711448669,0.9559769034385681,0.9105371832847595,0.9079054594039917,0.8760701417922974,0.8580092787742615,0.9513464570045471,0.937874436378479,0.9504140615463257,0.8962395787239075,0.9911186695098877,0.9388512969017029,0.980179488658905,0.9729971289634705,0.9655047059059143,0.8490229249000549,0.9228108525276184,0.8686825633049011,0.8026149868965149,0.9275034666061401,0.9482784867286682,0.9743427038192749,0.9723618030548096,0.9231024980545044,0.9187402129173279,0.9167975187301636,0.8650965094566345,0.9684500098228455,0.9589806199073792,0.966210126876831,0.9005665183067322
116,0.7,0.9844666719436646,0.9492036700248718,0.9748837351799011,0.967720091342926,0.9408420324325562,0.8605257272720337,0.9061251282691956,0.8789477348327637,0.7946919798851013,0.8847887516021729,0.9383004307746887,0.9728907346725464,0.9583675861358643,0.9078346490859985,0.9080631136894226,0.8803812861442566,0.8603587746620178,0.9536901116371155,0.9437990784645081,0.9505023956298828,0.8890908360481262,0.9854199290275574,0.9309739470481873,0.9725872278213501,0.9716002941131592,0.9641869068145752,0.842371940612793,0.9106435775756836,0.8596715927124023,0.8247896432876587,0.9229080677032471,0.9392165541648865,0.964621365070343,0.9655239582061768,0.9335620999336243,0.8923859596252441,0.9089676737785339,0.8687562942504883,0.960085928440094,0.9349913597106934,0.9542977213859558,0.8872630596160889
117,0.7,0.9805710315704346,0.9473665356636047,0.969864010810852,0.9648672342300415,0.9350577592849731,0.8504225015640259,0.8985886573791504,0.8726511001586914,0.7945210337638855,0.893743097782135,0.924879789352417,0.9680827856063843,0.9599089026451111,0.9046913981437683,0.9012835621833801,0.8781241774559021,0.8540866374969482,0.9491665363311768,0.9380098581314087,0.9458984732627869,0.889670729637146,0.9891514778137207,0.9419257044792175,0.9756205677986145,0.977128267288208,0.9627082347869873,0.8391191959381104,0.9146537184715271,0.8720108270645142,0.8107852935791016,0.9259632229804993,0.9362499117851257,0.9687744975090027,0.9717918634414673,0.9347589612007141,0.9230018854141235,0.8807503581047058,0.8728416562080383,0.9738009572029114,0.9422175884246826,0.9554701447486877,0.8903454542160034
118,0.7,0.9825547933578491,0.9527944326400757,0.9718360304832458,0.973414957523346,0.9392580986022949,0.856265664100647,0.9013064503669739,0.876192033290863,0.8105312585830688,0.9014431238174438,0.9232907891273499,0.9692966341972351,0.9588546752929688,0.9142262935638428,0.9037618041038513,0.8706430792808533,0.8592409491539001,0.943232536315918,0.943975567817688,0.9527808427810669,0.8908326625823975,0.987930417060852,0.9409856200218201,0.9773215651512146,0.9763892292976379,0.9652026891708374,0.8475229144096375,0.9152879118919373,0.8721102476119995,0.7762430906295776,0.9313749074935913,0.9393317103385925,0.9683225750923157,0.9727715253829956,0.9260467290878296,0.9077514410018921,0.8975884914398193,0.862633466720581,0.9681534767150879,0.9492262005805969,0.9602169394493103,0.8997166156768799
119,0.7,0.985434353351593,0.9526311755180359,0.9732286930084229,0.9686082005500793,0.9416093230247498,0.85906982421875,0.9087666273117065,0.8764104843139648,0.806221604347229,0.8996257185935974,0.9314091801643372,0.9749462008476257,0.9530622959136963,0.9073659181594849,0.9044188261032104,0.878472089767456,0.8630303740501404,0.9567577242851257,0.9476792812347412,0.9551131129264832,0.8941096067428589,0.9891841411590576,0.9384836554527283,0.9744898080825806,0.970876157283783,0.9598694443702698,0.8520146608352661,0.917268693447113,0.8636288642883301,0.8001781105995178,0.9333808422088623,0.9456472396850586,0.9715572595596313,0.9739496111869812,0.9113354682922363,0.9256862998008728,0.9035869240760803,0.864476203918457,0.969670832157135,0.9500976204872131,0.9656956195831299,0.8987454771995544
120,0.7,0.9842519164085388,0.9532209038734436,0.9700796008110046,0.9704633951187134,0.9364432692527771,0.8580946922302246,0.9058065414428711,0.8750646114349365,0.813155472278595,0.8971740007400513,0.9329921007156372,0.9721186757087708,0.9483701586723328,0.9038763046264648,0.9098126292228699,0.8856378197669983,0.8593717217445374,0.9538516998291016,0.9503811597824097,0.952061653137207,0.8948524594306946,0.9870700240135193,0.9413219690322876,0.9732538461685181,0.979651927947998,0.9632793664932251,0.8459576964378357,0.9167789220809937,0.8672656416893005,0.8246325254440308,0.9367335438728333,0.9399540424346924,0.9677059650421143,0.9679651260375977,0.9147379994392395,0.9219853281974792,0.8923205733299255,0.8734387755393982,0.9662178754806519,0.95414137840271,0.9626492857933044,0.887660801410675
121,0.7,0.9813829064369202,0.9524550437927246,0.9688412547111511,0.9699414968490601,0.9296882748603821,0.8604556918144226,0.9051546454429626,0.8696327805519104,0.8187702298164368,0.9009304642677307,0.9271220564842224,0.9712711572647095,0.9421145915985107,0.9037872552871704,0.9016954898834229,0.8868459463119507,0.8633284568786621,0.947460949420929,0.9401072859764099,0.9476418495178223,0.8954510688781738,0.986213207244873,0.9382011294364929,0.9718508720397949,0.9772323369979858,0.9601052403450012,0.840252697467804,0.9158995151519775,0.8647125363349915,0.8030532002449036,0.9296789169311523,0.9397366046905518,0.9674900770187378,0.9693228006362915,0.9036534428596497,0.9183575510978699,0.8821969628334045,0.8660343885421753,0.964566707611084,0.9423635005950928,0.959588885307312,0.8976868391036987
122,0.7,0.9828072190284729,0.9537869691848755,0.970046877861023,0.9689332246780396,0.9354604482650757,0.8615736365318298,0.9090637564659119,0.8692322373390198,0.8154779672622681,0.9035484790802002,0.9229029417037964,0.9698686003684998,0.9449643492698669,0.9015341997146606,0.9050739407539368,0.8826999664306641,0.8582373857498169,0.9441753029823303,0.9394456744194031,0.9490111470222473,0.8945379257202148,0.9880864024162292,0.9452462792396545,0.977392315864563,0.9746853113174438,0.9607245922088623,0.8465153574943542,0.9172545671463013,0.8570229411125183,0.8216724991798401,0.9331227540969849,0.9413524866104126,0.9719750285148621,0.9724840521812439,0.907260537147522,0.9252392649650574,0.8977294564247131,0.8661794662475586,0.9721009135246277,0.9513400793075562,0.9647118449211121,0.8985393047332764
123,0.7,0.9842577576637268,0.9585304856300354,0.973488450050354,0.9712448716163635,0.9394913911819458,0.8667561411857605,0.9139063954353333,0.8756391406059265,0.8246588110923767,0.8970068693161011,0.9349827766418457,0.9738302826881409,0.9502020478248596,0.9035219550132751,0.9098412394523621,0.8913159966468811,0.8619558215141296,0.9458227753639221,0.946175217628479,0.9578848481178284,0.8934476971626282,0.9915448427200317,0.9554495215415955,0.9799666404724121,0.969283938407898,0.9627800583839417,0.8565225005149841,0.9268069863319397,0.8662500977516174,0.8131697773933411,0.9316484928131104,0.9490541219711304,0.9757252931594849,0.9761351346969604,0.9042068123817444,0.9267286658287048,0.9297287464141846,0.8690369129180908,0.9768782258033752,0.9612759351730347,0.9696611762046814,0.8976988792419434
124,0.7,0.9848450422286987,0.9615731835365295,0.9744165539741516,0.9740450382232666,0.9383189082145691,0.8672394752502441,0.9091585278511047,0.8767678737640381,0.8355120420455933,0.9007672071456909,0.9328708052635193,0.974827766418457,0.9537609219551086,0.9115830063819885,0.9102537035942078,0.8825712203979492,0.8608261346817017,0.9485344886779785,0.9469851851463318,0.9539086222648621,0.8943344354629517,0.9905649423599243,0.957797646522522,0.9799711108207703,0.9784037470817566,0.9686736464500427,0.8593040108680725,0.9250916838645935,0.8806952238082886,0.8201889395713806,0.9352839589118958,0.9490525126457214,0.974618673324585,0.9762967824935913,0.8940513730049133,0.9351270794868469,0.9213351011276245,0.8678625226020813,0.97323077917099,0.958091676235199,0.9710590243339539,0.8999152183532715
125,0.7,0.9834780097007751,0.9605094194412231,0.9724646806716919,0.9702720046043396,0.9394471049308777,0.8641231656074524,0.9057410955429077,0.8790498971939087,0.8336647748947144,0.9036325812339783,0.9312247037887573,0.9727495908737183,0.9532994031906128,0.9040579795837402,0.9091774225234985,0.8794205784797668,0.867331326007843,0.9534256458282471,0.9440314173698425,0.9547044634819031,0.8909327387809753,0.98671954870224,0.9507930278778076,0.9771088361740112,0.9805101752281189,0.9629269242286682,0.8527879118919373,0.9199254512786865,0.8636712431907654,0.8413379788398743,0.9351311922073364,0.9391908645629883,0.9702571630477905,0.9714640974998474,0.9273900389671326,0.9199638962745667,0.8938857913017273,0.8650469183921814,0.9691213369369507,0.9523259401321411,0.9597203135490417,0.8983269929885864
126,0.7,0.9846080541610718,0.9638977646827698,0.9734182357788086,0.9736494421958923,0.9412029981613159,0.8650274872779846,0.9194196462631226,0.8769037127494812,0.8453444242477417,0.9056596755981445,0.9309325814247131,0.9718074202537537,0.9541451334953308,0.9094418883323669,0.9147882461547852,0.8823575377464294,0.8671285510063171,0.9508419036865234,0.9479528665542603,0.9549428224563599,0.8918790817260742,0.9888861179351807,0.9539621472358704,0.9765172004699707,0.9751482605934143,0.9658505916595459,0.8467238545417786,0.9290124177932739,0.8733816146850586,0.8385483026504517,0.9346830248832703,0.9387449026107788,0.9695102572441101,0.9699402451515198,0.9257233142852783,0.9086093902587891,0.8946564197540283,0.8744744658470154,0.9619477391242981,0.9545291662216187,0.9628048539161682,0.8913053274154663
127,0.7,0.9838875532150269,0.9596893191337585,0.9712376594543457,0.9701150059700012,0.9406062960624695,0.859092116355896,0.9143079519271851,0.8759332299232483,0.8431407809257507,0.9118428826332092,0.929619550704956,0.969486653804779,0.9503272771835327,0.9120161533355713,0.9171850085258484,0.8746510744094849,0.8604155778884888,0.9479074478149414,0.9441183805465698,0.9554742574691772,0.8956182599067688,0.9901838302612305,0.9610175490379333,0.9746406078338623,0.9796713590621948,0.9627201557159424,0.8586673736572266,0.9292370080947876,0.8561050295829773,0.8526884317398071,0.942451536655426,0.9392637610435486,0.9712316393852234,0.973056972026825,0.9241129755973816,0.9265061020851135,0.9118067026138306,0.8679093718528748,0.9704474806785583,0.961448609828949,0.9612895846366882,0.8925656080245972
128,0.7,0.9841561317443848,0.9630622267723083,0.9715481996536255,0.9752205014228821,0.9424692988395691,0.8658190965652466,0.9079902768135071,0.8786311745643616,0.8446678519248962,0.9051333069801331,0.9302716851234436,0.9699119329452515,0.9563802480697632,0.9143692255020142,0.9115312695503235,0.8797543048858643,0.8570226430892944,0.9546343088150024,0.9482572674751282,0.9533625245094299,0.8915690779685974,0.9896436929702759,0.9601770639419556,0.9763792157173157,0.9808693528175354,0.963455080986023,0.8549534678459167,0.9312156438827515,0.8599050641059875,0.8423410058021545,0.9369809627532959,0.9512939453125,0.9723086357116699,0.976075291633606,0.9272647500038147,0.9287095665931702,0.8739223480224609,0.87265944480896,0.9759120345115662,0.9557769894599915,0.9620898365974426,0.893187403678894
129,0.7,0.984562873840332,0.9628708958625793,0.972659707069397,0.9738503694534302,0.9385311603546143,0.868386447429657,0.9109286069869995,0.8780062794685364,0.8463359475135803,0.9091486930847168,0.9327914714813232,0.9720892310142517,0.9579463005065918,0.9067419767379761,0.9107934236526489,0.8730595111846924,0.8569161891937256,0.9521117210388184,0.9503519535064697,0.9542016386985779,0.8949414491653442,0.9888786673545837,0.9573512077331543,0.9778100848197937,0.9801281690597534,0.9687541127204895,0.8549171686172485,0.9321306943893433,0.8442461490631104,0.8481835722923279,0.9413811564445496,0.94695645570755,0.9729061722755432,0.9735983610153198,0.914702296257019,0.9185662269592285,0.918982982635498,0.8624955415725708,0.9723485112190247,0.9569868445396423,0.9639825224876404,0.9032565355300903
130,0.7,0.9834633469581604,0.9617090821266174,0.9721898436546326,0.9716404676437378,0.9387556314468384,0.8717339038848877,0.913167417049408,0.8772803544998169,0.848464846611023,0.9141703844070435,0.9347231388092041,0.9732715487480164,0.9491985440254211,0.9042540192604065,0.9087509512901306,0.8777788281440735,0.8650732636451721,0.9578267335891724,0.949651300907135,0.9535118937492371,0.8972835540771484,0.9901350736618042,0.959960401058197,0.9777365326881409,0.9724704623222351,0.9675650000572205,0.8546660542488098,0.9282323718070984,0.8786505460739136,0.8319095969200134,0.9329038262367249,0.9447745680809021,0.9733982682228088,0.975784957408905,0.9206244349479675,0.9258173108100891,0.8869016766548157,0.8711707592010498,0.974254310131073,0.9631909132003784,0.9683049321174622,0.8958414793014526
131,0.7,0.9829350709915161,0.9619719982147217,0.9676815271377563,0.9743476510047913,0.9306470155715942,0.8637786507606506,0.9092105627059937,0.8724846243858337,0.8446640968322754,0.9044687151908875,0.9296665191650391,0.9719412922859192,0.9522302150726318,0.910218358039856,0.9078155755996704,0.8765783905982971,0.8660755753517151,0.9516561627388,0.9484344720840454,0.9566389918327332,0.8929731249809265,0.9892764091491699,0.9647965431213379,0.9745069742202759,0.983067512512207,0.9667975306510925,0.854473352432251,0.9322581887245178,0.8788768649101257,0.8522381782531738,0.9426989555358887,0.953787624835968,0.9752867221832275,0.9773861169815063,0.9243282675743103,0.9256808757781982,0.9243388175964355,0.8743497133255005,0.9751901030540466,0.9627479910850525,0.9687415361404419,0.8941445350646973
132,0.7,0.9836623072624207,0.9634802341461182,0.9693588018417358,0.974044919013977,0.9396639466285706,0.8709367513656616,0.9133001565933228,0.8759063482284546,0.8515943884849548,0.9118710160255432,0.9351946115493774,0.972900390625,0.9540581107139587,0.9131611585617065,0.9168953895568848,0.8792881965637207,0.8682437539100647,0.9536635875701904,0.9453156590461731,0.9550959467887878,0.8885574340820312,0.9869685769081116,0.9590680599212646,0.9730082750320435,0.9793859720230103,0.9600117206573486,0.8515912890434265,0.9257031679153442,0.8690778017044067,0.8439146876335144,0.9402583837509155,0.9423656463623047,0.9711928963661194,0.9676881432533264,0.9141392111778259,0.916435182094574,0.8970682621002197,0.8725523948669434,0.965641975402832,0.9497520327568054,0.9595367312431335,0.8878549933433533
133,0.7,0.9852140545845032,0.9687713384628296,0.9729403257369995,0.9769090414047241,0.9389211535453796,0.868186891078949,0.9203554391860962,0.8726968765258789,0.8507100343704224,0.9123317003250122,0.9300367832183838,0.9759898781776428,0.9527514576911926,0.9081135988235474,0.9149977564811707,0.8817564249038696,0.8677905201911926,0.9599010348320007,0.9499841332435608,0.9514536261558533,0.8896710872650146,0.9875516891479492,0.9624291062355042,0.97661292552948,0.9794757962226868,0.9577161073684692,0.8491435647010803,0.9325034618377686,0.8627640008926392,0.8288891315460205,0.9385233521461487,0.9437300562858582,0.9725333452224731,0.972241997718811,0.9109063744544983,0.9102526903152466,0.9029794335365295,0.8668767213821411,0.9619877338409424,0.9490178227424622,0.9614011645317078,0.8859333992004395
134,0.7,0.9838007688522339,0.9672219753265381,0.9732428789138794,0.9751460552215576,0.9371399283409119,0.8638795018196106,0.9170355200767517,0.8724268078804016,0.8484013676643372,0.9069846272468567,0.9268831610679626,0.9742304682731628,0.9433364868164062,0.9097316265106201,0.9103578925132751,0.8842728137969971,0.8608450293540955,0.9574848413467407,0.9477750062942505,0.9518361687660217,0.8863595724105835,0.9911808967590332,0.9670579433441162,0.9819372892379761,0.9820626378059387,0.9669001698493958,0.8593156337738037,0.9427392482757568,0.8747080564498901,0.84541255235672,0.9406189918518066,0.9515213370323181,0.977175235748291,0.977660596370697,0.932073175907135,0.9232151508331299,0.8986708521842957,0.8699939846992493,0.9747742414474487,0.9607771635055542,0.9676851630210876,0.8983955979347229
135,0.7,0.9844957590103149,0.9686349034309387,0.9710741639137268,0.9740519523620605,0.9370480179786682,0.8674098253250122,0.9221802949905396,0.8821188807487488,0.8480463027954102,0.9124369025230408,0.9307738542556763,0.9736133217811584,0.951694667339325,0.9102722406387329,0.9159764051437378,0.8802530169487,0.8605394959449768,0.9588472843170166,0.9531817436218262,0.9530271887779236,0.8960516452789307,0.9895222783088684,0.9633789658546448,0.9774762392044067,0.982689619064331,0.9663981199264526,0.8573293685913086,0.9382655620574951,0.8727317452430725,0.852805495262146,0.9398475885391235,0.9475624561309814,0.9729573726654053,0.9757500886917114,0.9381174445152283,0.9286851286888123,0.9095990061759949,0.8616765737533569,0.9722944498062134,0.9580854773521423,0.9639644026756287,0.9047744870185852
136,0.7,0.9854055047035217,0.9685283303260803,0.9744150042533875,0.9761818051338196,0.9460912942886353,0.8742586374282837,0.9201647043228149,0.8800267577171326,0.8547398447990417,0.9164784550666809,0.9314373135566711,0.9766174554824829,0.9599187970161438,0.9163661003112793,0.9149958491325378,0.8875724077224731,0.8630861043930054,0.9596562385559082,0.9510123133659363,0.9542263746261597,0.8975598216056824,0.9859102368354797,0.9581925272941589,0.9748255610466003,0.9747915267944336,0.9629189372062683,0.8535810112953186,0.9370608925819397,0.8647359609603882,0.8424261808395386,0.9316102862358093,0.9346487522125244,0.9670394659042358,0.9707924127578735,0.9276049733161926,0.9188501238822937,0.9021776914596558,0.8707435727119446,0.9674227237701416,0.9478722810745239,0.9541648626327515,0.8923517465591431
137,0.7,0.9849851131439209,0.970517098903656,0.9761908054351807,0.9766062498092651,0.9421785473823547,0.8700592517852783,0.9279153347015381,0.8830500841140747,0.8545823097229004,0.9064470529556274,0.9341156482696533,0.9746446013450623,0.9621496796607971,0.9133228063583374,0.9128860235214233,0.8770550489425659,0.8681615591049194,0.9580435752868652,0.9495675563812256,0.9553431868553162,0.8960543274879456,0.9873977899551392,0.9648664593696594,0.9780274033546448,0.9809218049049377,0.9627732038497925,0.860822319984436,0.9371362328529358,0.8726121187210083,0.8425766229629517,0.9354955554008484,0.945239782333374,0.9709222316741943,0.9733327627182007,0.9263808727264404,0.9224403500556946,0.9050158262252808,0.8675069808959961,0.9694510698318481,0.9507973790168762,0.9616113901138306,0.8988047242164612
138,0.7,0.9821867942810059,0.9701736569404602,0.9746730327606201,0.9756684303283691,0.9417417645454407,0.8749808669090271,0.9210564494132996,0.8829481601715088,0.8534536957740784,0.9133755564689636,0.9348393678665161,0.9714040756225586,0.951187789440155,0.9137519598007202,0.9131789207458496,0.8786572217941284,0.8515089154243469,0.9548543095588684,0.9498522877693176,0.952343761920929,0.901535153388977,0.9887435436248779,0.9670273661613464,0.9794074892997742,0.9860016107559204,0.9712467789649963,0.857065737247467,0.9433879852294922,0.8675220012664795,0.8568241596221924,0.9376440048217773,0.9435270428657532,0.9722824096679688,0.9768397212028503,0.9385268092155457,0.9237130880355835,0.9010517597198486,0.8587821125984192,0.9732639789581299,0.9577613472938538,0.9635235071182251,0.9078325629234314
139,0.7,0.9838192462921143,0.9700535535812378,0.9722435474395752,0.9780972003936768,0.938370406627655,0.873403012752533,0.9252238869667053,0.8801327347755432,0.8555197715759277,0.910163402557373,0.9372777342796326,0.972960352897644,0.9443996548652649,0.9124274253845215,0.9183598160743713,0.8831204175949097,0.8613443970680237,0.9619200825691223,0.9528831243515015,0.9540608525276184,0.8948760628700256,0.9898189306259155,0.9689217209815979,0.9783616065979004,0.984591007232666,0.9665603637695312,0.8602232933044434,0.9313019514083862,0.8789215683937073,0.8421264886856079,0.9399771094322205,0.9508042931556702,0.9737034440040588,0.9780375361442566,0.929225742816925,0.9283167123794556,0.9135615229606628,0.8690367937088013,0.9755402207374573,0.9639207720756531,0.966688334941864,0.8985515832901001
140,0.7,0.9821984767913818,0.9693069458007812,0.9714765548706055,0.9745495319366455,0.9361668825149536,0.8709743022918701,0.9217178821563721,0.8792318105697632,0.8547785878181458,0.9049884676933289,0.9284677505493164,0.973223865032196,0.9439571499824524,0.9070263504981995,0.9135326147079468,0.8842782378196716,0.8688147664070129,0.9480905532836914,0.9534129500389099,0.9542480111122131,0.8839619159698486,0.9870336055755615,0.9705258011817932,0.9763195514678955,0.9775514602661133,0.9609267711639404,0.8591638803482056,0.9314020276069641,0.8680073022842407,0.834803581237793,0.9328997731208801,0.9479202628135681,0.97119140625,0.9723173975944519,0.9275327920913696,0.922468364238739,0.8820533156394958,0.8743297457695007,0.9604119062423706,0.9594991207122803,0.9626031517982483,0.8829488754272461
141,0.7,0.9823636412620544,0.9703632593154907,0.9723012447357178,0.9763368368148804,0.9416841864585876,0.8738255500793457,0.9153940081596375,0.8789610266685486,0.858410656452179,0.9094489216804504,0.9296801686286926,0.9725515246391296,0.9538523554801941,0.9134397506713867,0.9150127172470093,0.8798225522041321,0.8647873401641846,0.945553183555603,0.950556755065918,0.953213632106781,0.8851715922355652,0.9885814785957336,0.9668352603912354,0.9739702939987183,0.9813801050186157,0.9583250284194946,0.8572837710380554,0.9348114132881165,0.875736653804779,0.8539137244224548,0.9394322037696838,0.9454065561294556,0.9718750715255737,0.9738345742225647,0.9168610572814941,0.9224964380264282,0.8885993361473083,0.8635066747665405,0.971926212310791,0.9627882242202759,0.9670772552490234,0.8994291424751282
142,0.7,0.9869561195373535,0.9734019637107849,0.9756461977958679,0.9771992564201355,0.9407138228416443,0.8771786093711853,0.9186359643936157,0.8786208033561707,0.8598490953445435,0.916084885597229,0.9357352256774902,0.9759259819984436,0.9599969983100891,0.9084184169769287,0.9138226509094238,0.8836249113082886,0.8593755960464478,0.9620676040649414,0.9525358080863953,0.9574304223060608,0.8971176147460938,0.9883608818054199,0.9659305810928345,0.9768320322036743,0.9797793626785278,0.9620744585990906,0.8555306792259216,0.9252933859825134,0.869044840335846,0.8380070924758911,0.9440814852714539,0.9455195069313049,0.971541166305542,0.9730318188667297,0.932392954826355,0.9177281856536865,0.8833680152893066,0.870874285697937,0.9722461700439453,0.96140056848526,0.9639870524406433,0.8931735157966614
143,0.7,0.9853554368019104,0.9725130200386047,0.9768173694610596,0.9772751927375793,0.9467024207115173,0.8755653500556946,0.9282060861587524,0.882377564907074,0.8579557538032532,0.9105741381645203,0.9352931976318359,0.9756796360015869,0.9597957134246826,0.9131284356117249,0.9119423627853394,0.8808556199073792,0.8663955926895142,0.9649664759635925,0.9566110372543335,0.9609474539756775,0.8882278203964233,0.990994930267334,0.9707372188568115,0.979414701461792,0.9828536510467529,0.9562241435050964,0.8549041152000427,0.9437956213951111,0.8574199676513672,0.839888334274292,0.9425551891326904,0.9434718489646912,0.9733319878578186,0.9749332666397095,0.9272617697715759,0.9250266551971436,0.9090604782104492,0.8670409321784973,0.9743523597717285,0.9623684287071228,0.9655727744102478,0.8974974751472473
144,0.7,0.9857560992240906,0.9738710522651672,0.9745758771896362,0.9743228554725647,0.9360768795013428,0.8760907649993896,0.9242019653320312,0.8793323636054993,0.8593326807022095,0.9136694669723511,0.9364238381385803,0.9766297936439514,0.95720374584198,0.909350574016571,0.917728841304779,0.8851047158241272,0.8645936846733093,0.9564765691757202,0.9554978609085083,0.9613702297210693,0.8938809633255005,0.9902985692024231,0.9729914665222168,0.9803592562675476,0.9762504696846008,0.9703033566474915,0.8648087978363037,0.942257285118103,0.8763054013252258,0.8520936965942383,0.9493206143379211,0.9519491791725159,0.9753249287605286,0.9778057932853699,0.9190175533294678,0.92752605676651,0.9297453761100769,0.8723247647285461,0.9739140868186951,0.9646016955375671,0.96855628490448,0.8925036191940308
145,0.7,0.9850564002990723,0.9745849370956421,0.9747895002365112,0.9740634560585022,0.9418060183525085,0.8800873756408691,0.9256184697151184,0.8868941068649292,0.8570967316627502,0.9144372940063477,0.9326353073120117,0.9765831828117371,0.9567960500717163,0.9106878042221069,0.9193663001060486,0.8836712837219238,0.8623346090316772,0.9526339769363403,0.9541879892349243,0.9559715986251831,0.8990069031715393,0.989143967628479,0.9712547063827515,0.9805176854133606,0.9778990149497986,0.9696805477142334,0.8617962002754211,0.9409875869750977,0.8758942484855652,0.8446056842803955,0.9479076862335205,0.949728786945343,0.9731125831604004,0.9766501784324646,0.9315311312675476,0.9280208945274353,0.9022966027259827,0.8694484233856201,0.9727001190185547,0.9626705050468445,0.9661023616790771,0.8961336016654968
146,0.7,0.9834173917770386,0.9729677438735962,0.9739710688591003,0.9726614356040955,0.9423368573188782,0.8820570707321167,0.9305777549743652,0.8866488933563232,0.8580451011657715,0.9137842059135437,0.9319929480552673,0.9734926819801331,0.9541188478469849,0.9053370952606201,0.9159508347511292,0.8818979859352112,0.8614711165428162,0.9578591585159302,0.9552863240242004,0.9559274911880493,0.8964860439300537,0.988336443901062,0.9705891013145447,0.9769928455352783,0.9822479486465454,0.9670870304107666,0.856538712978363,0.9459598660469055,0.870377779006958,0.8340592384338379,0.9413991570472717,0.9484115242958069,0.9712782502174377,0.9737821817398071,0.9331256151199341,0.9215909242630005,0.8906064629554749,0.8608314394950867,0.9713402390480042,0.9593008160591125,0.9648627638816833,0.9045255184173584
147,0.7,0.983611524105072,0.9743843674659729,0.9727179408073425,0.9756088256835938,0.9463562369346619,0.8844112753868103,0.9253169894218445,0.8827083706855774,0.8593360185623169,0.9169479608535767,0.9356573820114136,0.973070502281189,0.95524662733078,0.9142395853996277,0.9139233827590942,0.8830178380012512,0.859387993812561,0.9643601179122925,0.9561699628829956,0.959785521030426,0.8949974179267883,0.9882210493087769,0.9715518355369568,0.9750161170959473,0.9816674590110779,0.9614792466163635,0.8596788048744202,0.9471195936203003,0.8708901405334473,0.8463103175163269,0.9287864565849304,0.9461047649383545,0.9719139933586121,0.9726287126541138,0.9320060610771179,0.9289742708206177,0.9009115695953369,0.8686793446540833,0.974174439907074,0.9602895379066467,0.9645117521286011,0.8972302079200745
148,0.7,0.9833730459213257,0.9713675379753113,0.9724977016448975,0.9741087555885315,0.943946123123169,0.8764320611953735,0.93323814868927,0.8819404244422913,0.8588390946388245,0.9112715721130371,0.9359301924705505,0.9734514355659485,0.9547820091247559,0.9086857438087463,0.920901894569397,0.8823769092559814,0.8684365749359131,0.9571419954299927,0.9511646032333374,0.9571002721786499,0.8864466547966003,0.9909637570381165,0.9747503995895386,0.9804679751396179,0.9825771450996399,0.9729164838790894,0.8652816414833069,0.9522374868392944,0.8793538808822632,0.8587800860404968,0.9477236270904541,0.9509950280189514,0.9748764038085938,0.977194607257843,0.9307143092155457,0.9324697256088257,0.8931543231010437,0.8713771104812622,0.9747596979141235,0.9670505523681641,0.9761825203895569,0.8986877202987671
149,0.7,0.9845023155212402,0.9729472398757935,0.9754607677459717,0.9728972911834717,0.9389777183532715,0.8764626979827881,0.9322162866592407,0.8835383057594299,0.8581697344779968,0.9123334884643555,0.9355826377868652,0.9746782183647156,0.9604477882385254,0.9081584215164185,0.9201488494873047,0.8839569091796875,0.8644158840179443,0.9506129026412964,0.9583647847175598,0.9619655013084412,0.8958762288093567,0.9907056093215942,0.975105345249176,0.9802696704864502,0.9800583720207214,0.9684199690818787,0.8627333641052246,0.9534193873405457,0.8653412461280823,0.8474733829498291,0.9450026154518127,0.9451930522918701,0.9747707843780518,0.973301112651825,0.9115647077560425,0.9236055016517639,0.9066734910011292,0.8690270781517029,0.9776485562324524,0.964963972568512,0.9734270572662354,0.9010310769081116
150,0.7,0.9834077954292297,0.9746950268745422,0.9729644656181335,0.9739685654640198,0.9454410672187805,0.8775280714035034,0.931437075138092,0.8860037922859192,0.8637703061103821,0.911440908908844,0.9358255863189697,0.9736652374267578,0.9581332206726074,0.9058610796928406,0.9192832112312317,0.8855916261672974,0.8678405284881592,0.9563474655151367,0.9558387994766235,0.9591823816299438,0.8920851945877075,0.990549623966217,0.9769589304924011,0.9791693687438965,0.9760735630989075,0.9666820168495178,0.8614241480827332,0.9498549103736877,0.8786411881446838,0.8579432964324951,0.934939980506897,0.9525420069694519,0.9756545424461365,0.9745450615882874,0.9171761274337769,0.9375486373901367,0.916109025478363,0.8781594634056091,0.9774949550628662,0.9678851962089539,0.9722728729248047,0.8908786177635193
151,0.7,0.9855059385299683,0.9771488308906555,0.9770491719245911,0.9716114401817322,0.941739559173584,0.8806876540184021,0.9260742664337158,0.8864967226982117,0.8610339760780334,0.917426347732544,0.9364137053489685,0.9775466918945312,0.9558782577514648,0.9134829044342041,0.918124794960022,0.8768376708030701,0.8701552152633667,0.9596015810966492,0.9613224267959595,0.9593374729156494,0.890903115272522,0.9903123378753662,0.9738541841506958,0.9791139960289001,0.9754404425621033,0.9714770913124084,0.8643088340759277,0.9538565278053284,0.8752300143241882,0.8333421945571899,0.9442859292030334,0.9527320265769958,0.976580023765564,0.9757541418075562,0.927104651927948,0.9139062762260437,0.8942916393280029,0.8722421526908875,0.9763038754463196,0.9648574590682983,0.9730597138404846,0.8980674147605896
152,0.7,0.9843297004699707,0.9743008017539978,0.9747867584228516,0.9700609445571899,0.9464952349662781,0.8816254734992981,0.9322246313095093,0.8854450583457947,0.8613585829734802,0.9176595211029053,0.9375185370445251,0.9765053391456604,0.9554360508918762,0.9137768745422363,0.9204164147377014,0.8772591352462769,0.8697442412376404,0.957338273525238,0.9552265405654907,0.9597904682159424,0.8964223265647888,0.9874631762504578,0.9690389037132263,0.9755032062530518,0.9766537547111511,0.9621838331222534,0.8604130744934082,0.9485045075416565,0.863222599029541,0.8486542701721191,0.9396579265594482,0.9397268891334534,0.9711635112762451,0.9703527092933655,0.9167860746383667,0.9290463924407959,0.9214245676994324,0.8576177954673767,0.9699407815933228,0.9567638635635376,0.9636944532394409,0.9069140553474426
153,0.7,0.9837676286697388,0.9767014980316162,0.9754605293273926,0.9708684086799622,0.9447158575057983,0.8869147300720215,0.9310545921325684,0.8878093361854553,0.8636747598648071,0.9171764254570007,0.9372485876083374,0.9758092761039734,0.9494204521179199,0.9083131551742554,0.9131748676300049,0.8850273489952087,0.8606767654418945,0.9636929035186768,0.9565961360931396,0.9611960053443909,0.9042387008666992,0.9901186227798462,0.9780468940734863,0.9796068072319031,0.9732860922813416,0.9682857990264893,0.8606356382369995,0.9540446400642395,0.8733330368995667,0.8506166338920593,0.94400554895401,0.9488771557807922,0.9760028719902039,0.9664254784584045,0.912898600101471,0.9246081113815308,0.9020663499832153,0.8666228652000427,0.9768561124801636,0.9671555757522583,0.9711858630180359,0.904037594795227
154,0.7,0.9839412569999695,0.9761494994163513,0.9743173718452454,0.9664779305458069,0.9439787864685059,0.8803861141204834,0.9384821653366089,0.8846797347068787,0.861948549747467,0.9171972870826721,0.9345356225967407,0.9757900238037109,0.9566141366958618,0.9123923182487488,0.9128493070602417,0.8786489963531494,0.8610866069793701,0.9582761526107788,0.9519002437591553,0.9640663266181946,0.9015024304389954,0.9887681007385254,0.9748448133468628,0.9780600666999817,0.9692969918251038,0.9642490148544312,0.8615394234657288,0.9419559240341187,0.8797120451927185,0.8465168476104736,0.942401111125946,0.951103150844574,0.9741256237030029,0.9719005823135376,0.9216653108596802,0.9198561906814575,0.9037331938743591,0.8673330545425415,0.9736209511756897,0.95992112159729,0.9706060886383057,0.9012699723243713
155,0.7,0.9853765368461609,0.9783545136451721,0.976078987121582,0.9642571210861206,0.9424980878829956,0.8808627128601074,0.9371178150177002,0.8917770981788635,0.8685662746429443,0.9226921200752258,0.9341762661933899,0.9768692255020142,0.9585784077644348,0.9124761819839478,0.9176372289657593,0.8812146782875061,0.8683227300643921,0.9614868760108948,0.9574287533760071,0.957005500793457,0.8947439789772034,0.9870963096618652,0.9677859544754028,0.9748235940933228,0.9690719842910767,0.9654560685157776,0.8643359541893005,0.9439281225204468,0.8751459121704102,0.8497394919395447,0.9390001893043518,0.9399629831314087,0.9716746807098389,0.9691265225410461,0.9193521738052368,0.917571485042572,0.8909317851066589,0.8700476884841919,0.9714956879615784,0.9581851959228516,0.9633098244667053,0.897296130657196
156,0.7,0.9863709807395935,0.9766145348548889,0.9782689809799194,0.9643527269363403,0.9514902234077454,0.8820191025733948,0.9276266098022461,0.8976116180419922,0.8692761063575745,0.9179789423942566,0.9368628859519958,0.9770947098731995,0.9580952525138855,0.9054952263832092,0.9163251519203186,0.8855202794075012,0.867406964302063,0.9623284339904785,0.9597042202949524,0.9629873633384705,0.8965476751327515,0.9905353784561157,0.9761940240859985,0.981525182723999,0.9739423394203186,0.9704071283340454,0.8656281232833862,0.9461463689804077,0.881195604801178,0.8531441688537598,0.9567592144012451,0.9540188312530518,0.9767574667930603,0.9766466617584229,0.9203730225563049,0.9302983283996582,0.9108578562736511,0.8765341639518738,0.9772407412528992,0.9627056121826172,0.9720572233200073,0.8940092921257019
157,0.7,0.9863139390945435,0.9773449301719666,0.9754332900047302,0.9671229720115662,0.9435590505599976,0.8860534429550171,0.9294769763946533,0.8944098353385925,0.8660154342651367,0.9257535338401794,0.9407511353492737,0.978360652923584,0.9546647071838379,0.912768542766571,0.9240224361419678,0.8796848654747009,0.8636518120765686,0.961514949798584,0.9540421962738037,0.9603272080421448,0.8992858529090881,0.9909257888793945,0.9786590337753296,0.9790455102920532,0.974909245967865,0.9686772227287292,0.8616911172866821,0.9461485147476196,0.8781681656837463,0.8636192679405212,0.9523112177848816,0.9543619155883789,0.9774380326271057,0.9708375930786133,0.932837963104248,0.9266124367713928,0.9021892547607422,0.872322678565979,0.978768527507782,0.9523352384567261,0.9693387746810913,0.8997803330421448
158,0.7,0.9877904057502747,0.9797717928886414,0.9769420623779297,0.9716712832450867,0.9467679858207703,0.883163571357727,0.9412716627120972,0.8923631310462952,0.8686907291412354,0.9274106025695801,0.9352388381958008,0.9783012866973877,0.9583908915519714,0.9184861183166504,0.9272902607917786,0.8758950233459473,0.8680590987205505,0.9609352946281433,0.9497432112693787,0.9610937833786011,0.8902583122253418,0.9893069863319397,0.9737864136695862,0.9770607352256775,0.9779525995254517,0.9677764177322388,0.863735020160675,0.9509769082069397,0.8841243386268616,0.848074734210968,0.9486051201820374,0.9458913803100586,0.9715474247932434,0.9687325954437256,0.93595951795578,0.9292199015617371,0.8950275778770447,0.8614835143089294,0.9698348045349121,0.959224283695221,0.9644123911857605,0.9050554037094116
159,0.7,0.9846823811531067,0.9784597158432007,0.9780759811401367,0.9710792899131775,0.9501889944076538,0.8843867182731628,0.9302747249603271,0.8905322551727295,0.8682879209518433,0.926557183265686,0.9377340078353882,0.9769684076309204,0.9579624533653259,0.9203624725341797,0.9223678708076477,0.8736792206764221,0.8598706126213074,0.9576686024665833,0.9564292430877686,0.9601401090621948,0.9042178988456726,0.9892302751541138,0.9750691056251526,0.9780868887901306,0.9724441766738892,0.9739469885826111,0.8622222542762756,0.9562212228775024,0.8749479651451111,0.8584789037704468,0.9493706822395325,0.9456688761711121,0.9736528992652893,0.9710246920585632,0.9334354400634766,0.9291248321533203,0.8828884959220886,0.8711628317832947,0.9698518514633179,0.9621131420135498,0.9641607403755188,0.8961893916130066
160,0.7,0.9866682887077332,0.9794220924377441,0.9762406349182129,0.9699539542198181,0.9446941018104553,0.885221540927887,0.933701753616333,0.8908005356788635,0.8642690777778625,0.9211439490318298,0.9378316402435303,0.9775371551513672,0.9589312076568604,0.9126771688461304,0.9105092287063599,0.8799901008605957,0.8667973875999451,0.9621898531913757,0.9611788988113403,0.9615373611450195,0.8959565758705139,0.9859827756881714,0.9691498279571533,0.9716981053352356,0.9750003814697266,0.9601587057113647,0.8599358797073364,0.9446420669555664,0.8644256591796875,0.854534924030304,0.9424138069152832,0.9405782222747803,0.9710106253623962,0.970585823059082,0.9224441647529602,0.9219641089439392,0.8850317597389221,0.8689168095588684,0.9664952158927917,0.9620307087898254,0.9579865336418152,0.8945719599723816
161,0.7,0.9848073124885559,0.9780870079994202,0.9732789397239685,0.9699129462242126,0.9458627700805664,0.8873999714851379,0.927384078502655,0.8937180042266846,0.8720350861549377,0.9217381477355957,0.9342729449272156,0.9754734039306641,0.9560692310333252,0.912510871887207,0.9210237860679626,0.8824329972267151,0.8717265129089355,0.9642019271850586,0.9602514505386353,0.9604381322860718,0.8897935748100281,0.9900773167610168,0.9784640073776245,0.9775401949882507,0.9771209955215454,0.9710797667503357,0.8710052967071533,0.9541085362434387,0.8815742135047913,0.8650524616241455,0.9523889422416687,0.9511805176734924,0.9746388792991638,0.9747610688209534,0.9102885723114014,0.9299936294555664,0.9313123226165771,0.8725433945655823,0.9744177460670471,0.9670571088790894,0.9682590961456299,0.8956241607666016
162,0.7,0.9847924113273621,0.9808213710784912,0.9769566059112549,0.9739707708358765,0.9471064805984497,0.8901478052139282,0.933640718460083,0.8934824466705322,0.869756281375885,0.9268301129341125,0.9434571862220764,0.9759363532066345,0.9618141055107117,0.9127344489097595,0.9226744174957275,0.8893023729324341,0.86954665184021,0.9627670049667358,0.9606413841247559,0.9650338292121887,0.8968328237533569,0.9916916489601135,0.9820942878723145,0.9810177087783813,0.9809818267822266,0.966179370880127,0.8753587603569031,0.9490965008735657,0.887925386428833,0.8651589751243591,0.9543101191520691,0.9592289924621582,0.9784265160560608,0.9783696532249451,0.9205723404884338,0.9354719519615173,0.9122515916824341,0.8694847226142883,0.9787769317626953,0.9727619290351868,0.9761481881141663,0.9013439416885376
163,0.7,0.9845890402793884,0.9768019914627075,0.9749448895454407,0.9744295477867126,0.9490257501602173,0.8783900141716003,0.9305223822593689,0.8875188231468201,0.8676989674568176,0.9223634004592896,0.936141312122345,0.9735288023948669,0.9599030613899231,0.9142226576805115,0.9200986623764038,0.8899921774864197,0.8657382726669312,0.9599210619926453,0.9520556926727295,0.9577487111091614,0.889477014541626,0.9906290769577026,0.9780067205429077,0.9811934232711792,0.9790602326393127,0.9714801907539368,0.8633987307548523,0.9573837518692017,0.870680034160614,0.8633424639701843,0.9510454535484314,0.9480452537536621,0.9753258228302002,0.9741260409355164,0.907860279083252,0.931422233581543,0.9148396253585815,0.8621049523353577,0.9754116535186768,0.9699845314025879,0.9706876277923584,0.9075950980186462
164,0.7,0.9857451319694519,0.9795689582824707,0.9765666127204895,0.9741932153701782,0.9425429105758667,0.8872246742248535,0.9342900514602661,0.8946431279182434,0.8754217028617859,0.9253675937652588,0.9410726428031921,0.9773778915405273,0.9598821401596069,0.9140171408653259,0.9255173206329346,0.8861651420593262,0.8608447313308716,0.964505672454834,0.9639397263526917,0.960056722164154,0.9048283100128174,0.9910463690757751,0.9788078665733337,0.9796592593193054,0.9797544479370117,0.9715786576271057,0.8677887320518494,0.9453750252723694,0.8685697913169861,0.8563855886459351,0.9529358148574829,0.9514954686164856,0.9754359126091003,0.9764219522476196,0.9300404787063599,0.9328187108039856,0.893826425075531,0.8586391806602478,0.9775928854942322,0.9717192053794861,0.9662739038467407,0.9115853905677795
165,0.7,0.9857061505317688,0.9790851473808289,0.9763509035110474,0.9692537784576416,0.9484890103340149,0.8864926099777222,0.9367454051971436,0.8826214075088501,0.8726571202278137,0.9276048541069031,0.9450658559799194,0.9758728742599487,0.9586008191108704,0.9121819734573364,0.9205645322799683,0.8841169476509094,0.8621014952659607,0.9673993587493896,0.9587910771369934,0.9587048292160034,0.901496171951294,0.9881703853607178,0.9732056260108948,0.9757075309753418,0.9742826223373413,0.9691893458366394,0.8636945486068726,0.9521996974945068,0.8693463802337646,0.8624509572982788,0.9417692422866821,0.9437962770462036,0.9714590311050415,0.9713112115859985,0.9182996153831482,0.9255224466323853,0.9133520722389221,0.8736556172370911,0.9682817459106445,0.9627441167831421,0.9663508534431458,0.8921998143196106
166,0.7,0.982475757598877,0.9773229956626892,0.9720009565353394,0.970376193523407,0.9452409148216248,0.8859163522720337,0.9400928020477295,0.8890559077262878,0.874752402305603,0.9207767844200134,0.9359403848648071,0.9728038907051086,0.9519132375717163,0.915733814239502,0.9211152195930481,0.8832675218582153,0.8678544163703918,0.956209123134613,0.9525945782661438,0.9548441171646118,0.8928537964820862,0.9911659359931946,0.9791668653488159,0.9808213710784912,0.9766534566879272,0.9733457565307617,0.875545859336853,0.9539370536804199,0.8756009936332703,0.8584058880805969,0.9540392160415649,0.9551509022712708,0.9773313403129578,0.9783914685249329,0.9238384962081909,0.9343721270561218,0.8945714235305786,0.8711150288581848,0.9748398065567017,0.9719204306602478,0.9720250368118286,0.8977005481719971
167,0.7,0.9880489110946655,0.9803668856620789,0.9792434573173523,0.9752494096755981,0.9502851366996765,0.890242338180542,0.936226487159729,0.8985129594802856,0.8741951584815979,0.920726478099823,0.9410085678100586,0.9787319302558899,0.9565519690513611,0.9183526635169983,0.9210593104362488,0.8863770365715027,0.8733499050140381,0.9641632437705994,0.9566938877105713,0.9650246500968933,0.8836418390274048,0.9915185570716858,0.9797959327697754,0.9792384505271912,0.9773851633071899,0.9718336462974548,0.87398761510849,0.9531825184822083,0.8793790340423584,0.8521372675895691,0.953262209892273,0.9529048204421997,0.9772982001304626,0.9787164330482483,0.9130116701126099,0.9298885464668274,0.9104444980621338,0.8709756135940552,0.976033091545105,0.9667019248008728,0.9672718048095703,0.899784505367279
168,0.7,0.9855390787124634,0.9772699475288391,0.9729175567626953,0.9746685028076172,0.9442386627197266,0.8819090127944946,0.9327123165130615,0.888832688331604,0.869920015335083,0.9221999049186707,0.9400146007537842,0.9765375256538391,0.9530437588691711,0.9089617729187012,0.9214919209480286,0.8822165727615356,0.8686320781707764,0.9605765342712402,0.9537366628646851,0.9607530236244202,0.8987583518028259,0.9885213971138,0.9739812016487122,0.9753785133361816,0.980179488658905,0.9697197675704956,0.8551596999168396,0.9489058256149292,0.8744146823883057,0.8683909177780151,0.951423704624176,0.9467334747314453,0.9750459790229797,0.9743449687957764,0.9375905990600586,0.9240548610687256,0.9027152061462402,0.8676416277885437,0.9741235971450806,0.959366500377655,0.9600574374198914,0.9014795422554016
169,0.7,0.9865893721580505,0.9796013832092285,0.9748552441596985,0.9761432409286499,0.9480056762695312,0.8913868069648743,0.9347792267799377,0.8947209119796753,0.8806409239768982,0.9249609708786011,0.9376709461212158,0.9778356552124023,0.9545308351516724,0.9167248010635376,0.9206836223602295,0.8817163705825806,0.8687607645988464,0.9653776288032532,0.9590148329734802,0.9650007486343384,0.8981964588165283,0.9931775331497192,0.9828764200210571,0.9829599857330322,0.981660783290863,0.9750932455062866,0.8772282004356384,0.9542846083641052,0.8882613778114319,0.8666519522666931,0.9576292037963867,0.9584422707557678,0.9810681939125061,0.9797424674034119,0.9246920943260193,0.9388360381126404,0.9310097098350525,0.8723415732383728,0.9774067997932434,0.9728471636772156,0.9741373658180237,0.9002657532691956
170,0.7,0.9867780804634094,0.9794496893882751,0.9787022471427917,0.9674159288406372,0.9481057524681091,0.8927476406097412,0.9401693344116211,0.8940313458442688,0.8797411322593689,0.921470046043396,0.9380553960800171,0.9776768088340759,0.9607612490653992,0.9099480509757996,0.9288766980171204,0.8852176070213318,0.8636332154273987,0.9646443128585815,0.9583953619003296,0.9575430750846863,0.8986161947250366,0.9923658967018127,0.9807581901550293,0.9825183749198914,0.9750900268554688,0.9748912453651428,0.874559223651886,0.9589652419090271,0.8960031867027283,0.8505995869636536,0.9563992023468018,0.9555004835128784,0.979870617389679,0.9801868200302124,0.9289097785949707,0.9320762753486633,0.8938301205635071,0.8576692938804626,0.9760635495185852,0.9711441397666931,0.9734805822372437,0.9145123362541199
171,0.7,0.9868814945220947,0.9800577759742737,0.9757794141769409,0.9732526540756226,0.9458569288253784,0.8965657353401184,0.9402194619178772,0.8923251628875732,0.8748667240142822,0.9265536069869995,0.9367806315422058,0.9789580702781677,0.9614840149879456,0.9166644215583801,0.9247528910636902,0.8749988675117493,0.8598398566246033,0.9624343514442444,0.9634242057800293,0.9644724130630493,0.9092499017715454,0.9898634552955627,0.9759484529495239,0.9790880084037781,0.9729504585266113,0.9745914936065674,0.8768385052680969,0.9589061141014099,0.8699709177017212,0.8621044158935547,0.9505032896995544,0.9527354836463928,0.9763864278793335,0.97797691822052,0.9218408465385437,0.9376217722892761,0.9064663648605347,0.8753409385681152,0.9720906615257263,0.9675490260124207,0.9708772301673889,0.8946659564971924
