class_cols: ['Cafe', 'Hotel', 'Restaurant', 'Store', 'MiscCommercial', 'Suburban', 'MiscResidential', 'CountryHouse', 'ConstructionSite', 'MiscIndustrial', 'PowerPlant', 'WaterTreatment']
[tensor([   0., 0., 1., 0., 0., 1., 0., 0., 1., 0., 0., 1., 0., 0., 1., 0., 0., 1.,0., 0., 1., 0., 0., 0., 0., 0., 1., 0., 0., 0., 0., 0.]), 
tensor([0., 0., 1., 0., 0., 0., 0., 0., 1., 0., 0., 1., 0., 0., 0., 0., 0., 1.,
        0., 0., 1., 0., 0., 1., 0., 0., 1., 0., 0., 1., 0., 0.]), tensor([0., 0., 1., 0., 0., 1., 0., 0., 0., 0., 0., 0., 0., 0., 0., 0., 0., 0.,
        0., 0., 0., 0., 0., 0., 0., 0., 0., 0., 0., 1., 0., 0.]), tensor([0., 0., 1., 0., 0., 1., 0., 0., 1., 0., 0., 0., 0., 0., 1., 0., 0., 1.,
        0., 0., 1., 0., 0., 1., 0., 0., 1., 0., 0., 1., 0., 0.]), tensor([0., 0., 0., 0., 0., 1., 0., 0., 0., 0., 0., 1., 0., 0., 1., 0., 0., 1.,
        0., 0., 1., 0., 0., 0., 0., 0., 0., 0., 0., 0., 0., 0.]), tensor([0., 1., 0., 0., 1., 0., 0., 1., 0., 0., 1., 0., 0., 1., 0., 0., 1., 0.,
        0., 0., 0., 0., 1., 0., 0., 1., 0., 0., 1., 0., 0., 1.]), tensor([0., 0., 0., 0., 1., 0., 0., 1., 0., 0., 0., 0., 0., 1., 0., 0., 1., 0.,
        0., 1., 0., 0., 1., 0., 0., 1., 0., 0., 0., 0., 0., 1.]), tensor([0., 0., 0., 0., 1., 0., 0., 0., 0., 0., 0., 0., 0., 0., 0., 0., 0., 0.,
        0., 0., 0., 0., 0., 0., 0., 0., 0., 0., 0., 0., 0., 1.]), tensor([1., 0., 0., 0., 0., 0., 0., 0., 0., 0., 0., 0., 0., 0., 0., 0., 0., 0.,
        0., 0., 0., 0., 0., 0., 0., 0., 0., 0., 0., 0., 1., 0.]), tensor([0., 0., 0., 1., 0., 0., 1., 0., 0., 1., 0., 0., 1., 0., 0., 1., 0., 0.,
        0., 0., 0., 0., 0., 0., 1., 0., 0., 1., 0., 0., 0., 0.]), tensor([1., 0., 0., 0., 0., 0., 1., 0., 0., 0., 0., 0., 0., 0., 0., 1., 0., 0.,
        1., 0., 0., 1., 0., 0., 0., 0., 0., 1., 0., 0., 0., 0.]), tensor([0., 0., 0., 1., 0., 0., 1., 0., 0., 1., 0., 0., 0., 0., 0., 1., 0., 0.,
        1., 0., 0., 0., 0., 0., 1., 0., 0., 1., 0., 0., 0., 0.]), tensor([0., 1., 0., 0., 1., 0., 0., 1., 0., 1., 1., 1., 1., 0., 1., 1., 0., 0.,
        1., 1., 1., 0., 0., 1., 1., 1., 1., 0., 1., 0., 0., 1.]), tensor([1., 1., 1., 0., 1., 1., 0., 0., 1., 1., 0., 1., 0., 1., 0., 1., 1., 1.,
        0., 0., 1., 1., 1., 1., 0., 1., 0., 0., 0., 1., 1., 1.]), tensor([1., 1., 0., 0., 0., 1., 0., 1., 0., 0., 0., 1., 0., 1., 1., 0., 0., 1.,
        1., 0., 1., 0., 1., 1., 0., 0., 1., 0., 0., 1., 0., 0.]), tensor([0., 0., 1., 0., 0., 1., 0., 0., 1., 0., 0., 0., 0., 0., 1., 0., 0., 1.,
        0., 0., 1., 0., 0., 1., 0., 0., 1., 0., 0., 1., 0., 0.]), tensor([0., 1., 0., 0., 1., 0., 0., 1., 0., 0., 1., 0., 0., 1., 0., 0., 1., 0.,
        0., 0., 0., 0., 1., 0., 0., 1., 0., 0., 1., 0., 0., 1.]), tensor([0., 0., 1., 0., 0., 1., 0., 0., 0., 0., 0., 0., 0., 0., 1., 0., 0., 1.,
        0., 0., 1., 0., 0., 0., 0., 0., 1., 0., 0., 1., 0., 0.]), tensor([0., 0., 0., 0., 0., 1., 0., 0., 1., 0., 1., 1., 0., 0., 1., 0., 0., 1.,
        0., 1., 1., 0., 0., 0., 0., 1., 0., 0., 1., 0., 0., 0.]), tensor([0., 0., 0., 0., 1., 1., 0., 1., 0., 0., 0., 0., 0., 1., 0., 0., 1., 0.,
        0., 1., 0., 0., 1., 0., 0., 1., 0., 0., 0., 0., 0., 1.]), tensor([0., 0., 0., 0., 1., 0., 0., 1., 0., 0., 0., 0., 0., 1., 0., 0., 1., 0.,
        0., 1., 0., 0., 1., 0., 0., 1., 0., 0., 0., 0., 0., 1.]), tensor([0., 0., 1., 0., 0., 0., 0., 0., 1., 0., 0., 1., 0., 0., 1., 0., 0., 1.,
        0., 0., 1., 0., 0., 0., 0., 0., 0., 0., 0., 0., 0., 0.]), tensor([0., 0., 1., 0., 0., 0., 0., 0., 1., 0., 0., 1., 0., 0., 0., 0., 0., 1.,
        0., 0., 1., 0., 0., 1., 0., 0., 1., 0., 0., 1., 0., 0.]), tensor([0., 0., 0., 0., 0., 1., 0., 0., 0., 0., 0., 0., 0., 0., 1., 0., 0., 0.,
        0., 0., 0., 0., 0., 0., 0., 0., 1., 0., 0., 0., 0., 0.]), tensor([1., 0., 1., 0., 0., 0., 1., 0., 0., 0., 0., 0., 0., 0., 0., 1., 0., 1.,
        1., 0., 0., 1., 0., 1., 0., 0., 0., 1., 0., 0., 0., 0.]), tensor([1., 0., 0., 1., 0., 0., 1., 0., 1., 1., 0., 0., 0., 0., 0., 1., 0., 0.,
        1., 0., 0., 1., 0., 0., 1., 0., 0., 1., 0., 0., 1., 0.]), tensor([1., 0., 0., 0., 0., 0., 0., 0., 0., 0., 0., 0., 0., 0., 0., 0., 0., 0.,
        0., 0., 0., 0., 0., 0., 0., 0., 0., 0., 0., 0., 1., 0.]), tensor([0., 0., 0., 1., 0., 1., 1., 0., 0., 1., 0., 0., 1., 0., 0., 1., 0., 0.,
        1., 1., 0., 0., 1., 0., 1., 1., 0., 1., 0., 1., 0., 0.]), tensor([0., 0., 1., 0., 1., 0., 0., 0., 1., 0., 0., 1., 0., 0., 0., 0., 0., 0.,
        0., 0., 0., 0., 0., 1., 0., 0., 0., 0., 0., 0., 0., 1.]), tensor([0., 1., 0., 0., 1., 0., 0., 1., 0., 0., 1., 0., 0., 1., 0., 0., 1., 0.,
        0., 1., 0., 0., 1., 0., 0., 1., 0., 0., 1., 0., 0., 1.]), tensor([0., 0., 1., 0., 0., 1., 0., 0., 1., 0., 0., 1., 0., 0., 1., 0., 0., 1.,
        0., 0., 1., 0., 0., 1., 0., 0., 1., 0., 0., 1., 0., 0.]), tensor([1., 0., 0., 1., 0., 0., 1., 0., 0., 1., 0., 0., 1., 0., 0., 1., 0., 0.,
        1., 0., 0., 1., 0., 0., 1., 0., 0., 1., 0., 0., 1., 0.])]
[tensor([1., 0., 0., 0., 0., 0., 1., 0., 0., 1., 0., 0., 0., 0., 0., 0., 0., 0.,
        1., 0., 0., 1., 0., 0., 1., 0., 0., 1., 0., 0., 1., 0.]), tensor([1., 0., 0., 0., 0., 0., 0., 0., 0., 1., 0., 0., 1., 0., 0., 1., 0., 0.,
        1., 0., 0., 1., 0., 0., 0., 0., 0., 0., 0., 0., 1., 0.]), tensor([0., 0., 0., 1., 0., 0., 0., 0., 0., 0., 0., 0., 0., 0., 0., 1., 0., 0.,
        0., 0., 0., 0., 0., 0., 1., 0., 0., 1., 0., 0., 1., 0.]), tensor([1., 0., 0., 0., 0., 0., 0., 0., 0., 0., 0., 0., 0., 0., 0., 1., 0., 0.,
        0., 0., 0., 1., 0., 0., 1., 0., 0., 1., 0., 0., 0., 0.]), tensor([1., 0., 0., 0., 0., 0., 0., 0., 0., 1., 0., 0., 0., 0., 0., 1., 0., 0.,
        1., 0., 0., 1., 0., 0., 0., 0., 0., 0., 0., 0., 0., 0.]), tensor([0., 0., 1., 0., 0., 0., 0., 0., 1., 0., 0., 1., 0., 0., 1., 0., 0., 0.,
        0., 0., 0., 0., 0., 1., 0., 0., 1., 0., 0., 1., 0., 0.]), tensor([0., 0., 0., 0., 0., 1., 0., 0., 1., 0., 0., 1., 0., 0., 1., 0., 0., 1.,
        0., 0., 1., 0., 0., 1., 0., 0., 0., 0., 0., 1., 0., 0.]), tensor([0., 0., 0., 0., 0., 1., 0., 0., 1., 0., 0., 1., 0., 0., 0., 0., 0., 1.,
        0., 0., 0., 0., 0., 1., 0., 0., 0., 0., 0., 0., 0., 0.]), tensor([0., 0., 0., 0., 0., 0., 0., 1., 0., 0., 1., 0., 0., 0., 0., 0., 0., 0.,
        0., 1., 0., 0., 1., 0., 0., 0., 0., 0., 0., 0., 0., 1.]), tensor([0., 1., 0., 0., 1., 0., 0., 0., 0., 0., 0., 0., 0., 1., 0., 0., 0., 0.,
        0., 0., 0., 0., 0., 0., 0., 0., 0., 0., 1., 0., 0., 0.]), tensor([0., 0., 0., 0., 0., 0., 0., 1., 0., 0., 1., 0., 0., 0., 0., 0., 1., 0.,
        0., 1., 0., 0., 1., 0., 0., 1., 0., 0., 1., 0., 0., 0.]), tensor([0., 1., 0., 0., 0., 0., 0., 0., 0., 0., 0., 0., 0., 1., 0., 0., 0., 0.,
        0., 0., 0., 0., 0., 0., 0., 0., 0., 0., 1., 0., 0., 0.]), tensor([0., 0., 1., 1., 0., 1., 0., 0., 1., 1., 0., 0., 1., 1., 0., 1., 0., 1.,
        1., 1., 1., 1., 1., 0., 1., 1., 0., 0., 1., 1., 1., 0.]), tensor([1., 1., 1., 0., 1., 0., 0., 1., 0., 0., 1., 1., 1., 1., 1., 0., 0., 1.,
        1., 0., 0., 1., 0., 1., 1., 1., 1., 0., 1., 0., 1., 1.]), tensor([1., 0., 1., 1., 0., 1., 0., 0., 1., 1., 0., 0., 1., 0., 1., 1., 0., 0.,
        1., 1., 0., 1., 0., 1., 1., 1., 1., 0., 0., 0., 0., 0.]), tensor([1., 0., 0., 0., 0., 0., 0., 0., 0., 0., 0., 0., 0., 0., 0., 1., 0., 0.,
        0., 0., 0., 1., 0., 0., 1., 0., 0., 1., 0., 0., 0., 0.]), tensor([0., 0., 1., 0., 0., 0., 0., 0., 1., 0., 0., 1., 0., 0., 1., 0., 0., 0.,
        0., 0., 0., 0., 0., 1., 0., 0., 1., 0., 0., 1., 0., 0.]), tensor([0., 0., 0., 1., 0., 0., 1., 0., 0., 0., 0., 0., 0., 0., 0., 1., 0., 0.,
        0., 1., 0., 1., 0., 0., 1., 0., 0., 1., 0., 0., 1., 1.]), tensor([1., 0., 0., 0., 0., 0., 0., 0., 0., 1., 0., 0., 0., 0., 0., 1., 0., 1.,
        1., 0., 0., 1., 0., 0., 0., 0., 0., 1., 0., 1., 1., 0.]), tensor([0., 0., 0., 0., 0., 1., 0., 0., 1., 0., 0., 1., 0., 0., 1., 0., 0., 1.,
        0., 0., 1., 0., 0., 1., 0., 0., 0., 0., 0., 1., 0., 0.]), tensor([0., 0., 0., 0., 0., 1., 0., 0., 1., 0., 0., 1., 0., 0., 1., 0., 0., 1.,
        0., 0., 1., 0., 0., 1., 0., 0., 0., 0., 0., 1., 0., 0.]), tensor([1., 0., 0., 0., 0., 0., 1., 0., 0., 1., 0., 0., 0., 0., 0., 0., 0., 0.,
        1., 0., 0., 0., 0., 0., 1., 0., 0., 0., 0., 0., 1., 0.]), tensor([1., 0., 0., 0., 0., 0., 0., 0., 0., 1., 0., 0., 1., 0., 0., 1., 0., 0.,
        1., 0., 0., 1., 0., 0., 0., 0., 0., 0., 0., 0., 1., 0.]), tensor([1., 0., 0., 0., 0., 0., 1., 0., 0., 0., 0., 0., 0., 0., 0., 0., 0., 0.,
        0., 0., 0., 1., 0., 0., 0., 0., 0., 1., 0., 0., 0., 0.]), tensor([0., 0., 0., 0., 0., 0., 0., 1., 0., 1., 1., 0., 0., 0., 0., 1., 1., 0.,
        1., 1., 0., 0., 1., 0., 0., 1., 0., 0., 1., 0., 0., 0.]), tensor([0., 1., 0., 0., 0., 0., 1., 1., 0., 0., 1., 0., 0., 1., 0., 0., 1., 0.,
        0., 1., 0., 0., 1., 0., 1., 1., 0., 0., 1., 0., 1., 0.]), tensor([0., 0., 0., 0., 0., 0., 0., 1., 0., 0., 1., 0., 0., 0., 0., 0., 0., 0.,
        0., 1., 0., 0., 1., 0., 0., 0., 0., 0., 0., 0., 0., 1.]), tensor([0., 1., 1., 0., 1., 0., 0., 0., 0., 0., 0., 0., 0., 1., 1., 1., 0., 0.,
        0., 0., 0., 0., 0., 0., 0., 0., 0., 1., 1., 0., 0., 0.]), tensor([0., 0., 0., 1., 0., 1., 0., 0., 1., 1., 0., 1., 0., 0., 0., 0., 1., 1.,
        0., 0., 0., 0., 0., 1., 1., 1., 0., 0., 0., 0., 1., 0.]), tensor([0., 0., 1., 0., 0., 1., 0., 0., 1., 0., 0., 1., 0., 0., 1., 0., 0., 1.,
        0., 0., 1., 0., 0., 1., 0., 0., 1., 0., 0., 1., 0., 0.]), tensor([1., 0., 0., 1., 0., 0., 1., 0., 0., 1., 0., 0., 1., 0., 0., 1., 0., 0.,
        1., 0., 0., 1., 0., 0., 1., 0., 0., 1., 0., 0., 1., 0.]), tensor([0., 1., 0., 0., 1., 0., 0., 1., 0., 0., 1., 0., 0., 1., 0., 0., 1., 0.,
        0., 1., 0., 0., 1., 0., 0., 1., 0., 0., 1., 0., 0., 1.])]
[tensor([0., 1., 0., 0., 1., 0., 0., 1., 0., 0., 1., 0., 0., 1., 0., 0., 1., 0.,
        0., 0., 0., 0., 0., 0., 0., 1., 0., 0., 1., 0., 0., 1.]), tensor([0., 1., 0., 0., 1., 0., 0., 0., 0., 0., 0., 0., 0., 0., 0., 0., 1., 0.,
        0., 1., 0., 0., 1., 0., 0., 0., 0., 0., 1., 0., 0., 1.]), tensor([0., 0., 0., 0., 1., 0., 0., 1., 0., 0., 0., 0., 0., 1., 0., 0., 0., 0.,
        0., 0., 0., 0., 1., 0., 0., 0., 0., 0., 0., 0., 0., 1.]), tensor([0., 1., 0., 0., 0., 0., 0., 1., 0., 0., 1., 0., 0., 1., 0., 0., 1., 0.,
        0., 0., 0., 0., 1., 0., 0., 1., 0., 0., 0., 0., 0., 1.]), tensor([0., 1., 0., 0., 1., 0., 0., 1., 0., 0., 1., 0., 0., 1., 0., 0., 1., 0.,
        0., 1., 0., 0., 1., 0., 0., 0., 0., 0., 1., 0., 0., 1.]), tensor([1., 0., 0., 1., 0., 0., 1., 0., 0., 1., 0., 0., 1., 0., 0., 0., 0., 0.,
        0., 0., 0., 1., 0., 0., 0., 0., 0., 1., 0., 0., 1., 0.]), tensor([1., 0., 0., 1., 0., 0., 1., 0., 0., 0., 0., 0., 0., 0., 0., 1., 0., 0.,
        1., 0., 0., 0., 0., 0., 1., 0., 0., 1., 0., 0., 1., 0.]), tensor([1., 0., 0., 0., 0., 0., 0., 0., 0., 0., 0., 0., 0., 0., 0., 1., 0., 0.,
        0., 0., 0., 0., 0., 0., 1., 0., 0., 0., 0., 0., 0., 0.]), tensor([0., 0., 0., 0., 0., 0., 0., 0., 0., 0., 0., 0., 0., 0., 1., 0., 0., 0.,
        0., 0., 0., 0., 0., 0., 0., 0., 1., 0., 0., 0., 0., 0.]), tensor([0., 0., 0., 0., 0., 1., 0., 0., 0., 0., 0., 0., 0., 0., 0., 0., 0., 1.,
        0., 0., 1., 0., 0., 1., 0., 0., 0., 0., 0., 0., 0., 0.]), tensor([0., 0., 1., 0., 0., 1., 0., 0., 1., 0., 0., 1., 0., 0., 1., 0., 0., 1.,
        0., 0., 0., 0., 0., 0., 0., 0., 0., 0., 0., 1., 0., 0.]), tensor([0., 0., 0., 0., 0., 1., 0., 0., 0., 0., 0., 1., 0., 0., 0., 0., 0., 1.,
        0., 0., 1., 0., 0., 0., 0., 0., 0., 0., 0., 0., 0., 0.]), tensor([1., 1., 1., 1., 1., 1., 0., 1., 0., 1., 1., 1., 1., 1., 1., 1., 1., 0.,
        1., 1., 0., 0., 1., 0., 1., 1., 1., 0., 1., 1., 1., 1.]), tensor([1., 0., 0., 1., 1., 1., 1., 1., 1., 0., 1., 1., 1., 1., 0., 1., 0., 0.,
        0., 1., 0., 1., 1., 0., 1., 1., 1., 1., 0., 1., 1., 1.]), tensor([1., 1., 0., 1., 1., 0., 0., 1., 0., 1., 1., 1., 0., 1., 0., 0., 1., 0.,
        0., 1., 0., 1., 1., 0., 0., 1., 1., 0., 1., 0., 0., 1.]), tensor([0., 1., 0., 0., 0., 0., 0., 1., 0., 0., 1., 0., 0., 1., 0., 0., 1., 0.,
        0., 0., 0., 0., 1., 0., 0., 1., 0., 0., 0., 0., 0., 1.]), tensor([1., 0., 0., 1., 0., 0., 1., 0., 0., 1., 0., 0., 1., 0., 0., 0., 0., 0.,
        0., 0., 0., 1., 0., 0., 0., 0., 0., 1., 0., 0., 1., 0.]), tensor([0., 1., 0., 0., 1., 0., 1., 1., 1., 0., 0., 0., 0., 1., 1., 0., 0., 0.,
        0., 1., 0., 0., 1., 0., 0., 0., 0., 0., 1., 0., 0., 1.]), tensor([0., 1., 0., 0., 1., 0., 1., 1., 0., 0., 1., 0., 0., 1., 0., 0., 1., 0.,
        0., 1., 0., 0., 1., 0., 0., 0., 0., 1., 1., 0., 1., 1.]), tensor([1., 1., 0., 1., 0., 0., 1., 0., 0., 0., 0., 0., 0., 0., 0., 1., 1., 0.,
        1., 0., 0., 0., 0., 0., 1., 0., 0., 1., 1., 0., 1., 0.]), tensor([1., 0., 0., 1., 0., 0., 1., 0., 0., 0., 0., 0., 0., 0., 0., 1., 0., 0.,
        1., 0., 0., 0., 0., 0., 1., 0., 0., 1., 0., 0., 1., 0.]), tensor([0., 1., 0., 0., 0., 0., 0., 1., 0., 0., 1., 0., 0., 1., 0., 0., 1., 0.,
        0., 0., 0., 0., 0., 0., 0., 1., 0., 0., 1., 0., 0., 1.]), tensor([0., 1., 0., 0., 1., 0., 0., 0., 0., 0., 0., 0., 0., 0., 0., 0., 1., 0.,
        0., 1., 0., 0., 1., 0., 0., 0., 0., 0., 1., 0., 0., 1.]), tensor([0., 1., 0., 0., 1., 0., 0., 0., 0., 0., 0., 0., 0., 0., 0., 0., 1., 0.,
        0., 0., 0., 0., 0., 0., 0., 1., 0., 0., 1., 0., 0., 0.]), tensor([0., 0., 1., 0., 0., 1., 0., 1., 1., 0., 0., 1., 0., 0., 1., 0., 0., 1.,
        0., 0., 0., 0., 0., 0., 0., 0., 0., 0., 0., 1., 0., 1.]), tensor([0., 0., 1., 0., 1., 1., 0., 0., 1., 0., 0., 1., 0., 0., 1., 0., 0., 1.,
        0., 0., 1., 0., 0., 0., 0., 0., 0., 0., 1., 1., 0., 0.]), tensor([0., 0., 0., 0., 0., 0., 0., 0., 0., 0., 0., 0., 0., 0., 1., 0., 0., 0.,
        0., 0., 0., 0., 0., 0., 0., 0., 1., 0., 0., 0., 0., 0.]), tensor([0., 0., 0., 1., 0., 1., 0., 1., 0., 0., 1., 1., 0., 1., 0., 0., 0., 1.,
        0., 0., 1., 0., 1., 1., 0., 0., 0., 1., 0., 0., 0., 1.]), tensor([1., 0., 0., 0., 1., 0., 0., 0., 0., 0., 0., 0., 0., 0., 0., 1., 0., 0.,
        0., 0., 0., 0., 0., 0., 1., 0., 0., 0., 0., 0., 0., 0.]), tensor([1., 0., 0., 1., 0., 0., 1., 0., 0., 1., 0., 0., 1., 0., 0., 1., 0., 0.,
        1., 0., 0., 1., 0., 0., 1., 0., 0., 1., 0., 0., 1., 0.]), tensor([0., 1., 0., 0., 1., 0., 0., 1., 0., 0., 1., 0., 0., 1., 0., 0., 1., 0.,
        0., 1., 0., 0., 1., 0., 0., 1., 0., 0., 1., 0., 0., 1.]), tensor([0., 0., 1., 0., 0., 1., 0., 0., 1., 0., 0., 1., 0., 0., 1., 0., 0., 1.,
        0., 0., 1., 0., 0., 1., 0., 0., 1., 0., 0., 1., 0., 0.])]
[tensor([0., 0., 1., 0., 0., 1., 0., 0., 1., 0., 0., 0., 0., 0., 0., 0., 0., 0.,
        0., 0., 1., 0., 0., 1., 0., 0., 0., 0., 0., 0., 0., 0.]), tensor([0., 0., 1., 0., 0., 1., 0., 0., 1., 0., 0., 0., 0., 0., 1., 0., 0., 1.,
        0., 0., 1., 0., 0., 1., 0., 0., 1., 0., 0., 1., 0., 0.]), tensor([0., 0., 1., 0., 0., 0., 0., 0., 0., 0., 0., 1., 0., 0., 1., 0., 0., 0.,
        0., 0., 1., 0., 0., 1., 0., 0., 0., 0., 0., 0., 0., 0.]), tensor([0., 0., 0., 0., 0., 1., 0., 0., 1., 0., 0., 0., 0., 0., 1., 0., 0., 1.,
        0., 0., 1., 0., 0., 1., 0., 0., 0., 0., 0., 1., 0., 0.]), tensor([0., 0., 1., 0., 0., 0., 0., 0., 0., 0., 0., 0., 0., 0., 1., 0., 0., 1.,
        0., 0., 0., 0., 0., 0., 0., 0., 1., 0., 0., 1., 0., 0.]), tensor([0., 0., 0., 0., 0., 0., 0., 1., 0., 0., 1., 0., 0., 0., 0., 0., 1., 0.,
        0., 1., 0., 0., 0., 0., 0., 1., 0., 0., 1., 0., 0., 0.]), tensor([0., 1., 0., 0., 1., 0., 0., 1., 0., 0., 1., 0., 0., 1., 0., 0., 1., 0.,
        0., 1., 0., 0., 1., 0., 0., 1., 0., 0., 0., 0., 0., 1.]), tensor([0., 1., 0., 0., 0., 0., 0., 1., 0., 0., 1., 0., 0., 1., 0., 0., 1., 0.,
        0., 1., 0., 0., 1., 0., 0., 0., 0., 0., 0., 0., 0., 1.]), tensor([1., 0., 0., 0., 0., 0., 0., 0., 0., 1., 0., 0., 1., 0., 0., 1., 0., 0.,
        0., 0., 0., 0., 0., 0., 0., 0., 0., 1., 0., 0., 0., 0.]), tensor([0., 0., 0., 1., 0., 0., 0., 0., 0., 0., 0., 0., 0., 0., 0., 0., 0., 0.,
        0., 0., 0., 1., 0., 0., 1., 0., 0., 0., 0., 0., 1., 0.]), tensor([0., 0., 0., 0., 0., 0., 1., 0., 0., 0., 0., 0., 1., 0., 0., 0., 0., 0.,
        1., 0., 0., 0., 0., 0., 1., 0., 0., 1., 0., 0., 0., 0.]), tensor([0., 0., 0., 0., 0., 0., 1., 0., 0., 0., 0., 0., 0., 0., 0., 0., 0., 0.,
        0., 0., 0., 0., 0., 0., 1., 0., 0., 0., 0., 0., 0., 0.]), tensor([1., 0., 1., 1., 0., 1., 1., 1., 1., 0., 0., 1., 0., 1., 1., 0., 1., 1.,
        1., 0., 1., 0., 0., 0., 0., 1., 1., 1., 0., 1., 1., 1.]), tensor([1., 1., 1., 0., 1., 1., 0., 0., 0., 1., 1., 0., 1., 0., 1., 1., 1., 1.,
        0., 0., 1., 1., 1., 1., 0., 0., 0., 1., 1., 1., 0., 0.]), tensor([1., 1., 1., 0., 1., 0., 1., 1., 0., 0., 1., 0., 0., 0., 1., 0., 0., 1.,
        0., 0., 0., 0., 1., 0., 0., 0., 1., 0., 0., 1., 0., 0.]), tensor([0., 0., 0., 0., 0., 1., 0., 0., 1., 0., 0., 0., 0., 0., 1., 0., 0., 1.,
        0., 0., 1., 0., 0., 1., 0., 0., 0., 0., 0., 1., 0., 0.]), tensor([0., 0., 0., 0., 0., 0., 0., 1., 0., 0., 1., 0., 0., 0., 0., 0., 1., 0.,
        0., 1., 0., 0., 0., 0., 0., 1., 0., 0., 1., 0., 0., 0.]), tensor([0., 0., 1., 0., 0., 0., 0., 0., 1., 1., 0., 1., 1., 0., 1., 0., 0., 0.,
        0., 0., 1., 0., 0., 1., 0., 0., 1., 1., 0., 0., 0., 0.]), tensor([0., 0., 1., 0., 0., 1., 0., 0., 1., 0., 0., 0., 0., 0., 1., 0., 0., 1.,
        0., 1., 1., 0., 0., 1., 0., 1., 1., 0., 1., 1., 0., 0.]), tensor([0., 1., 0., 0., 1., 0., 0., 1., 0., 0., 1., 0., 0., 1., 0., 0., 1., 0.,
        0., 1., 0., 0., 1., 0., 0., 1., 0., 0., 0., 1., 0., 1.]), tensor([0., 1., 0., 0., 1., 0., 0., 1., 0., 0., 1., 0., 0., 1., 0., 0., 1., 0.,
        0., 1., 0., 0., 1., 0., 0., 1., 0., 0., 0., 1., 0., 1.]), tensor([0., 0., 1., 0., 0., 0., 0., 0., 1., 0., 0., 0., 0., 0., 0., 0., 0., 0.,
        0., 0., 1., 0., 0., 1., 0., 0., 0., 0., 0., 0., 0., 0.]), tensor([0., 0., 1., 0., 0., 1., 0., 0., 1., 0., 0., 0., 0., 0., 1., 0., 0., 1.,
        0., 0., 1., 0., 0., 1., 0., 0., 1., 0., 0., 1., 0., 0.]), tensor([0., 0., 1., 0., 0., 1., 0., 0., 0., 0., 0., 0., 0., 0., 0., 0., 0., 0.,
        0., 0., 0., 0., 0., 0., 0., 0., 0., 0., 0., 0., 0., 0.]), tensor([0., 0., 0., 1., 0., 0., 1., 0., 0., 0., 0., 1., 1., 0., 1., 0., 0., 0.,
        1., 0., 0., 1., 0., 0., 1., 0., 0., 1., 0., 0., 1., 0.]), tensor([0., 0., 0., 0., 0., 0., 1., 0., 0., 1., 0., 0., 1., 0., 0., 0., 0., 0.,
        1., 0., 0., 0., 0., 0., 1., 0., 0., 1., 0., 0., 0., 0.]), tensor([1., 0., 0., 0., 0., 0., 0., 0., 0., 1., 0., 0., 1., 0., 0., 1., 0., 0.,
        0., 0., 0., 0., 0., 0., 0., 0., 0., 1., 0., 0., 0., 0.]), tensor([0., 0., 0., 1., 0., 0., 1., 0., 0., 0., 0., 0., 0., 0., 1., 0., 0., 0.,
        0., 0., 0., 1., 0., 1., 1., 0., 0., 0., 1., 0., 1., 0.]), tensor([0., 1., 1., 0., 0., 0., 0., 1., 0., 0., 1., 1., 0., 1., 0., 0., 1., 0.,
        0., 1., 1., 0., 1., 0., 0., 0., 0., 0., 0., 0., 0., 1.]), tensor([0., 1., 0., 0., 1., 0., 0., 1., 0., 0., 1., 0., 0., 1., 0., 0., 1., 0.,
        0., 1., 0., 0., 1., 0., 0., 1., 0., 0., 1., 0., 0., 1.]), tensor([0., 0., 1., 0., 0., 1., 0., 0., 1., 0., 0., 1., 0., 0., 1., 0., 0., 1.,
        0., 0., 1., 0., 0., 1., 0., 0., 1., 0., 0., 1., 0., 0.]), tensor([1., 0., 0., 1., 0., 0., 1., 0., 0., 1., 0., 0., 1., 0., 0., 1., 0., 0.,
        1., 0., 0., 1., 0., 0., 1., 0., 0., 1., 0., 0., 1., 0.])]
[tensor([1., 0., 0., 0., 0., 0., 0., 0., 0., 0., 0., 0., 0., 0., 0., 1., 0., 0.,
        0., 0., 0., 0., 0., 0., 1., 0., 0., 1., 0., 0., 0., 0.]), tensor([0., 0., 0., 1., 0., 0., 1., 0., 0., 1., 0., 0., 1., 0., 0., 1., 0., 0.,
        1., 0., 0., 1., 0., 0., 0., 0., 0., 0., 0., 0., 0., 0.]), tensor([0., 0., 0., 0., 0., 0., 0., 0., 0., 0., 0., 0., 1., 0., 0., 0., 0., 0.,
        0., 0., 0., 0., 0., 0., 0., 0., 0., 1., 0., 0., 0., 0.]), tensor([1., 0., 0., 0., 0., 0., 0., 0., 0., 0., 0., 0., 1., 0., 0., 0., 0., 0.,
        1., 0., 0., 1., 0., 0., 1., 0., 0., 1., 0., 0., 1., 0.]), tensor([1., 0., 0., 0., 0., 0., 1., 0., 0., 1., 0., 0., 0., 0., 0., 1., 0., 0.,
        1., 0., 0., 1., 0., 0., 0., 0., 0., 1., 0., 0., 1., 0.]), tensor([0., 0., 1., 0., 0., 1., 0., 0., 1., 0., 0., 1., 0., 0., 0., 0., 0., 1.,
        0., 0., 1., 0., 0., 1., 0., 0., 1., 0., 0., 1., 0., 0.]), tensor([0., 0., 0., 0., 0., 1., 0., 0., 1., 0., 0., 1., 0., 0., 1., 0., 0., 1.,
        0., 0., 1., 0., 0., 1., 0., 0., 0., 0., 0., 1., 0., 0.]), tensor([0., 0., 0., 0., 0., 1., 0., 0., 1., 0., 0., 0., 0., 0., 1., 0., 0., 0.,
        0., 0., 0., 0., 0., 0., 0., 0., 0., 0., 0., 0., 0., 0.]), tensor([0., 0., 0., 0., 1., 0., 0., 0., 0., 0., 0., 0., 0., 1., 0., 0., 0., 0.,
        0., 1., 0., 0., 0., 0., 0., 0., 0., 0., 0., 0., 0., 1.]), tensor([0., 1., 0., 0., 0., 0., 0., 0., 0., 0., 1., 0., 0., 0., 0., 0., 1., 0.,
        0., 0., 0., 0., 1., 0., 0., 1., 0., 0., 0., 0., 0., 0.]), tensor([0., 0., 0., 0., 0., 0., 0., 1., 0., 0., 0., 0., 0., 0., 0., 0., 0., 0.,
        0., 0., 0., 0., 0., 0., 0., 0., 0., 0., 1., 0., 0., 1.]), tensor([0., 0., 0., 0., 0., 0., 0., 0., 0., 0., 1., 0., 0., 0., 0., 0., 0., 0.,
        0., 0., 0., 0., 1., 0., 0., 0., 0., 0., 0., 0., 0., 0.]), tensor([0., 1., 1., 0., 1., 1., 0., 0., 0., 0., 1., 0., 1., 0., 1., 1., 1., 1.,
        1., 0., 1., 1., 1., 1., 0., 0., 0., 1., 0., 1., 0., 0.]), tensor([1., 1., 0., 1., 1., 1., 1., 0., 1., 1., 0., 0., 1., 1., 1., 1., 1., 0.,
        1., 1., 1., 1., 0., 1., 0., 0., 0., 1., 0., 0., 1., 1.]), tensor([1., 0., 1., 0., 0., 0., 1., 0., 0., 1., 0., 0., 1., 0., 0., 1., 0., 0.,
        1., 0., 1., 1., 0., 0., 0., 0., 0., 1., 0., 1., 1., 0.]), tensor([1., 0., 0., 0., 0., 0., 0., 0., 0., 0., 0., 0., 1., 0., 0., 0., 0., 0.,
        1., 0., 0., 1., 0., 0., 1., 0., 0., 1., 0., 0., 1., 0.]), tensor([0., 0., 1., 0., 0., 1., 0., 0., 1., 0., 0., 1., 0., 0., 0., 0., 0., 1.,
        0., 0., 1., 0., 0., 1., 0., 0., 1., 0., 0., 1., 0., 0.]), tensor([1., 0., 0., 1., 1., 0., 1., 0., 0., 1., 0., 0., 1., 1., 0., 1., 0., 1.,
        0., 0., 0., 0., 0., 0., 1., 0., 0., 1., 1., 0., 1., 1.]), tensor([1., 0., 0., 1., 0., 0., 1., 0., 0., 1., 0., 1., 0., 0., 0., 1., 0., 0.,
        1., 0., 0., 1., 0., 1., 1., 0., 1., 1., 0., 0., 1., 0.]), tensor([0., 0., 0., 0., 0., 1., 0., 0., 1., 0., 0., 1., 0., 0., 1., 1., 0., 1.,
        0., 0., 1., 1., 0., 1., 0., 0., 0., 0., 0., 1., 1., 0.]), tensor([0., 0., 0., 0., 0., 1., 0., 0., 1., 0., 0., 1., 0., 0., 1., 1., 0., 1.,
        0., 0., 1., 1., 0., 1., 0., 0., 0., 0., 0., 1., 1., 0.]), tensor([1., 0., 0., 0., 0., 0., 0., 0., 0., 0., 0., 0., 0., 0., 0., 1., 0., 0.,
        0., 0., 0., 0., 0., 0., 1., 0., 0., 1., 0., 0., 0., 0.]), tensor([0., 0., 0., 1., 0., 0., 1., 0., 0., 1., 0., 0., 1., 0., 0., 1., 0., 0.,
        1., 0., 0., 1., 0., 0., 0., 0., 0., 0., 0., 0., 0., 0.]), tensor([1., 0., 0., 0., 0., 0., 0., 0., 0., 0., 0., 0., 0., 0., 0., 0., 0., 0.,
        0., 0., 0., 0., 0., 0., 0., 0., 0., 0., 0., 0., 0., 0.]), tensor([0., 1., 0., 1., 0., 0., 1., 1., 0., 0., 0., 0., 1., 0., 0., 0., 1., 0.,
        0., 1., 0., 0., 0., 0., 0., 0., 0., 0., 1., 0., 0., 1.]), tensor([1., 0., 0., 0., 0., 0., 0., 1., 0., 0., 1., 0., 0., 0., 0., 0., 0., 0.,
        0., 0., 0., 0., 1., 0., 0., 0., 0., 0., 1., 0., 0., 1.]), tensor([0., 0., 0., 0., 1., 0., 0., 0., 0., 0., 0., 0., 0., 1., 0., 0., 0., 0.,
        0., 1., 0., 0., 0., 0., 0., 0., 0., 0., 0., 0., 0., 1.]), tensor([0., 1., 0., 0., 0., 0., 0., 0., 0., 0., 1., 0., 1., 0., 0., 0., 1., 0.,
        0., 0., 0., 0., 1., 0., 0., 1., 1., 0., 0., 1., 0., 0.]), tensor([0., 0., 0., 0., 0., 1., 0., 0., 1., 0., 0., 0., 0., 0., 1., 0., 0., 0.,
        0., 0., 0., 0., 0., 0., 0., 0., 0., 1., 0., 0., 0., 0.]), tensor([0., 0., 1., 0., 0., 1., 0., 0., 1., 0., 0., 1., 0., 0., 1., 0., 0., 1.,
        0., 0., 1., 0., 0., 1., 0., 0., 1., 0., 0., 1., 0., 0.]), tensor([1., 0., 0., 1., 0., 0., 1., 0., 0., 1., 0., 0., 1., 0., 0., 1., 0., 0.,
        1., 0., 0., 1., 0., 0., 1., 0., 0., 1., 0., 0., 1., 0.]), tensor([0., 1., 0., 0., 1., 0., 0., 1., 0., 0., 1., 0., 0., 1., 0., 0., 1., 0.,
        0., 1., 0., 0., 1., 0., 0., 1., 0., 0., 1., 0., 0., 1.])]
[tensor([0., 0., 0., 0., 1., 0., 0., 1., 0., 0., 0., 0., 0., 0., 0., 0., 1., 0.,
        0., 0., 0., 0., 0., 0., 0., 1., 0., 0., 1., 0., 0., 1.]), tensor([0., 1., 0., 0., 1., 0., 0., 1., 0., 0., 0., 0., 0., 1., 0., 0., 0., 0.,
        0., 1., 0., 0., 1., 0., 0., 0., 0., 0., 1., 0., 0., 1.]), tensor([0., 0., 0., 0., 1., 0., 0., 0., 0., 0., 1., 0., 0., 0., 0., 0., 0., 0.,
        0., 0., 0., 0., 0., 0., 0., 1., 0., 0., 0., 0., 0., 1.]), tensor([0., 1., 0., 0., 1., 0., 0., 0., 0., 0., 1., 0., 0., 1., 0., 0., 1., 0.,
        0., 1., 0., 0., 1., 0., 0., 0., 0., 0., 1., 0., 0., 1.]), tensor([0., 1., 0., 0., 0., 0., 0., 1., 0., 0., 1., 0., 0., 0., 0., 0., 0., 0.,
        0., 0., 0., 0., 0., 0., 0., 0., 0., 0., 0., 0., 0., 1.]), tensor([0., 0., 0., 0., 0., 0., 0., 0., 0., 1., 0., 0., 1., 0., 0., 0., 0., 0.,
        1., 0., 0., 1., 0., 0., 0., 0., 0., 0., 0., 0., 1., 0.]), tensor([1., 0., 0., 1., 0., 0., 1., 0., 0., 1., 0., 0., 1., 0., 0., 1., 0., 0.,
        0., 0., 0., 1., 0., 0., 1., 0., 0., 1., 0., 0., 1., 0.]), tensor([0., 0., 0., 0., 0., 0., 1., 0., 0., 0., 0., 0., 0., 0., 0., 0., 0., 0.,
        0., 0., 0., 0., 0., 0., 1., 0., 0., 1., 0., 0., 1., 0.]), tensor([0., 0., 0., 0., 0., 1., 0., 0., 0., 0., 0., 0., 0., 0., 0., 0., 0., 0.,
        0., 0., 0., 0., 0., 1., 0., 0., 0., 0., 0., 0., 0., 0.]), tensor([0., 0., 1., 0., 0., 0., 0., 0., 1., 0., 0., 0., 0., 0., 0., 0., 0., 1.,
        0., 0., 1., 0., 0., 0., 0., 0., 0., 0., 0., 1., 0., 0.]), tensor([0., 0., 1., 0., 0., 0., 0., 0., 1., 0., 0., 1., 0., 0., 1., 0., 0., 0.,
        0., 0., 0., 0., 0., 1., 0., 0., 1., 0., 0., 0., 0., 0.]), tensor([0., 0., 1., 0., 0., 0., 0., 0., 1., 0., 0., 0., 0., 0., 0., 0., 0., 1.,
        0., 0., 1., 0., 0., 0., 0., 0., 1., 0., 0., 1., 0., 0.]), tensor([1., 1., 1., 1., 0., 1., 1., 0., 1., 0., 1., 1., 0., 0., 1., 0., 1., 1.,
        0., 1., 1., 1., 0., 0., 1., 1., 0., 1., 1., 0., 0., 1.]), tensor([0., 1., 1., 1., 1., 0., 1., 1., 0., 0., 0., 1., 1., 1., 1., 1., 1., 1.,
        1., 0., 0., 1., 1., 0., 1., 0., 1., 1., 1., 1., 1., 1.]), tensor([0., 1., 0., 0., 0., 1., 1., 1., 0., 0., 1., 0., 1., 0., 1., 1., 0., 0.,
        0., 1., 0., 0., 0., 0., 0., 0., 1., 1., 0., 0., 1., 1.]), tensor([0., 1., 0., 0., 1., 0., 0., 0., 0., 0., 1., 0., 0., 1., 0., 0., 1., 0.,
        0., 1., 0., 0., 1., 0., 0., 0., 0., 0., 1., 0., 0., 1.]), tensor([0., 0., 0., 0., 0., 0., 0., 0., 0., 1., 0., 0., 1., 0., 0., 0., 0., 0.,
        1., 0., 0., 1., 0., 0., 0., 0., 0., 0., 0., 0., 1., 0.]), tensor([0., 0., 0., 0., 1., 0., 0., 1., 0., 0., 1., 0., 1., 0., 0., 0., 0., 0.,
        1., 1., 0., 0., 0., 0., 0., 1., 0., 0., 1., 0., 0., 1.]), tensor([1., 1., 0., 1., 0., 0., 0., 1., 0., 1., 1., 0., 0., 0., 0., 0., 1., 0.,
        0., 0., 0., 0., 0., 0., 0., 1., 0., 0., 1., 0., 0., 1.]), tensor([1., 0., 0., 1., 0., 0., 1., 0., 0., 1., 0., 0., 1., 0., 0., 1., 0., 0.,
        0., 0., 0., 1., 0., 0., 1., 0., 0., 1., 0., 0., 1., 0.]), tensor([1., 0., 0., 1., 0., 0., 1., 0., 0., 1., 0., 0., 1., 0., 0., 1., 0., 0.,
        0., 0., 0., 1., 0., 0., 1., 0., 0., 1., 0., 0., 1., 0.]), tensor([0., 0., 0., 0., 1., 0., 0., 1., 0., 0., 0., 0., 0., 0., 0., 0., 0., 0.,
        0., 0., 0., 0., 0., 0., 0., 1., 0., 0., 1., 0., 0., 1.]), tensor([0., 1., 0., 0., 1., 0., 0., 1., 0., 0., 0., 0., 0., 1., 0., 0., 0., 0.,
        0., 1., 0., 0., 1., 0., 0., 0., 0., 0., 1., 0., 0., 1.]), tensor([0., 0., 0., 0., 0., 0., 0., 1., 0., 0., 0., 0., 0., 0., 0., 0., 1., 0.,
        0., 0., 0., 0., 0., 0., 0., 0., 0., 0., 0., 0., 0., 0.]), tensor([0., 1., 1., 0., 1., 1., 0., 0., 1., 0., 0., 1., 0., 1., 1., 0., 0., 0.,
        0., 0., 0., 0., 1., 1., 0., 1., 1., 0., 0., 0., 0., 1.]), tensor([0., 0., 1., 0., 0., 0., 0., 0., 1., 0., 0., 1., 0., 0., 1., 0., 0., 1.,
        0., 0., 1., 0., 0., 1., 0., 0., 1., 0., 0., 1., 0., 0.]), tensor([0., 0., 0., 0., 0., 1., 0., 0., 0., 0., 0., 0., 0., 0., 0., 0., 0., 0.,
        0., 0., 0., 0., 0., 1., 0., 0., 0., 0., 0., 0., 0., 0.]), tensor([0., 1., 1., 1., 0., 0., 0., 0., 1., 1., 1., 0., 0., 0., 0., 0., 0., 1.,
        0., 0., 1., 0., 0., 0., 0., 1., 1., 0., 0., 1., 0., 1.]), tensor([0., 0., 0., 0., 1., 0., 1., 0., 0., 0., 0., 0., 0., 1., 0., 0., 1., 0.,
        0., 0., 0., 0., 1., 0., 1., 0., 0., 1., 0., 0., 1., 0.]), tensor([1., 0., 0., 1., 0., 0., 1., 0., 0., 1., 0., 0., 1., 0., 0., 1., 0., 0.,
        1., 0., 0., 1., 0., 0., 1., 0., 0., 1., 0., 0., 1., 0.]), tensor([0., 1., 0., 0., 1., 0., 0., 1., 0., 0., 1., 0., 0., 1., 0., 0., 1., 0.,
        0., 1., 0., 0., 1., 0., 0., 1., 0., 0., 1., 0., 0., 1.]), tensor([0., 0., 1., 0., 0., 1., 0., 0., 1., 0., 0., 1., 0., 0., 1., 0., 0., 1.,
        0., 0., 1., 0., 0., 1., 0., 0., 1., 0., 0., 1., 0., 0.])]
[tensor([0., 0., 1., 0., 0., 1., 0., 0., 0., 0., 0., 1., 0., 0., 0., 0., 0., 1.,
        0., 0., 1., 0., 0., 1., 0., 0., 1., 0., 0., 1., 0., 0.]), tensor([0., 0., 1., 0., 0., 1., 0., 0., 0., 0., 0., 1., 0., 0., 0., 0., 0., 1.,
        0., 0., 1., 0., 0., 0., 0., 0., 1., 0., 0., 1., 0., 0.]), tensor([0., 0., 0., 0., 0., 0., 0., 0., 1., 0., 0., 0., 0., 0., 1., 0., 0., 0.,
        0., 0., 1., 0., 0., 0., 0., 0., 0., 0., 0., 1., 0., 0.]), tensor([0., 0., 1., 0., 0., 1., 0., 0., 0., 0., 0., 1., 0., 0., 1., 0., 0., 0.,
        0., 0., 1., 0., 0., 1., 0., 0., 1., 0., 0., 1., 0., 0.]), tensor([0., 0., 0., 0., 0., 1., 0., 0., 1., 0., 0., 1., 0., 0., 1., 0., 0., 0.,
        0., 0., 1., 0., 0., 0., 0., 0., 0., 0., 0., 0., 0., 0.]), tensor([0., 1., 0., 0., 1., 0., 0., 1., 0., 0., 1., 0., 0., 0., 0., 0., 1., 0.,
        0., 1., 0., 0., 1., 0., 0., 1., 0., 0., 1., 0., 0., 1.]), tensor([0., 1., 0., 0., 1., 0., 0., 0., 0., 0., 0., 0., 0., 1., 0., 0., 1., 0.,
        0., 1., 0., 0., 1., 0., 0., 1., 0., 0., 1., 0., 0., 0.]), tensor([0., 0., 0., 0., 1., 0., 0., 0., 0., 0., 0., 0., 0., 0., 0., 0., 0., 0.,
        0., 0., 0., 0., 0., 0., 0., 0., 0., 0., 0., 0., 0., 0.]), tensor([1., 0., 0., 0., 0., 0., 0., 0., 0., 0., 0., 0., 0., 0., 0., 0., 0., 0.,
        1., 0., 0., 0., 0., 0., 0., 0., 0., 0., 0., 0., 0., 0.]), tensor([0., 0., 0., 0., 0., 0., 1., 0., 0., 1., 0., 0., 0., 0., 0., 0., 0., 0.,
        0., 0., 0., 0., 0., 0., 1., 0., 0., 1., 0., 0., 0., 0.]), tensor([1., 0., 0., 1., 0., 0., 0., 0., 0., 0., 0., 0., 1., 0., 0., 0., 0., 0.,
        1., 0., 0., 1., 0., 0., 1., 0., 0., 1., 0., 0., 1., 0.]), tensor([0., 0., 0., 1., 0., 0., 0., 0., 0., 0., 0., 0., 0., 0., 0., 1., 0., 0.,
        0., 0., 0., 0., 0., 0., 1., 0., 0., 1., 0., 0., 0., 0.]), tensor([1., 1., 1., 1., 0., 0., 1., 1., 1., 1., 1., 1., 1., 1., 1., 1., 0., 1.,
        0., 0., 1., 1., 1., 0., 0., 1., 1., 0., 0., 0., 0., 1.]), tensor([0., 1., 1., 0., 1., 1., 1., 1., 1., 1., 1., 0., 1., 1., 1., 1., 1., 0.,
        1., 1., 1., 1., 0., 1., 1., 0., 1., 1., 1., 1., 1., 0.]), tensor([0., 1., 1., 1., 1., 1., 0., 0., 1., 0., 0., 1., 0., 0., 1., 1., 0., 0.,
        0., 0., 1., 0., 0., 0., 0., 1., 1., 0., 1., 0., 1., 0.]), tensor([0., 0., 1., 0., 0., 1., 0., 0., 0., 0., 0., 1., 0., 0., 1., 0., 0., 0.,
        0., 0., 1., 0., 0., 1., 0., 0., 1., 0., 0., 1., 0., 0.]), tensor([0., 1., 0., 0., 1., 0., 0., 1., 0., 0., 1., 0., 0., 0., 0., 0., 1., 0.,
        0., 1., 0., 0., 1., 0., 0., 1., 0., 0., 1., 0., 0., 1.]), tensor([0., 0., 0., 0., 0., 0., 0., 1., 1., 0., 1., 0., 0., 0., 1., 0., 1., 0.,
        1., 0., 1., 0., 0., 0., 0., 0., 0., 0., 0., 1., 0., 0.]), tensor([0., 0., 0., 0., 0., 1., 0., 0., 1., 0., 0., 1., 0., 0., 1., 0., 0., 0.,
        0., 0., 1., 0., 1., 0., 0., 0., 0., 0., 0., 1., 0., 0.]), tensor([0., 1., 0., 0., 1., 0., 0., 0., 0., 0., 0., 0., 0., 1., 0., 0., 1., 0.,
        0., 1., 1., 0., 1., 0., 0., 1., 0., 0., 1., 0., 0., 0.]), tensor([0., 1., 0., 0., 1., 0., 0., 0., 0., 0., 0., 0., 0., 1., 0., 0., 1., 0.,
        0., 1., 0., 0., 1., 0., 0., 1., 0., 0., 1., 0., 0., 0.]), tensor([0., 0., 1., 0., 0., 0., 0., 0., 0., 0., 0., 1., 0., 0., 0., 0., 0., 1.,
        0., 0., 0., 0., 0., 1., 0., 0., 1., 0., 0., 1., 0., 0.]), tensor([0., 0., 1., 0., 0., 1., 0., 0., 0., 0., 0., 1., 0., 0., 0., 0., 0., 1.,
        0., 0., 1., 0., 0., 0., 0., 0., 1., 0., 0., 1., 0., 0.]), tensor([0., 0., 0., 0., 0., 1., 0., 0., 0., 0., 0., 0., 0., 0., 0., 0., 0., 0.,
        0., 0., 1., 0., 0., 1., 0., 0., 1., 0., 0., 0., 0., 0.]), tensor([1., 0., 0., 1., 0., 0., 0., 0., 0., 1., 0., 1., 1., 0., 0., 0., 0., 1.,
        1., 0., 0., 1., 0., 0., 1., 0., 0., 1., 0., 0., 1., 0.]), tensor([1., 0., 0., 1., 0., 0., 0., 0., 0., 0., 0., 0., 1., 0., 1., 1., 0., 0.,
        1., 0., 0., 1., 0., 0., 1., 0., 1., 1., 0., 0., 1., 0.]), tensor([1., 0., 0., 0., 0., 0., 0., 0., 0., 0., 0., 0., 0., 0., 0., 0., 0., 0.,
        1., 0., 0., 0., 0., 0., 0., 0., 0., 0., 0., 0., 0., 0.]), tensor([0., 0., 0., 1., 0., 1., 1., 0., 1., 1., 0., 0., 0., 0., 0., 1., 0., 0.,
        0., 0., 1., 0., 1., 0., 1., 0., 0., 1., 1., 0., 0., 0.]), tensor([0., 0., 0., 0., 1., 0., 0., 0., 0., 0., 0., 0., 0., 0., 1., 0., 0., 1.,
        0., 0., 0., 0., 0., 1., 0., 0., 1., 0., 0., 1., 1., 1.]), tensor([0., 1., 0., 0., 1., 0., 0., 1., 0., 0., 1., 0., 0., 1., 0., 0., 1., 0.,
        0., 1., 0., 0., 1., 0., 0., 1., 0., 0., 1., 0., 0., 1.]), tensor([0., 0., 1., 0., 0., 1., 0., 0., 1., 0., 0., 1., 0., 0., 1., 0., 0., 1.,
        0., 0., 1., 0., 0., 1., 0., 0., 1., 0., 0., 1., 0., 0.]), tensor([1., 0., 0., 1., 0., 0., 1., 0., 0., 1., 0., 0., 1., 0., 0., 1., 0., 0.,
        1., 0., 0., 1., 0., 0., 1., 0., 0., 1., 0., 0., 1., 0.])]
[tensor([1., 0., 0., 0., 0., 0., 0., 0., 0., 1., 0., 0., 0., 0., 0., 0., 0., 0.,
        1., 0., 0., 1., 0., 0., 0., 0., 0., 1., 0., 0., 0., 0.]), tensor([1., 0., 0., 0., 0., 0., 0., 0., 0., 0., 0., 0., 1., 0., 0., 1., 0., 0.,
        1., 0., 0., 0., 0., 0., 1., 0., 0., 0., 0., 0., 0., 0.]), tensor([0., 0., 0., 0., 0., 0., 0., 0., 0., 1., 0., 0., 0., 0., 0., 0., 0., 0.,
        0., 0., 0., 0., 0., 0., 0., 0., 0., 0., 0., 0., 1., 0.]), tensor([1., 0., 0., 1., 0., 0., 1., 0., 0., 1., 0., 0., 1., 0., 0., 1., 0., 0.,
        1., 0., 0., 1., 0., 0., 1., 0., 0., 0., 0., 0., 1., 0.]), tensor([0., 0., 0., 1., 0., 0., 0., 0., 0., 0., 0., 0., 1., 0., 0., 0., 0., 0.,
        1., 0., 0., 0., 0., 0., 0., 0., 0., 1., 0., 0., 0., 0.]), tensor([0., 0., 1., 0., 0., 1., 0., 0., 0., 0., 0., 1., 0., 0., 1., 0., 0., 1.,
        0., 0., 0., 0., 0., 0., 0., 0., 0., 0., 0., 1., 0., 0.]), tensor([0., 0., 0., 0., 0., 1., 0., 0., 1., 0., 0., 1., 0., 0., 1., 0., 0., 1.,
        0., 0., 1., 0., 0., 1., 0., 0., 1., 0., 0., 1., 0., 0.]), tensor([0., 0., 0., 0., 0., 0., 0., 0., 0., 0., 0., 0., 0., 0., 0., 0., 0., 1.,
        0., 0., 0., 0., 0., 1., 0., 0., 1., 0., 0., 0., 0., 0.]), tensor([0., 1., 0., 0., 1., 0., 0., 0., 0., 0., 0., 0., 0., 0., 0., 0., 1., 0.,
        0., 0., 0., 0., 0., 0., 0., 1., 0., 0., 0., 0., 0., 0.]), tensor([0., 0., 0., 0., 0., 0., 0., 1., 0., 0., 0., 0., 0., 1., 0., 0., 0., 0.,
        0., 0., 0., 0., 1., 0., 0., 0., 0., 0., 1., 0., 0., 1.]), tensor([0., 1., 0., 0., 1., 0., 0., 0., 0., 0., 0., 0., 0., 0., 0., 0., 1., 0.,
        0., 1., 0., 0., 1., 0., 0., 0., 0., 0., 0., 0., 0., 0.]), tensor([0., 0., 0., 0., 0., 0., 0., 1., 0., 0., 1., 0., 0., 0., 0., 0., 0., 0.,
        0., 0., 0., 0., 1., 0., 0., 0., 0., 0., 0., 0., 0., 1.]), tensor([1., 1., 1., 1., 1., 1., 1., 1., 1., 1., 1., 1., 1., 1., 0., 0., 0., 1.,
        1., 1., 1., 1., 0., 1., 0., 0., 1., 1., 1., 0., 0., 0.]), tensor([1., 0., 1., 0., 1., 1., 0., 0., 0., 1., 1., 0., 1., 1., 1., 1., 1., 1.,
        0., 1., 1., 1., 0., 0., 1., 1., 1., 1., 0., 1., 1., 0.]), tensor([0., 1., 1., 1., 1., 1., 1., 0., 0., 1., 1., 0., 1., 0., 0., 1., 0., 1.,
        1., 0., 0., 0., 0., 1., 0., 0., 0., 1., 0., 0., 0., 0.]), tensor([1., 0., 0., 1., 0., 0., 1., 0., 0., 1., 0., 0., 1., 0., 0., 1., 0., 0.,
        1., 0., 0., 1., 0., 0., 1., 0., 0., 0., 0., 0., 1., 0.]), tensor([0., 0., 1., 0., 0., 1., 0., 0., 0., 0., 0., 1., 0., 0., 1., 0., 0., 1.,
        0., 0., 0., 0., 0., 0., 0., 0., 0., 0., 0., 1., 0., 0.]), tensor([0., 0., 1., 1., 0., 0., 0., 0., 1., 1., 0., 0., 1., 0., 0., 0., 0., 0.,
        1., 0., 1., 0., 0., 0., 1., 1., 0., 0., 0., 1., 1., 0.]), tensor([1., 0., 0., 1., 0., 0., 0., 0., 0., 0., 0., 1., 1., 0., 1., 0., 0., 0.,
        1., 0., 0., 1., 0., 0., 1., 0., 0., 1., 0., 1., 1., 0.]), tensor([0., 0., 0., 1., 0., 1., 0., 0., 1., 0., 0., 1., 0., 0., 1., 0., 0., 1.,
        1., 0., 1., 0., 0., 1., 0., 0., 1., 0., 0., 1., 0., 0.]), tensor([0., 0., 0., 1., 0., 1., 0., 0., 1., 0., 0., 1., 0., 0., 1., 0., 0., 1.,
        0., 0., 1., 0., 0., 1., 0., 0., 1., 0., 0., 1., 0., 0.]), tensor([1., 0., 0., 0., 0., 0., 0., 0., 0., 1., 0., 0., 0., 0., 0., 0., 0., 0.,
        1., 0., 0., 1., 0., 0., 0., 0., 0., 1., 0., 0., 0., 0.]), tensor([1., 0., 0., 0., 0., 0., 0., 0., 0., 0., 0., 0., 1., 0., 0., 1., 0., 0.,
        1., 0., 0., 0., 0., 0., 1., 0., 0., 0., 0., 0., 0., 0.]), tensor([0., 0., 0., 0., 0., 0., 0., 0., 0., 0., 0., 0., 0., 0., 0., 0., 0., 0.,
        1., 0., 0., 0., 0., 0., 0., 0., 0., 0., 0., 0., 0., 0.]), tensor([1., 1., 0., 0., 1., 0., 0., 0., 0., 0., 0., 0., 0., 0., 0., 1., 1., 0.,
        0., 1., 0., 1., 1., 0., 0., 1., 0., 1., 0., 0., 0., 0.]), tensor([0., 1., 0., 0., 1., 0., 0., 1., 0., 0., 1., 0., 0., 0., 0., 0., 1., 0.,
        0., 1., 0., 0., 1., 0., 0., 0., 0., 0., 0., 0., 0., 1.]), tensor([0., 1., 0., 0., 1., 0., 0., 0., 0., 0., 0., 0., 0., 0., 0., 0., 1., 0.,
        0., 0., 0., 0., 0., 0., 0., 1., 0., 0., 0., 0., 0., 0.]), tensor([0., 0., 0., 0., 0., 0., 1., 1., 0., 0., 1., 0., 0., 1., 1., 0., 0., 0.,
        0., 0., 0., 1., 1., 0., 0., 0., 0., 0., 1., 0., 1., 1.]), tensor([1., 0., 0., 0., 0., 0., 0., 0., 0., 1., 0., 0., 0., 0., 0., 0., 0., 1.,
        0., 1., 0., 0., 0., 1., 0., 0., 1., 0., 0., 0., 0., 0.]), tensor([0., 0., 1., 0., 0., 1., 0., 0., 1., 0., 0., 1., 0., 0., 1., 0., 0., 1.,
        0., 0., 1., 0., 0., 1., 0., 0., 1., 0., 0., 1., 0., 0.]), tensor([1., 0., 0., 1., 0., 0., 1., 0., 0., 1., 0., 0., 1., 0., 0., 1., 0., 0.,
        1., 0., 0., 1., 0., 0., 1., 0., 0., 1., 0., 0., 1., 0.]), tensor([0., 1., 0., 0., 1., 0., 0., 1., 0., 0., 1., 0., 0., 1., 0., 0., 1., 0.,
        0., 1., 0., 0., 1., 0., 0., 1., 0., 0., 1., 0., 0., 1.])]
[tensor([0., 0., 0., 0., 1., 0., 0., 1., 0., 0., 1., 0., 0., 0., 0., 0., 1., 0.,
        0., 1., 0., 0., 0., 0., 0., 1., 0., 0., 1., 0., 0., 1.]), tensor([0., 1., 0., 0., 0., 0., 0., 0., 0., 0., 0., 0., 0., 1., 0., 0., 1., 0.,
        0., 0., 0., 0., 1., 0., 0., 0., 0., 0., 0., 0., 0., 1.]), tensor([0., 0., 0., 0., 1., 0., 0., 1., 0., 0., 1., 0., 0., 0., 0., 0., 0., 0.,
        0., 0., 0., 0., 0., 0., 0., 0., 0., 0., 0., 0., 0., 0.]), tensor([0., 1., 0., 0., 1., 0., 0., 1., 0., 0., 1., 0., 0., 1., 0., 0., 0., 0.,
        0., 0., 0., 0., 1., 0., 0., 1., 0., 0., 0., 0., 0., 1.]), tensor([0., 0., 0., 0., 1., 0., 0., 1., 0., 0., 0., 0., 0., 1., 0., 0., 0., 0.,
        0., 1., 0., 0., 1., 0., 0., 1., 0., 0., 1., 0., 0., 1.]), tensor([1., 0., 0., 0., 0., 0., 1., 0., 0., 0., 0., 0., 0., 0., 0., 1., 0., 0.,
        0., 0., 0., 0., 0., 0., 0., 0., 0., 1., 0., 0., 1., 0.]), tensor([1., 0., 0., 1., 0., 0., 1., 0., 0., 1., 0., 0., 1., 0., 0., 1., 0., 0.,
        1., 0., 0., 1., 0., 0., 1., 0., 0., 1., 0., 0., 1., 0.]), tensor([1., 0., 0., 1., 0., 0., 0., 0., 0., 0., 0., 0., 0., 0., 0., 1., 0., 0.,
        1., 0., 0., 1., 0., 0., 0., 0., 0., 0., 0., 0., 1., 0.]), tensor([0., 0., 1., 0., 0., 0., 0., 0., 1., 0., 0., 0., 0., 0., 0., 0., 0., 1.,
        0., 0., 0., 0., 0., 0., 0., 0., 1., 0., 0., 0., 0., 0.]), tensor([0., 0., 0., 0., 0., 1., 0., 0., 0., 0., 0., 1., 0., 0., 1., 0., 0., 0.,
        0., 0., 0., 0., 0., 1., 0., 0., 0., 0., 0., 0., 0., 0.]), tensor([0., 0., 1., 0., 0., 0., 0., 0., 0., 0., 0., 1., 0., 0., 0., 0., 0., 0.,
        0., 0., 1., 0., 0., 1., 0., 0., 1., 0., 0., 1., 0., 0.]), tensor([0., 0., 0., 0., 0., 1., 0., 0., 0., 0., 0., 1., 0., 0., 0., 0., 0., 0.,
        0., 0., 0., 0., 0., 1., 0., 0., 0., 0., 0., 0., 0., 0.]), tensor([0., 1., 0., 0., 1., 1., 1., 1., 1., 1., 1., 0., 1., 1., 1., 1., 1., 1.,
        0., 0., 0., 0., 1., 1., 1., 1., 1., 0., 1., 1., 1., 1.]), tensor([0., 0., 0., 0., 1., 0., 0., 1., 1., 1., 0., 0., 1., 1., 1., 1., 1., 1.,
        1., 1., 1., 1., 0., 1., 0., 0., 1., 1., 0., 1., 1., 1.]), tensor([0., 0., 0., 0., 1., 0., 0., 1., 1., 1., 0., 0., 0., 1., 0., 0., 1., 0.,
        0., 1., 0., 0., 1., 0., 0., 1., 1., 0., 1., 0., 0., 1.]), tensor([0., 1., 0., 0., 1., 0., 0., 1., 0., 0., 1., 0., 0., 1., 0., 0., 0., 0.,
        0., 0., 0., 0., 1., 0., 0., 1., 0., 0., 0., 0., 0., 1.]), tensor([1., 0., 0., 0., 0., 0., 1., 0., 0., 0., 0., 0., 0., 0., 0., 1., 0., 0.,
        0., 0., 0., 0., 0., 0., 0., 0., 0., 1., 0., 0., 1., 0.]), tensor([0., 1., 0., 0., 1., 0., 0., 1., 1., 0., 1., 0., 0., 0., 0., 0., 0., 1.,
        0., 0., 0., 0., 1., 0., 0., 0., 0., 0., 0., 0., 0., 0.]), tensor([1., 1., 0., 0., 1., 0., 0., 1., 0., 0., 1., 0., 0., 1., 0., 0., 0., 0.,
        1., 1., 0., 0., 1., 0., 1., 1., 0., 0., 1., 0., 0., 1.]), tensor([1., 0., 0., 1., 0., 0., 1., 1., 0., 1., 0., 0., 1., 1., 0., 1., 0., 0.,
        1., 0., 0., 1., 1., 0., 1., 0., 0., 1., 0., 0., 1., 0.]), tensor([1., 0., 0., 1., 0., 0., 1., 0., 0., 1., 0., 0., 1., 1., 0., 1., 0., 0.,
        1., 0., 0., 1., 1., 0., 1., 0., 0., 1., 0., 0., 1., 0.]), tensor([0., 0., 0., 0., 1., 0., 0., 1., 0., 0., 0., 0., 0., 0., 0., 0., 1., 0.,
        0., 0., 0., 0., 0., 0., 0., 1., 0., 0., 1., 0., 0., 1.]), tensor([0., 1., 0., 0., 0., 0., 0., 0., 0., 0., 0., 0., 0., 1., 0., 0., 1., 0.,
        0., 0., 0., 0., 1., 0., 0., 0., 0., 0., 0., 0., 0., 1.]), tensor([0., 0., 0., 0., 0., 0., 0., 1., 0., 0., 1., 0., 0., 0., 0., 0., 0., 0.,
        0., 1., 0., 0., 0., 0., 0., 1., 0., 0., 1., 0., 0., 1.]), tensor([0., 0., 1., 0., 0., 0., 0., 0., 1., 0., 0., 1., 0., 0., 1., 0., 1., 1.,
        0., 0., 1., 0., 0., 1., 0., 0., 1., 0., 0., 1., 0., 0.]), tensor([0., 0., 1., 0., 0., 1., 0., 0., 0., 0., 0., 1., 0., 0., 0., 0., 0., 0.,
        0., 0., 1., 0., 1., 1., 0., 0., 1., 0., 0., 1., 0., 1.]), tensor([0., 0., 1., 0., 0., 0., 0., 0., 1., 0., 0., 0., 0., 0., 0., 0., 0., 1.,
        0., 0., 0., 0., 0., 0., 0., 0., 1., 0., 0., 0., 0., 0.]), tensor([0., 0., 0., 0., 1., 1., 0., 1., 0., 1., 1., 1., 0., 1., 1., 0., 0., 0.,
        0., 0., 0., 0., 0., 1., 0., 0., 0., 0., 0., 0., 0., 0.]), tensor([1., 0., 0., 1., 0., 0., 0., 0., 0., 0., 0., 0., 0., 0., 0., 1., 0., 0.,
        1., 0., 0., 1., 0., 0., 0., 0., 0., 0., 0., 1., 1., 0.]), tensor([1., 0., 0., 1., 0., 0., 1., 0., 0., 1., 0., 0., 1., 0., 0., 1., 0., 0.,
        1., 0., 0., 1., 0., 0., 1., 0., 0., 1., 0., 0., 1., 0.]), tensor([0., 1., 0., 0., 1., 0., 0., 1., 0., 0., 1., 0., 0., 1., 0., 0., 1., 0.,
        0., 1., 0., 0., 1., 0., 0., 1., 0., 0., 1., 0., 0., 1.]), tensor([0., 0., 1., 0., 0., 1., 0., 0., 1., 0., 0., 1., 0., 0., 1., 0., 0., 1.,
        0., 0., 1., 0., 0., 1., 0., 0., 1., 0., 0., 1., 0., 0.])]
[tensor([0., 0., 0., 0., 0., 1., 0., 0., 1., 0., 0., 1., 0., 0., 1., 0., 0., 1.,
        0., 0., 1., 0., 0., 1., 0., 0., 1., 0., 0., 0., 0., 0.]), tensor([0., 0., 0., 0., 0., 1., 0., 0., 1., 0., 0., 1., 0., 0., 0., 0., 0., 1.,
        0., 0., 1., 0., 0., 0., 0., 0., 1., 0., 0., 1., 0., 0.]), tensor([0., 0., 1., 0., 0., 0., 0., 0., 0., 0., 0., 0., 0., 0., 0., 0., 0., 1.,
        0., 0., 0., 0., 0., 1., 0., 0., 0., 0., 0., 1., 0., 0.]), tensor([0., 0., 1., 0., 0., 0., 0., 0., 0., 0., 0., 1., 0., 0., 1., 0., 0., 1.,
        0., 0., 1., 0., 0., 1., 0., 0., 0., 0., 0., 1., 0., 0.]), tensor([0., 0., 1., 0., 0., 0., 0., 0., 0., 0., 0., 1., 0., 0., 1., 0., 0., 0.,
        0., 0., 1., 0., 0., 1., 0., 0., 1., 0., 0., 1., 0., 0.]), tensor([0., 0., 0., 0., 1., 0., 0., 1., 0., 0., 1., 0., 0., 1., 0., 0., 1., 0.,
        0., 0., 0., 0., 0., 0., 0., 1., 0., 0., 0., 0., 0., 1.]), tensor([0., 1., 0., 0., 1., 0., 0., 1., 0., 0., 1., 0., 0., 1., 0., 0., 1., 0.,
        0., 1., 0., 0., 1., 0., 0., 0., 0., 0., 1., 0., 0., 0.]), tensor([0., 1., 0., 0., 0., 0., 0., 1., 0., 0., 1., 0., 0., 0., 0., 0., 0., 0.,
        0., 1., 0., 0., 1., 0., 0., 0., 0., 0., 1., 0., 0., 0.]), tensor([0., 0., 0., 0., 0., 0., 0., 0., 0., 0., 0., 0., 0., 0., 0., 0., 0., 0.,
        1., 0., 0., 0., 0., 0., 0., 0., 0., 0., 0., 0., 0., 0.]), tensor([0., 0., 0., 1., 0., 0., 1., 0., 0., 1., 0., 0., 1., 0., 0., 1., 0., 0.,
        0., 0., 0., 1., 0., 0., 0., 0., 0., 1., 0., 0., 1., 0.]), tensor([1., 0., 0., 0., 0., 0., 0., 0., 0., 1., 0., 0., 1., 0., 0., 0., 0., 0.,
        0., 0., 0., 1., 0., 0., 1., 0., 0., 1., 0., 0., 0., 0.]), tensor([0., 0., 0., 0., 0., 0., 0., 0., 0., 1., 0., 0., 1., 0., 0., 0., 0., 0.,
        0., 0., 0., 1., 0., 0., 0., 0., 0., 1., 0., 0., 1., 0.]), tensor([1., 1., 0., 0., 1., 1., 0., 1., 0., 1., 1., 1., 1., 0., 0., 1., 0., 1.,
        0., 0., 0., 1., 1., 0., 0., 1., 1., 1., 0., 1., 1., 1.]), tensor([1., 0., 1., 1., 1., 0., 0., 0., 1., 1., 0., 1., 1., 0., 1., 1., 1., 1.,
        1., 1., 1., 0., 0., 1., 1., 0., 0., 1., 0., 1., 1., 1.]), tensor([0., 0., 1., 0., 0., 0., 0., 1., 0., 0., 0., 1., 0., 0., 1., 0., 1., 1.,
        0., 1., 1., 0., 0., 1., 1., 1., 1., 0., 0., 1., 0., 1.]), tensor([0., 0., 1., 0., 0., 0., 0., 0., 0., 0., 0., 1., 0., 0., 1., 0., 0., 1.,
        0., 0., 1., 0., 0., 1., 0., 0., 0., 0., 0., 1., 0., 0.]), tensor([0., 0., 0., 0., 1., 0., 0., 1., 0., 0., 1., 0., 0., 1., 0., 0., 1., 0.,
        0., 0., 0., 0., 0., 0., 0., 1., 0., 0., 0., 0., 0., 1.]), tensor([0., 0., 1., 0., 0., 1., 0., 0., 0., 0., 0., 0., 0., 1., 0., 0., 0., 1.,
        1., 0., 0., 0., 0., 1., 0., 0., 1., 0., 0., 1., 0., 0.]), tensor([0., 0., 1., 0., 0., 0., 0., 0., 0., 0., 0., 1., 0., 1., 1., 0., 0., 0.,
        0., 0., 1., 0., 1., 1., 0., 0., 1., 0., 1., 1., 0., 0.]), tensor([0., 1., 0., 0., 1., 0., 0., 1., 0., 0., 1., 0., 0., 1., 0., 0., 1., 0.,
        0., 1., 0., 0., 1., 1., 0., 0., 0., 0., 1., 1., 0., 0.]), tensor([0., 1., 0., 0., 1., 0., 0., 1., 0., 0., 1., 0., 0., 1., 0., 0., 1., 0.,
        0., 1., 0., 0., 1., 0., 0., 0., 0., 0., 1., 1., 0., 0.]), tensor([0., 0., 0., 0., 0., 1., 0., 0., 1., 0., 0., 1., 0., 0., 1., 0., 0., 1.,
        0., 0., 1., 0., 0., 0., 0., 0., 1., 0., 0., 0., 0., 0.]), tensor([0., 0., 0., 0., 0., 1., 0., 0., 1., 0., 0., 1., 0., 0., 0., 0., 0., 1.,
        0., 0., 1., 0., 0., 0., 0., 0., 1., 0., 0., 1., 0., 0.]), tensor([0., 0., 0., 0., 0., 0., 0., 0., 1., 0., 0., 0., 0., 0., 1., 0., 0., 0.,
        0., 0., 0., 0., 0., 1., 0., 0., 0., 0., 0., 0., 0., 0.]), tensor([1., 0., 1., 0., 0., 1., 0., 0., 0., 1., 0., 0., 1., 0., 0., 0., 0., 1.,
        0., 0., 0., 1., 0., 0., 1., 0., 0., 1., 0., 0., 0., 0.]), tensor([1., 0., 0., 0., 0., 0., 0., 0., 1., 1., 0., 0., 1., 0., 0., 0., 0., 0.,
        1., 0., 0., 1., 0., 0., 1., 0., 0., 1., 0., 0., 1., 0.]), tensor([0., 0., 0., 0., 0., 0., 0., 0., 0., 0., 0., 0., 0., 0., 0., 0., 0., 0.,
        1., 0., 0., 0., 0., 0., 0., 0., 0., 0., 0., 0., 0., 0.]), tensor([0., 0., 1., 1., 0., 0., 1., 0., 0., 1., 0., 0., 1., 0., 0., 1., 0., 0.,
        0., 0., 1., 1., 0., 1., 0., 0., 0., 1., 0., 1., 1., 0.]), tensor([0., 1., 0., 0., 0., 0., 0., 1., 1., 0., 1., 1., 0., 0., 1., 0., 0., 1.,
        0., 1., 0., 0., 1., 0., 1., 0., 0., 0., 1., 0., 0., 0.]), tensor([0., 1., 0., 0., 1., 0., 0., 1., 0., 0., 1., 0., 0., 1., 0., 0., 1., 0.,
        0., 1., 0., 0., 1., 0., 0., 1., 0., 0., 1., 0., 0., 1.]), tensor([0., 0., 1., 0., 0., 1., 0., 0., 1., 0., 0., 1., 0., 0., 1., 0., 0., 1.,
        0., 0., 1., 0., 0., 1., 0., 0., 1., 0., 0., 1., 0., 0.]), tensor([1., 0., 0., 1., 0., 0., 1., 0., 0., 1., 0., 0., 1., 0., 0., 1., 0., 0.,
        1., 0., 0., 1., 0., 0., 1., 0., 0., 1., 0., 0., 1., 0.])]
[tensor([0., 0., 0., 1., 0., 0., 1., 0., 0., 1., 0., 0., 0., 0., 0., 1., 0., 0.,
        0., 0., 0., 1., 0., 0., 0., 0., 0., 1., 0., 0., 1., 0.]), tensor([1., 0., 0., 1., 0., 0., 0., 0., 0., 0., 0., 0., 1., 0., 0., 0., 0., 0.,
        0., 0., 0., 0., 0., 0., 0., 0., 0., 1., 0., 0., 1., 0.]), tensor([0., 0., 0., 0., 0., 0., 0., 0., 0., 1., 0., 0., 0., 0., 0., 0., 0., 0.,
        0., 0., 0., 1., 0., 0., 1., 0., 0., 1., 0., 0., 1., 0.]), tensor([0., 0., 0., 1., 0., 0., 1., 0., 0., 0., 0., 0., 1., 0., 0., 1., 0., 0.,
        0., 0., 0., 0., 0., 0., 0., 0., 0., 1., 0., 0., 0., 0.]), tensor([1., 0., 0., 0., 0., 0., 1., 0., 0., 1., 0., 0., 1., 0., 0., 1., 0., 0.,
        1., 0., 0., 0., 0., 0., 0., 0., 0., 1., 0., 0., 1., 0.]), tensor([0., 0., 1., 0., 0., 1., 0., 0., 1., 0., 0., 1., 0., 0., 0., 0., 0., 1.,
        0., 0., 1., 0., 0., 1., 0., 0., 1., 0., 0., 1., 0., 0.]), tensor([0., 0., 1., 0., 0., 1., 0., 0., 1., 0., 0., 0., 0., 0., 1., 0., 0., 0.,
        0., 0., 1., 0., 0., 0., 0., 0., 1., 0., 0., 0., 0., 0.]), tensor([0., 0., 0., 0., 0., 0., 0., 0., 1., 0., 0., 0., 0., 0., 1., 0., 0., 0.,
        0., 0., 1., 0., 0., 0., 0., 0., 1., 0., 0., 0., 0., 0.]), tensor([0., 0., 0., 0., 0., 0., 0., 1., 0., 0., 0., 0., 0., 0., 0., 0., 0., 0.,
        0., 0., 0., 0., 1., 0., 0., 0., 0., 0., 0., 0., 0., 1.]), tensor([0., 1., 0., 0., 1., 0., 0., 0., 0., 0., 1., 0., 0., 0., 0., 0., 0., 0.,
        0., 1., 0., 0., 0., 0., 0., 1., 0., 0., 1., 0., 0., 0.]), tensor([0., 1., 0., 0., 0., 0., 0., 0., 0., 0., 0., 0., 0., 1., 0., 0., 1., 0.,
        0., 0., 0., 0., 0., 0., 0., 1., 0., 0., 0., 0., 0., 0.]), tensor([0., 1., 0., 0., 1., 0., 0., 0., 0., 0., 0., 0., 0., 0., 0., 0., 0., 0.,
        0., 0., 0., 0., 0., 0., 0., 1., 0., 0., 1., 0., 0., 0.]), tensor([1., 0., 1., 1., 0., 0., 1., 0., 0., 0., 1., 0., 1., 0., 0., 1., 1., 1.,
        1., 1., 1., 0., 0., 1., 1., 1., 1., 1., 0., 1., 0., 0.]), tensor([1., 0., 0., 1., 1., 1., 0., 0., 1., 1., 0., 1., 1., 1., 1., 0., 1., 1.,
        1., 1., 1., 1., 1., 0., 1., 0., 0., 0., 0., 0., 1., 0.]), tensor([1., 0., 1., 1., 0., 0., 1., 0., 1., 1., 0., 0., 1., 0., 1., 1., 1., 0.,
        1., 0., 1., 0., 0., 0., 0., 0., 0., 1., 0., 0., 1., 0.]), tensor([0., 0., 0., 1., 0., 0., 1., 0., 0., 0., 0., 0., 1., 0., 0., 1., 0., 0.,
        0., 0., 0., 0., 0., 0., 0., 0., 0., 1., 0., 0., 0., 0.]), tensor([0., 0., 1., 0., 0., 1., 0., 0., 1., 0., 0., 1., 0., 0., 0., 0., 0., 1.,
        0., 0., 1., 0., 0., 1., 0., 0., 1., 0., 0., 1., 0., 0.]), tensor([1., 0., 1., 0., 0., 0., 0., 0., 0., 1., 0., 0., 0., 0., 0., 0., 1., 1.,
        0., 0., 0., 1., 1., 0., 1., 0., 0., 1., 0., 0., 1., 0.]), tensor([1., 0., 0., 0., 0., 0., 1., 0., 0., 1., 0., 0., 1., 0., 0., 1., 0., 0.,
        1., 0., 0., 0., 0., 1., 0., 0., 1., 1., 0., 1., 1., 0.]), tensor([0., 0., 1., 0., 0., 1., 0., 0., 1., 0., 0., 0., 0., 0., 1., 0., 0., 0.,
        0., 0., 1., 0., 0., 0., 0., 0., 1., 0., 0., 0., 0., 0.]), tensor([0., 0., 1., 0., 0., 1., 0., 0., 1., 0., 0., 0., 0., 0., 1., 0., 0., 0.,
        0., 0., 1., 0., 0., 0., 0., 0., 1., 0., 0., 0., 0., 0.]), tensor([0., 0., 0., 1., 0., 0., 1., 0., 0., 1., 0., 0., 0., 0., 0., 1., 0., 0.,
        0., 0., 0., 1., 0., 0., 0., 0., 0., 1., 0., 0., 1., 0.]), tensor([1., 0., 0., 1., 0., 0., 0., 0., 0., 0., 0., 0., 1., 0., 0., 0., 0., 0.,
        0., 0., 0., 0., 0., 0., 0., 0., 0., 1., 0., 0., 1., 0.]), tensor([0., 0., 0., 0., 0., 0., 0., 0., 0., 1., 0., 0., 0., 0., 0., 1., 0., 0.,
        0., 0., 0., 0., 0., 0., 0., 0., 0., 0., 0., 0., 0., 0.]), tensor([0., 1., 0., 1., 0., 0., 0., 1., 0., 0., 1., 0., 1., 1., 0., 0., 1., 0.,
        0., 0., 0., 0., 0., 0., 0., 1., 0., 0., 0., 0., 0., 1.]), tensor([0., 1., 0., 0., 1., 0., 0., 0., 0., 1., 0., 0., 0., 1., 0., 0., 1., 0.,
        1., 0., 0., 0., 0., 0., 1., 1., 0., 0., 1., 0., 0., 0.]), tensor([0., 0., 0., 0., 0., 0., 0., 1., 0., 0., 0., 0., 0., 0., 0., 0., 0., 0.,
        0., 0., 0., 0., 1., 0., 0., 0., 0., 0., 0., 0., 0., 1.]), tensor([0., 1., 0., 1., 1., 0., 0., 0., 0., 0., 1., 0., 1., 0., 0., 0., 0., 0.,
        0., 1., 0., 0., 0., 0., 0., 1., 0., 1., 1., 0., 1., 0.]), tensor([0., 0., 0., 0., 0., 0., 0., 0., 1., 1., 0., 0., 0., 1., 1., 0., 0., 0.,
        0., 0., 1., 1., 0., 0., 1., 0., 1., 0., 0., 0., 0., 0.]), tensor([0., 0., 1., 0., 0., 1., 0., 0., 1., 0., 0., 1., 0., 0., 1., 0., 0., 1.,
        0., 0., 1., 0., 0., 1., 0., 0., 1., 0., 0., 1., 0., 0.]), tensor([1., 0., 0., 1., 0., 0., 1., 0., 0., 1., 0., 0., 1., 0., 0., 1., 0., 0.,
        1., 0., 0., 1., 0., 0., 1., 0., 0., 1., 0., 0., 1., 0.]), tensor([0., 1., 0., 0., 1., 0., 0., 1., 0., 0., 1., 0., 0., 1., 0., 0., 1., 0.,
        0., 1., 0., 0., 1., 0., 0., 1., 0., 0., 1., 0., 0., 1.])]
[tensor([0., 1., 0., 0., 1., 0., 0., 1., 0., 0., 1., 0., 0., 1., 0., 0., 0., 0.,
        0., 0., 0., 0., 1., 0., 0., 1., 0., 0., 1., 0., 0., 1.]), tensor([0., 0., 0., 0., 1., 0., 0., 0., 0., 0., 1., 0., 0., 0., 0., 0., 1., 0.,
        0., 1., 0., 0., 0., 0., 0., 0., 0., 0., 0., 0., 0., 0.]), tensor([0., 0., 0., 0., 1., 0., 0., 1., 0., 0., 0., 0., 0., 0., 0., 0., 0., 0.,
        0., 0., 0., 0., 0., 0., 0., 0., 0., 0., 0., 0., 0., 0.]), tensor([0., 1., 0., 0., 0., 0., 0., 1., 0., 0., 1., 0., 0., 1., 0., 0., 1., 0.,
        0., 0., 0., 0., 0., 0., 0., 0., 0., 0., 1., 0., 0., 0.]), tensor([0., 0., 0., 0., 1., 0., 0., 0., 0., 0., 1., 0., 0., 0., 0., 0., 1., 0.,
        0., 1., 0., 0., 1., 0., 0., 1., 0., 0., 0., 0., 0., 0.]), tensor([1., 0., 0., 1., 0., 0., 1., 0., 0., 1., 0., 0., 1., 0., 0., 1., 0., 0.,
        1., 0., 0., 1., 0., 0., 1., 0., 0., 0., 0., 0., 1., 0.]), tensor([1., 0., 0., 0., 0., 0., 1., 0., 0., 1., 0., 0., 1., 0., 0., 1., 0., 0.,
        1., 0., 0., 1., 0., 0., 1., 0., 0., 1., 0., 0., 1., 0.]), tensor([0., 0., 0., 0., 0., 0., 1., 0., 0., 0., 0., 0., 1., 0., 0., 1., 0., 0.,
        0., 0., 0., 1., 0., 0., 0., 0., 0., 1., 0., 0., 1., 0.]), tensor([0., 0., 0., 0., 0., 0., 0., 0., 0., 0., 0., 1., 0., 0., 0., 0., 0., 0.,
        0., 0., 0., 0., 0., 1., 0., 0., 0., 0., 0., 0., 0., 0.]), tensor([0., 0., 0., 0., 0., 0., 0., 0., 0., 0., 0., 0., 0., 0., 0., 0., 0., 0.,
        0., 0., 0., 0., 0., 0., 0., 0., 1., 0., 0., 0., 0., 0.]), tensor([0., 0., 1., 0., 0., 1., 0., 0., 1., 0., 0., 1., 0., 0., 1., 0., 0., 1.,
        0., 0., 1., 0., 0., 0., 0., 0., 1., 0., 0., 1., 0., 0.]), tensor([0., 0., 1., 0., 0., 0., 0., 0., 0., 0., 0., 0., 0., 0., 0., 0., 0., 1.,
        0., 0., 0., 0., 0., 0., 0., 0., 1., 0., 0., 0., 0., 0.]), tensor([0., 1., 0., 0., 1., 0., 1., 1., 0., 1., 1., 0., 1., 0., 1., 1., 1., 0.,
        0., 0., 1., 1., 1., 1., 1., 1., 0., 1., 1., 1., 1., 0.]), tensor([1., 1., 1., 1., 1., 1., 1., 0., 1., 0., 1., 1., 0., 1., 0., 0., 0., 1.,
        1., 1., 1., 1., 1., 1., 0., 1., 0., 1., 0., 1., 1., 0.]), tensor([1., 1., 1., 1., 1., 0., 1., 0., 1., 0., 1., 1., 0., 1., 0., 0., 1., 1.,
        1., 1., 1., 0., 1., 0., 1., 1., 0., 0., 0., 1., 0., 0.]), tensor([0., 1., 0., 0., 0., 0., 0., 1., 0., 0., 1., 0., 0., 1., 0., 0., 1., 0.,
        0., 0., 0., 0., 0., 0., 0., 0., 0., 0., 1., 0., 0., 0.]), tensor([1., 0., 0., 1., 0., 0., 1., 0., 0., 1., 0., 0., 1., 0., 0., 1., 0., 0.,
        1., 0., 0., 1., 0., 0., 1., 0., 0., 0., 0., 0., 1., 0.]), tensor([0., 1., 0., 0., 1., 0., 0., 1., 1., 0., 1., 0., 0., 0., 0., 0., 0., 0.,
        0., 1., 0., 0., 0., 1., 0., 0., 0., 0., 1., 0., 0., 1.]), tensor([0., 0., 0., 0., 1., 0., 0., 1., 0., 0., 1., 0., 0., 0., 0., 0., 1., 0.,
        0., 1., 0., 0., 1., 0., 0., 1., 0., 0., 1., 0., 0., 1.]), tensor([1., 0., 0., 0., 0., 0., 1., 0., 0., 1., 0., 0., 1., 0., 0., 1., 0., 0.,
        1., 0., 0., 1., 0., 0., 1., 0., 0., 1., 0., 0., 1., 0.]), tensor([1., 0., 0., 0., 0., 0., 1., 0., 0., 1., 0., 0., 1., 0., 0., 1., 0., 0.,
        1., 0., 0., 1., 0., 0., 1., 0., 0., 1., 0., 0., 1., 0.]), tensor([0., 1., 0., 0., 1., 0., 0., 1., 0., 0., 1., 0., 0., 1., 0., 0., 0., 0.,
        0., 0., 0., 0., 1., 0., 0., 1., 0., 0., 1., 0., 0., 0.]), tensor([0., 0., 0., 0., 1., 0., 0., 0., 0., 0., 1., 0., 0., 0., 0., 0., 1., 0.,
        0., 1., 0., 0., 0., 0., 0., 0., 0., 0., 0., 0., 0., 0.]), tensor([0., 1., 0., 0., 0., 0., 0., 0., 0., 0., 1., 0., 0., 0., 0., 0., 0., 0.,
        0., 0., 0., 0., 0., 0., 0., 0., 0., 0., 0., 0., 0., 1.]), tensor([0., 0., 1., 0., 0., 1., 0., 0., 1., 0., 0., 1., 0., 0., 1., 0., 0., 1.,
        0., 1., 1., 0., 0., 0., 0., 0., 1., 0., 1., 1., 0., 0.]), tensor([0., 0., 1., 0., 0., 1., 0., 0., 1., 0., 0., 1., 0., 0., 1., 0., 0., 1.,
        0., 0., 1., 0., 1., 1., 0., 0., 1., 0., 0., 1., 0., 0.]), tensor([0., 0., 0., 0., 0., 0., 0., 0., 0., 0., 0., 1., 0., 0., 0., 0., 0., 0.,
        0., 0., 0., 0., 0., 1., 0., 0., 0., 0., 0., 0., 0., 0.]), tensor([0., 0., 1., 0., 1., 0., 0., 0., 0., 0., 0., 0., 0., 1., 0., 0., 0., 1.,
        1., 0., 0., 0., 0., 0., 0., 0., 1., 0., 0., 0., 0., 0.]), tensor([0., 0., 0., 1., 0., 0., 1., 1., 0., 0., 0., 0., 1., 0., 0., 1., 0., 0.,
        0., 0., 0., 1., 0., 0., 0., 1., 0., 1., 0., 0., 1., 0.]), tensor([1., 0., 0., 1., 0., 0., 1., 0., 0., 1., 0., 0., 1., 0., 0., 1., 0., 0.,
        1., 0., 0., 1., 0., 0., 1., 0., 0., 1., 0., 0., 1., 0.]), tensor([0., 1., 0., 0., 1., 0., 0., 1., 0., 0., 1., 0., 0., 1., 0., 0., 1., 0.,
        0., 1., 0., 0., 1., 0., 0., 1., 0., 0., 1., 0., 0., 1.]), tensor([0., 0., 1., 0., 0., 1., 0., 0., 1., 0., 0., 1., 0., 0., 1., 0., 0., 1.,
        0., 0., 1., 0., 0., 1., 0., 0., 1., 0., 0., 1., 0., 0.])]
[tensor([0., 0., 0., 0., 0., 1., 0., 0., 1., 0., 0., 1., 0., 0., 0., 0., 0., 0.,
        0., 0., 1., 0., 0., 1., 0., 0., 1., 0., 0., 1., 0., 0.]), tensor([0., 0., 0., 0., 0., 1., 0., 0., 1., 0., 0., 1., 0., 0., 0., 0., 0., 1.,
        0., 0., 0., 0., 0., 1., 0., 0., 1., 0., 0., 1., 0., 0.]), tensor([0., 0., 1., 0., 0., 1., 0., 0., 0., 0., 0., 0., 0., 0., 1., 0., 0., 0.,
        0., 0., 0., 0., 0., 0., 0., 0., 1., 0., 0., 0., 0., 0.]), tensor([0., 0., 0., 0., 0., 0., 0., 0., 1., 0., 0., 1., 0., 0., 1., 0., 0., 0.,
        0., 0., 0., 0., 0., 0., 0., 0., 1., 0., 0., 1., 0., 0.]), tensor([0., 0., 1., 0., 0., 0., 0., 0., 0., 0., 0., 0., 0., 0., 1., 0., 0., 1.,
        0., 0., 1., 0., 0., 1., 0., 0., 0., 0., 0., 0., 0., 0.]), tensor([0., 1., 0., 0., 0., 0., 0., 0., 0., 0., 1., 0., 0., 0., 0., 0., 1., 0.,
        0., 0., 0., 0., 1., 0., 0., 1., 0., 0., 1., 0., 0., 0.]), tensor([0., 0., 0., 0., 1., 0., 0., 1., 0., 0., 1., 0., 0., 1., 0., 0., 1., 0.,
        0., 1., 0., 0., 1., 0., 0., 0., 0., 0., 1., 0., 0., 1.]), tensor([0., 0., 0., 0., 1., 0., 0., 0., 0., 0., 1., 0., 0., 0., 0., 0., 1., 0.,
        0., 0., 0., 0., 1., 0., 0., 0., 0., 0., 1., 0., 0., 1.]), tensor([1., 0., 0., 1., 0., 0., 0., 0., 0., 0., 0., 0., 0., 0., 0., 1., 0., 0.,
        1., 0., 0., 0., 0., 0., 1., 0., 0., 0., 0., 0., 1., 0.]), tensor([0., 0., 0., 0., 0., 0., 0., 0., 0., 0., 0., 0., 0., 0., 0., 0., 0., 0., 0., 0., 0., 0., 0., 0.,
        0., 0., 0., 0., 0., 0., 0., 0.]), tensor([1., 0., 0., 0., 0., 0., 1., 0., 0., 1., 0., 0., 1., 0., 0., 1., 0., 0.,
        0., 0., 0., 1., 0., 0., 0., 0., 0., 1., 0., 0., 0., 0.]), tensor([0., 0., 0., 0., 0., 0., 0., 0., 0., 0., 0., 0., 0., 0., 0., 0., 0., 0., 0., 0., 0., 0., 0., 0.,
        0., 0., 0., 0., 0., 0., 0., 0.]), tensor([1., 1., 1., 1., 0., 1., 1., 1., 1., 1., 1., 0., 0., 0., 1., 1., 1., 0.,
        0., 1., 1., 1., 1., 1., 1., 0., 0., 1., 0., 1., 1., 1.]), tensor([1., 1., 1., 0., 1., 0., 1., 0., 1., 1., 0., 1., 0., 1., 1., 1., 1., 1.,
        1., 1., 1., 0., 1., 1., 0., 1., 1., 1., 1., 1., 0., 1.]), tensor([0., 0., 1., 0., 0., 0., 0., 1., 1., 0., 0., 0., 0., 0., 1., 0., 0., 1.,
        0., 1., 1., 0., 0., 1., 0., 1., 0., 0., 0., 1., 1., 0.]), tensor([0., 0., 0., 0., 0., 0., 0., 0., 1., 0., 0., 1., 0., 0., 1., 0., 0., 0.,
        0., 0., 0., 0., 0., 0., 0., 0., 1., 0., 0., 1., 0., 0.]), tensor([0., 1., 0., 0., 0., 0., 0., 0., 0., 0., 1., 0., 0., 0., 0., 0., 1., 0.,
        0., 0., 0., 0., 1., 0., 0., 1., 0., 0., 1., 0., 0., 0.]), tensor([0., 0., 1., 1., 0., 1., 0., 0., 1., 0., 0., 0., 0., 0., 1., 1., 0., 0.,
        1., 0., 1., 0., 0., 0., 0., 0., 1., 0., 0., 0., 0., 0.]), tensor([0., 1., 1., 0., 1., 1., 0., 0., 0., 0., 1., 0., 0., 0., 1., 0., 0., 1.,
        0., 0., 1., 0., 0., 1., 0., 0., 1., 0., 0., 0., 0., 0.]), tensor([0., 0., 0., 0., 1., 0., 0., 1., 0., 0., 1., 0., 0., 1., 0., 0., 1., 1.,
        0., 1., 0., 0., 1., 0., 0., 0., 0., 0., 1., 0., 0., 1.]), tensor([0., 0., 0., 0., 1., 0., 0., 1., 0., 0., 1., 0., 0., 1., 0., 0., 1., 1.,
        0., 1., 0., 0., 1., 0., 0., 0., 0., 0., 1., 0., 0., 1.]), tensor([0., 0., 0., 0., 0., 1., 0., 0., 1., 0., 0., 1., 0., 0., 0., 0., 0., 0.,
        0., 0., 0., 0., 0., 1., 0., 0., 1., 0., 0., 1., 0., 0.]), tensor([0., 0., 0., 0., 0., 1., 0., 0., 1., 0., 0., 1., 0., 0., 0., 0., 0., 1.,
        0., 0., 0., 0., 0., 1., 0., 0., 1., 0., 0., 1., 0., 0.]), tensor([0., 0., 0., 0., 0., 0., 0., 0., 0., 0., 0., 0., 0., 0., 0., 0., 0., 0.,
        0., 0., 1., 0., 0., 1., 0., 0., 1., 0., 0., 1., 0., 0.]), tensor([1., 0., 0., 1., 0., 1., 1., 0., 0., 1., 0., 0., 1., 0., 1., 1., 0., 1.,
        0., 0., 0., 1., 0., 0., 0., 0., 0., 1., 0., 0., 0., 0.]), tensor([1., 0., 0., 0., 0., 0., 1., 0., 0., 1., 0., 0., 1., 0., 0., 1., 0., 0.,
        1., 0., 0., 1., 0., 0., 1., 0., 0., 1., 0., 0., 0., 0.]), tensor([1., 0., 0., 1., 0., 0., 0., 0., 0., 0., 0., 0., 0., 0., 0., 1., 0., 0.,
        1., 0., 0., 0., 0., 0., 1., 0., 0., 0., 0., 0., 1., 0.]), tensor([0., 0., 1., 0., 0., 0., 0., 1., 0., 0., 0., 0., 0., 0., 1., 0., 0., 0.,
        0., 0., 0., 0., 0., 0., 0., 0., 1., 0., 0., 1., 0., 0.]), tensor([0., 0., 0., 0., 1., 1., 0., 0., 0., 0., 1., 1., 1., 0., 0., 0., 1., 0.,
        0., 0., 0., 0., 1., 0., 0., 1., 0., 0., 1., 0., 0., 1.]), tensor([0., 1., 0., 0., 1., 0., 0., 1., 0., 0., 1., 0., 0., 1., 0., 0., 1., 0.,
        0., 1., 0., 0., 1., 0., 0., 1., 0., 0., 1., 0., 0., 1.]), tensor([0., 0., 1., 0., 0., 1., 0., 0., 1., 0., 0., 1., 0., 0., 1., 0., 0., 1.,
        0., 0., 1., 0., 0., 1., 0., 0., 1., 0., 0., 1., 0., 0.]), tensor([1., 0., 0., 1., 0., 0., 1., 0., 0., 1., 0., 0., 1., 0., 0., 1., 0., 0.,
        1., 0., 0., 1., 0., 0., 1., 0., 0., 1., 0., 0., 1., 0.])]
[tensor([1., 0., 0., 1., 0., 0., 1., 0., 0., 1., 0., 0., 1., 0., 0., 1., 0., 0.,
        1., 0., 0., 1., 0., 0., 1., 0., 0., 1., 0., 0., 1., 0.]), tensor([1., 0., 0., 1., 0., 0., 1., 0., 0., 1., 0., 0., 1., 0., 0., 1., 0., 0.,
        1., 0., 0., 1., 0., 0., 0., 0., 0., 0., 0., 0., 0., 0.]), tensor([0., 0., 0., 0., 0., 0., 0., 0., 0., 0., 0., 0., 0., 0., 0., 1., 0., 0.,
        0., 0., 0., 1., 0., 0., 0., 0., 0., 0., 0., 0., 1., 0.]), tensor([1., 0., 0., 1., 0., 0., 1., 0., 0., 0., 0., 0., 1., 0., 0., 1., 0., 0.,
        1., 0., 0., 1., 0., 0., 1., 0., 0., 1., 0., 0., 1., 0.]), tensor([1., 0., 0., 0., 0., 0., 0., 0., 0., 0., 0., 0., 1., 0., 0., 1., 0., 0.,
        1., 0., 0., 0., 0., 0., 1., 0., 0., 1., 0., 0., 1., 0.]), tensor([0., 0., 1., 0., 0., 1., 0., 0., 0., 0., 0., 1., 0., 0., 0., 0., 0., 1.,
        0., 0., 1., 0., 0., 1., 0., 0., 1., 0., 0., 1., 0., 0.]), tensor([0., 0., 1., 0., 0., 1., 0., 0., 1., 0., 0., 1., 0., 0., 1., 0., 0., 1.,
        0., 0., 1., 0., 0., 1., 0., 0., 0., 0., 0., 1., 0., 0.]), tensor([0., 0., 0., 0., 0., 1., 0., 0., 1., 0., 0., 0., 0., 0., 0., 0., 0., 0.,
        0., 0., 0., 0., 0., 1., 0., 0., 0., 0., 0., 1., 0., 0.]), tensor([0., 0., 0., 0., 0., 0., 0., 1., 0., 0., 0., 0., 0., 0., 0., 0., 1., 0.,
        0., 1., 0., 0., 0., 0., 0., 0., 0., 0., 1., 0., 0., 0.]), tensor([0., 1., 0., 0., 1., 0., 0., 0., 0., 0., 1., 0., 0., 1., 0., 0., 0., 0.,
        0., 0., 0., 0., 1., 0., 0., 1., 0., 0., 0., 0., 0., 1.]), tensor([0., 1., 0., 0., 0., 0., 0., 0., 0., 0., 0., 0., 0., 0., 0., 0., 0., 0.,
        0., 0., 0., 0., 0., 0., 0., 1., 0., 0., 0., 0., 0., 0.]), tensor([0., 1., 0., 0., 0., 0., 0., 0., 0., 0., 1., 0., 0., 0., 0., 0., 0., 0.,
        0., 0., 0., 0., 1., 0., 0., 1., 0., 0., 0., 0., 0., 1.]), tensor([1., 0., 1., 0., 0., 1., 0., 1., 0., 0., 0., 0., 1., 0., 1., 1., 1., 0.,
        1., 1., 1., 1., 1., 1., 1., 0., 0., 1., 0., 1., 0., 1.]), tensor([1., 0., 1., 1., 0., 0., 1., 1., 1., 0., 1., 1., 1., 1., 1., 0., 1., 0.,
        0., 0., 0., 1., 1., 0., 1., 0., 1., 1., 1., 1., 1., 0.]), tensor([1., 0., 1., 0., 0., 0., 0., 0., 0., 0., 0., 1., 1., 0., 1., 1., 0., 0.,
        1., 1., 0., 0., 0., 0., 1., 0., 1., 1., 0., 1., 1., 0.]), tensor([1., 0., 0., 1., 0., 0., 1., 0., 0., 0., 0., 0., 1., 0., 0., 1., 0., 0.,
        1., 0., 0., 1., 0., 0., 1., 0., 0., 1., 0., 0., 1., 0.]), tensor([0., 0., 1., 0., 0., 1., 0., 0., 0., 0., 0., 1., 0., 0., 0., 0., 0., 1.,
        0., 0., 1., 0., 0., 1., 0., 0., 1., 0., 0., 1., 0., 0.]), tensor([0., 0., 0., 0., 0., 0., 0., 0., 0., 1., 0., 0., 1., 0., 0., 1., 0., 1.,
        0., 1., 0., 1., 0., 0., 0., 0., 0., 1., 0., 0., 1., 0.]), tensor([1., 0., 0., 1., 0., 0., 0., 0., 0., 0., 0., 0., 1., 0., 0., 1., 0., 1.,
        1., 0., 1., 1., 0., 0., 1., 0., 0., 1., 0., 0., 1., 0.]), tensor([1., 0., 1., 0., 0., 1., 0., 0., 1., 0., 0., 1., 1., 0., 1., 0., 0., 1.,
        1., 0., 1., 0., 0., 1., 0., 0., 0., 0., 0., 1., 0., 0.]), tensor([1., 0., 1., 0., 0., 1., 0., 0., 1., 0., 0., 1., 0., 0., 1., 0., 0., 1.,
        0., 0., 1., 0., 0., 1., 0., 0., 0., 0., 0., 1., 0., 0.]), tensor([1., 0., 0., 1., 0., 0., 1., 0., 0., 1., 0., 0., 1., 0., 0., 1., 0., 0.,
        1., 0., 0., 1., 0., 0., 0., 0., 0., 1., 0., 0., 1., 0.]), tensor([1., 0., 0., 1., 0., 0., 1., 0., 0., 1., 0., 0., 1., 0., 0., 1., 0., 0.,
        1., 0., 0., 1., 0., 0., 0., 0., 0., 0., 0., 0., 0., 0.]), tensor([0., 0., 0., 1., 0., 0., 1., 0., 0., 1., 0., 0., 1., 0., 0., 0., 0., 0.,
        1., 0., 0., 1., 0., 0., 1., 0., 0., 1., 0., 0., 0., 0.]), tensor([0., 1., 0., 0., 0., 0., 0., 0., 0., 0., 0., 0., 0., 1., 0., 0., 0., 0.,
        0., 1., 0., 0., 0., 0., 0., 1., 0., 0., 0., 0., 0., 0.]), tensor([0., 1., 0., 0., 0., 0., 1., 1., 0., 0., 1., 0., 1., 0., 0., 0., 0., 0.,
        0., 0., 0., 1., 1., 0., 0., 1., 0., 0., 1., 0., 0., 1.]), tensor([0., 0., 0., 0., 0., 0., 0., 1., 0., 0., 0., 0., 0., 0., 0., 0., 1., 0.,
        0., 1., 0., 0., 0., 0., 0., 0., 0., 0., 1., 0., 0., 0.]), tensor([0., 1., 0., 0., 1., 0., 0., 0., 0., 0., 1., 1., 0., 1., 0., 1., 0., 0.,
        0., 0., 0., 0., 1., 0., 0., 1., 0., 0., 0., 0., 1., 1.]), tensor([0., 0., 0., 0., 0., 1., 1., 0., 1., 0., 0., 0., 0., 0., 0., 0., 0., 0.,
        0., 0., 0., 1., 0., 1., 0., 0., 0., 0., 0., 1., 0., 0.]), tensor([0., 0., 1., 0., 0., 1., 0., 0., 1., 0., 0., 1., 0., 0., 1., 0., 0., 1.,
        0., 0., 1., 0., 0., 1., 0., 0., 1., 0., 0., 1., 0., 0.]), tensor([1., 0., 0., 1., 0., 0., 1., 0., 0., 1., 0., 0., 1., 0., 0., 1., 0., 0.,
        1., 0., 0., 1., 0., 0., 1., 0., 0., 1., 0., 0., 1., 0.]), tensor([0., 1., 0., 0., 1., 0., 0., 1., 0., 0., 1., 0., 0., 1., 0., 0., 1., 0.,
        0., 1., 0., 0., 1., 0., 0., 1., 0., 0., 1., 0., 0., 1.])]
[tensor([0., 1., 0., 0., 1., 0., 0., 1., 0., 0., 0., 0., 0., 1., 0., 0., 1., 0.,
        0., 1., 0., 0., 1., 0., 0., 1., 0., 0., 1., 0., 0., 1.]), tensor([0., 1., 0., 0., 1., 0., 0., 1., 0., 0., 1., 0., 0., 0., 0., 0., 0., 0.,
        0., 0., 0., 0., 1., 0., 0., 0., 0., 0., 1., 0., 0., 1.]), tensor([0., 0., 0., 0., 1., 0., 0., 0., 0., 0., 0., 0., 0., 0., 0., 0., 0., 0.,
        0., 0., 0., 0., 0., 0., 0., 0., 0., 0., 0., 0., 0., 1.]), tensor([0., 1., 0., 0., 1., 0., 0., 0., 0., 0., 1., 0., 0., 1., 0., 0., 1., 0.,
        0., 1., 0., 0., 0., 0., 0., 1., 0., 0., 0., 0., 0., 1.]), tensor([0., 0., 0., 0., 0., 0., 0., 0., 0., 0., 1., 0., 0., 0., 0., 0., 1., 0.,
        0., 1., 0., 0., 0., 0., 0., 0., 0., 0., 1., 0., 0., 0.]), tensor([1., 0., 0., 0., 0., 0., 1., 0., 0., 1., 0., 0., 1., 0., 0., 0., 0., 0.,
        1., 0., 0., 1., 0., 0., 1., 0., 0., 1., 0., 0., 1., 0.]), tensor([1., 0., 0., 1., 0., 0., 0., 0., 0., 1., 0., 0., 1., 0., 0., 1., 0., 0.,
        1., 0., 0., 1., 0., 0., 1., 0., 0., 1., 0., 0., 1., 0.]), tensor([0., 0., 0., 1., 0., 0., 0., 0., 0., 0., 0., 0., 0., 0., 0., 0., 0., 0.,
        0., 0., 0., 0., 0., 0., 1., 0., 0., 1., 0., 0., 0., 0.]), tensor([0., 0., 0., 0., 0., 1., 0., 0., 0., 0., 0., 1., 0., 0., 0., 0., 0., 0.,
        0., 0., 0., 0., 0., 1., 0., 0., 0., 0., 0., 1., 0., 0.]), tensor([0., 0., 1., 0., 0., 0., 0., 0., 1., 0., 0., 0., 0., 0., 1., 0., 0., 1.,
        0., 0., 1., 0., 0., 0., 0., 0., 1., 0., 0., 0., 0., 0.]), tensor([0., 0., 0., 0., 0., 0., 0., 0., 0., 0., 0., 0., 0., 0., 0., 0., 0., 1.,
        0., 0., 0., 0., 0., 0., 0., 0., 1., 0., 0., 1., 0., 0.]), tensor([0., 0., 0., 0., 0., 0., 0., 0., 1., 0., 0., 0., 0., 0., 1., 0., 0., 1.,
        0., 0., 1., 0., 0., 0., 0., 0., 1., 0., 0., 0., 0., 0.]), tensor([1., 1., 1., 1., 1., 1., 0., 0., 1., 1., 1., 1., 1., 1., 1., 0., 1., 1.,
        1., 1., 0., 1., 0., 0., 1., 1., 0., 0., 1., 1., 1., 1.]), tensor([1., 1., 0., 0., 1., 0., 1., 1., 1., 1., 1., 0., 1., 1., 0., 0., 0., 0.,
        1., 0., 0., 0., 0., 0., 1., 0., 1., 0., 1., 1., 1., 1.]), tensor([0., 1., 0., 0., 0., 0., 0., 0., 0., 0., 1., 1., 0., 0., 0., 0., 1., 0.,
        1., 1., 0., 1., 0., 0., 0., 0., 0., 0., 1., 0., 0., 0.]), tensor([0., 1., 0., 0., 1., 0., 0., 0., 0., 0., 1., 0., 0., 1., 0., 0., 1., 0.,
        0., 1., 0., 0., 0., 0., 0., 1., 0., 0., 0., 0., 0., 1.]), tensor([1., 0., 0., 0., 0., 0., 1., 0., 0., 1., 0., 0., 1., 0., 0., 0., 0., 0.,
        1., 0., 0., 1., 0., 0., 1., 0., 0., 1., 0., 0., 1., 0.]), tensor([1., 0., 0., 0., 1., 0., 0., 1., 0., 0., 0., 1., 1., 0., 0., 0., 1., 0.,
        0., 1., 0., 0., 1., 1., 0., 1., 0., 0., 0., 0., 0., 1.]), tensor([0., 0., 0., 0., 0., 0., 1., 1., 0., 0., 1., 0., 0., 1., 0., 0., 1., 0.,
        0., 1., 0., 0., 1., 0., 1., 1., 0., 1., 1., 0., 0., 0.]), tensor([1., 0., 0., 1., 0., 0., 0., 0., 0., 1., 0., 0., 1., 0., 0., 1., 0., 0.,
        1., 0., 0., 1., 0., 0., 1., 0., 0., 1., 0., 0., 1., 0.]), tensor([1., 0., 0., 1., 0., 0., 0., 0., 0., 1., 0., 0., 1., 0., 0., 1., 0., 0.,
        1., 0., 0., 1., 0., 0., 1., 0., 0., 1., 0., 0., 1., 0.]), tensor([0., 1., 0., 0., 1., 0., 0., 0., 0., 0., 0., 0., 0., 1., 0., 0., 1., 0.,
        0., 1., 0., 0., 1., 0., 0., 1., 0., 0., 1., 0., 0., 1.]), tensor([0., 1., 0., 0., 1., 0., 0., 1., 0., 0., 1., 0., 0., 0., 0., 0., 0., 0.,
        0., 0., 0., 0., 1., 0., 0., 0., 0., 0., 1., 0., 0., 1.]), tensor([0., 0., 0., 0., 0., 0., 0., 1., 0., 0., 0., 0., 0., 1., 0., 0., 1., 0.,
        0., 1., 0., 0., 1., 0., 0., 1., 0., 0., 0., 0., 0., 0.]), tensor([0., 0., 1., 0., 0., 1., 0., 0., 0., 0., 0., 1., 0., 0., 0., 0., 0., 1.,
        0., 0., 0., 0., 0., 1., 0., 0., 1., 0., 0., 1., 0., 0.]), tensor([0., 1., 0., 0., 0., 0., 0., 0., 1., 0., 0., 0., 0., 0., 1., 0., 0., 1.,
        0., 0., 1., 0., 0., 0., 0., 0., 1., 0., 0., 1., 0., 0.]), tensor([0., 0., 0., 0., 0., 1., 0., 0., 0., 0., 0., 1., 0., 0., 0., 0., 0., 0.,
        0., 0., 0., 0., 0., 1., 0., 0., 0., 0., 0., 1., 0., 0.]), tensor([0., 0., 1., 0., 0., 0., 0., 0., 1., 0., 0., 0., 0., 0., 1., 0., 0., 1.,
        0., 0., 1., 1., 0., 0., 0., 0., 1., 0., 0., 0., 0., 0.]), tensor([0., 0., 0., 1., 1., 0., 0., 0., 0., 0., 1., 0., 0., 0., 0., 0., 0., 0.,
        0., 0., 0., 0., 0., 0., 1., 0., 0., 1., 1., 0., 0., 1.]), tensor([1., 0., 0., 1., 0., 0., 1., 0., 0., 1., 0., 0., 1., 0., 0., 1., 0., 0.,
        1., 0., 0., 1., 0., 0., 1., 0., 0., 1., 0., 0., 1., 0.]), tensor([0., 1., 0., 0., 1., 0., 0., 1., 0., 0., 1., 0., 0., 1., 0., 0., 1., 0.,
        0., 1., 0., 0., 1., 0., 0., 1., 0., 0., 1., 0., 0., 1.]), tensor([0., 0., 1., 0., 0., 1., 0., 0., 1., 0., 0., 1., 0., 0., 1., 0., 0., 1.,
        0., 0., 1., 0., 0., 1., 0., 0., 1., 0., 0., 1., 0., 0.])]
[tensor([0., 0., 1., 0., 0., 1., 0., 0., 1., 0., 0., 1., 0., 0., 0., 0., 0., 1.,
        0., 0., 1., 0., 0., 1., 0., 0., 1., 0., 0., 0., 0., 0.]), tensor([0., 0., 1., 0., 0., 1., 0., 0., 1., 0., 0., 1., 0., 0., 0., 0., 0., 0.,
        0., 0., 0., 0., 0., 0., 0., 0., 1., 0., 0., 1., 0., 0.]), tensor([0., 0., 0., 0., 0., 1., 0., 0., 1., 0., 0., 0., 0., 0., 0., 0., 0., 1.,
        0., 0., 1., 0., 0., 1., 0., 0., 0., 0., 0., 0., 0., 0.]), tensor([0., 0., 0., 0., 0., 1., 0., 0., 0., 0., 0., 1., 0., 0., 1., 0., 0., 0.,
        0., 0., 0., 0., 0., 0., 0., 0., 1., 0., 0., 1., 0., 0.]), tensor([0., 0., 0., 0., 0., 0., 0., 0., 0., 0., 0., 1., 0., 0., 1., 0., 0., 1.,
        0., 0., 1., 0., 0., 1., 0., 0., 0., 0., 0., 1., 0., 0.]), tensor([0., 1., 0., 0., 0., 0., 0., 1., 0., 0., 1., 0., 0., 1., 0., 0., 0., 0.,
        0., 1., 0., 0., 1., 0., 0., 1., 0., 0., 0., 0., 0., 1.]), tensor([0., 1., 0., 0., 1., 0., 0., 1., 0., 0., 1., 0., 0., 1., 0., 0., 1., 0.,
        0., 1., 0., 0., 1., 0., 0., 1., 0., 0., 1., 0., 0., 1.]), tensor([0., 1., 0., 0., 0., 0., 0., 0., 0., 0., 0., 0., 0., 0., 0., 0., 1., 0.,
        0., 1., 0., 0., 1., 0., 0., 0., 0., 0., 0., 0., 0., 1.]), tensor([0., 0., 0., 0., 0., 0., 0., 0., 0., 0., 0., 0., 0., 0., 0., 1., 0., 0.,
        1., 0., 0., 0., 0., 0., 1., 0., 0., 1., 0., 0., 0., 0.]), tensor([0., 0., 0., 1., 0., 0., 1., 0., 0., 0., 0., 0., 0., 0., 0., 0., 0., 0.,
        0., 0., 0., 0., 0., 0., 0., 0., 0., 0., 0., 0., 1., 0.]), tensor([1., 0., 0., 0., 0., 0., 0., 0., 0., 1., 0., 0., 1., 0., 0., 1., 0., 0.,
        0., 0., 0., 0., 0., 0., 1., 0., 0., 1., 0., 0., 0., 0.]), tensor([0., 0., 0., 0., 0., 0., 0., 0., 0., 0., 0., 0., 0., 0., 0., 0., 0., 0.,
        0., 0., 0., 1., 0., 0., 0., 0., 0., 0., 0., 0., 0., 0.]), tensor([1., 1., 0., 1., 1., 1., 1., 1., 0., 1., 0., 0., 1., 0., 1., 0., 1., 0.,
        1., 1., 1., 1., 0., 0., 1., 0., 0., 0., 0., 0., 0., 1.]), tensor([0., 1., 1., 0., 0., 0., 1., 1., 1., 0., 0., 1., 0., 0., 0., 1., 1., 1.,
        0., 1., 1., 1., 1., 1., 0., 1., 1., 1., 1., 1., 1., 0.]), tensor([0., 0., 0., 0., 1., 1., 0., 1., 0., 0., 0., 1., 1., 0., 1., 0., 1., 1.,
        0., 0., 1., 1., 1., 1., 0., 0., 0., 0., 0., 1., 0., 0.]), tensor([0., 0., 0., 0., 0., 1., 0., 0., 0., 0., 0., 1., 0., 0., 1., 0., 0., 0.,
        0., 0., 0., 0., 0., 0., 0., 0., 1., 0., 0., 1., 0., 0.]), tensor([0., 1., 0., 0., 0., 0., 0., 1., 0., 0., 1., 0., 0., 1., 0., 0., 0., 0.,
        0., 1., 0., 0., 1., 0., 0., 1., 0., 0., 0., 0., 0., 1.]), tensor([0., 0., 0., 0., 0., 1., 0., 0., 1., 0., 1., 0., 0., 0., 0., 1., 0., 1.,
        0., 0., 1., 0., 0., 1., 1., 0., 1., 0., 1., 0., 0., 0.]), tensor([0., 0., 1., 0., 0., 0., 0., 0., 1., 0., 0., 1., 0., 1., 1., 0., 0., 1.,
        0., 1., 1., 0., 0., 1., 0., 0., 1., 0., 0., 1., 0., 0.]), tensor([0., 1., 0., 0., 1., 0., 0., 1., 0., 0., 1., 0., 0., 1., 1., 0., 1., 1.,
        0., 1., 0., 0., 1., 0., 0., 1., 0., 0., 1., 1., 0., 1.]), tensor([0., 1., 0., 0., 1., 0., 0., 1., 0., 0., 1., 0., 0., 1., 1., 0., 1., 1.,
        0., 1., 0., 0., 1., 0., 0., 1., 0., 0., 1., 1., 0., 1.]), tensor([0., 0., 1., 0., 0., 1., 0., 0., 1., 0., 0., 1., 0., 0., 0., 0., 0., 1.,
        0., 0., 1., 0., 0., 1., 0., 0., 1., 0., 0., 0., 0., 0.]), tensor([0., 0., 1., 0., 0., 1., 0., 0., 1., 0., 0., 1., 0., 0., 0., 0., 0., 0.,
        0., 0., 0., 0., 0., 0., 0., 0., 1., 0., 0., 1., 0., 0.]), tensor([0., 0., 0., 0., 0., 1., 0., 0., 0., 0., 0., 1., 0., 0., 0., 0., 0., 0.,
        0., 0., 0., 0., 0., 0., 0., 0., 1., 0., 0., 0., 0., 0.]), tensor([1., 0., 0., 0., 0., 0., 1., 0., 1., 1., 0., 0., 1., 0., 1., 1., 0., 1.,
        0., 0., 0., 0., 0., 0., 1., 0., 0., 1., 0., 0., 1., 0.]), tensor([1., 0., 0., 0., 0., 0., 0., 0., 0., 1., 0., 0., 1., 0., 0., 1., 0., 0.,
        1., 0., 0., 1., 0., 0., 1., 0., 0., 1., 0., 0., 0., 0.]), tensor([0., 0., 0., 0., 0., 0., 0., 0., 0., 0., 0., 0., 0., 0., 0., 1., 0., 0.,
        1., 0., 0., 0., 0., 0., 1., 0., 0., 1., 0., 0., 0., 0.]), tensor([0., 0., 0., 1., 0., 1., 1., 1., 1., 0., 0., 0., 0., 0., 0., 0., 0., 1.,
        0., 0., 1., 1., 0., 1., 0., 0., 0., 0., 0., 0., 1., 0.]), tensor([0., 1., 1., 0., 0., 0., 0., 0., 0., 0., 0., 0., 0., 0., 0., 0., 1., 0.,
        0., 1., 0., 0., 1., 0., 0., 0., 0., 0., 0., 0., 0., 1.]), tensor([0., 1., 0., 0., 1., 0., 0., 1., 0., 0., 1., 0., 0., 1., 0., 0., 1., 0.,
        0., 1., 0., 0., 1., 0., 0., 1., 0., 0., 1., 0., 0., 1.]), tensor([0., 0., 1., 0., 0., 1., 0., 0., 1., 0., 0., 1., 0., 0., 1., 0., 0., 1.,
        0., 0., 1., 0., 0., 1., 0., 0., 1., 0., 0., 1., 0., 0.]), tensor([1., 0., 0., 1., 0., 0., 1., 0., 0., 1., 0., 0., 1., 0., 0., 1., 0., 0.,
        1., 0., 0., 1., 0., 0., 1., 0., 0., 1., 0., 0., 1., 0.])]
[tensor([1., 0., 0., 1., 0., 0., 1., 0., 0., 0., 0., 0., 1., 0., 0., 1., 0., 0.,
        1., 0., 0., 0., 0., 0., 1., 0., 0., 1., 0., 0., 1., 0.]), tensor([0., 0., 0., 0., 0., 0., 1., 0., 0., 1., 0., 0., 0., 0., 0., 0., 0., 0.,
        0., 0., 0., 1., 0., 0., 1., 0., 0., 0., 0., 0., 1., 0.]), tensor([0., 0., 0., 1., 0., 0., 0., 0., 0., 0., 0., 0., 0., 0., 0., 0., 0., 0.,
        0., 0., 0., 1., 0., 0., 0., 0., 0., 0., 0., 0., 0., 0.]), tensor([0., 0., 0., 0., 0., 0., 1., 0., 0., 1., 0., 0., 0., 0., 0., 1., 0., 0.,
        1., 0., 0., 1., 0., 0., 0., 0., 0., 1., 0., 0., 1., 0.]), tensor([1., 0., 0., 0., 0., 0., 1., 0., 0., 1., 0., 0., 0., 0., 0., 0., 0., 0.,
        0., 0., 0., 1., 0., 0., 0., 0., 0., 1., 0., 0., 1., 0.]), tensor([0., 0., 0., 0., 0., 1., 0., 0., 1., 0., 0., 1., 0., 0., 0., 0., 0., 0.,
        0., 0., 0., 0., 0., 1., 0., 0., 0., 0., 0., 0., 0., 0.]), tensor([0., 0., 1., 0., 0., 0., 0., 0., 1., 0., 0., 1., 0., 0., 1., 0., 0., 1.,
        0., 0., 1., 0., 0., 1., 0., 0., 1., 0., 0., 1., 0., 0.]), tensor([0., 0., 0., 0., 0., 0., 0., 0., 0., 0., 0., 1., 0., 0., 0., 0., 0., 1.,
        0., 0., 1., 0., 0., 1., 0., 0., 1., 0., 0., 1., 0., 0.]), tensor([0., 0., 0., 0., 1., 0., 0., 0., 0., 0., 0., 0., 0., 0., 0., 0., 0., 0.,
        0., 0., 0., 0., 1., 0., 0., 0., 0., 0., 0., 0., 0., 0.]), tensor([0., 0., 0., 0., 0., 0., 0., 0., 0., 0., 1., 0., 0., 1., 0., 0., 1., 0.,
        0., 1., 0., 0., 0., 0., 0., 1., 0., 0., 0., 0., 0., 1.]), tensor([0., 1., 0., 0., 0., 0., 0., 1., 0., 0., 1., 0., 0., 0., 0., 0., 1., 0.,
        0., 1., 0., 0., 0., 0., 0., 1., 0., 0., 1., 0., 0., 1.]), tensor([0., 0., 0., 0., 0., 0., 0., 0., 0., 0., 1., 0., 0., 0., 0., 0., 1., 0.,
        0., 1., 0., 0., 0., 0., 0., 1., 0., 0., 1., 0., 0., 1.]), tensor([1., 0., 1., 0., 1., 1., 1., 1., 0., 0., 1., 0., 1., 0., 1., 1., 1., 1.,
        0., 1., 1., 1., 1., 1., 1., 0., 0., 1., 1., 1., 0., 1.]), tensor([1., 1., 0., 1., 1., 1., 1., 0., 1., 1., 0., 1., 0., 1., 0., 1., 1., 0.,
        1., 1., 1., 0., 0., 1., 0., 0., 1., 1., 0., 1., 1., 1.]), tensor([1., 1., 0., 0., 0., 0., 1., 1., 0., 1., 0., 0., 0., 0., 1., 0., 0., 0.,
        0., 0., 1., 1., 0., 0., 0., 0., 0., 1., 1., 1., 1., 0.]), tensor([0., 0., 0., 0., 0., 0., 1., 0., 0., 1., 0., 0., 0., 0., 0., 1., 0., 0.,
        1., 0., 0., 1., 0., 0., 0., 0., 0., 1., 0., 0., 1., 0.]), tensor([0., 0., 0., 0., 0., 1., 0., 0., 1., 0., 0., 1., 0., 0., 0., 0., 0., 0.,
        0., 0., 0., 0., 0., 1., 0., 0., 0., 0., 0., 0., 0., 0.]), tensor([1., 1., 0., 1., 1., 0., 1., 0., 0., 0., 0., 0., 0., 0., 0., 1., 0., 0.,
        0., 0., 0., 1., 1., 0., 0., 0., 0., 1., 0., 0., 1., 0.]), tensor([1., 0., 1., 1., 0., 0., 1., 0., 0., 1., 0., 0., 0., 0., 0., 1., 0., 0.,
        0., 0., 0., 1., 0., 0., 1., 0., 0., 1., 0., 0., 1., 0.]), tensor([0., 0., 1., 0., 0., 0., 0., 0., 1., 0., 0., 1., 0., 0., 1., 0., 0., 1.,
        0., 0., 1., 1., 0., 1., 0., 0., 1., 0., 0., 1., 1., 0.]), tensor([0., 0., 1., 0., 0., 0., 0., 0., 1., 0., 0., 1., 0., 0., 1., 0., 0., 1.,
        0., 0., 1., 1., 0., 1., 0., 0., 1., 0., 0., 1., 0., 0.]), tensor([1., 0., 0., 1., 0., 0., 0., 0., 0., 0., 0., 0., 1., 0., 0., 1., 0., 0.,
        0., 0., 0., 0., 0., 0., 1., 0., 0., 1., 0., 0., 0., 0.]), tensor([0., 0., 0., 0., 0., 0., 1., 0., 0., 1., 0., 0., 0., 0., 0., 0., 0., 0.,
        0., 0., 0., 1., 0., 0., 1., 0., 0., 0., 0., 0., 1., 0.]), tensor([1., 0., 0., 0., 0., 0., 1., 0., 0., 0., 0., 0., 0., 0., 0., 0., 0., 0.,
        1., 0., 0., 0., 0., 0., 0., 0., 0., 0., 0., 0., 1., 0.]), tensor([0., 1., 0., 0., 1., 0., 0., 1., 0., 0., 1., 0., 0., 0., 0., 1., 1., 0.,
        0., 1., 0., 0., 0., 0., 0., 1., 0., 0., 1., 0., 0., 1.]), tensor([0., 1., 0., 0., 0., 0., 1., 1., 0., 1., 1., 0., 0., 0., 0., 0., 1., 0.,
        0., 1., 0., 0., 0., 0., 0., 1., 0., 0., 1., 0., 0., 1.]), tensor([0., 0., 0., 0., 1., 0., 0., 0., 0., 0., 0., 0., 0., 0., 0., 0., 0., 0.,
        0., 0., 0., 0., 1., 0., 0., 0., 0., 0., 0., 0., 0., 0.]), tensor([0., 0., 0., 0., 0., 0., 0., 0., 0., 0., 1., 0., 0., 1., 1., 0., 1., 0.,
        0., 1., 0., 1., 0., 0., 0., 1., 0., 0., 1., 0., 0., 1.]), tensor([0., 0., 0., 1., 0., 1., 0., 0., 0., 0., 0., 1., 0., 0., 0., 0., 0., 1.,
        1., 0., 1., 0., 0., 1., 0., 0., 1., 0., 0., 1., 0., 0.]), tensor([0., 0., 1., 0., 0., 1., 0., 0., 1., 0., 0., 1., 0., 0., 1., 0., 0., 1.,
        0., 0., 1., 0., 0., 1., 0., 0., 1., 0., 0., 1., 0., 0.]), tensor([1., 0., 0., 1., 0., 0., 1., 0., 0., 1., 0., 0., 1., 0., 0., 1., 0., 0.,
        1., 0., 0., 1., 0., 0., 1., 0., 0., 1., 0., 0., 1., 0.]), tensor([0., 1., 0., 0., 1., 0., 0., 1., 0., 0., 1., 0., 0., 1., 0., 0., 1., 0.,
        0., 1., 0., 0., 1., 0., 0., 1., 0., 0., 1., 0., 0., 1.])]
[tensor([0., 1., 0., 0., 0., 0., 0., 1., 0., 0., 1., 0., 0., 1., 0., 0., 1., 0.,
        0., 1., 0., 0., 0., 0., 0., 1., 0., 0., 0., 0., 0., 0.]), tensor([0., 0., 0., 0., 0., 0., 0., 0., 0., 0., 1., 0., 0., 0., 0., 0., 1., 0.,
        0., 0., 0., 0., 1., 0., 0., 0., 0., 0., 1., 0., 0., 1.]), tensor([0., 1., 0., 0., 0., 0., 0., 0., 0., 0., 0., 0., 0., 0., 0., 0., 0., 0.,
        0., 0., 0., 0., 0., 0., 0., 1., 0., 0., 1., 0., 0., 1.]), tensor([0., 1., 0., 0., 1., 0., 0., 0., 0., 0., 1., 0., 0., 0., 0., 0., 1., 0.,
        0., 0., 0., 0., 0., 0., 0., 1., 0., 0., 0., 0., 0., 0.]), tensor([0., 1., 0., 0., 1., 0., 0., 1., 0., 0., 1., 0., 0., 1., 0., 0., 1., 0.,
        0., 1., 0., 0., 1., 0., 0., 0., 0., 0., 0., 0., 0., 0.]), tensor([1., 0., 0., 1., 0., 0., 1., 0., 0., 0., 0., 0., 0., 0., 0., 1., 0., 0.,
        1., 0., 0., 1., 0., 0., 0., 0., 0., 0., 0., 0., 1., 0.]), tensor([1., 0., 0., 1., 0., 0., 1., 0., 0., 1., 0., 0., 1., 0., 0., 0., 0., 0.,
        0., 0., 0., 1., 0., 0., 1., 0., 0., 1., 0., 0., 0., 0.]), tensor([1., 0., 0., 1., 0., 0., 0., 0., 0., 0., 0., 0., 0., 0., 0., 0., 0., 0.,
        0., 0., 0., 1., 0., 0., 0., 0., 0., 1., 0., 0., 0., 0.]), tensor([0., 0., 0., 0., 0., 1., 0., 0., 0., 0., 0., 1., 0., 0., 0., 0., 0., 0.,
        0., 0., 0., 0., 0., 0., 0., 0., 0., 0., 0., 1., 0., 0.]), tensor([0., 0., 1., 0., 0., 0., 0., 0., 1., 0., 0., 0., 0., 0., 0., 0., 0., 0.,
        0., 0., 0., 0., 0., 0., 0., 0., 1., 0., 0., 0., 0., 0.]), tensor([0., 0., 0., 0., 0., 0., 0., 0., 0., 0., 0., 0., 0., 0., 1., 0., 0., 1.,
        0., 0., 1., 0., 0., 0., 0., 0., 0., 0., 0., 0., 0., 0.]), tensor([0., 0., 1., 0., 0., 0., 0., 0., 0., 0., 0., 0., 0., 0., 0., 0., 0., 0.,
        0., 0., 0., 0., 0., 1., 0., 0., 1., 0., 0., 0., 0., 0.]), tensor([1., 1., 1., 0., 0., 1., 1., 1., 0., 1., 0., 1., 1., 1., 1., 1., 0., 1.,
        0., 0., 0., 0., 1., 0., 1., 1., 1., 1., 1., 1., 0., 0.]), tensor([1., 1., 1., 0., 1., 1., 1., 1., 1., 1., 1., 0., 0., 1., 0., 1., 1., 1.,
        0., 1., 1., 1., 1., 1., 1., 1., 0., 1., 0., 1., 1., 0.]), tensor([1., 1., 0., 0., 1., 0., 1., 1., 0., 1., 1., 0., 1., 1., 0., 0., 1., 0.,
        0., 1., 0., 0., 1., 1., 1., 0., 0., 0., 1., 0., 1., 0.]), tensor([0., 1., 0., 0., 1., 0., 0., 0., 0., 0., 1., 0., 0., 0., 0., 0., 1., 0.,
        0., 0., 0., 0., 0., 0., 0., 1., 0., 0., 0., 0., 0., 0.]), tensor([1., 0., 0., 1., 0., 0., 1., 0., 0., 0., 0., 0., 0., 0., 0., 1., 0., 0.,
        1., 0., 0., 1., 0., 0., 0., 0., 0., 0., 0., 0., 1., 0.]), tensor([0., 1., 0., 0., 0., 1., 0., 1., 0., 0., 1., 1., 0., 1., 0., 0., 1., 0.,
        1., 0., 0., 0., 1., 0., 1., 1., 0., 0., 1., 1., 0., 1.]), tensor([0., 1., 0., 0., 1., 0., 0., 1., 0., 0., 1., 0., 0., 1., 0., 1., 1., 0.,
        0., 1., 0., 1., 1., 0., 0., 1., 0., 0., 0., 0., 0., 1.]), tensor([1., 1., 0., 1., 1., 0., 1., 0., 0., 1., 0., 0., 1., 0., 0., 0., 0., 0.,
        0., 0., 0., 1., 0., 0., 1., 0., 0., 1., 0., 0., 0., 0.]), tensor([1., 1., 0., 1., 1., 0., 1., 0., 0., 1., 0., 0., 1., 0., 0., 0., 0., 0.,
        0., 0., 0., 1., 0., 0., 1., 0., 0., 1., 0., 0., 0., 0.]), tensor([0., 1., 0., 0., 0., 0., 0., 1., 0., 0., 1., 0., 0., 1., 0., 0., 1., 0.,
        0., 1., 0., 0., 0., 0., 0., 0., 0., 0., 0., 0., 0., 0.]), tensor([0., 0., 0., 0., 0., 0., 0., 0., 0., 0., 1., 0., 0., 0., 0., 0., 1., 0.,
        0., 0., 0., 0., 1., 0., 0., 0., 0., 0., 1., 0., 0., 1.]), tensor([0., 0., 0., 0., 0., 0., 0., 0., 0., 0., 1., 0., 0., 0., 0., 0., 0., 0.,
        0., 0., 0., 0., 0., 0., 0., 1., 0., 0., 0., 0., 0., 0.]), tensor([0., 1., 0., 0., 0., 0., 0., 0., 0., 0., 0., 0., 0., 0., 1., 0., 0., 1.,
        0., 0., 1., 0., 0., 0., 0., 0., 0., 0., 0., 1., 0., 0.]), tensor([0., 0., 1., 0., 0., 0., 0., 0., 0., 0., 0., 0., 0., 0., 1., 0., 0., 1.,
        0., 0., 1., 0., 0., 1., 0., 1., 1., 0., 0., 0., 0., 0.]), tensor([0., 0., 0., 0., 0., 1., 0., 0., 0., 0., 0., 1., 0., 0., 0., 0., 0., 0.,
        0., 0., 0., 0., 0., 0., 0., 0., 0., 0., 0., 1., 0., 0.]), tensor([0., 1., 1., 0., 0., 0., 1., 0., 1., 0., 0., 0., 0., 0., 0., 0., 0., 0.,
        0., 0., 0., 0., 0., 1., 0., 0., 1., 0., 1., 0., 0., 1.]), tensor([1., 0., 0., 1., 0., 0., 0., 0., 0., 0., 0., 0., 0., 0., 1., 1., 0., 0.,
        0., 0., 0., 1., 0., 0., 0., 1., 0., 1., 0., 0., 1., 0.]), tensor([1., 0., 0., 1., 0., 0., 1., 0., 0., 1., 0., 0., 1., 0., 0., 1., 0., 0.,
        1., 0., 0., 1., 0., 0., 1., 0., 0., 1., 0., 0., 1., 0.]), tensor([0., 1., 0., 0., 1., 0., 0., 1., 0., 0., 1., 0., 0., 1., 0., 0., 1., 0.,
        0., 1., 0., 0., 1., 0., 0., 1., 0., 0., 1., 0., 0., 1.]), tensor([0., 0., 1., 0., 0., 1., 0., 0., 1., 0., 0., 1., 0., 0., 1., 0., 0., 1.,
        0., 0., 1., 0., 0., 1., 0., 0., 1., 0., 0., 1., 0., 0.])]
[tensor([0., 0., 1., 0., 0., 1., 0., 0., 0., 0., 0., 1., 0., 0., 0., 0., 0., 1.,
        0., 0., 1., 0., 0., 1., 0., 0., 1., 0., 0., 0., 0., 0.]), tensor([0., 0., 1., 0., 0., 0., 0., 0., 1., 0., 0., 1., 0., 0., 0., 0., 0., 1.,
        0., 0., 1., 0., 0., 1., 0., 0., 1., 0., 0., 1., 0., 0.]), tensor([0., 0., 1., 0., 0., 0., 0., 0., 1., 0., 0., 1., 0., 0., 0., 0., 0., 0.,
        0., 0., 1., 0., 0., 0., 0., 0., 0., 0., 0., 1., 0., 0.]), tensor([0., 0., 0., 0., 0., 1., 0., 0., 1., 0., 0., 0., 0., 0., 1., 0., 0., 1.,
        0., 0., 1., 0., 0., 1., 0., 0., 1., 0., 0., 1., 0., 0.]), tensor([0., 0., 0., 0., 0., 1., 0., 0., 0., 0., 0., 0., 0., 0., 1., 0., 0., 1.,
        0., 0., 1., 0., 0., 1., 0., 0., 1., 0., 0., 0., 0., 0.]), tensor([0., 0., 0., 0., 1., 0., 0., 0., 0., 0., 1., 0., 0., 1., 0., 0., 1., 0.,
        0., 1., 0., 0., 1., 0., 0., 1., 0., 0., 0., 0., 0., 0.]), tensor([0., 1., 0., 0., 1., 0., 0., 1., 0., 0., 1., 0., 0., 0., 0., 0., 0., 0.,
        0., 1., 0., 0., 1., 0., 0., 1., 0., 0., 1., 0., 0., 1.]), tensor([0., 0., 0., 0., 1., 0., 0., 1., 0., 0., 0., 0., 0., 0., 0., 0., 0., 0.,
        0., 0., 0., 0., 0., 0., 0., 0., 0., 0., 1., 0., 0., 1.]), tensor([0., 0., 0., 0., 0., 0., 0., 0., 0., 0., 0., 0., 0., 0., 0., 0., 0., 0.,
        0., 0., 0., 0., 0., 0., 0., 0., 0., 0., 0., 0., 1., 0.]), tensor([1., 0., 0., 0., 0., 0., 1., 0., 0., 1., 0., 0., 1., 0., 0., 1., 0., 0.,
        1., 0., 0., 1., 0., 0., 1., 0., 0., 1., 0., 0., 0., 0.]), tensor([1., 0., 0., 1., 0., 0., 1., 0., 0., 0., 0., 0., 0., 0., 0., 1., 0., 0.,
        1., 0., 0., 0., 0., 0., 0., 0., 0., 0., 0., 0., 0., 0.]), tensor([1., 0., 0., 0., 0., 0., 1., 0., 0., 1., 0., 0., 1., 0., 0., 1., 0., 0.,
        1., 0., 0., 0., 0., 0., 1., 0., 0., 1., 0., 0., 0., 0.]), tensor([0., 1., 1., 0., 1., 0., 0., 1., 1., 0., 1., 0., 1., 0., 0., 0., 0., 1.,
        0., 1., 1., 1., 1., 1., 0., 1., 0., 0., 0., 0., 1., 1.]), tensor([1., 0., 1., 1., 0., 1., 1., 0., 0., 1., 0., 1., 1., 1., 1., 1., 1., 1.,
        1., 0., 1., 1., 0., 1., 0., 1., 1., 0., 0., 0., 0., 1.]), tensor([0., 0., 0., 0., 0., 1., 0., 0., 1., 0., 0., 0., 0., 0., 1., 0., 1., 1.,
        0., 0., 1., 0., 1., 1., 0., 0., 1., 0., 0., 0., 0., 1.]), tensor([0., 0., 0., 0., 0., 1., 0., 0., 1., 0., 0., 0., 0., 0., 1., 0., 0., 1.,
        0., 0., 1., 0., 0., 1., 0., 0., 1., 0., 0., 1., 0., 0.]), tensor([0., 0., 0., 0., 1., 0., 0., 0., 0., 0., 1., 0., 0., 1., 0., 0., 1., 0.,
        0., 1., 0., 0., 1., 0., 0., 1., 0., 0., 0., 0., 0., 0.]), tensor([0., 0., 1., 0., 0., 0., 0., 0., 1., 0., 1., 1., 0., 0., 0., 0., 0., 1.,
        0., 0., 1., 0., 0., 0., 0., 0., 1., 0., 0., 1., 0., 0.]), tensor([0., 1., 1., 0., 0., 1., 0., 1., 0., 0., 1., 1., 0., 0., 1., 0., 0., 1.,
        0., 1., 1., 0., 0., 1., 0., 0., 1., 0., 1., 1., 0., 0.]), tensor([0., 1., 0., 0., 1., 0., 0., 1., 0., 0., 1., 0., 0., 0., 0., 0., 0., 0.,
        0., 1., 1., 0., 1., 1., 0., 1., 0., 0., 1., 0., 0., 1.]), tensor([0., 1., 0., 0., 1., 0., 0., 1., 0., 0., 1., 0., 0., 0., 0., 0., 0., 0.,
        0., 1., 1., 0., 1., 1., 0., 1., 0., 0., 1., 0., 0., 1.]), tensor([0., 0., 1., 0., 0., 1., 0., 0., 0., 0., 0., 0., 0., 0., 0., 0., 0., 1.,
        0., 0., 1., 0., 0., 1., 0., 0., 1., 0., 0., 0., 0., 0.]), tensor([0., 0., 1., 0., 0., 0., 0., 0., 1., 0., 0., 1., 0., 0., 0., 0., 0., 1.,
        0., 0., 1., 0., 0., 1., 0., 0., 1., 0., 0., 1., 0., 0.]), tensor([0., 0., 1., 0., 0., 0., 0., 0., 0., 0., 0., 1., 0., 0., 0., 0., 0., 0.,
        0., 0., 0., 0., 0., 0., 0., 0., 1., 0., 0., 0., 0., 0.]), tensor([1., 0., 0., 1., 0., 0., 1., 0., 0., 0., 0., 0., 0., 0., 0., 1., 0., 0.,
        1., 0., 0., 1., 0., 0., 0., 0., 0., 0., 0., 0., 1., 0.]), tensor([1., 0., 0., 1., 0., 0., 1., 0., 0., 1., 0., 0., 1., 0., 0., 1., 0., 0.,
        1., 0., 0., 0., 0., 0., 1., 0., 0., 1., 0., 0., 0., 0.]), tensor([0., 0., 0., 0., 0., 0., 0., 0., 0., 0., 0., 0., 0., 0., 0., 0., 0., 0.,
        0., 0., 0., 0., 0., 0., 0., 0., 0., 0., 0., 0., 1., 0.]), tensor([1., 0., 1., 0., 0., 0., 1., 0., 1., 1., 0., 0., 1., 0., 0., 1., 1., 0.,
        1., 0., 1., 1., 1., 0., 1., 0., 0., 1., 0., 1., 0., 0.]), tensor([0., 0., 0., 1., 1., 0., 0., 1., 0., 0., 0., 1., 0., 1., 0., 0., 0., 0.,
        0., 0., 0., 0., 0., 0., 0., 0., 0., 0., 1., 0., 0., 1.]), tensor([0., 1., 0., 0., 1., 0., 0., 1., 0., 0., 1., 0., 0., 1., 0., 0., 1., 0.,
        0., 1., 0., 0., 1., 0., 0., 1., 0., 0., 1., 0., 0., 1.]), tensor([0., 0., 1., 0., 0., 1., 0., 0., 1., 0., 0., 1., 0., 0., 1., 0., 0., 1.,
        0., 0., 1., 0., 0., 1., 0., 0., 1., 0., 0., 1., 0., 0.]), tensor([1., 0., 0., 1., 0., 0., 1., 0., 0., 1., 0., 0., 1., 0., 0., 1., 0., 0.,
        1., 0., 0., 1., 0., 0., 1., 0., 0., 1., 0., 0., 1., 0.])]
[tensor([1., 0., 0., 0., 0., 0., 0., 0., 0., 0., 0., 0., 0., 0., 0., 1., 0., 0.,
        1., 0., 0., 1., 0., 0., 1., 0., 0., 0., 0., 0., 1., 0.]), tensor([0., 0., 0., 0., 0., 0., 1., 0., 0., 1., 0., 0., 1., 0., 0., 0., 0., 0.,
        0., 0., 0., 1., 0., 0., 1., 0., 0., 1., 0., 0., 0., 0.]), tensor([0., 0., 0., 0., 0., 0., 1., 0., 0., 1., 0., 0., 1., 0., 0., 0., 0., 0.,
        0., 0., 0., 1., 0., 0., 0., 0., 0., 0., 0., 0., 1., 0.]), tensor([0., 0., 0., 0., 0., 0., 1., 0., 0., 1., 0., 0., 1., 0., 0., 1., 0., 0.,
        1., 0., 0., 0., 0., 0., 1., 0., 0., 1., 0., 0., 0., 0.]), tensor([0., 0., 0., 1., 0., 0., 1., 0., 0., 1., 0., 0., 0., 0., 0., 0., 0., 0.,
        1., 0., 0., 0., 0., 0., 0., 0., 0., 1., 0., 0., 1., 0.]), tensor([0., 0., 1., 0., 0., 1., 0., 0., 1., 0., 0., 1., 0., 0., 1., 0., 0., 0.,
        0., 0., 1., 0., 0., 1., 0., 0., 0., 0., 0., 0., 0., 0.]), tensor([0., 0., 0., 0., 0., 1., 0., 0., 1., 0., 0., 1., 0., 0., 1., 0., 0., 1.,
        0., 0., 1., 0., 0., 1., 0., 0., 1., 0., 0., 1., 0., 0.]), tensor([0., 0., 0., 0., 0., 1., 0., 0., 0., 0., 0., 0., 0., 0., 0., 0., 0., 1.,
        0., 0., 0., 0., 0., 1., 0., 0., 1., 0., 0., 1., 0., 0.]), tensor([0., 0., 0., 0., 0., 0., 0., 0., 0., 0., 1., 0., 0., 0., 0., 0., 0., 0.,
        0., 1., 0., 0., 1., 0., 0., 0., 0., 0., 0., 0., 0., 0.]), tensor([0., 0., 0., 0., 0., 0., 0., 1., 0., 0., 0., 0., 0., 1., 0., 0., 0., 0.,
        0., 0., 0., 0., 0., 0., 0., 0., 0., 0., 1., 0., 0., 0.]), tensor([0., 0., 0., 0., 1., 0., 0., 0., 0., 0., 0., 0., 0., 0., 0., 0., 1., 0.,
        0., 1., 0., 0., 0., 0., 0., 1., 0., 0., 1., 0., 0., 1.]), tensor([0., 1., 0., 0., 1., 0., 0., 1., 0., 0., 0., 0., 0., 1., 0., 0., 0., 0.,
        0., 0., 0., 0., 0., 0., 0., 0., 0., 0., 1., 0., 0., 0.]), tensor([1., 1., 1., 0., 1., 0., 1., 0., 1., 1., 1., 1., 1., 1., 0., 1., 1., 1.,
        0., 1., 1., 0., 1., 1., 1., 1., 0., 0., 0., 0., 0., 1.]), tensor([1., 1., 1., 1., 1., 1., 1., 0., 1., 0., 0., 1., 1., 0., 1., 1., 1., 1.,
        1., 1., 1., 1., 1., 0., 1., 1., 0., 1., 1., 1., 1., 1.]), tensor([0., 1., 1., 1., 1., 0., 1., 0., 0., 1., 0., 0., 0., 0., 1., 0., 0., 0.,
        1., 1., 1., 1., 0., 1., 0., 1., 0., 1., 0., 1., 1., 1.]), tensor([0., 0., 0., 0., 0., 0., 1., 0., 0., 1., 0., 0., 1., 0., 0., 1., 0., 0.,
        1., 0., 0., 0., 0., 0., 1., 0., 0., 1., 0., 0., 0., 0.]), tensor([0., 0., 1., 0., 0., 1., 0., 0., 1., 0., 0., 1., 0., 0., 1., 0., 0., 0.,
        0., 0., 1., 0., 0., 1., 0., 0., 0., 0., 0., 0., 0., 0.]), tensor([0., 0., 1., 1., 0., 0., 1., 0., 1., 1., 0., 0., 1., 0., 0., 0., 1., 0.,
        0., 1., 0., 1., 1., 0., 0., 0., 0., 0., 0., 0., 1., 1.]), tensor([1., 0., 0., 1., 0., 0., 1., 0., 0., 1., 0., 0., 0., 0., 0., 0., 0., 0.,
        1., 0., 0., 0., 0., 0., 1., 0., 1., 1., 0., 0., 1., 0.]), tensor([0., 0., 0., 0., 0., 1., 0., 0., 1., 1., 0., 1., 0., 0., 1., 0., 0., 1.,
        0., 0., 1., 0., 0., 1., 0., 0., 1., 1., 0., 1., 1., 0.]), tensor([0., 0., 0., 0., 0., 1., 0., 0., 1., 1., 0., 1., 0., 0., 1., 0., 0., 1.,
        0., 0., 1., 0., 0., 1., 0., 0., 1., 1., 0., 1., 0., 0.]), tensor([1., 0., 0., 0., 0., 0., 0., 0., 0., 0., 0., 0., 0., 0., 0., 0., 0., 0.,
        0., 0., 0., 1., 0., 0., 1., 0., 0., 0., 0., 0., 0., 0.]), tensor([0., 0., 0., 0., 0., 0., 1., 0., 0., 1., 0., 0., 1., 0., 0., 0., 0., 0.,
        0., 0., 0., 1., 0., 0., 1., 0., 0., 1., 0., 0., 0., 0.]), tensor([0., 0., 0., 0., 0., 0., 0., 0., 0., 0., 0., 0., 0., 0., 0., 1., 0., 0.,
        1., 0., 0., 0., 0., 0., 1., 0., 0., 0., 0., 0., 1., 0.]), tensor([1., 0., 0., 1., 1., 0., 0., 0., 0., 1., 1., 0., 0., 0., 0., 0., 1., 0.,
        0., 1., 0., 0., 1., 0., 0., 1., 0., 0., 1., 0., 0., 1.]), tensor([0., 1., 0., 0., 1., 0., 0., 1., 0., 0., 0., 0., 0., 1., 0., 0., 1., 0.,
        1., 1., 0., 1., 0., 0., 0., 1., 0., 0., 1., 0., 0., 1.]), tensor([0., 0., 0., 0., 0., 0., 0., 0., 0., 0., 1., 0., 0., 0., 0., 0., 0., 0.,
        0., 1., 0., 0., 1., 0., 0., 0., 0., 0., 0., 0., 0., 0.]), tensor([0., 1., 0., 0., 1., 0., 1., 1., 0., 1., 0., 0., 0., 1., 0., 0., 0., 0.,
        0., 0., 0., 0., 0., 0., 0., 0., 0., 0., 1., 0., 1., 0.]), tensor([1., 0., 0., 0., 0., 1., 0., 0., 0., 0., 0., 0., 1., 0., 0., 1., 0., 1.,
        1., 0., 0., 1., 0., 1., 1., 0., 1., 0., 0., 1., 0., 0.]), tensor([0., 0., 1., 0., 0., 1., 0., 0., 1., 0., 0., 1., 0., 0., 1., 0., 0., 1.,
        0., 0., 1., 0., 0., 1., 0., 0., 1., 0., 0., 1., 0., 0.]), tensor([1., 0., 0., 1., 0., 0., 1., 0., 0., 1., 0., 0., 1., 0., 0., 1., 0., 0.,
        1., 0., 0., 1., 0., 0., 1., 0., 0., 1., 0., 0., 1., 0.]), tensor([0., 1., 0., 0., 1., 0., 0., 1., 0., 0., 1., 0., 0., 1., 0., 0., 1., 0.,
        0., 1., 0., 0., 1., 0., 0., 1., 0., 0., 1., 0., 0., 1.])]
[tensor([0., 1., 0., 0., 1., 0., 0., 0., 0., 0., 1., 0., 0., 1., 0., 0., 1., 0.,
        0., 1., 0., 0., 0., 0., 0., 1., 0., 0., 1., 0., 0., 0.]), tensor([0., 1., 0., 0., 1., 0., 0., 1., 0., 0., 0., 0., 0., 0., 0., 0., 1., 0.,
        0., 0., 0., 0., 1., 0., 0., 0., 0., 0., 0., 0., 0., 0.]), tensor([0., 0., 0., 0., 0., 0., 0., 0., 0., 0., 0., 0., 0., 0., 0., 0., 1., 0.,
        0., 1., 0., 0., 1., 0., 0., 0., 0., 0., 0., 0., 0., 1.]), tensor([0., 1., 0., 0., 0., 0., 0., 1., 0., 0., 1., 0., 0., 1., 0., 0., 1., 0.,
        0., 1., 0., 0., 1., 0., 0., 1., 0., 0., 1., 0., 0., 1.]), tensor([0., 1., 0., 0., 0., 0., 0., 1., 0., 0., 0., 0., 0., 1., 0., 0., 1., 0.,
        0., 0., 0., 0., 0., 0., 0., 1., 0., 0., 0., 0., 0., 0.]), tensor([0., 0., 0., 1., 0., 0., 1., 0., 0., 1., 0., 0., 1., 0., 0., 0., 0., 0.,
        0., 0., 0., 0., 0., 0., 1., 0., 0., 1., 0., 0., 0., 0.]), tensor([1., 0., 0., 0., 0., 0., 1., 0., 0., 1., 0., 0., 1., 0., 0., 1., 0., 0.,
        1., 0., 0., 1., 0., 0., 1., 0., 0., 0., 0., 0., 1., 0.]), tensor([0., 0., 0., 0., 0., 0., 0., 0., 0., 0., 0., 0., 0., 0., 0., 1., 0., 0.,
        1., 0., 0., 1., 0., 0., 1., 0., 0., 0., 0., 0., 1., 0.]), tensor([0., 0., 0., 0., 0., 0., 0., 0., 0., 0., 0., 0., 0., 0., 0., 0., 0., 0.,
        0., 0., 0., 0., 0., 1., 0., 0., 0., 0., 0., 1., 0., 0.]), tensor([0., 0., 0., 0., 0., 1., 0., 0., 1., 0., 0., 1., 0., 0., 0., 0., 0., 0.,
        0., 0., 1., 0., 0., 0., 0., 0., 1., 0., 0., 0., 0., 0.]), tensor([0., 0., 1., 0., 0., 1., 0., 0., 0., 0., 0., 0., 0., 0., 0., 0., 0., 1.,
        0., 0., 1., 0., 0., 1., 0., 0., 1., 0., 0., 0., 0., 0.]), tensor([0., 0., 0., 0., 0., 1., 0., 0., 1., 0., 0., 0., 0., 0., 1., 0., 0., 0.,
        0., 0., 1., 0., 0., 0., 0., 0., 1., 0., 0., 0., 0., 0.]), tensor([0., 0., 1., 1., 1., 1., 1., 1., 0., 1., 1., 0., 1., 1., 0., 1., 1., 1.,
        0., 1., 1., 0., 1., 1., 1., 1., 0., 0., 1., 1., 1., 0.]), tensor([1., 1., 1., 0., 1., 0., 1., 1., 1., 0., 1., 0., 0., 1., 1., 1., 1., 1.,
        1., 0., 1., 1., 0., 0., 1., 1., 1., 1., 1., 0., 1., 0.]), tensor([0., 1., 0., 0., 0., 0., 1., 1., 0., 0., 0., 0., 1., 1., 1., 1., 1., 0.,
        1., 1., 0., 0., 0., 1., 1., 1., 0., 0., 0., 0., 1., 0.]), tensor([0., 1., 0., 0., 0., 0., 0., 1., 0., 0., 1., 0., 0., 1., 0., 0., 1., 0.,
        0., 1., 0., 0., 1., 0., 0., 1., 0., 0., 1., 0., 0., 1.]), tensor([0., 0., 0., 1., 0., 0., 1., 0., 0., 1., 0., 0., 1., 0., 0., 0., 0., 0.,
        0., 0., 0., 0., 0., 0., 1., 0., 0., 1., 0., 0., 0., 0.]), tensor([1., 1., 0., 0., 0., 0., 0., 0., 0., 0., 0., 0., 0., 0., 0., 0., 1., 0.,
        0., 1., 0., 0., 1., 0., 0., 0., 0., 0., 0., 0., 0., 1.]), tensor([0., 1., 0., 0., 1., 0., 0., 1., 0., 0., 1., 0., 0., 1., 0., 0., 1., 0.,
        0., 0., 0., 0., 1., 0., 0., 1., 0., 1., 1., 0., 0., 0.]), tensor([1., 1., 0., 0., 0., 0., 1., 0., 0., 1., 0., 0., 1., 1., 0., 1., 0., 0.,
        1., 0., 0., 1., 0., 0., 1., 0., 0., 0., 0., 0., 1., 0.]), tensor([1., 1., 0., 0., 0., 0., 1., 0., 0., 1., 0., 0., 1., 1., 0., 1., 0., 0.,
        1., 0., 0., 1., 0., 0., 1., 0., 0., 0., 0., 0., 1., 0.]), tensor([0., 1., 0., 0., 0., 0., 0., 0., 0., 0., 1., 0., 0., 1., 0., 0., 1., 0.,
        0., 0., 0., 0., 0., 0., 0., 1., 0., 0., 1., 0., 0., 0.]), tensor([0., 1., 0., 0., 1., 0., 0., 1., 0., 0., 0., 0., 0., 0., 0., 0., 1., 0.,
        0., 0., 0., 0., 1., 0., 0., 0., 0., 0., 0., 0., 0., 0.]), tensor([0., 0., 0., 0., 1., 0., 0., 0., 0., 0., 0., 0., 0., 0., 0., 0., 0., 0.,
        0., 1., 0., 0., 0., 0., 0., 0., 0., 0., 0., 0., 0., 0.]), tensor([0., 0., 1., 0., 0., 1., 0., 0., 0., 0., 0., 1., 0., 0., 0., 0., 1., 1.,
        0., 0., 1., 0., 1., 1., 0., 0., 1., 0., 1., 1., 0., 0.]), tensor([0., 0., 1., 0., 0., 1., 0., 0., 1., 0., 0., 0., 0., 0., 1., 0., 0., 1.,
        0., 0., 1., 0., 0., 1., 0., 0., 1., 0., 0., 0., 0., 0.]), tensor([0., 0., 0., 0., 0., 0., 0., 0., 0., 0., 0., 0., 0., 0., 0., 0., 0., 0.,
        0., 0., 0., 0., 0., 1., 0., 0., 0., 0., 0., 1., 0., 0.]), tensor([0., 0., 0., 0., 1., 1., 0., 0., 1., 0., 1., 1., 0., 0., 1., 0., 1., 0.,
        0., 1., 1., 0., 1., 0., 0., 0., 1., 0., 0., 0., 0., 0.]), tensor([0., 0., 0., 1., 0., 0., 0., 1., 0., 0., 0., 0., 0., 0., 0., 1., 0., 0.,
        1., 0., 0., 1., 0., 0., 1., 0., 0., 0., 0., 0., 1., 1.]), tensor([1., 0., 0., 1., 0., 0., 1., 0., 0., 1., 0., 0., 1., 0., 0., 1., 0., 0.,
        1., 0., 0., 1., 0., 0., 1., 0., 0., 1., 0., 0., 1., 0.]), tensor([0., 1., 0., 0., 1., 0., 0., 1., 0., 0., 1., 0., 0., 1., 0., 0., 1., 0.,
        0., 1., 0., 0., 1., 0., 0., 1., 0., 0., 1., 0., 0., 1.]), tensor([0., 0., 1., 0., 0., 1., 0., 0., 1., 0., 0., 1., 0., 0., 1., 0., 0., 1.,
        0., 0., 1., 0., 0., 1., 0., 0., 1., 0., 0., 1., 0., 0.])]
[tensor([0., 0., 1., 0., 0., 1., 0., 0., 1., 0., 0., 0., 0., 0., 0., 0., 0., 1.,
        0., 0., 1., 0., 0., 1., 0., 0., 1., 0., 0., 1., 0., 0.]), tensor([0., 0., 1., 0., 0., 0., 0., 0., 0., 0., 0., 0., 0., 0., 0., 0., 0., 0.,
        0., 0., 0., 0., 0., 1., 0., 0., 0., 0., 0., 0., 0., 0.]), tensor([0., 0., 0., 0., 0., 0., 0., 0., 0., 0., 0., 0., 0., 0., 1., 0., 0., 0.,
        0., 0., 0., 0., 0., 1., 0., 0., 0., 0., 0., 1., 0., 0.]), tensor([0., 0., 0., 0., 0., 1., 0., 0., 1., 0., 0., 1., 0., 0., 1., 0., 0., 1.,
        0., 0., 1., 0., 0., 1., 0., 0., 0., 0., 0., 0., 0., 0.]), tensor([0., 0., 1., 0., 0., 1., 0., 0., 0., 0., 0., 0., 0., 0., 1., 0., 0., 1.,
        0., 0., 1., 0., 0., 0., 0., 0., 0., 0., 0., 0., 0., 0.]), tensor([0., 1., 0., 0., 0., 0., 0., 0., 0., 0., 0., 0., 0., 1., 0., 0., 1., 0.,
        0., 1., 0., 0., 1., 0., 0., 0., 0., 0., 0., 0., 0., 0.]), tensor([0., 1., 0., 0., 1., 0., 0., 1., 0., 0., 1., 0., 0., 1., 0., 0., 1., 0.,
        0., 1., 0., 0., 1., 0., 0., 1., 0., 0., 1., 0., 0., 1.]), tensor([0., 1., 0., 0., 0., 0., 0., 1., 0., 0., 0., 0., 0., 1., 0., 0., 1., 0.,
        0., 0., 0., 0., 1., 0., 0., 0., 0., 0., 1., 0., 0., 1.]), tensor([0., 0., 0., 0., 0., 0., 0., 0., 0., 1., 0., 0., 0., 0., 0., 1., 0., 0.,
        0., 0., 0., 1., 0., 0., 1., 0., 0., 0., 0., 0., 0., 0.]), tensor([1., 0., 0., 1., 0., 0., 1., 0., 0., 0., 0., 0., 0., 0., 0., 0., 0., 0.,
        1., 0., 0., 0., 0., 0., 0., 0., 0., 0., 0., 0., 1., 0.]), tensor([0., 0., 0., 1., 0., 0., 1., 0., 0., 1., 0., 0., 1., 0., 0., 0., 0., 0.,
        1., 0., 0., 0., 0., 0., 1., 0., 0., 1., 0., 0., 0., 0.]), tensor([1., 0., 0., 1., 0., 0., 1., 0., 0., 0., 0., 0., 1., 0., 0., 0., 0., 0.,
        1., 0., 0., 0., 0., 0., 0., 0., 0., 0., 0., 0., 1., 0.]), tensor([1., 0., 0., 0., 0., 1., 0., 0., 0., 1., 1., 0., 1., 0., 0., 1., 1., 1.,
        0., 0., 1., 0., 1., 0., 0., 1., 1., 1., 1., 1., 1., 1.]), tensor([0., 1., 1., 1., 1., 0., 0., 1., 1., 0., 0., 1., 0., 1., 1., 0., 1., 0.,
        0., 1., 1., 1., 1., 0., 1., 1., 0., 1., 1., 1., 0., 1.]), tensor([0., 0., 1., 0., 1., 1., 0., 1., 0., 0., 0., 1., 1., 0., 1., 0., 0., 1.,
        0., 1., 1., 0., 0., 0., 0., 1., 0., 0., 1., 1., 0., 1.]), tensor([0., 0., 0., 0., 0., 1., 0., 0., 1., 0., 0., 1., 0., 0., 1., 0., 0., 1.,
        0., 0., 1., 0., 0., 1., 0., 0., 0., 0., 0., 0., 0., 0.]), tensor([0., 1., 0., 0., 0., 0., 0., 0., 0., 0., 0., 0., 0., 1., 0., 0., 1., 0.,
        0., 1., 0., 0., 1., 0., 0., 0., 0., 0., 0., 0., 0., 0.]), tensor([0., 0., 0., 0., 0., 0., 0., 0., 0., 0., 1., 0., 0., 0., 1., 0., 0., 1.,
        0., 0., 0., 0., 0., 1., 0., 0., 0., 0., 0., 1., 0., 0.]), tensor([0., 0., 1., 0., 0., 1., 0., 0., 1., 0., 0., 0., 0., 0., 1., 0., 0., 1.,
        0., 0., 1., 0., 0., 1., 0., 0., 0., 0., 0., 0., 0., 0.]), tensor([0., 1., 0., 0., 1., 1., 0., 1., 0., 0., 1., 0., 0., 1., 0., 0., 1., 0.,
        0., 1., 1., 0., 1., 0., 0., 1., 0., 0., 1., 0., 0., 1.]), tensor([0., 1., 0., 0., 1., 1., 0., 1., 0., 0., 1., 0., 0., 1., 0., 0., 1., 0.,
        0., 1., 0., 0., 1., 0., 0., 1., 0., 0., 1., 0., 0., 1.]), tensor([0., 0., 1., 0., 0., 1., 0., 0., 1., 0., 0., 0., 0., 0., 0., 0., 0., 1.,
        0., 0., 1., 0., 0., 1., 0., 0., 1., 0., 0., 1., 0., 0.]), tensor([0., 0., 1., 0., 0., 0., 0., 0., 0., 0., 0., 0., 0., 0., 0., 0., 0., 0.,
        0., 0., 0., 0., 0., 1., 0., 0., 0., 0., 0., 0., 0., 0.]), tensor([0., 0., 0., 0., 0., 0., 0., 0., 0., 0., 0., 0., 0., 0., 0., 0., 0., 1.,
        0., 0., 1., 0., 0., 1., 0., 0., 0., 0., 0., 0., 0., 0.]), tensor([0., 0., 0., 1., 0., 0., 1., 0., 1., 1., 0., 1., 1., 0., 0., 0., 0., 0.,
        1., 0., 0., 1., 0., 0., 1., 0., 1., 1., 0., 0., 0., 0.]), tensor([1., 0., 0., 1., 0., 0., 1., 0., 0., 1., 0., 0., 1., 0., 0., 1., 0., 0.,
        1., 0., 0., 0., 0., 0., 1., 0., 0., 1., 0., 0., 1., 0.]), tensor([0., 0., 0., 0., 0., 0., 0., 0., 0., 1., 0., 0., 0., 0., 0., 1., 0., 0.,
        0., 0., 0., 1., 0., 0., 1., 0., 0., 0., 0., 0., 0., 0.]), tensor([1., 0., 1., 1., 0., 0., 1., 0., 1., 0., 0., 0., 1., 0., 1., 0., 0., 0.,
        1., 0., 0., 0., 0., 1., 0., 0., 0., 0., 0., 1., 1., 0.]), tensor([0., 1., 0., 0., 0., 0., 0., 1., 0., 0., 0., 0., 0., 1., 0., 0., 1., 0.,
        0., 0., 0., 0., 1., 0., 0., 0., 1., 0., 1., 0., 0., 1.]), tensor([0., 1., 0., 0., 1., 0., 0., 1., 0., 0., 1., 0., 0., 1., 0., 0., 1., 0.,
        0., 1., 0., 0., 1., 0., 0., 1., 0., 0., 1., 0., 0., 1.]), tensor([0., 0., 1., 0., 0., 1., 0., 0., 1., 0., 0., 1., 0., 0., 1., 0., 0., 1.,
        0., 0., 1., 0., 0., 1., 0., 0., 1., 0., 0., 1., 0., 0.]), tensor([1., 0., 0., 1., 0., 0., 1., 0., 0., 1., 0., 0., 1., 0., 0., 1., 0., 0.,
        1., 0., 0., 1., 0., 0., 1., 0., 0., 1., 0., 0., 1., 0.])]
[tensor([1., 0., 0., 1., 0., 0., 1., 0., 0., 0., 0., 0., 1., 0., 0., 0., 0., 0.,
        1., 0., 0., 1., 0., 0., 1., 0., 0., 0., 0., 0., 1., 0.]), tensor([0., 0., 0., 1., 0., 0., 0., 0., 0., 0., 0., 0., 1., 0., 0., 0., 0., 0.,
        0., 0., 0., 1., 0., 0., 1., 0., 0., 1., 0., 0., 0., 0.]), tensor([0., 0., 0., 0., 0., 0., 0., 0., 0., 1., 0., 0., 1., 0., 0., 1., 0., 0.,
        0., 0., 0., 0., 0., 0., 0., 0., 0., 0., 0., 0., 0., 0.]), tensor([1., 0., 0., 0., 0., 0., 1., 0., 0., 0., 0., 0., 0., 0., 0., 1., 0., 0.,
        1., 0., 0., 1., 0., 0., 1., 0., 0., 0., 0., 0., 0., 0.]), tensor([1., 0., 0., 0., 0., 0., 1., 0., 0., 1., 0., 0., 1., 0., 0., 1., 0., 0.,
        1., 0., 0., 0., 0., 0., 1., 0., 0., 1., 0., 0., 1., 0.]), tensor([0., 0., 0., 0., 0., 1., 0., 0., 1., 0., 0., 1., 0., 0., 1., 0., 0., 1.,
        0., 0., 1., 0., 0., 0., 0., 0., 1., 0., 0., 1., 0., 0.]), tensor([0., 0., 1., 0., 0., 1., 0., 0., 1., 0., 0., 1., 0., 0., 0., 0., 0., 1.,
        0., 0., 1., 0., 0., 1., 0., 0., 0., 0., 0., 0., 0., 0.]), tensor([0., 0., 1., 0., 0., 1., 0., 0., 1., 0., 0., 0., 0., 0., 0., 0., 0., 0.,
        0., 0., 1., 0., 0., 1., 0., 0., 0., 0., 0., 0., 0., 0.]), tensor([0., 1., 0., 0., 0., 0., 0., 1., 0., 0., 0., 0., 0., 0., 0., 0., 0., 0.,
        0., 0., 0., 0., 1., 0., 0., 0., 0., 0., 0., 0., 0., 1.]), tensor([0., 0., 0., 0., 1., 0., 0., 0., 0., 0., 1., 0., 0., 1., 0., 0., 0., 0.,
        0., 1., 0., 0., 0., 0., 0., 1., 0., 0., 0., 0., 0., 0.]), tensor([0., 1., 0., 0., 0., 0., 0., 0., 0., 0., 1., 0., 0., 0., 0., 0., 1., 0.,
        0., 0., 0., 0., 1., 0., 0., 0., 0., 0., 1., 0., 0., 1.]), tensor([0., 0., 0., 0., 1., 0., 0., 0., 0., 0., 1., 0., 0., 1., 0., 0., 0., 0.,
        0., 0., 0., 0., 0., 0., 0., 0., 0., 0., 1., 0., 0., 0.]), tensor([1., 0., 0., 0., 0., 1., 1., 0., 0., 1., 0., 1., 1., 0., 1., 0., 1., 1.,
        1., 1., 1., 1., 1., 1., 1., 0., 0., 1., 1., 1., 1., 1.]), tensor([1., 1., 1., 1., 0., 0., 1., 0., 0., 1., 1., 1., 1., 1., 1., 1., 1., 1.,
        1., 0., 0., 1., 1., 1., 1., 0., 1., 0., 0., 1., 1., 0.]), tensor([1., 1., 0., 0., 0., 0., 1., 0., 0., 1., 0., 0., 1., 0., 1., 1., 1., 1.,
        1., 0., 0., 1., 0., 0., 1., 0., 1., 1., 1., 0., 1., 0.]), tensor([1., 0., 0., 0., 0., 0., 1., 0., 0., 0., 0., 0., 0., 0., 0., 1., 0., 0.,
        1., 0., 0., 1., 0., 0., 1., 0., 0., 0., 0., 0., 0., 0.]), tensor([0., 0., 0., 0., 0., 1., 0., 0., 1., 0., 0., 1., 0., 0., 1., 0., 0., 1.,
        0., 0., 1., 0., 0., 0., 0., 0., 1., 0., 0., 1., 0., 0.]), tensor([0., 0., 0., 0., 0., 0., 0., 0., 0., 1., 0., 0., 1., 0., 1., 1., 0., 0.,
        0., 0., 0., 0., 0., 0., 1., 0., 1., 1., 0., 1., 0., 1.]), tensor([1., 0., 0., 1., 0., 0., 1., 0., 1., 1., 0., 0., 1., 0., 0., 1., 0., 0.,
        1., 0., 0., 0., 0., 0., 1., 0., 0., 1., 0., 0., 1., 0.]), tensor([1., 0., 1., 0., 0., 1., 0., 0., 1., 1., 0., 1., 0., 0., 0., 1., 0., 1.,
        1., 0., 1., 0., 0., 1., 1., 0., 0., 0., 0., 0., 0., 0.]), tensor([0., 0., 1., 0., 0., 1., 0., 0., 1., 1., 0., 1., 0., 0., 0., 1., 0., 1.,
        0., 0., 1., 0., 0., 1., 0., 0., 0., 0., 0., 0., 0., 0.]), tensor([0., 0., 0., 1., 0., 0., 1., 0., 0., 0., 0., 0., 1., 0., 0., 0., 0., 0.,
        1., 0., 0., 1., 0., 0., 0., 0., 0., 0., 0., 0., 1., 0.]), tensor([0., 0., 0., 1., 0., 0., 0., 0., 0., 0., 0., 0., 1., 0., 0., 0., 0., 0.,
        0., 0., 0., 1., 0., 0., 1., 0., 0., 1., 0., 0., 0., 0.]), tensor([1., 0., 0., 1., 0., 0., 0., 0., 0., 0., 0., 0., 0., 0., 0., 0., 0., 0.,
        1., 0., 0., 0., 0., 0., 1., 0., 0., 0., 0., 0., 0., 0.]), tensor([0., 1., 0., 0., 0., 0., 1., 0., 0., 0., 1., 0., 0., 0., 0., 1., 1., 0.,
        0., 0., 0., 0., 1., 0., 0., 1., 0., 0., 1., 0., 1., 1.]), tensor([0., 1., 0., 0., 1., 0., 0., 0., 0., 0., 1., 0., 1., 1., 0., 0., 1., 0.,
        0., 0., 0., 0., 1., 0., 1., 0., 0., 0., 1., 0., 0., 1.]), tensor([0., 1., 0., 0., 0., 0., 0., 1., 0., 0., 0., 0., 0., 0., 0., 0., 0., 0.,
        0., 0., 0., 0., 1., 0., 0., 0., 0., 0., 0., 0., 0., 1.]), tensor([0., 0., 0., 0., 1., 0., 0., 0., 0., 1., 1., 0., 0., 1., 0., 1., 0., 1.,
        0., 1., 0., 1., 0., 0., 0., 1., 0., 0., 1., 0., 1., 0.]), tensor([0., 0., 1., 0., 0., 1., 0., 0., 1., 0., 0., 0., 1., 0., 0., 0., 0., 0.,
        0., 0., 1., 0., 0., 1., 0., 0., 0., 0., 0., 0., 0., 0.]), tensor([0., 0., 1., 0., 0., 1., 0., 0., 1., 0., 0., 1., 0., 0., 1., 0., 0., 1.,
        0., 0., 1., 0., 0., 1., 0., 0., 1., 0., 0., 1., 0., 0.]), tensor([1., 0., 0., 1., 0., 0., 1., 0., 0., 1., 0., 0., 1., 0., 0., 1., 0., 0.,
        1., 0., 0., 1., 0., 0., 1., 0., 0., 1., 0., 0., 1., 0.]), tensor([0., 1., 0., 0., 1., 0., 0., 1., 0., 0., 1., 0., 0., 1., 0., 0., 1., 0.,
        0., 1., 0., 0., 1., 0., 0., 1., 0., 0., 1., 0., 0., 1.])]
[tensor([0., 1., 0., 0., 1., 0., 0., 1., 0., 0., 1., 0., 0., 0., 0., 0., 1., 0.,
        0., 1., 0., 0., 0., 0., 0., 1., 0., 0., 1., 0., 0., 1.]), tensor([0., 0., 0., 0., 0., 0., 0., 1., 0., 0., 1., 0., 0., 1., 0., 0., 1., 0.,
        0., 1., 0., 0., 1., 0., 0., 0., 0., 0., 1., 0., 0., 1.]), tensor([0., 0., 0., 0., 0., 0., 0., 1., 0., 0., 0., 0., 0., 1., 0., 0., 1., 0.,
        0., 0., 0., 0., 0., 0., 0., 0., 0., 0., 0., 0., 0., 1.]), tensor([0., 1., 0., 0., 1., 0., 0., 1., 0., 0., 1., 0., 0., 0., 0., 0., 0., 0.,
        0., 0., 0., 0., 0., 0., 0., 1., 0., 0., 1., 0., 0., 1.]), tensor([0., 1., 0., 0., 1., 0., 0., 0., 0., 0., 1., 0., 0., 1., 0., 0., 0., 0.,
        0., 0., 0., 0., 1., 0., 0., 1., 0., 0., 1., 0., 0., 0.]), tensor([1., 0., 0., 1., 0., 0., 0., 0., 0., 0., 0., 0., 1., 0., 0., 0., 0., 0.,
        1., 0., 0., 0., 0., 0., 1., 0., 0., 1., 0., 0., 0., 0.]), tensor([1., 0., 0., 0., 0., 0., 1., 0., 0., 1., 0., 0., 1., 0., 0., 1., 0., 0.,
        1., 0., 0., 1., 0., 0., 0., 0., 0., 0., 0., 0., 1., 0.]), tensor([1., 0., 0., 0., 0., 0., 1., 0., 0., 0., 0., 0., 0., 0., 0., 0., 0., 0.,
        0., 0., 0., 0., 0., 0., 0., 0., 0., 0., 0., 0., 1., 0.]), tensor([0., 0., 0., 0., 0., 1., 0., 0., 0., 0., 0., 0., 0., 0., 1., 0., 0., 0.,
        0., 0., 1., 0., 0., 0., 0., 0., 0., 0., 0., 0., 0., 0.]), tensor([0., 0., 0., 0., 0., 0., 0., 0., 1., 0., 0., 1., 0., 0., 0., 0., 0., 1.,
        0., 0., 0., 0., 0., 1., 0., 0., 0., 0., 0., 0., 0., 0.]), tensor([0., 0., 1., 0., 0., 0., 0., 0., 0., 0., 0., 1., 0., 0., 0., 0., 0., 0.,
        0., 0., 1., 0., 0., 0., 0., 0., 1., 0., 0., 1., 0., 0.]), tensor([0., 0., 0., 0., 0., 0., 0., 0., 1., 0., 0., 1., 0., 0., 0., 0., 0., 1.,
        0., 0., 0., 0., 0., 1., 0., 0., 1., 0., 0., 0., 0., 0.]), tensor([1., 1., 1., 1., 1., 1., 1., 0., 1., 1., 0., 0., 1., 1., 0., 1., 0., 1.,
        0., 0., 1., 1., 1., 1., 1., 0., 1., 1., 1., 0., 1., 1.]), tensor([1., 0., 0., 0., 0., 0., 1., 0., 1., 1., 1., 0., 0., 1., 1., 0., 1., 1.,
        0., 1., 0., 0., 1., 1., 1., 1., 1., 0., 1., 1., 1., 1.]), tensor([0., 1., 1., 0., 1., 1., 0., 0., 0., 1., 1., 0., 0., 1., 0., 0., 0., 0.,
        0., 0., 0., 0., 1., 0., 0., 1., 1., 1., 1., 0., 0., 0.]), tensor([0., 1., 0., 0., 1., 0., 0., 1., 0., 0., 1., 0., 0., 0., 0., 0., 0., 0.,
        0., 0., 0., 0., 0., 0., 0., 1., 0., 0., 1., 0., 0., 1.]), tensor([1., 0., 0., 1., 0., 0., 0., 0., 0., 0., 0., 0., 1., 0., 0., 0., 0., 0.,
        1., 0., 0., 0., 0., 0., 1., 0., 0., 1., 0., 0., 0., 0.]), tensor([0., 1., 0., 1., 1., 1., 0., 1., 0., 0., 0., 0., 0., 1., 0., 0., 1., 0.,
        0., 1., 1., 0., 1., 0., 0., 1., 0., 0., 0., 0., 0., 1.]), tensor([0., 1., 0., 0., 1., 0., 0., 1., 0., 0., 1., 0., 0., 1., 0., 0., 1., 0.,
        1., 1., 0., 1., 1., 0., 1., 1., 0., 0., 1., 0., 1., 0.]), tensor([1., 1., 0., 0., 0., 0., 1., 0., 0., 1., 1., 0., 1., 1., 0., 1., 0., 0.,
        1., 0., 0., 1., 0., 0., 0., 0., 0., 0., 0., 0., 1., 0.]), tensor([1., 1., 0., 0., 0., 0., 1., 0., 0., 1., 1., 0., 1., 1., 0., 1., 0., 0.,
        1., 0., 0., 1., 0., 0., 0., 0., 0., 0., 0., 0., 1., 0.]), tensor([0., 1., 0., 0., 0., 0., 0., 0., 0., 0., 1., 0., 0., 0., 0., 0., 1., 0.,
        0., 1., 0., 0., 0., 0., 0., 1., 0., 0., 0., 0., 0., 1.]), tensor([0., 0., 0., 0., 0., 0., 0., 1., 0., 0., 1., 0., 0., 1., 0., 0., 1., 0.,
        0., 1., 0., 0., 1., 0., 0., 0., 0., 0., 1., 0., 0., 1.]), tensor([0., 0., 0., 0., 1., 0., 0., 1., 0., 0., 0., 0., 0., 0., 0., 0., 1., 0.,
        0., 1., 0., 0., 0., 0., 0., 0., 0., 0., 1., 0., 0., 0.]), tensor([0., 1., 1., 0., 0., 0., 0., 0., 0., 0., 0., 1., 0., 1., 0., 0., 0., 0.,
        0., 0., 1., 0., 0., 0., 0., 1., 1., 0., 0., 1., 0., 0.]), tensor([0., 0., 1., 0., 0., 0., 0., 0., 1., 0., 1., 1., 0., 0., 1., 0., 1., 1.,
        0., 0., 1., 0., 0., 1., 0., 0., 1., 0., 0., 1., 0., 0.]), tensor([0., 0., 0., 0., 0., 1., 0., 0., 0., 0., 0., 0., 0., 0., 1., 0., 0., 0.,
        0., 0., 1., 0., 0., 0., 0., 0., 0., 0., 0., 0., 0., 0.]), tensor([0., 0., 0., 0., 0., 0., 0., 1., 1., 0., 0., 1., 0., 1., 0., 0., 0., 1.,
        0., 0., 0., 0., 0., 1., 0., 0., 1., 0., 1., 0., 0., 0.]), tensor([1., 0., 0., 0., 0., 0., 1., 0., 0., 0., 0., 0., 0., 0., 0., 0., 1., 0.,
        0., 0., 0., 0., 0., 0., 0., 0., 0., 0., 0., 0., 1., 1.]), tensor([1., 0., 0., 1., 0., 0., 1., 0., 0., 1., 0., 0., 1., 0., 0., 1., 0., 0.,
        1., 0., 0., 1., 0., 0., 1., 0., 0., 1., 0., 0., 1., 0.]), tensor([0., 1., 0., 0., 1., 0., 0., 1., 0., 0., 1., 0., 0., 1., 0., 0., 1., 0.,
        0., 1., 0., 0., 1., 0., 0., 1., 0., 0., 1., 0., 0., 1.]), tensor([0., 0., 1., 0., 0., 1., 0., 0., 1., 0., 0., 1., 0., 0., 1., 0., 0., 1.,
        0., 0., 1., 0., 0., 1., 0., 0., 1., 0., 0., 1., 0., 0.])]
[tensor([0., 0., 1., 0., 0., 1., 0., 0., 1., 0., 0., 1., 0., 0., 1., 0., 0., 1.,
        0., 0., 0., 0., 0., 1., 0., 0., 1., 0., 0., 1., 0., 0.]), tensor([0., 0., 0., 0., 0., 1., 0., 0., 1., 0., 0., 1., 0., 0., 0., 0., 0., 0.,
        0., 0., 1., 0., 0., 1., 0., 0., 1., 0., 0., 1., 0., 0.]), tensor([0., 0., 0., 0., 0., 1., 0., 0., 0., 0., 0., 0., 0., 0., 0., 0., 0., 1.,
        0., 0., 1., 0., 0., 0., 0., 0., 0., 0., 0., 1., 0., 0.]), tensor([0., 0., 0., 0., 0., 0., 0., 0., 0., 0., 0., 0., 0., 0., 1., 0., 0., 1.,
        0., 0., 0., 0., 0., 1., 0., 0., 1., 0., 0., 1., 0., 0.]), tensor([0., 0., 1., 0., 0., 1., 0., 0., 0., 0., 0., 1., 0., 0., 0., 0., 0., 1.,
        0., 0., 0., 0., 0., 1., 0., 0., 1., 0., 0., 0., 0., 0.]), tensor([0., 1., 0., 0., 1., 0., 0., 1., 0., 0., 1., 0., 0., 0., 0., 0., 1., 0.,
        0., 1., 0., 0., 1., 0., 0., 0., 0., 0., 0., 0., 0., 1.]), tensor([0., 0., 0., 0., 0., 0., 0., 1., 0., 0., 1., 0., 0., 1., 0., 0., 1., 0.,
        0., 1., 0., 0., 1., 0., 0., 1., 0., 0., 1., 0., 0., 1.]), tensor([0., 0., 0., 0., 0., 0., 0., 1., 0., 0., 1., 0., 0., 1., 0., 0., 0., 0.,
        0., 1., 0., 0., 1., 0., 0., 0., 0., 0., 0., 0., 0., 0.]), tensor([0., 0., 0., 0., 0., 0., 0., 0., 0., 0., 0., 0., 0., 0., 0., 0., 0., 0.,
        1., 0., 0., 1., 0., 0., 0., 0., 0., 1., 0., 0., 0., 0.]), tensor([0., 0., 0., 0., 0., 0., 1., 0., 0., 1., 0., 0., 0., 0., 0., 1., 0., 0.,
        0., 0., 0., 0., 0., 0., 0., 0., 0., 0., 0., 0., 1., 0.]), tensor([1., 0., 0., 1., 0., 0., 1., 0., 0., 0., 0., 0., 1., 0., 0., 0., 0., 0.,
        0., 0., 0., 0., 0., 0., 0., 0., 0., 0., 0., 0., 1., 0.]), tensor([0., 0., 0., 0., 0., 0., 1., 0., 0., 1., 0., 0., 1., 0., 0., 1., 0., 0.,
        0., 0., 0., 0., 0., 0., 1., 0., 0., 0., 0., 0., 1., 0.]), tensor([1., 0., 1., 0., 1., 1., 0., 1., 0., 0., 1., 0., 1., 1., 1., 1., 1., 1.,
        1., 1., 0., 1., 1., 0., 1., 1., 0., 0., 0., 1., 0., 0.]), tensor([0., 0., 0., 1., 0., 1., 0., 0., 1., 0., 1., 1., 1., 0., 1., 1., 1., 1.,
        1., 1., 1., 1., 1., 1., 1., 0., 1., 1., 1., 0., 0., 1.]), tensor([1., 0., 1., 0., 1., 1., 0., 0., 1., 0., 0., 1., 1., 0., 1., 0., 1., 1.,
        0., 0., 0., 1., 0., 1., 1., 0., 1., 1., 1., 0., 0., 1.]), tensor([0., 0., 0., 0., 0., 0., 0., 0., 0., 0., 0., 0., 0., 0., 1., 0., 0., 1.,
        0., 0., 0., 0., 0., 1., 0., 0., 1., 0., 0., 1., 0., 0.]), tensor([0., 1., 0., 0., 1., 0., 0., 1., 0., 0., 1., 0., 0., 0., 0., 0., 1., 0.,
        0., 1., 0., 0., 1., 0., 0., 0., 0., 0., 0., 0., 0., 1.]), tensor([0., 1., 0., 0., 0., 1., 0., 0., 0., 0., 0., 1., 0., 0., 0., 0., 1., 1.,
        0., 0., 1., 0., 0., 0., 0., 1., 0., 1., 0., 1., 0., 1.]), tensor([0., 0., 1., 0., 0., 1., 0., 0., 0., 0., 1., 1., 0., 0., 0., 0., 0., 1.,
        0., 0., 0., 0., 0., 1., 0., 0., 1., 0., 0., 1., 0., 0.]), tensor([0., 0., 1., 0., 0., 0., 0., 1., 0., 0., 1., 0., 0., 1., 0., 0., 1., 0.,
        0., 1., 0., 0., 1., 1., 0., 1., 1., 0., 1., 0., 0., 1.]), tensor([0., 0., 1., 0., 0., 0., 0., 1., 0., 0., 1., 0., 0., 1., 0., 0., 1., 0.,
        0., 1., 0., 0., 1., 0., 0., 1., 0., 0., 1., 0., 0., 1.]), tensor([0., 0., 1., 0., 0., 1., 0., 0., 1., 0., 0., 1., 0., 0., 1., 0., 0., 0.,
        0., 0., 0., 0., 0., 0., 0., 0., 1., 0., 0., 1., 0., 0.]), tensor([0., 0., 0., 0., 0., 1., 0., 0., 1., 0., 0., 1., 0., 0., 0., 0., 0., 0.,
        0., 0., 1., 0., 0., 1., 0., 0., 1., 0., 0., 1., 0., 0.]), tensor([0., 0., 0., 0., 0., 0., 0., 0., 1., 0., 0., 1., 0., 0., 0., 0., 0., 1.,
        0., 0., 0., 0., 0., 1., 0., 0., 1., 0., 0., 0., 0., 0.]), tensor([1., 0., 0., 1., 0., 1., 1., 0., 0., 0., 0., 0., 1., 0., 1., 0., 0., 0.,
        0., 0., 1., 1., 0., 0., 0., 0., 0., 1., 0., 0., 1., 0.]), tensor([1., 0., 0., 1., 0., 0., 1., 0., 0., 1., 0., 0., 1., 0., 0., 1., 0., 0.,
        1., 0., 0., 0., 0., 0., 1., 0., 0., 0., 0., 0., 1., 0.]), tensor([0., 0., 0., 0., 0., 0., 0., 0., 0., 0., 0., 0., 0., 0., 0., 0., 0., 0.,
        1., 0., 0., 1., 0., 0., 0., 0., 0., 1., 0., 0., 0., 0.]), tensor([0., 0., 1., 0., 0., 1., 1., 0., 0., 1., 0., 0., 1., 0., 1., 1., 0., 1.,
        0., 0., 0., 0., 0., 1., 1., 0., 0., 0., 1., 0., 1., 0.]), tensor([1., 0., 0., 0., 0., 0., 0., 1., 0., 0., 1., 0., 0., 1., 0., 0., 0., 0.,
        0., 1., 1., 0., 1., 0., 0., 0., 0., 0., 0., 1., 0., 0.]), tensor([0., 1., 0., 0., 1., 0., 0., 1., 0., 0., 1., 0., 0., 1., 0., 0., 1., 0.,
        0., 1., 0., 0., 1., 0., 0., 1., 0., 0., 1., 0., 0., 1.]), tensor([0., 0., 1., 0., 0., 1., 0., 0., 1., 0., 0., 1., 0., 0., 1., 0., 0., 1.,
        0., 0., 1., 0., 0., 1., 0., 0., 1., 0., 0., 1., 0., 0.]), tensor([1., 0., 0., 1., 0., 0., 1., 0., 0., 1., 0., 0., 1., 0., 0., 1., 0., 0.,
        1., 0., 0., 1., 0., 0., 1., 0., 0., 1., 0., 0., 1., 0.])]
[tensor([1., 0., 0., 1., 0., 0., 1., 0., 0., 1., 0., 0., 0., 0., 0., 1., 0., 0.,
        1., 0., 0., 1., 0., 0., 1., 0., 0., 1., 0., 0., 1., 0.]), tensor([1., 0., 0., 1., 0., 0., 1., 0., 0., 1., 0., 0., 1., 0., 0., 0., 0., 0.,
        0., 0., 0., 1., 0., 0., 1., 0., 0., 1., 0., 0., 1., 0.]), tensor([1., 0., 0., 1., 0., 0., 0., 0., 0., 0., 0., 0., 0., 0., 0., 1., 0., 0.,
        0., 0., 0., 1., 0., 0., 1., 0., 0., 0., 0., 0., 1., 0.]), tensor([0., 0., 0., 0., 0., 0., 0., 0., 0., 1., 0., 0., 0., 0., 0., 1., 0., 0.,
        0., 0., 0., 0., 0., 0., 0., 0., 0., 0., 0., 0., 1., 0.]), tensor([0., 0., 0., 1., 0., 0., 0., 0., 0., 1., 0., 0., 1., 0., 0., 1., 0., 0.,
        1., 0., 0., 0., 0., 0., 1., 0., 0., 1., 0., 0., 1., 0.]), tensor([0., 0., 1., 0., 0., 0., 0., 0., 1., 0., 0., 1., 0., 0., 1., 0., 0., 0.,
        0., 0., 1., 0., 0., 1., 0., 0., 1., 0., 0., 0., 0., 0.]), tensor([0., 0., 1., 0., 0., 1., 0., 0., 1., 0., 0., 0., 0., 0., 1., 0., 0., 1.,
        0., 0., 1., 0., 0., 1., 0., 0., 0., 0., 0., 1., 0., 0.]), tensor([0., 0., 0., 0., 0., 0., 0., 0., 0., 0., 0., 0., 0., 0., 0., 0., 0., 1.,
        0., 0., 0., 0., 0., 1., 0., 0., 0., 0., 0., 0., 0., 0.]), tensor([0., 0., 0., 0., 0., 0., 0., 0., 0., 0., 0., 0., 0., 1., 0., 0., 1., 0.,
        0., 0., 0., 0., 0., 0., 0., 0., 0., 0., 1., 0., 0., 0.]), tensor([0., 0., 0., 0., 0., 0., 0., 0., 0., 0., 0., 0., 0., 0., 0., 0., 0., 0.,
        0., 1., 0., 0., 1., 0., 0., 1., 0., 0., 0., 0., 0., 1.]), tensor([0., 1., 0., 0., 1., 0., 0., 1., 0., 0., 1., 0., 0., 1., 0., 0., 0., 0.,
        0., 0., 0., 0., 0., 0., 0., 0., 0., 0., 0., 0., 0., 0.]), tensor([0., 0., 0., 0., 0., 0., 0., 0., 0., 0., 1., 0., 0., 0., 0., 0., 0., 0.,
        0., 0., 0., 0., 0., 0., 0., 1., 0., 0., 0., 0., 0., 1.]), tensor([0., 1., 1., 1., 1., 1., 0., 0., 0., 1., 0., 0., 1., 0., 1., 1., 1., 1.,
        1., 1., 1., 1., 0., 1., 1., 0., 1., 1., 1., 1., 1., 1.]), tensor([1., 1., 1., 1., 0., 0., 1., 1., 0., 1., 1., 1., 1., 1., 0., 0., 1., 1.,
        0., 0., 0., 0., 0., 0., 0., 0., 1., 1., 0., 1., 1., 0.]), tensor([1., 1., 1., 1., 0., 1., 1., 0., 0., 1., 1., 0., 1., 1., 0., 1., 0., 1.,
        1., 0., 0., 0., 0., 0., 1., 0., 1., 1., 0., 0., 1., 0.]), tensor([0., 0., 0., 0., 0., 0., 0., 0., 0., 1., 0., 0., 0., 0., 0., 1., 0., 0.,
        0., 0., 0., 0., 0., 0., 0., 0., 0., 0., 0., 0., 1., 0.]), tensor([0., 0., 1., 0., 0., 0., 0., 0., 1., 0., 0., 1., 0., 0., 1., 0., 0., 0.,
        0., 0., 1., 0., 0., 1., 0., 0., 1., 0., 0., 0., 0., 0.]), tensor([1., 0., 0., 1., 0., 0., 0., 0., 1., 0., 0., 0., 0., 1., 0., 1., 0., 0.,
        1., 0., 0., 1., 0., 0., 1., 0., 0., 0., 0., 0., 1., 0.]), tensor([0., 0., 0., 1., 0., 0., 0., 0., 1., 1., 0., 0., 1., 0., 0., 1., 0., 0.,
        1., 0., 0., 1., 0., 0., 1., 0., 0., 1., 0., 0., 1., 0.]), tensor([0., 0., 1., 0., 0., 1., 0., 0., 1., 0., 0., 0., 0., 0., 1., 0., 0., 1.,
        0., 0., 1., 0., 0., 1., 0., 0., 0., 0., 0., 1., 0., 0.]), tensor([0., 0., 1., 0., 0., 1., 0., 0., 1., 0., 0., 0., 0., 0., 1., 0., 0., 1.,
        0., 0., 1., 0., 0., 1., 0., 0., 0., 0., 0., 1., 0., 0.]), tensor([1., 0., 0., 1., 0., 0., 1., 0., 0., 1., 0., 0., 0., 0., 0., 1., 0., 0.,
        1., 0., 0., 1., 0., 0., 1., 0., 0., 1., 0., 0., 1., 0.]), tensor([1., 0., 0., 1., 0., 0., 1., 0., 0., 1., 0., 0., 1., 0., 0., 0., 0., 0.,
        0., 0., 0., 1., 0., 0., 1., 0., 0., 1., 0., 0., 1., 0.]), tensor([1., 0., 0., 0., 0., 0., 0., 0., 0., 0., 0., 0., 0., 0., 0., 0., 0., 0.,
        0., 0., 0., 0., 0., 0., 1., 0., 0., 1., 0., 0., 0., 0.]), tensor([0., 1., 0., 1., 1., 0., 0., 1., 0., 0., 1., 0., 0., 1., 0., 0., 0., 0.,
        1., 1., 0., 1., 1., 0., 0., 0., 0., 0., 1., 0., 0., 0.]), tensor([0., 1., 0., 0., 1., 0., 0., 1., 0., 0., 1., 0., 1., 1., 0., 0., 1., 0.,
        0., 0., 0., 0., 0., 0., 1., 1., 0., 0., 0., 0., 0., 1.]), tensor([0., 0., 0., 0., 0., 0., 0., 0., 0., 0., 0., 0., 0., 1., 0., 0., 1., 0.,
        0., 0., 0., 0., 0., 0., 0., 0., 0., 0., 1., 0., 0., 0.]), tensor([1., 0., 1., 1., 0., 0., 0., 0., 0., 0., 1., 0., 0., 0., 0., 1., 0., 0.,
        0., 1., 0., 1., 1., 0., 0., 1., 1., 0., 0., 0., 1., 1.]), tensor([0., 1., 0., 0., 0., 0., 0., 0., 0., 0., 0., 1., 1., 0., 0., 0., 0., 1.,
        0., 0., 0., 0., 0., 1., 1., 0., 0., 0., 0., 0., 0., 0.]), tensor([0., 0., 1., 0., 0., 1., 0., 0., 1., 0., 0., 1., 0., 0., 1., 0., 0., 1.,
        0., 0., 1., 0., 0., 1., 0., 0., 1., 0., 0., 1., 0., 0.]), tensor([1., 0., 0., 1., 0., 0., 1., 0., 0., 1., 0., 0., 1., 0., 0., 1., 0., 0.,
        1., 0., 0., 1., 0., 0., 1., 0., 0., 1., 0., 0., 1., 0.]), tensor([0., 1., 0., 0., 1., 0., 0., 1., 0., 0., 1., 0., 0., 1., 0., 0., 1., 0.,
        0., 1., 0., 0., 1., 0., 0., 1., 0., 0., 1., 0., 0., 1.])]
[tensor([0., 1., 0., 0., 1., 0., 0., 1., 0., 0., 0., 0., 0., 1., 0., 0., 1., 0.,
        0., 1., 0., 0., 0., 0., 0., 0., 0., 0., 1., 0., 0., 0.]), tensor([0., 1., 0., 0., 1., 0., 0., 0., 0., 0., 0., 0., 0., 1., 0., 0., 1., 0.,
        0., 1., 0., 0., 1., 0., 0., 0., 0., 0., 1., 0., 0., 1.]), tensor([0., 1., 0., 0., 1., 0., 0., 0., 0., 0., 0., 0., 0., 1., 0., 0., 0., 0.,
        0., 1., 0., 0., 1., 0., 0., 0., 0., 0., 1., 0., 0., 1.]), tensor([0., 1., 0., 0., 0., 0., 0., 1., 0., 0., 1., 0., 0., 1., 0., 0., 0., 0.,
        0., 1., 0., 0., 0., 0., 0., 1., 0., 0., 1., 0., 0., 1.]), tensor([0., 1., 0., 0., 1., 0., 0., 1., 0., 0., 1., 0., 0., 1., 0., 0., 0., 0.,
        0., 0., 0., 0., 1., 0., 0., 1., 0., 0., 1., 0., 0., 1.]), tensor([0., 0., 0., 1., 0., 0., 1., 0., 0., 1., 0., 0., 1., 0., 0., 1., 0., 0.,
        1., 0., 0., 1., 0., 0., 0., 0., 0., 1., 0., 0., 1., 0.]), tensor([1., 0., 0., 1., 0., 0., 1., 0., 0., 0., 0., 0., 1., 0., 0., 1., 0., 0.,
        0., 0., 0., 1., 0., 0., 1., 0., 0., 1., 0., 0., 0., 0.]), tensor([1., 0., 0., 0., 0., 0., 1., 0., 0., 0., 0., 0., 0., 0., 0., 0., 0., 0.,
        0., 0., 0., 1., 0., 0., 0., 0., 0., 1., 0., 0., 0., 0.]), tensor([0., 0., 0., 0., 0., 0., 0., 0., 0., 0., 0., 0., 0., 0., 0., 0., 0., 0.,
        0., 0., 1., 0., 0., 0., 0., 0., 1., 0., 0., 0., 0., 0.]), tensor([0., 0., 1., 0., 0., 1., 0., 0., 0., 0., 0., 1., 0., 0., 1., 0., 0., 1.,
        0., 0., 0., 0., 0., 0., 0., 0., 0., 0., 0., 1., 0., 0.]), tensor([0., 0., 0., 0., 0., 0., 0., 0., 0., 0., 0., 1., 0., 0., 1., 0., 0., 1.,
        0., 0., 1., 0., 0., 1., 0., 0., 0., 0., 0., 0., 0., 0.]), tensor([0., 0., 0., 0., 0., 1., 0., 0., 1., 0., 0., 1., 0., 0., 1., 0., 0., 1.,
        0., 0., 0., 0., 0., 0., 0., 0., 0., 0., 0., 0., 0., 0.]), tensor([0., 1., 1., 1., 0., 0., 0., 1., 1., 1., 1., 0., 0., 0., 0., 1., 0., 1.,
        1., 1., 1., 0., 1., 1., 0., 1., 1., 1., 1., 1., 1., 1.]), tensor([1., 0., 1., 0., 1., 0., 1., 0., 1., 0., 1., 1., 1., 1., 1., 1., 0., 0.,
        1., 1., 1., 1., 1., 1., 1., 1., 0., 0., 1., 0., 0., 0.]), tensor([0., 1., 0., 0., 1., 0., 1., 1., 1., 0., 1., 0., 1., 1., 0., 0., 0., 0.,
        0., 1., 0., 0., 1., 0., 0., 1., 0., 1., 1., 0., 0., 1.]), tensor([0., 1., 0., 0., 0., 0., 0., 1., 0., 0., 1., 0., 0., 1., 0., 0., 0., 0.,
        0., 1., 0., 0., 0., 0., 0., 1., 0., 0., 1., 0., 0., 1.]), tensor([0., 0., 0., 1., 0., 0., 1., 0., 0., 1., 0., 0., 1., 0., 0., 1., 0., 0.,
        1., 0., 0., 1., 0., 0., 0., 0., 0., 1., 0., 0., 1., 0.]), tensor([0., 1., 0., 1., 1., 0., 0., 0., 0., 0., 0., 0., 0., 1., 0., 0., 0., 0.,
        0., 1., 1., 0., 1., 0., 0., 1., 0., 0., 1., 0., 0., 1.]), tensor([0., 1., 0., 1., 1., 0., 0., 1., 0., 0., 1., 0., 0., 1., 0., 0., 1., 0.,
        0., 0., 0., 0., 1., 0., 1., 1., 0., 0., 1., 0., 1., 1.]), tensor([1., 0., 0., 1., 0., 0., 1., 0., 0., 0., 1., 0., 1., 0., 0., 1., 0., 0.,
        0., 0., 0., 1., 0., 0., 1., 0., 0., 1., 0., 0., 0., 0.]), tensor([1., 0., 0., 1., 0., 0., 1., 0., 0., 0., 1., 0., 1., 0., 0., 1., 0., 0.,
        0., 0., 0., 1., 0., 0., 1., 0., 0., 1., 0., 0., 0., 0.]), tensor([0., 1., 0., 0., 0., 0., 0., 1., 0., 0., 0., 0., 0., 1., 0., 0., 1., 0.,
        0., 1., 0., 0., 0., 0., 0., 0., 0., 0., 1., 0., 0., 0.]), tensor([0., 1., 0., 0., 1., 0., 0., 0., 0., 0., 0., 0., 0., 1., 0., 0., 1., 0.,
        0., 1., 0., 0., 1., 0., 0., 0., 0., 0., 1., 0., 0., 1.]), tensor([0., 1., 0., 0., 1., 0., 0., 0., 0., 0., 0., 0., 0., 0., 0., 0., 1., 0.,
        0., 0., 0., 0., 0., 0., 0., 0., 0., 0., 0., 0., 0., 0.]), tensor([0., 0., 0., 0., 0., 0., 0., 0., 0., 0., 0., 1., 0., 0., 1., 0., 0., 1.,
        0., 0., 1., 0., 1., 1., 0., 0., 0., 0., 0., 0., 0., 0.]), tensor([0., 1., 0., 0., 0., 1., 0., 0., 1., 0., 0., 1., 0., 1., 1., 0., 0., 1.,
        0., 0., 1., 0., 0., 1., 0., 0., 1., 0., 0., 0., 0., 0.]), tensor([0., 0., 0., 0., 0., 0., 0., 0., 0., 0., 0., 0., 0., 0., 0., 0., 0., 0.,
        0., 0., 1., 0., 0., 0., 0., 0., 1., 0., 0., 0., 0., 0.]), tensor([0., 0., 1., 0., 0., 1., 0., 0., 1., 0., 0., 1., 0., 0., 1., 0., 0., 1.,
        0., 1., 0., 0., 1., 0., 1., 0., 0., 0., 1., 1., 0., 1.]), tensor([1., 1., 0., 0., 1., 0., 1., 0., 0., 1., 0., 0., 0., 1., 0., 0., 0., 0.,
        1., 0., 0., 1., 0., 1., 0., 0., 0., 1., 0., 0., 1., 0.]), tensor([1., 0., 0., 1., 0., 0., 1., 0., 0., 1., 0., 0., 1., 0., 0., 1., 0., 0.,
        1., 0., 0., 1., 0., 0., 1., 0., 0., 1., 0., 0., 1., 0.]), tensor([0., 1., 0., 0., 1., 0., 0., 1., 0., 0., 1., 0., 0., 1., 0., 0., 1., 0.,
        0., 1., 0., 0., 1., 0., 0., 1., 0., 0., 1., 0., 0., 1.]), tensor([0., 0., 1., 0., 0., 1., 0., 0., 1., 0., 0., 1., 0., 0., 1., 0., 0., 1.,
        0., 0., 1., 0., 0., 1., 0., 0., 1., 0., 0., 1., 0., 0.])]
[tensor([0., 0., 1., 0., 0., 1., 0., 0., 1., 0., 0., 1., 0., 0., 1., 0., 0., 1.,
        0., 0., 0., 0., 0., 0., 0., 0., 1., 0., 0., 1., 0., 0.]), tensor([0., 0., 1., 0., 0., 1., 0., 0., 1., 0., 0., 0., 0., 0., 1., 0., 0., 0.,
        0., 0., 0., 0., 0., 0., 0., 0., 0., 0., 0., 0., 0., 0.]), tensor([0., 0., 0., 0., 0., 0., 0., 0., 0., 0., 0., 0., 0., 0., 0., 0., 0., 0.,
        0., 0., 1., 0., 0., 0., 0., 0., 0., 0., 0., 1., 0., 0.]), tensor([0., 0., 1., 0., 0., 1., 0., 0., 1., 0., 0., 0., 0., 0., 1., 0., 0., 0.,
        0., 0., 1., 0., 0., 1., 0., 0., 0., 0., 0., 1., 0., 0.]), tensor([0., 0., 1., 0., 0., 0., 0., 0., 1., 0., 0., 0., 0., 0., 1., 0., 0., 1.,
        0., 0., 1., 0., 0., 1., 0., 0., 1., 0., 0., 1., 0., 0.]), tensor([0., 0., 0., 0., 1., 0., 0., 0., 0., 0., 0., 0., 0., 1., 0., 0., 1., 0.,
        0., 1., 0., 0., 1., 0., 0., 1., 0., 0., 1., 0., 0., 1.]), tensor([0., 1., 0., 0., 0., 0., 0., 1., 0., 0., 1., 0., 0., 0., 0., 0., 1., 0.,
        0., 1., 0., 0., 1., 0., 0., 1., 0., 0., 1., 0., 0., 1.]), tensor([0., 0., 0., 0., 0., 0., 0., 1., 0., 0., 0., 0., 0., 0., 0., 0., 0., 0.,
        0., 0., 0., 0., 0., 0., 0., 0., 0., 0., 1., 0., 0., 1.]), tensor([0., 0., 0., 0., 0., 0., 0., 0., 0., 0., 0., 0., 0., 0., 0., 0., 0., 0.,
        0., 0., 0., 0., 0., 0., 0., 0., 0., 0., 0., 0., 1., 0.]), tensor([0., 0., 0., 0., 0., 0., 1., 0., 0., 1., 0., 0., 0., 0., 0., 0., 0., 0.,
        0., 0., 0., 1., 0., 0., 1., 0., 0., 1., 0., 0., 0., 0.]), tensor([1., 0., 0., 1., 0., 0., 0., 0., 0., 0., 0., 0., 1., 0., 0., 1., 0., 0.,
        1., 0., 0., 1., 0., 0., 1., 0., 0., 0., 0., 0., 1., 0.]), tensor([0., 0., 0., 1., 0., 0., 1., 0., 0., 1., 0., 0., 1., 0., 0., 1., 0., 0.,
        0., 0., 0., 1., 0., 0., 1., 0., 0., 1., 0., 0., 0., 0.]), tensor([1., 0., 1., 1., 1., 1., 1., 1., 1., 0., 1., 1., 1., 1., 0., 0., 0., 1.,
        1., 1., 0., 0., 1., 1., 0., 0., 1., 0., 1., 1., 1., 1.]), tensor([1., 0., 0., 1., 1., 0., 0., 1., 1., 1., 0., 0., 0., 1., 1., 1., 0., 1.,
        1., 1., 1., 0., 1., 1., 0., 0., 0., 0., 1., 1., 1., 1.]), tensor([0., 0., 1., 1., 0., 1., 0., 1., 1., 0., 1., 1., 1., 1., 1., 1., 0., 1.,
        0., 0., 1., 0., 1., 1., 0., 0., 1., 0., 0., 1., 0., 1.]), tensor([0., 0., 1., 0., 0., 1., 0., 0., 1., 0., 0., 0., 0., 0., 1., 0., 0., 0.,
        0., 0., 1., 0., 0., 1., 0., 0., 0., 0., 0., 1., 0., 0.]), tensor([0., 0., 0., 0., 1., 0., 0., 0., 0., 0., 0., 0., 0., 1., 0., 0., 1., 0.,
        0., 1., 0., 0., 1., 0., 0., 1., 0., 0., 1., 0., 0., 1.]), tensor([0., 0., 0., 0., 0., 0., 0., 0., 1., 0., 0., 1., 0., 0., 1., 0., 0., 1.,
        0., 1., 1., 0., 0., 1., 0., 0., 0., 0., 0., 1., 1., 0.]), tensor([0., 0., 1., 0., 1., 0., 0., 0., 1., 0., 0., 0., 0., 0., 1., 0., 1., 1.,
        0., 0., 1., 0., 0., 1., 0., 1., 1., 0., 1., 1., 0., 0.]), tensor([0., 1., 1., 0., 0., 0., 0., 1., 0., 0., 1., 0., 0., 0., 0., 0., 1., 0.,
        0., 1., 0., 0., 1., 0., 0., 1., 0., 0., 1., 1., 0., 1.]), tensor([0., 1., 1., 0., 0., 0., 0., 1., 0., 0., 1., 0., 0., 0., 0., 0., 1., 0.,
        0., 1., 0., 0., 1., 0., 0., 1., 0., 0., 1., 1., 0., 1.]), tensor([0., 0., 1., 0., 0., 1., 0., 0., 1., 0., 0., 1., 0., 0., 1., 0., 0., 1.,
        0., 0., 0., 0., 0., 0., 0., 0., 1., 0., 0., 1., 0., 0.]), tensor([0., 0., 1., 0., 0., 1., 0., 0., 1., 0., 0., 0., 0., 0., 1., 0., 0., 0.,
        0., 0., 0., 0., 0., 0., 0., 0., 0., 0., 0., 0., 0., 0.]), tensor([0., 0., 0., 0., 0., 0., 0., 0., 0., 0., 0., 0., 0., 0., 0., 0., 0., 0., 0., 0., 0., 0., 0., 0.,
        0., 0., 0., 0., 0., 0., 0., 0.]), tensor([1., 0., 0., 1., 0., 0., 0., 0., 1., 0., 0., 0., 1., 0., 1., 1., 0., 1.,
        1., 0., 0., 1., 0., 1., 1., 0., 0., 0., 0., 0., 1., 0.]), tensor([1., 0., 0., 1., 0., 0., 1., 0., 0., 1., 0., 0., 1., 0., 0., 1., 0., 0.,
        1., 0., 0., 1., 0., 0., 1., 0., 0., 1., 0., 0., 1., 0.]), tensor([0., 0., 0., 0., 0., 0., 0., 0., 0., 0., 0., 0., 0., 0., 0., 0., 0., 0.,
        0., 0., 0., 0., 0., 0., 0., 0., 0., 0., 0., 0., 1., 0.]), tensor([0., 0., 1., 1., 1., 0., 1., 0., 0., 1., 0., 0., 1., 0., 0., 1., 1., 0.,
        0., 0., 1., 1., 0., 0., 1., 1., 1., 1., 0., 1., 0., 0.]), tensor([1., 0., 0., 0., 0., 0., 0., 1., 0., 0., 0., 0., 0., 0., 0., 0., 0., 0.,
        1., 0., 0., 0., 0., 0., 0., 0., 0., 0., 1., 0., 0., 1.]), tensor([0., 1., 0., 0., 1., 0., 0., 1., 0., 0., 1., 0., 0., 1., 0., 0., 1., 0.,
        0., 1., 0., 0., 1., 0., 0., 1., 0., 0., 1., 0., 0., 1.]), tensor([0., 0., 1., 0., 0., 1., 0., 0., 1., 0., 0., 1., 0., 0., 1., 0., 0., 1.,
        0., 0., 1., 0., 0., 1., 0., 0., 1., 0., 0., 1., 0., 0.]), tensor([1., 0., 0., 1., 0., 0., 1., 0., 0., 1., 0., 0., 1., 0., 0., 1., 0., 0.,
        1., 0., 0., 1., 0., 0., 1., 0., 0., 1., 0., 0., 1., 0.])]
[tensor([1., 0., 0., 1., 0., 0., 0., 0., 0., 0., 0., 0., 0., 0., 0., 1., 0., 0.,
        0., 0., 0., 1., 0., 0., 1., 0., 0., 1., 0., 0., 1., 0.]), tensor([1., 0., 0., 0., 0., 0., 1., 0., 0., 0., 0., 0., 1., 0., 0., 1., 0., 0.,
        0., 0., 0., 1., 0., 0., 1., 0., 0., 0., 0., 0., 1., 0.]), tensor([0., 0., 0., 1., 0., 0., 1., 0., 0., 1., 0., 0., 0., 0., 0., 0., 0., 0.,
        1., 0., 0., 0., 0., 0., 0., 0., 0., 0., 0., 0., 0., 0.]), tensor([0., 0., 0., 1., 0., 0., 1., 0., 0., 1., 0., 0., 1., 0., 0., 1., 0., 0.,
        1., 0., 0., 1., 0., 0., 0., 0., 0., 1., 0., 0., 0., 0.]), tensor([1., 0., 0., 1., 0., 0., 0., 0., 0., 1., 0., 0., 1., 0., 0., 1., 0., 0.,
        0., 0., 0., 1., 0., 0., 1., 0., 0., 0., 0., 0., 0., 0.]), tensor([0., 0., 1., 0., 0., 1., 0., 0., 1., 0., 0., 1., 0., 0., 0., 0., 0., 1.,
        0., 0., 1., 0., 0., 1., 0., 0., 0., 0., 0., 1., 0., 0.]), tensor([0., 0., 0., 0., 0., 1., 0., 0., 1., 0., 0., 1., 0., 0., 1., 0., 0., 1.,
        0., 0., 1., 0., 0., 1., 0., 0., 1., 0., 0., 1., 0., 0.]), tensor([0., 0., 0., 0., 0., 1., 0., 0., 1., 0., 0., 1., 0., 0., 0., 0., 0., 1.,
        0., 0., 1., 0., 0., 0., 0., 0., 1., 0., 0., 1., 0., 0.]), tensor([0., 0., 0., 0., 0., 0., 0., 0., 0., 0., 0., 0., 0., 1., 0., 0., 0., 0.,
        0., 0., 0., 0., 0., 0., 0., 0., 0., 0., 0., 0., 0., 0.]), tensor([0., 0., 0., 0., 1., 0., 0., 1., 0., 0., 1., 0., 0., 0., 0., 0., 1., 0.,
        0., 1., 0., 0., 1., 0., 0., 1., 0., 0., 1., 0., 0., 1.]), tensor([0., 1., 0., 0., 1., 0., 0., 1., 0., 0., 0., 0., 0., 0., 0., 0., 0., 0.,
        0., 0., 0., 0., 1., 0., 0., 1., 0., 0., 1., 0., 0., 1.]), tensor([0., 1., 0., 0., 1., 0., 0., 1., 0., 0., 0., 0., 0., 0., 0., 0., 0., 0.,
        0., 1., 0., 0., 1., 0., 0., 1., 0., 0., 1., 0., 0., 1.]), tensor([1., 1., 1., 0., 0., 1., 0., 0., 1., 1., 0., 0., 0., 1., 1., 1., 1., 1.,
        1., 0., 1., 1., 1., 0., 1., 0., 1., 1., 0., 0., 1., 1.]), tensor([1., 0., 1., 1., 1., 1., 0., 1., 0., 1., 1., 1., 1., 0., 1., 1., 0., 0.,
        1., 1., 1., 1., 1., 0., 1., 0., 1., 0., 1., 1., 0., 0.]), tensor([1., 1., 0., 1., 0., 0., 0., 0., 1., 1., 0., 0., 1., 0., 1., 1., 0., 0.,
        1., 0., 0., 1., 0., 0., 1., 0., 0., 1., 0., 0., 1., 0.]), tensor([0., 0., 0., 1., 0., 0., 1., 0., 0., 1., 0., 0., 1., 0., 0., 1., 0., 0.,
        1., 0., 0., 1., 0., 0., 0., 0., 0., 1., 0., 0., 0., 0.]), tensor([0., 0., 1., 0., 0., 1., 0., 0., 1., 0., 0., 1., 0., 0., 0., 0., 0., 1.,
        0., 0., 1., 0., 0., 1., 0., 0., 0., 0., 0., 1., 0., 0.]), tensor([0., 0., 0., 1., 0., 0., 1., 0., 0., 1., 0., 0., 0., 0., 1., 1., 0., 0.,
        1., 0., 0., 1., 0., 0., 1., 0., 0., 0., 0., 0., 1., 0.]), tensor([1., 0., 1., 1., 0., 0., 1., 0., 0., 1., 0., 1., 1., 0., 0., 1., 0., 0.,
        0., 0., 0., 1., 0., 0., 1., 0., 1., 0., 0., 0., 0., 0.]), tensor([1., 0., 0., 0., 0., 1., 0., 0., 1., 0., 0., 1., 0., 0., 1., 0., 0., 1.,
        0., 0., 1., 0., 0., 1., 1., 0., 1., 0., 0., 1., 0., 0.]), tensor([1., 0., 0., 0., 0., 1., 0., 0., 1., 0., 0., 1., 0., 0., 1., 0., 0., 1.,
        0., 0., 1., 0., 0., 1., 0., 0., 1., 0., 0., 1., 0., 0.]), tensor([1., 0., 0., 1., 0., 0., 0., 0., 0., 0., 0., 0., 0., 0., 0., 1., 0., 0.,
        0., 0., 0., 1., 0., 0., 0., 0., 0., 1., 0., 0., 0., 0.]), tensor([1., 0., 0., 0., 0., 0., 1., 0., 0., 0., 0., 0., 1., 0., 0., 1., 0., 0.,
        0., 0., 0., 1., 0., 0., 1., 0., 0., 0., 0., 0., 1., 0.]), tensor([0., 0., 0., 0., 0., 0., 0., 0., 0., 0., 0., 0., 0., 0., 0., 1., 0., 0.,
        0., 0., 0., 0., 0., 0., 1., 0., 0., 1., 0., 0., 1., 0.]), tensor([0., 1., 0., 0., 1., 0., 1., 1., 0., 1., 1., 0., 0., 0., 0., 0., 0., 0.,
        0., 0., 0., 0., 1., 0., 0., 1., 0., 0., 1., 0., 0., 1.]), tensor([0., 1., 0., 1., 1., 0., 0., 1., 0., 0., 0., 0., 0., 1., 0., 1., 0., 0.,
        0., 1., 0., 0., 1., 0., 1., 1., 0., 0., 1., 0., 0., 1.]), tensor([0., 0., 0., 0., 0., 0., 0., 0., 0., 0., 0., 0., 0., 1., 0., 0., 0., 0.,
        0., 0., 0., 0., 0., 0., 0., 0., 0., 0., 0., 0., 0., 0.]), tensor([1., 1., 0., 0., 1., 0., 1., 1., 0., 1., 1., 0., 0., 0., 0., 0., 1., 0.,
        1., 1., 0., 0., 1., 0., 0., 1., 0., 0., 1., 0., 0., 1.]), tensor([0., 0., 0., 1., 0., 1., 0., 0., 1., 0., 0., 1., 0., 0., 0., 0., 0., 1.,
        0., 0., 1., 0., 0., 0., 0., 0., 1., 0., 0., 1., 0., 0.]), tensor([0., 0., 1., 0., 0., 1., 0., 0., 1., 0., 0., 1., 0., 0., 1., 0., 0., 1.,
        0., 0., 1., 0., 0., 1., 0., 0., 1., 0., 0., 1., 0., 0.]), tensor([1., 0., 0., 1., 0., 0., 1., 0., 0., 1., 0., 0., 1., 0., 0., 1., 0., 0.,
        1., 0., 0., 1., 0., 0., 1., 0., 0., 1., 0., 0., 1., 0.]), tensor([0., 1., 0., 0., 1., 0., 0., 1., 0., 0., 1., 0., 0., 1., 0., 0., 1., 0.,
        0., 1., 0., 0., 1., 0., 0., 1., 0., 0., 1., 0., 0., 1.])]
[tensor([0., 1., 0., 0., 0., 0., 0., 1., 0., 0., 1., 0., 0., 1., 0., 0., 1., 0.,
        0., 0., 0., 0., 1., 0., 0., 0., 0., 0., 1., 0., 0., 1.]), tensor([0., 1., 0., 0., 1., 0., 0., 1., 0., 0., 0., 0., 0., 1., 0., 0., 0., 0.,
        0., 1., 0., 0., 0., 0., 0., 0., 0., 0., 1., 0., 0., 0.]), tensor([0., 0., 0., 0., 0., 0., 0., 1., 0., 0., 0., 0., 0., 0., 0., 0., 1., 0.,
        0., 1., 0., 0., 0., 0., 0., 0., 0., 0., 0., 0., 0., 0.]), tensor([0., 1., 0., 0., 1., 0., 0., 1., 0., 0., 1., 0., 0., 1., 0., 0., 1., 0.,
        0., 0., 0., 0., 0., 0., 0., 0., 0., 0., 1., 0., 0., 0.]), tensor([0., 1., 0., 0., 1., 0., 0., 1., 0., 0., 1., 0., 0., 1., 0., 0., 0., 0.,
        0., 1., 0., 0., 0., 0., 0., 1., 0., 0., 0., 0., 0., 0.]), tensor([1., 0., 0., 1., 0., 0., 0., 0., 0., 1., 0., 0., 1., 0., 0., 0., 0., 0.,
        0., 0., 0., 1., 0., 0., 0., 0., 0., 1., 0., 0., 0., 0.]), tensor([0., 0., 0., 0., 0., 0., 1., 0., 0., 0., 0., 0., 1., 0., 0., 1., 0., 0.,
        1., 0., 0., 1., 0., 0., 1., 0., 0., 1., 0., 0., 1., 0.]), tensor([0., 0., 0., 0., 0., 0., 0., 0., 0., 0., 0., 0., 0., 0., 0., 0., 0., 0.,
        1., 0., 0., 1., 0., 0., 0., 0., 0., 0., 0., 0., 0., 0.]), tensor([0., 0., 1., 0., 0., 0., 0., 0., 0., 0., 0., 0., 0., 0., 0., 0., 0., 0.,
        0., 0., 1., 0., 0., 0., 0., 0., 0., 0., 0., 1., 0., 0.]), tensor([0., 0., 0., 0., 0., 0., 0., 0., 0., 0., 0., 1., 0., 0., 0., 0., 0., 1.,
        0., 0., 0., 0., 0., 0., 0., 0., 1., 0., 0., 0., 0., 0.]), tensor([0., 0., 1., 0., 0., 1., 0., 0., 1., 0., 0., 1., 0., 0., 1., 0., 0., 0.,
        0., 0., 1., 0., 0., 0., 0., 0., 0., 0., 0., 0., 0., 0.]), tensor([0., 0., 0., 0., 0., 0., 0., 0., 0., 0., 0., 1., 0., 0., 1., 0., 0., 0.,
        0., 0., 0., 0., 0., 1., 0., 0., 1., 0., 0., 0., 0., 0.]), tensor([1., 1., 0., 1., 1., 1., 0., 1., 1., 1., 1., 1., 1., 1., 0., 0., 1., 0.,
        1., 1., 1., 0., 1., 1., 0., 0., 0., 0., 1., 0., 1., 1.]), tensor([0., 1., 1., 1., 1., 1., 0., 1., 1., 0., 1., 1., 1., 1., 1., 1., 1., 1.,
        1., 1., 1., 1., 1., 1., 0., 1., 1., 1., 1., 1., 0., 0.]), tensor([0., 1., 0., 1., 1., 0., 0., 1., 1., 0., 1., 0., 1., 1., 1., 1., 1., 0.,
        0., 1., 0., 1., 0., 1., 0., 1., 0., 0., 0., 0., 1., 1.]), tensor([0., 1., 0., 0., 1., 0., 0., 1., 0., 0., 1., 0., 0., 1., 0., 0., 1., 0.,
        0., 0., 0., 0., 0., 0., 0., 0., 0., 0., 1., 0., 0., 0.]), tensor([1., 0., 0., 1., 0., 0., 0., 0., 0., 1., 0., 0., 1., 0., 0., 0., 0., 0.,
        0., 0., 0., 1., 0., 0., 0., 0., 0., 1., 0., 0., 0., 0.]), tensor([1., 0., 1., 0., 0., 1., 0., 1., 1., 1., 0., 0., 0., 0., 0., 0., 1., 0.,
        0., 1., 0., 0., 0., 0., 0., 1., 0., 0., 0., 0., 0., 0.]), tensor([1., 1., 0., 0., 1., 0., 1., 1., 0., 0., 1., 0., 0., 1., 0., 0., 0., 0.,
        0., 1., 0., 0., 0., 0., 1., 1., 0., 1., 0., 0., 0., 0.]), tensor([0., 0., 0., 0., 0., 0., 1., 0., 0., 0., 0., 0., 1., 0., 0., 1., 0., 0.,
        1., 0., 0., 1., 0., 0., 1., 0., 0., 1., 0., 0., 1., 0.]), tensor([0., 0., 0., 0., 0., 0., 1., 0., 0., 0., 0., 0., 1., 0., 0., 1., 0., 0.,
        1., 0., 0., 1., 0., 0., 1., 0., 0., 1., 0., 0., 1., 0.]), tensor([0., 1., 0., 0., 0., 0., 0., 1., 0., 0., 1., 0., 0., 1., 0., 0., 1., 0.,
        0., 0., 0., 0., 0., 0., 0., 0., 0., 0., 1., 0., 0., 1.]), tensor([0., 1., 0., 0., 1., 0., 0., 1., 0., 0., 0., 0., 0., 1., 0., 0., 0., 0.,
        0., 1., 0., 0., 0., 0., 0., 0., 0., 0., 1., 0., 0., 0.]), tensor([0., 0., 0., 0., 0., 0., 0., 0., 0., 0., 1., 0., 0., 0., 0., 0., 0., 0.,
        0., 0., 0., 0., 1., 0., 0., 0., 0., 0., 0., 0., 0., 0.]), tensor([0., 0., 1., 0., 0., 1., 0., 1., 1., 0., 0., 1., 0., 0., 1., 0., 1., 0.,
        0., 0., 1., 0., 0., 0., 0., 1., 0., 0., 1., 0., 0., 1.]), tensor([0., 0., 1., 0., 0., 1., 0., 0., 1., 0., 1., 1., 0., 0., 1., 0., 0., 0.,
        0., 0., 1., 0., 1., 1., 0., 0., 1., 0., 0., 1., 0., 0.]), tensor([0., 0., 1., 0., 0., 0., 0., 0., 0., 0., 0., 0., 0., 0., 0., 0., 0., 0.,
        0., 0., 1., 0., 0., 0., 0., 0., 0., 0., 0., 1., 0., 0.]), tensor([0., 0., 0., 0., 0., 0., 1., 1., 0., 0., 0., 1., 1., 1., 1., 1., 1., 1.,
        0., 1., 0., 0., 0., 1., 0., 0., 1., 1., 0., 0., 0., 1.]), tensor([0., 1., 0., 1., 0., 0., 0., 0., 0., 0., 0., 0., 0., 0., 0., 0., 0., 0.,
        1., 0., 0., 1., 0., 0., 0., 0., 0., 0., 1., 0., 0., 0.]), tensor([1., 0., 0., 1., 0., 0., 1., 0., 0., 1., 0., 0., 1., 0., 0., 1., 0., 0.,
        1., 0., 0., 1., 0., 0., 1., 0., 0., 1., 0., 0., 1., 0.]), tensor([0., 1., 0., 0., 1., 0., 0., 1., 0., 0., 1., 0., 0., 1., 0., 0., 1., 0.,
        0., 1., 0., 0., 1., 0., 0., 1., 0., 0., 1., 0., 0., 1.]), tensor([0., 0., 1., 0., 0., 1., 0., 0., 1., 0., 0., 1., 0., 0., 1., 0., 0., 1.,
        0., 0., 1., 0., 0., 1., 0., 0., 1., 0., 0., 1., 0., 0.])]
[tensor([0., 0., 0., 0., 0., 0., 0., 0., 1., 0., 0., 0., 0., 0., 1., 0., 0., 1.,
        0., 0., 0., 0., 0., 1., 0., 0., 0., 0., 0., 1., 0., 0.]), tensor([0., 0., 1., 0., 0., 1., 0., 0., 0., 0., 0., 1., 0., 0., 1., 0., 0., 1.,
        0., 0., 0., 0., 0., 0., 0., 0., 0., 0., 0., 1., 0., 0.]), tensor([0., 0., 0., 0., 0., 1., 0., 0., 0., 0., 0., 1., 0., 0., 0., 0., 0., 1.,
        0., 0., 1., 0., 0., 0., 0., 0., 1., 0., 0., 1., 0., 0.]), tensor([0., 0., 0., 0., 0., 0., 0., 0., 1., 0., 0., 1., 0., 0., 0., 0., 0., 1.,
        0., 0., 0., 0., 0., 0., 0., 0., 1., 0., 0., 1., 0., 0.]), tensor([0., 0., 1., 0., 0., 1., 0., 0., 1., 0., 0., 1., 0., 0., 1., 0., 0., 0.,
        0., 0., 1., 0., 0., 1., 0., 0., 1., 0., 0., 0., 0., 0.]), tensor([0., 1., 0., 0., 1., 0., 0., 0., 0., 0., 1., 0., 0., 0., 0., 0., 1., 0.,
        0., 1., 0., 0., 1., 0., 0., 1., 0., 0., 1., 0., 0., 1.]), tensor([0., 1., 0., 0., 1., 0., 0., 1., 0., 0., 1., 0., 0., 1., 0., 0., 1., 0.,
        0., 0., 0., 0., 1., 0., 0., 1., 0., 0., 1., 0., 0., 1.]), tensor([0., 1., 0., 0., 1., 0., 0., 1., 0., 0., 1., 0., 0., 0., 0., 0., 1., 0.,
        0., 0., 0., 0., 1., 0., 0., 0., 0., 0., 1., 0., 0., 0.]), tensor([0., 0., 0., 0., 0., 0., 1., 0., 0., 0., 0., 0., 0., 0., 0., 1., 0., 0.,
        0., 0., 0., 1., 0., 0., 1., 0., 0., 1., 0., 0., 0., 0.]), tensor([0., 0., 0., 1., 0., 0., 0., 0., 0., 0., 0., 0., 1., 0., 0., 0., 0., 0.,
        0., 0., 0., 0., 0., 0., 0., 0., 0., 0., 0., 0., 0., 0.]), tensor([0., 0., 0., 0., 0., 0., 0., 0., 0., 1., 0., 0., 1., 0., 0., 0., 0., 0.,
        1., 0., 0., 0., 0., 0., 0., 0., 0., 0., 0., 0., 1., 0.]), tensor([1., 0., 0., 1., 0., 0., 0., 0., 0., 1., 0., 0., 1., 0., 0., 0., 0., 0.,
        0., 0., 0., 0., 0., 0., 0., 0., 0., 0., 0., 0., 1., 0.]), tensor([1., 1., 1., 0., 1., 1., 0., 1., 0., 0., 1., 0., 0., 1., 1., 1., 0., 1.,
        0., 1., 1., 1., 1., 1., 1., 1., 0., 0., 1., 0., 1., 1.]), tensor([1., 1., 0., 0., 1., 1., 1., 1., 1., 1., 0., 1., 0., 0., 1., 1., 1., 0.,
        0., 1., 1., 1., 1., 0., 1., 0., 1., 1., 1., 0., 0., 0.]), tensor([1., 1., 1., 0., 0., 1., 0., 0., 1., 1., 0., 1., 0., 0., 1., 0., 0., 0.,
        0., 0., 1., 0., 0., 1., 0., 1., 1., 0., 1., 0., 1., 1.]), tensor([0., 0., 0., 0., 0., 0., 0., 0., 1., 0., 0., 1., 0., 0., 0., 0., 0., 1.,
        0., 0., 0., 0., 0., 0., 0., 0., 1., 0., 0., 1., 0., 0.]), tensor([0., 1., 0., 0., 1., 0., 0., 0., 0., 0., 1., 0., 0., 0., 0., 0., 1., 0.,
        0., 1., 0., 0., 1., 0., 0., 1., 0., 0., 1., 0., 0., 1.]), tensor([0., 0., 1., 0., 0., 1., 0., 0., 0., 0., 0., 1., 0., 0., 0., 1., 0., 1.,
        1., 0., 1., 1., 0., 0., 1., 0., 1., 1., 0., 1., 0., 0.]), tensor([0., 0., 1., 0., 0., 1., 0., 0., 1., 0., 0., 1., 0., 1., 1., 0., 0., 1.,
        0., 1., 1., 0., 1., 1., 0., 0., 1., 0., 0., 1., 0., 0.]), tensor([0., 1., 1., 0., 1., 0., 0., 1., 1., 0., 1., 0., 0., 1., 0., 0., 1., 0.,
        0., 0., 1., 0., 1., 0., 0., 1., 0., 0., 1., 0., 0., 1.]), tensor([0., 1., 1., 0., 1., 0., 0., 1., 1., 0., 1., 0., 0., 1., 0., 0., 1., 0.,
        0., 0., 1., 0., 1., 0., 0., 1., 0., 0., 1., 0., 0., 1.]), tensor([0., 0., 0., 0., 0., 0., 0., 0., 1., 0., 0., 0., 0., 0., 1., 0., 0., 0.,
        0., 0., 0., 0., 0., 1., 0., 0., 0., 0., 0., 0., 0., 0.]), tensor([0., 0., 1., 0., 0., 1., 0., 0., 0., 0., 0., 1., 0., 0., 1., 0., 0., 1.,
        0., 0., 0., 0., 0., 0., 0., 0., 0., 0., 0., 1., 0., 0.]), tensor([0., 0., 0., 0., 0., 0., 0., 0., 0., 0., 0., 0., 0., 0., 1., 0., 0., 1.,
        0., 0., 0., 0., 0., 0., 0., 0., 0., 0., 0., 1., 0., 0.]), tensor([0., 0., 1., 0., 0., 0., 1., 0., 0., 1., 0., 0., 1., 0., 0., 0., 0., 0.,
        1., 0., 0., 0., 0., 0., 0., 0., 1., 0., 0., 0., 1., 0.]), tensor([1., 0., 0., 1., 0., 0., 0., 0., 0., 1., 0., 0., 1., 0., 0., 1., 0., 0.,
        1., 0., 0., 0., 0., 0., 1., 0., 0., 1., 0., 0., 1., 0.]), tensor([0., 0., 0., 0., 0., 0., 1., 0., 0., 0., 0., 0., 0., 0., 0., 1., 0., 0.,
        0., 0., 0., 1., 0., 0., 1., 0., 0., 1., 0., 0., 0., 0.]), tensor([1., 0., 0., 1., 0., 1., 0., 0., 1., 1., 0., 0., 1., 0., 1., 0., 0., 0.,
        0., 0., 1., 0., 0., 0., 0., 0., 0., 0., 0., 1., 1., 1.]), tensor([0., 1., 0., 0., 1., 0., 0., 1., 0., 0., 1., 1., 0., 0., 0., 0., 1., 1.,
        0., 1., 0., 0., 1., 1., 0., 0., 1., 0., 1., 0., 0., 0.]), tensor([0., 1., 0., 0., 1., 0., 0., 1., 0., 0., 1., 0., 0., 1., 0., 0., 1., 0.,
        0., 1., 0., 0., 1., 0., 0., 1., 0., 0., 1., 0., 0., 1.]), tensor([0., 0., 1., 0., 0., 1., 0., 0., 1., 0., 0., 1., 0., 0., 1., 0., 0., 1.,
        0., 0., 1., 0., 0., 1., 0., 0., 1., 0., 0., 1., 0., 0.]), tensor([1., 0., 0., 1., 0., 0., 1., 0., 0., 1., 0., 0., 1., 0., 0., 1., 0., 0.,
        1., 0., 0., 1., 0., 0., 1., 0., 0., 1., 0., 0., 1., 0.])]
[tensor([1., 0., 0., 1., 0., 0., 1., 0., 0., 1., 0., 0., 0., 0., 0., 0., 0., 0.,
        0., 0., 0., 1., 0., 0., 1., 0., 0., 1., 0., 0., 0., 0.]), tensor([1., 0., 0., 1., 0., 0., 0., 0., 0., 0., 0., 0., 1., 0., 0., 1., 0., 0.,
        1., 0., 0., 0., 0., 0., 1., 0., 0., 1., 0., 0., 1., 0.]), tensor([0., 0., 0., 0., 0., 0., 0., 0., 0., 1., 0., 0., 1., 0., 0., 1., 0., 0.,
        0., 0., 0., 0., 0., 0., 1., 0., 0., 1., 0., 0., 0., 0.]), tensor([0., 0., 0., 1., 0., 0., 0., 0., 0., 0., 0., 0., 0., 0., 0., 1., 0., 0.,
        0., 0., 0., 1., 0., 0., 1., 0., 0., 1., 0., 0., 1., 0.]), tensor([1., 0., 0., 0., 0., 0., 0., 0., 0., 1., 0., 0., 1., 0., 0., 1., 0., 0.,
        1., 0., 0., 1., 0., 0., 0., 0., 0., 0., 0., 0., 1., 0.]), tensor([0., 0., 0., 0., 0., 0., 0., 0., 0., 0., 0., 1., 0., 0., 1., 0., 0., 1.,
        0., 0., 1., 0., 0., 1., 0., 0., 1., 0., 0., 0., 0., 0.]), tensor([0., 0., 1., 0., 0., 1., 0., 0., 1., 0., 0., 1., 0., 0., 1., 0., 0., 1.,
        0., 0., 1., 0., 0., 1., 0., 0., 0., 0., 0., 1., 0., 0.]), tensor([0., 0., 1., 0., 0., 1., 0., 0., 0., 0., 0., 0., 0., 0., 0., 0., 0., 1.,
        0., 0., 1., 0., 0., 0., 0., 0., 0., 0., 0., 1., 0., 0.]), tensor([0., 0., 0., 0., 0., 0., 0., 1., 0., 0., 0., 0., 0., 1., 0., 0., 0., 0.,
        0., 1., 0., 0., 1., 0., 0., 1., 0., 0., 1., 0., 0., 0.]), tensor([0., 0., 0., 0., 1., 0., 0., 0., 0., 0., 0., 0., 0., 0., 0., 0., 1., 0.,
        0., 0., 0., 0., 0., 0., 0., 0., 0., 0., 0., 0., 0., 0.]), tensor([0., 1., 0., 0., 0., 0., 0., 0., 0., 0., 1., 0., 0., 1., 0., 0., 1., 0.,
        0., 1., 0., 0., 0., 0., 0., 0., 0., 0., 0., 0., 0., 0.]), tensor([0., 0., 0., 0., 1., 0., 0., 0., 0., 0., 0., 0., 0., 0., 0., 0., 1., 0.,
        0., 0., 0., 0., 0., 0., 0., 0., 0., 0., 0., 0., 0., 1.]), tensor([0., 0., 1., 1., 1., 0., 0., 1., 1., 1., 1., 1., 1., 0., 1., 1., 1., 0.,
        1., 1., 1., 1., 1., 1., 1., 1., 1., 0., 1., 1., 1., 0.]), tensor([1., 0., 0., 0., 0., 0., 0., 0., 0., 1., 1., 1., 1., 1., 1., 1., 1., 1.,
        1., 1., 0., 1., 1., 0., 1., 1., 1., 1., 0., 1., 1., 1.]), tensor([1., 0., 0., 1., 0., 0., 0., 1., 0., 1., 0., 1., 1., 1., 1., 1., 0., 1.,
        1., 0., 0., 1., 1., 1., 0., 1., 0., 0., 1., 0., 1., 1.]), tensor([0., 0., 0., 1., 0., 0., 0., 0., 0., 0., 0., 0., 0., 0., 0., 1., 0., 0.,
        0., 0., 0., 1., 0., 0., 1., 0., 0., 1., 0., 0., 1., 0.]), tensor([0., 0., 0., 0., 0., 0., 0., 0., 0., 0., 0., 1., 0., 0., 1., 0., 0., 1.,
        0., 0., 1., 0., 0., 1., 0., 0., 1., 0., 0., 0., 0., 0.]), tensor([1., 0., 0., 0., 0., 0., 0., 1., 0., 1., 0., 0., 1., 1., 1., 1., 0., 0.,
        0., 0., 0., 0., 1., 0., 1., 0., 0., 1., 1., 0., 0., 0.]), tensor([1., 0., 0., 0., 0., 1., 0., 0., 0., 1., 0., 0., 1., 0., 0., 1., 0., 0.,
        1., 0., 1., 1., 0., 0., 1., 0., 0., 1., 0., 0., 1., 0.]), tensor([1., 0., 1., 0., 0., 1., 0., 0., 1., 0., 0., 1., 1., 0., 1., 1., 0., 1.,
        1., 0., 1., 0., 0., 1., 0., 0., 0., 0., 0., 1., 0., 0.]), tensor([0., 0., 1., 0., 0., 1., 0., 0., 1., 0., 0., 1., 1., 0., 1., 1., 0., 1.,
        1., 0., 1., 0., 0., 1., 0., 0., 0., 0., 0., 1., 0., 0.]), tensor([0., 0., 0., 0., 0., 0., 0., 0., 0., 1., 0., 0., 0., 0., 0., 0., 0., 0.,
        0., 0., 0., 1., 0., 0., 1., 0., 0., 1., 0., 0., 0., 0.]), tensor([1., 0., 0., 1., 0., 0., 0., 0., 0., 0., 0., 0., 1., 0., 0., 1., 0., 0.,
        1., 0., 0., 0., 0., 0., 1., 0., 0., 1., 0., 0., 1., 0.]), tensor([1., 0., 0., 1., 0., 0., 1., 0., 0., 1., 0., 0., 0., 0., 0., 0., 0., 0.,
        0., 0., 0., 0., 0., 0., 0., 0., 0., 0., 0., 0., 0., 0.]), tensor([0., 1., 0., 0., 0., 0., 0., 0., 0., 0., 1., 0., 1., 1., 0., 0., 1., 0.,
        0., 1., 0., 1., 1., 0., 1., 0., 0., 0., 1., 0., 0., 0.]), tensor([1., 1., 0., 0., 1., 0., 1., 0., 0., 0., 1., 0., 0., 1., 0., 0., 1., 0.,
        0., 1., 0., 0., 0., 0., 0., 0., 0., 1., 0., 0., 0., 1.]), tensor([0., 0., 0., 0., 0., 0., 0., 1., 0., 0., 0., 0., 0., 1., 0., 0., 0., 0.,
        0., 1., 0., 0., 1., 0., 0., 1., 0., 0., 1., 0., 0., 0.]), tensor([0., 0., 0., 1., 1., 0., 0., 0., 0., 1., 0., 0., 1., 0., 0., 1., 1., 0.,
        0., 0., 0., 0., 0., 1., 1., 0., 0., 0., 0., 0., 0., 1.]), tensor([0., 0., 1., 0., 0., 1., 1., 0., 0., 0., 1., 0., 0., 0., 0., 0., 0., 1.,
        0., 0., 1., 1., 0., 0., 0., 0., 1., 1., 0., 1., 0., 0.]), tensor([0., 0., 1., 0., 0., 1., 0., 0., 1., 0., 0., 1., 0., 0., 1., 0., 0., 1.,
        0., 0., 1., 0., 0., 1., 0., 0., 1., 0., 0., 1., 0., 0.]), tensor([1., 0., 0., 1., 0., 0., 1., 0., 0., 1., 0., 0., 1., 0., 0., 1., 0., 0.,
        1., 0., 0., 1., 0., 0., 1., 0., 0., 1., 0., 0., 1., 0.]), tensor([0., 1., 0., 0., 1., 0., 0., 1., 0., 0., 1., 0., 0., 1., 0., 0., 1., 0.,
        0., 1., 0., 0., 1., 0., 0., 1., 0., 0., 1., 0., 0., 1.])]
[tensor([0., 1., 0., 0., 1., 0., 0., 0., 0., 0., 0., 0., 0., 1., 0., 0., 0., 0.,
        0., 1., 0., 0., 1., 0., 0., 1., 0., 0., 1., 0., 0., 1.]), tensor([0., 1., 0., 0., 1., 0., 0., 1., 0., 0., 0., 0., 0., 1., 0., 0., 0., 0.,
        0., 1., 0., 0., 0., 0., 0., 0., 0., 0., 0., 0., 0., 1.]), tensor([0., 1., 0., 0., 0., 0., 0., 0., 0., 0., 0., 0., 0., 1., 0., 0., 0., 0.,
        0., 0., 0., 0., 0., 0., 0., 1., 0., 0., 1., 0., 0., 0.]), tensor([0., 0., 0., 0., 1., 0., 0., 0., 0., 0., 1., 0., 0., 1., 0., 0., 0., 0.,
        0., 0., 0., 0., 1., 0., 0., 0., 0., 0., 0., 0., 0., 1.]), tensor([0., 0., 0., 0., 1., 0., 0., 1., 0., 0., 1., 0., 0., 1., 0., 0., 1., 0.,
        0., 0., 0., 0., 1., 0., 0., 0., 0., 0., 0., 0., 0., 0.]), tensor([1., 0., 0., 1., 0., 0., 1., 0., 0., 1., 0., 0., 1., 0., 0., 1., 0., 0.,
        1., 0., 0., 1., 0., 0., 0., 0., 0., 0., 0., 0., 0., 0.]), tensor([1., 0., 0., 1., 0., 0., 0., 0., 0., 1., 0., 0., 1., 0., 0., 1., 0., 0.,
        1., 0., 0., 0., 0., 0., 1., 0., 0., 1., 0., 0., 1., 0.]), tensor([1., 0., 0., 1., 0., 0., 0., 0., 0., 1., 0., 0., 0., 0., 0., 0., 0., 0.,
        0., 0., 0., 0., 0., 0., 1., 0., 0., 1., 0., 0., 1., 0.]), tensor([0., 0., 0., 0., 0., 0., 0., 0., 0., 0., 0., 0., 0., 0., 0., 0., 0., 1.,
        0., 0., 0., 0., 0., 0., 0., 0., 1., 0., 0., 0., 0., 0.]), tensor([0., 0., 1., 0., 0., 0., 0., 0., 1., 0., 0., 1., 0., 0., 0., 0., 0., 0.,
        0., 0., 1., 0., 0., 0., 0., 0., 0., 0., 0., 1., 0., 0.]), tensor([0., 0., 1., 0., 0., 1., 0., 0., 1., 0., 0., 1., 0., 0., 1., 0., 0., 0.,
        0., 0., 1., 0., 0., 1., 0., 0., 0., 0., 0., 0., 0., 0.]), tensor([0., 0., 1., 0., 0., 0., 0., 0., 1., 0., 0., 1., 0., 0., 0., 0., 0., 0.,
        0., 0., 1., 0., 0., 1., 0., 0., 0., 0., 0., 0., 0., 0.]), tensor([0., 0., 1., 1., 1., 1., 1., 1., 0., 0., 0., 1., 1., 1., 1., 1., 1., 1.,
        1., 1., 1., 0., 1., 1., 1., 0., 1., 0., 1., 1., 0., 1.]), tensor([1., 1., 1., 1., 1., 0., 0., 1., 1., 0., 1., 1., 1., 1., 1., 1., 1., 1.,
        0., 1., 1., 1., 1., 1., 0., 1., 1., 1., 1., 1., 1., 1.]), tensor([1., 0., 0., 0., 1., 0., 0., 1., 0., 0., 1., 0., 1., 1., 0., 0., 1., 1.,
        0., 0., 0., 1., 1., 1., 0., 0., 1., 0., 1., 0., 0., 0.]), tensor([0., 0., 0., 0., 1., 0., 0., 0., 0., 0., 1., 0., 0., 1., 0., 0., 0., 0.,
        0., 0., 0., 0., 1., 0., 0., 0., 0., 0., 0., 0., 0., 1.]), tensor([1., 0., 0., 1., 0., 0., 1., 0., 0., 1., 0., 0., 1., 0., 0., 1., 0., 0.,
        1., 0., 0., 1., 0., 0., 0., 0., 0., 0., 0., 0., 0., 0.]), tensor([0., 1., 0., 0., 0., 0., 0., 1., 0., 0., 1., 0., 0., 1., 0., 0., 1., 0.,
        0., 0., 0., 0., 0., 0., 0., 1., 1., 0., 1., 0., 0., 0.]), tensor([0., 1., 0., 0., 1., 0., 0., 1., 0., 1., 1., 0., 0., 1., 0., 0., 1., 0.,
        0., 1., 0., 0., 1., 0., 0., 0., 0., 0., 0., 0., 0., 0.]), tensor([1., 0., 0., 1., 0., 0., 0., 0., 0., 1., 1., 0., 1., 0., 0., 1., 1., 0.,
        1., 0., 0., 0., 0., 0., 1., 0., 0., 1., 0., 0., 1., 0.]), tensor([1., 0., 0., 1., 0., 0., 0., 0., 0., 1., 1., 0., 1., 0., 0., 1., 1., 0.,
        1., 0., 0., 0., 0., 0., 1., 0., 0., 1., 0., 0., 1., 0.]), tensor([0., 1., 0., 0., 0., 0., 0., 0., 0., 0., 0., 0., 0., 0., 0., 0., 0., 0.,
        0., 1., 0., 0., 1., 0., 0., 1., 0., 0., 1., 0., 0., 1.]), tensor([0., 1., 0., 0., 1., 0., 0., 1., 0., 0., 0., 0., 0., 1., 0., 0., 0., 0.,
        0., 1., 0., 0., 0., 0., 0., 0., 0., 0., 0., 0., 0., 1.]), tensor([0., 1., 0., 0., 1., 0., 0., 0., 0., 0., 0., 0., 0., 1., 0., 0., 0., 0.,
        0., 0., 0., 0., 0., 0., 0., 1., 0., 0., 1., 0., 0., 1.]), tensor([0., 0., 1., 0., 0., 1., 0., 0., 1., 0., 0., 1., 0., 0., 1., 0., 0., 0.,
        0., 0., 1., 0., 0., 1., 0., 0., 0., 0., 0., 0., 0., 0.]), tensor([0., 0., 1., 0., 0., 1., 0., 1., 1., 0., 1., 1., 0., 0., 1., 0., 0., 1.,
        0., 1., 1., 0., 0., 1., 0., 1., 0., 0., 0., 0., 0., 1.]), tensor([0., 0., 0., 0., 0., 0., 0., 0., 0., 0., 0., 0., 0., 0., 0., 0., 0., 1.,
        0., 0., 0., 0., 0., 0., 0., 0., 1., 0., 0., 0., 0., 0.]), tensor([0., 0., 1., 0., 0., 0., 0., 0., 1., 0., 0., 1., 0., 1., 0., 0., 0., 0.,
        0., 0., 1., 0., 1., 1., 0., 0., 0., 0., 1., 1., 0., 0.]), tensor([1., 1., 0., 1., 0., 0., 1., 0., 0., 1., 0., 0., 0., 0., 0., 0., 0., 0.,
        0., 1., 0., 0., 0., 0., 1., 1., 0., 1., 0., 0., 1., 0.]), tensor([1., 0., 0., 1., 0., 0., 1., 0., 0., 1., 0., 0., 1., 0., 0., 1., 0., 0.,
        1., 0., 0., 1., 0., 0., 1., 0., 0., 1., 0., 0., 1., 0.]), tensor([0., 1., 0., 0., 1., 0., 0., 1., 0., 0., 1., 0., 0., 1., 0., 0., 1., 0.,
        0., 1., 0., 0., 1., 0., 0., 1., 0., 0., 1., 0., 0., 1.]), tensor([0., 0., 1., 0., 0., 1., 0., 0., 1., 0., 0., 1., 0., 0., 1., 0., 0., 1.,
        0., 0., 1., 0., 0., 1., 0., 0., 1., 0., 0., 1., 0., 0.])]
[tensor([0., 0., 0., 0., 0., 1., 0., 0., 0., 0., 0., 1., 0., 0., 0., 0., 0., 0.,
        0., 0., 1., 0., 0., 0., 0., 0., 1., 0., 0., 0., 0., 0.]), tensor([0., 0., 0., 0., 0., 1., 0., 0., 1., 0., 0., 1., 0., 0., 1., 0., 0., 1.,
        0., 0., 0., 0., 0., 1., 0., 0., 0., 0., 0., 1., 0., 0.]), tensor([0., 0., 1., 0., 0., 0., 0., 0., 0., 0., 0., 0., 0., 0., 0., 0., 0., 0.,
        0., 0., 1., 0., 0., 0., 0., 0., 0., 0., 0., 0., 0., 0.]), tensor([0., 0., 0., 0., 0., 1., 0., 0., 0., 0., 0., 1., 0., 0., 1., 0., 0., 0.,
        0., 0., 1., 0., 0., 1., 0., 0., 0., 0., 0., 0., 0., 0.]), tensor([0., 0., 1., 0., 0., 0., 0., 0., 0., 0., 0., 1., 0., 0., 0., 0., 0., 1.,
        0., 0., 0., 0., 0., 1., 0., 0., 1., 0., 0., 1., 0., 0.]), tensor([0., 1., 0., 0., 1., 0., 0., 1., 0., 0., 1., 0., 0., 0., 0., 0., 1., 0.,
        0., 1., 0., 0., 1., 0., 0., 1., 0., 0., 0., 0., 0., 1.]), tensor([0., 1., 0., 0., 0., 0., 0., 0., 0., 0., 1., 0., 0., 1., 0., 0., 1., 0.,
        0., 1., 0., 0., 1., 0., 0., 1., 0., 0., 1., 0., 0., 1.]), tensor([0., 0., 0., 0., 0., 0., 0., 0., 0., 0., 0., 0., 0., 1., 0., 0., 0., 0.,
        0., 1., 0., 0., 0., 0., 0., 1., 0., 0., 0., 0., 0., 0.]), tensor([0., 0., 0., 0., 0., 0., 0., 0., 0., 0., 0., 0., 0., 0., 0., 1., 0., 0.,
        1., 0., 0., 0., 0., 0., 0., 0., 0., 0., 0., 0., 0., 0.]), tensor([1., 0., 0., 1., 0., 0., 0., 0., 0., 0., 0., 0., 0., 0., 0., 0., 0., 0.,
        0., 0., 0., 1., 0., 0., 1., 0., 0., 1., 0., 0., 1., 0.]), tensor([1., 0., 0., 0., 0., 0., 1., 0., 0., 1., 0., 0., 1., 0., 0., 0., 0., 0.,
        1., 0., 0., 0., 0., 0., 1., 0., 0., 0., 0., 0., 1., 0.]), tensor([1., 0., 0., 1., 0., 0., 0., 0., 0., 0., 0., 0., 0., 0., 0., 0., 0., 0.,
        0., 0., 0., 0., 0., 0., 1., 0., 0., 1., 0., 0., 1., 0.]), tensor([0., 0., 1., 0., 1., 1., 1., 1., 1., 0., 0., 1., 1., 0., 1., 0., 1., 1.,
        1., 1., 1., 0., 1., 1., 0., 1., 1., 1., 1., 1., 1., 1.]), tensor([0., 0., 1., 1., 1., 1., 1., 1., 0., 1., 1., 0., 1., 0., 1., 0., 0., 1.,
        1., 1., 0., 0., 0., 0., 0., 0., 0., 1., 0., 1., 0., 0.]), tensor([0., 0., 1., 0., 1., 1., 0., 0., 0., 1., 0., 1., 0., 0., 0., 0., 0., 1.,
        0., 0., 0., 0., 0., 1., 0., 0., 1., 0., 0., 1., 0., 1.]), tensor([0., 0., 0., 0., 0., 1., 0., 0., 0., 0., 0., 1., 0., 0., 1., 0., 0., 0.,
        0., 0., 1., 0., 0., 1., 0., 0., 0., 0., 0., 0., 0., 0.]), tensor([0., 1., 0., 0., 1., 0., 0., 1., 0., 0., 1., 0., 0., 0., 0., 0., 1., 0.,
        0., 1., 0., 0., 1., 0., 0., 1., 0., 0., 0., 0., 0., 1.]), tensor([0., 0., 1., 0., 1., 0., 0., 0., 1., 0., 1., 0., 0., 0., 0., 1., 1., 0.,
        1., 0., 1., 0., 0., 0., 0., 0., 1., 0., 0., 0., 0., 1.]), tensor([0., 0., 1., 0., 0., 0., 0., 1., 0., 0., 0., 1., 0., 0., 1., 0., 0., 1.,
        0., 0., 1., 0., 0., 1., 0., 1., 1., 0., 0., 1., 0., 0.]), tensor([0., 1., 0., 0., 0., 0., 0., 0., 0., 0., 1., 1., 0., 1., 0., 0., 1., 0.,
        0., 1., 0., 0., 1., 1., 0., 1., 1., 0., 1., 0., 0., 1.]), tensor([0., 1., 0., 0., 0., 0., 0., 0., 0., 0., 1., 0., 0., 1., 0., 0., 1., 0.,
        0., 1., 0., 0., 1., 1., 0., 1., 0., 0., 1., 0., 0., 1.]), tensor([0., 0., 0., 0., 0., 0., 0., 0., 0., 0., 0., 1., 0., 0., 0., 0., 0., 0.,
        0., 0., 1., 0., 0., 0., 0., 0., 1., 0., 0., 0., 0., 0.]), tensor([0., 0., 0., 0., 0., 1., 0., 0., 1., 0., 0., 1., 0., 0., 1., 0., 0., 1.,
        0., 0., 0., 0., 0., 1., 0., 0., 0., 0., 0., 1., 0., 0.]), tensor([0., 0., 0., 0., 0., 1., 0., 0., 0., 0., 0., 1., 0., 0., 0., 0., 0., 0.,
        0., 0., 1., 0., 0., 0., 0., 0., 1., 0., 0., 0., 0., 0.]), tensor([1., 0., 1., 0., 0., 0., 1., 0., 1., 1., 0., 0., 1., 0., 0., 0., 0., 0.,
        1., 0., 0., 1., 0., 0., 1., 0., 0., 0., 0., 0., 1., 0.]), tensor([1., 0., 0., 1., 0., 0., 1., 0., 0., 1., 0., 1., 1., 0., 0., 0., 0., 0.,
        1., 0., 0., 0., 0., 0., 1., 0., 1., 1., 0., 0., 1., 0.]), tensor([0., 0., 0., 0., 0., 0., 0., 0., 0., 0., 0., 0., 0., 0., 0., 1., 0., 0.,
        1., 0., 0., 0., 0., 0., 0., 0., 0., 0., 0., 0., 0., 0.]), tensor([1., 0., 1., 1., 0., 0., 0., 0., 0., 0., 0., 0., 0., 0., 1., 0., 0., 1.,
        0., 0., 1., 1., 0., 1., 1., 0., 0., 1., 0., 0., 1., 0.]), tensor([0., 0., 0., 0., 0., 0., 0., 0., 0., 0., 0., 0., 0., 1., 0., 0., 0., 0.,
        0., 1., 0., 0., 0., 0., 0., 1., 0., 0., 0., 0., 0., 0.]), tensor([0., 1., 0., 0., 1., 0., 0., 1., 0., 0., 1., 0., 0., 1., 0., 0., 1., 0.,
        0., 1., 0., 0., 1., 0., 0., 1., 0., 0., 1., 0., 0., 1.]), tensor([0., 0., 1., 0., 0., 1., 0., 0., 1., 0., 0., 1., 0., 0., 1., 0., 0., 1.,
        0., 0., 1., 0., 0., 1., 0., 0., 1., 0., 0., 1., 0., 0.]), tensor([1., 0., 0., 1., 0., 0., 1., 0., 0., 1., 0., 0., 1., 0., 0., 1., 0., 0.,
        1., 0., 0., 1., 0., 0., 1., 0., 0., 1., 0., 0., 1., 0.])]
[tensor([1., 0., 0., 0., 0., 0., 1., 0., 0., 1., 0., 0., 1., 0., 0., 1., 0., 0.,
        1., 0., 0., 1., 0., 0., 1., 0., 0., 0., 0., 0., 1., 0.]), tensor([0., 0., 0., 1., 0., 0., 0., 0., 0., 0., 0., 0., 1., 0., 0., 0., 0., 0.,
        0., 0., 0., 1., 0., 0., 1., 0., 0., 1., 0., 0., 0., 0.]), tensor([0., 0., 0., 1., 0., 0., 1., 0., 0., 0., 0., 0., 1., 0., 0., 1., 0., 0.,
        0., 0., 0., 0., 0., 0., 0., 0., 0., 0., 0., 0., 0., 0.]), tensor([1., 0., 0., 0., 0., 0., 0., 0., 0., 1., 0., 0., 1., 0., 0., 1., 0., 0.,
        1., 0., 0., 0., 0., 0., 1., 0., 0., 1., 0., 0., 1., 0.]), tensor([1., 0., 0., 1., 0., 0., 1., 0., 0., 1., 0., 0., 1., 0., 0., 0., 0., 0.,
        0., 0., 0., 1., 0., 0., 1., 0., 0., 1., 0., 0., 1., 0.]), tensor([0., 0., 1., 0., 0., 1., 0., 0., 1., 0., 0., 1., 0., 0., 1., 0., 0., 1.,
        0., 0., 1., 0., 0., 1., 0., 0., 0., 0., 0., 1., 0., 0.]), tensor([0., 0., 1., 0., 0., 1., 0., 0., 1., 0., 0., 0., 0., 0., 1., 0., 0., 1.,
        0., 0., 1., 0., 0., 0., 0., 0., 1., 0., 0., 1., 0., 0.]), tensor([0., 0., 1., 0., 0., 0., 0., 0., 1., 0., 0., 0., 0., 0., 1., 0., 0., 1.,
        0., 0., 1., 0., 0., 0., 0., 0., 1., 0., 0., 1., 0., 0.]), tensor([0., 1., 0., 0., 0., 0., 0., 0., 0., 0., 0., 0., 0., 0., 0., 0., 0., 0.,
        0., 0., 0., 0., 0., 0., 0., 0., 0., 0., 0., 0., 0., 1.]), tensor([0., 0., 0., 0., 0., 0., 0., 1., 0., 0., 1., 0., 0., 0., 0., 0., 0., 0.,
        0., 0., 0., 0., 1., 0., 0., 1., 0., 0., 1., 0., 0., 0.]), tensor([0., 0., 0., 0., 0., 0., 0., 0., 0., 0., 1., 0., 0., 1., 0., 0., 1., 0.,
        0., 1., 0., 0., 0., 0., 0., 1., 0., 0., 1., 0., 0., 0.]), tensor([0., 0., 0., 0., 1., 0., 0., 0., 0., 0., 1., 0., 0., 0., 0., 0., 0., 0.,
        0., 0., 0., 0., 1., 0., 0., 1., 0., 0., 1., 0., 0., 0.]), tensor([1., 1., 1., 1., 1., 1., 0., 0., 0., 0., 0., 0., 1., 1., 1., 0., 1., 1.,
        1., 1., 0., 1., 1., 1., 1., 1., 0., 1., 1., 1., 1., 0.]), tensor([1., 0., 1., 1., 0., 1., 1., 0., 0., 1., 1., 0., 0., 1., 0., 1., 1., 1.,
        1., 1., 1., 1., 0., 0., 1., 1., 1., 1., 1., 1., 1., 1.]), tensor([1., 1., 0., 1., 1., 1., 1., 0., 0., 1., 0., 0., 1., 1., 0., 0., 1., 1.,
        0., 1., 0., 1., 0., 0., 1., 0., 0., 1., 0., 1., 1., 0.]), tensor([1., 0., 0., 0., 0., 0., 0., 0., 0., 1., 0., 0., 1., 0., 0., 1., 0., 0.,
        1., 0., 0., 0., 0., 0., 1., 0., 0., 1., 0., 0., 1., 0.]), tensor([0., 0., 1., 0., 0., 1., 0., 0., 1., 0., 0., 1., 0., 0., 1., 0., 0., 1.,
        0., 0., 1., 0., 0., 1., 0., 0., 0., 0., 0., 1., 0., 0.]), tensor([0., 0., 0., 1., 0., 0., 1., 0., 0., 0., 0., 0., 1., 0., 0., 1., 0., 0.,
        0., 0., 0., 1., 0., 0., 0., 0., 0., 1., 0., 0., 0., 1.]), tensor([1., 0., 0., 1., 0., 0., 1., 0., 0., 1., 0., 1., 1., 0., 0., 0., 0., 0.,
        1., 0., 0., 1., 0., 0., 1., 0., 0., 1., 0., 0., 1., 0.]), tensor([0., 0., 1., 0., 0., 1., 0., 0., 1., 0., 0., 0., 0., 0., 1., 0., 0., 1.,
        0., 0., 1., 1., 0., 0., 1., 0., 1., 1., 0., 1., 0., 0.]), tensor([0., 0., 1., 0., 0., 1., 0., 0., 1., 0., 0., 0., 0., 0., 1., 0., 0., 1.,
        0., 0., 1., 1., 0., 0., 0., 0., 1., 1., 0., 1., 0., 0.]), tensor([1., 0., 0., 0., 0., 0., 1., 0., 0., 1., 0., 0., 1., 0., 0., 1., 0., 0.,
        1., 0., 0., 1., 0., 0., 1., 0., 0., 0., 0., 0., 0., 0.]), tensor([0., 0., 0., 1., 0., 0., 0., 0., 0., 0., 0., 0., 1., 0., 0., 0., 0., 0.,
        0., 0., 0., 1., 0., 0., 1., 0., 0., 1., 0., 0., 0., 0.]), tensor([0., 0., 0., 0., 0., 0., 0., 0., 0., 0., 0., 0., 0., 0., 0., 0., 0., 0.,
        0., 0., 0., 0., 0., 0., 1., 0., 0., 0., 0., 0., 1., 0.]), tensor([0., 1., 0., 1., 0., 0., 1., 0., 0., 1., 1., 0., 0., 1., 0., 0., 1., 0.,
        1., 1., 0., 0., 0., 0., 0., 1., 0., 0., 1., 0., 0., 0.]), tensor([0., 0., 0., 0., 1., 0., 0., 0., 0., 0., 1., 0., 0., 1., 0., 0., 1., 0.,
        0., 1., 0., 1., 1., 0., 1., 1., 0., 0., 1., 0., 0., 1.]), tensor([0., 1., 0., 0., 0., 0., 0., 0., 0., 0., 0., 0., 0., 0., 0., 0., 0., 0.,
        0., 0., 0., 0., 0., 0., 0., 0., 0., 0., 0., 0., 0., 1.]), tensor([0., 0., 0., 1., 1., 0., 0., 1., 0., 1., 1., 0., 1., 0., 0., 0., 0., 0.,
        0., 0., 0., 0., 1., 0., 0., 1., 0., 0., 1., 0., 0., 0.]), tensor([0., 0., 1., 0., 0., 0., 1., 0., 1., 0., 0., 0., 0., 0., 1., 1., 0., 1.,
        0., 1., 1., 0., 0., 0., 0., 0., 1., 0., 0., 1., 0., 0.]), tensor([0., 0., 1., 0., 0., 1., 0., 0., 1., 0., 0., 1., 0., 0., 1., 0., 0., 1.,
        0., 0., 1., 0., 0., 1., 0., 0., 1., 0., 0., 1., 0., 0.]), tensor([1., 0., 0., 1., 0., 0., 1., 0., 0., 1., 0., 0., 1., 0., 0., 1., 0., 0.,
        1., 0., 0., 1., 0., 0., 1., 0., 0., 1., 0., 0., 1., 0.]), tensor([0., 1., 0., 0., 1., 0., 0., 1., 0., 0., 1., 0., 0., 1., 0., 0., 1., 0.,
        0., 1., 0., 0., 1., 0., 0., 1., 0., 0., 1., 0., 0., 1.])]
[tensor([0., 0., 0., 0., 0., 0., 0., 1., 0., 0., 1., 0., 0., 0., 0., 0., 0., 0.,
        0., 1., 0., 0., 1., 0., 0., 1., 0., 0., 1., 0., 0., 1.]), tensor([0., 1., 0., 0., 1., 0., 0., 1., 0., 0., 0., 0., 0., 1., 0., 0., 1., 0.,
        0., 0., 0., 0., 0., 0., 0., 1., 0., 0., 1., 0., 0., 1.]), tensor([0., 0., 0., 0., 0., 0., 0., 1., 0., 0., 1., 0., 0., 0., 0., 0., 0., 0.,
        0., 1., 0., 0., 0., 0., 0., 0., 0., 0., 0., 0., 0., 1.]), tensor([0., 1., 0., 0., 0., 0., 0., 1., 0., 0., 0., 0., 0., 1., 0., 0., 0., 0.,
        0., 0., 0., 0., 0., 0., 0., 1., 0., 0., 1., 0., 0., 1.]), tensor([0., 1., 0., 0., 0., 0., 0., 0., 0., 0., 1., 0., 0., 0., 0., 0., 1., 0.,
        0., 1., 0., 0., 1., 0., 0., 1., 0., 0., 1., 0., 0., 1.]), tensor([0., 0., 0., 1., 0., 0., 1., 0., 0., 1., 0., 0., 0., 0., 0., 1., 0., 0.,
        1., 0., 0., 1., 0., 0., 1., 0., 0., 1., 0., 0., 1., 0.]), tensor([1., 0., 0., 0., 0., 0., 1., 0., 0., 1., 0., 0., 1., 0., 0., 1., 0., 0.,
        1., 0., 0., 1., 0., 0., 1., 0., 0., 0., 0., 0., 0., 0.]), tensor([1., 0., 0., 0., 0., 0., 1., 0., 0., 1., 0., 0., 0., 0., 0., 0., 0., 0.,
        0., 0., 0., 0., 0., 0., 0., 0., 0., 0., 0., 0., 0., 0.]), tensor([0., 0., 0., 0., 0., 0., 0., 0., 0., 0., 0., 0., 0., 0., 0., 0., 0., 0.,
        0., 0., 1., 0., 0., 0., 0., 0., 0., 0., 0., 1., 0., 0.]), tensor([0., 0., 0., 0., 0., 0., 0., 0., 1., 0., 0., 0., 0., 0., 0., 0., 0., 1.,
        0., 0., 0., 0., 0., 1., 0., 0., 1., 0., 0., 0., 0., 0.]), tensor([0., 0., 1., 0., 0., 1., 0., 0., 0., 0., 0., 0., 0., 0., 1., 0., 0., 0.,
        0., 0., 1., 0., 0., 0., 0., 0., 0., 0., 0., 0., 0., 0.]), tensor([0., 0., 0., 0., 0., 0., 0., 0., 1., 0., 0., 1., 0., 0., 0., 0., 0., 0.,
        0., 0., 0., 0., 0., 1., 0., 0., 0., 0., 0., 0., 0., 0.]), tensor([1., 1., 0., 1., 1., 1., 1., 0., 0., 0., 1., 0., 0., 0., 0., 1., 1., 0.,
        0., 0., 1., 0., 1., 1., 1., 1., 1., 1., 1., 1., 0., 1.]), tensor([1., 1., 1., 0., 0., 0., 1., 0., 1., 0., 0., 1., 1., 0., 1., 1., 1., 0.,
        1., 1., 1., 0., 0., 1., 1., 0., 1., 1., 1., 0., 1., 1.]), tensor([0., 1., 0., 1., 0., 1., 0., 0., 0., 0., 1., 1., 0., 0., 0., 1., 1., 0.,
        1., 1., 0., 0., 1., 0., 1., 1., 0., 1., 1., 0., 1., 1.]), tensor([0., 1., 0., 0., 0., 0., 0., 1., 0., 0., 0., 0., 0., 1., 0., 0., 0., 0.,
        0., 0., 0., 0., 0., 0., 0., 1., 0., 0., 1., 0., 0., 1.]), tensor([0., 0., 0., 1., 0., 0., 1., 0., 0., 1., 0., 0., 0., 0., 0., 1., 0., 0.,
        1., 0., 0., 1., 0., 0., 1., 0., 0., 1., 0., 0., 1., 0.]), tensor([0., 0., 0., 0., 0., 0., 0., 1., 0., 0., 1., 0., 0., 0., 0., 0., 0., 0.,
        0., 1., 1., 0., 1., 0., 0., 0., 0., 0., 0., 1., 0., 1.]), tensor([0., 1., 0., 0., 1., 0., 0., 0., 0., 1., 1., 0., 0., 1., 0., 0., 1., 0.,
        0., 1., 0., 1., 1., 0., 0., 1., 0., 0., 1., 0., 0., 1.]), tensor([1., 0., 0., 0., 0., 0., 1., 0., 0., 1., 0., 0., 1., 0., 0., 1., 0., 0.,
        1., 0., 0., 1., 0., 0., 1., 0., 0., 0., 1., 0., 0., 0.]), tensor([1., 0., 0., 0., 0., 0., 1., 0., 0., 1., 0., 0., 1., 0., 0., 1., 0., 0.,
        1., 0., 0., 1., 0., 0., 1., 0., 0., 0., 0., 0., 0., 0.]), tensor([0., 0., 0., 0., 0., 0., 0., 0., 0., 0., 1., 0., 0., 0., 0., 0., 0., 0.,
        0., 0., 0., 0., 0., 0., 0., 1., 0., 0., 1., 0., 0., 1.]), tensor([0., 1., 0., 0., 1., 0., 0., 1., 0., 0., 0., 0., 0., 1., 0., 0., 1., 0.,
        0., 0., 0., 0., 0., 0., 0., 1., 0., 0., 1., 0., 0., 1.]), tensor([0., 0., 0., 0., 0., 0., 0., 1., 0., 0., 1., 0., 0., 0., 0., 0., 0., 0.,
        0., 1., 0., 0., 1., 0., 0., 0., 0., 0., 1., 0., 0., 0.]), tensor([0., 0., 1., 0., 0., 1., 0., 0., 0., 0., 0., 0., 0., 0., 1., 0., 0., 1.,
        0., 0., 1., 0., 0., 0., 0., 0., 1., 0., 0., 1., 0., 0.]), tensor([0., 0., 1., 0., 0., 1., 0., 1., 1., 0., 0., 1., 0., 0., 1., 0., 1., 0.,
        0., 0., 1., 0., 0., 1., 0., 0., 0., 0., 0., 0., 0., 0.]), tensor([0., 0., 0., 0., 0., 0., 0., 0., 0., 0., 0., 0., 0., 0., 0., 0., 0., 0.,
        0., 0., 1., 0., 0., 0., 0., 0., 0., 0., 0., 1., 0., 0.]), tensor([0., 0., 0., 0., 1., 0., 0., 0., 1., 0., 1., 1., 0., 1., 0., 0., 0., 1.,
        0., 1., 0., 0., 0., 1., 1., 0., 1., 0., 0., 0., 1., 1.]), tensor([1., 0., 0., 1., 0., 1., 1., 1., 0., 1., 0., 0., 0., 0., 0., 0., 1., 0.,
        0., 0., 0., 0., 0., 0., 0., 1., 0., 0., 0., 0., 0., 0.]), tensor([1., 0., 0., 1., 0., 0., 1., 0., 0., 1., 0., 0., 1., 0., 0., 1., 0., 0.,
        1., 0., 0., 1., 0., 0., 1., 0., 0., 1., 0., 0., 1., 0.]), tensor([0., 1., 0., 0., 1., 0., 0., 1., 0., 0., 1., 0., 0., 1., 0., 0., 1., 0.,
        0., 1., 0., 0., 1., 0., 0., 1., 0., 0., 1., 0., 0., 1.]), tensor([0., 0., 1., 0., 0., 1., 0., 0., 1., 0., 0., 1., 0., 0., 1., 0., 0., 1.,
        0., 0., 1., 0., 0., 1., 0., 0., 1., 0., 0., 1., 0., 0.])]
[tensor([0., 0., 1., 0., 0., 0., 0., 0., 0., 0., 0., 1., 0., 0., 0., 0., 0., 1.,
        0., 0., 1., 0., 0., 0., 0., 0., 1., 0., 0., 1., 0., 0.]), tensor([0., 0., 1., 0., 0., 1., 0., 0., 0., 0., 0., 1., 0., 0., 0., 0., 0., 1.,
        0., 0., 0., 0., 0., 0., 0., 0., 1., 0., 0., 0., 0., 0.]), tensor([0., 0., 1., 0., 0., 1., 0., 0., 1., 0., 0., 1., 0., 0., 0., 0., 0., 0.,
        0., 0., 0., 0., 0., 0., 0., 0., 0., 0., 0., 0., 0., 0.]), tensor([0., 0., 1., 0., 0., 1., 0., 0., 1., 0., 0., 1., 0., 0., 0., 0., 0., 0.,
        0., 0., 1., 0., 0., 1., 0., 0., 1., 0., 0., 0., 0., 0.]), tensor([0., 0., 0., 0., 0., 0., 0., 0., 0., 0., 0., 0., 0., 0., 1., 0., 0., 1.,
        0., 0., 0., 0., 0., 1., 0., 0., 1., 0., 0., 1., 0., 0.]), tensor([0., 1., 0., 0., 1., 0., 0., 0., 0., 0., 1., 0., 0., 1., 0., 0., 1., 0.,
        0., 1., 0., 0., 0., 0., 0., 1., 0., 0., 1., 0., 0., 1.]), tensor([0., 1., 0., 0., 1., 0., 0., 1., 0., 0., 1., 0., 0., 1., 0., 0., 0., 0.,
        0., 0., 0., 0., 1., 0., 0., 1., 0., 0., 0., 0., 0., 1.]), tensor([0., 1., 0., 0., 0., 0., 0., 0., 0., 0., 0., 0., 0., 0., 0., 0., 0., 0.,
        0., 0., 0., 0., 0., 0., 0., 0., 0., 0., 0., 0., 0., 1.]), tensor([0., 0., 0., 0., 0., 0., 0., 0., 0., 0., 0., 0., 0., 0., 0., 0., 0., 0.,
        0., 0., 0., 0., 0., 0., 0., 0., 0., 0., 0., 0., 1., 0.]), tensor([1., 0., 0., 0., 0., 0., 0., 0., 0., 1., 0., 0., 1., 0., 0., 0., 0., 0.,
        1., 0., 0., 0., 0., 0., 0., 0., 0., 1., 0., 0., 0., 0.]), tensor([0., 0., 0., 1., 0., 0., 1., 0., 0., 1., 0., 0., 1., 0., 0., 1., 0., 0.,
        0., 0., 0., 1., 0., 0., 1., 0., 0., 0., 0., 0., 0., 0.]), tensor([1., 0., 0., 0., 0., 0., 0., 0., 0., 1., 0., 0., 1., 0., 0., 0., 0., 0.,
        1., 0., 0., 0., 0., 0., 0., 0., 0., 1., 0., 0., 0., 0.]), tensor([0., 0., 1., 1., 1., 1., 0., 0., 1., 0., 1., 0., 0., 1., 1., 0., 0., 1.,
        1., 1., 1., 1., 1., 1., 0., 1., 1., 0., 1., 1., 1., 1.]), tensor([1., 1., 0., 1., 0., 0., 0., 1., 1., 1., 1., 1., 0., 1., 1., 1., 0., 1.,
        0., 1., 1., 0., 0., 1., 1., 0., 1., 1., 1., 0., 1., 0.]), tensor([0., 0., 0., 1., 0., 0., 0., 1., 1., 0., 1., 1., 0., 1., 1., 0., 0., 1.,
        0., 1., 1., 0., 1., 1., 1., 1., 1., 0., 1., 1., 1., 0.]), tensor([0., 0., 1., 0., 0., 1., 0., 0., 1., 0., 0., 1., 0., 0., 0., 0., 0., 0.,
        0., 0., 1., 0., 0., 1., 0., 0., 1., 0., 0., 0., 0., 0.]), tensor([0., 1., 0., 0., 1., 0., 0., 0., 0., 0., 1., 0., 0., 1., 0., 0., 1., 0.,
        0., 1., 0., 0., 0., 0., 0., 1., 0., 0., 1., 0., 0., 1.]), tensor([0., 0., 1., 0., 0., 1., 0., 0., 1., 0., 0., 1., 0., 1., 0., 0., 0., 0.,
        0., 0., 0., 0., 0., 1., 0., 1., 0., 0., 0., 0., 0., 0.]), tensor([0., 0., 1., 0., 1., 1., 0., 0., 0., 0., 0., 0., 0., 0., 1., 0., 1., 1.,
        0., 0., 0., 0., 0., 1., 0., 0., 1., 0., 0., 1., 0., 1.]), tensor([0., 1., 0., 0., 1., 0., 0., 1., 0., 0., 1., 0., 0., 1., 1., 0., 0., 0.,
        0., 0., 0., 0., 1., 1., 0., 1., 0., 0., 0., 1., 0., 1.]), tensor([0., 1., 0., 0., 1., 0., 0., 1., 0., 0., 1., 0., 0., 1., 1., 0., 0., 0.,
        0., 0., 0., 0., 1., 1., 0., 1., 0., 0., 0., 1., 0., 1.]), tensor([0., 0., 1., 0., 0., 0., 0., 0., 0., 0., 0., 1., 0., 0., 0., 0., 0., 1.,
        0., 0., 1., 0., 0., 0., 0., 0., 1., 0., 0., 1., 0., 0.]), tensor([0., 0., 1., 0., 0., 1., 0., 0., 0., 0., 0., 1., 0., 0., 0., 0., 0., 1.,
        0., 0., 0., 0., 0., 0., 0., 0., 1., 0., 0., 0., 0., 0.]), tensor([0., 0., 1., 0., 0., 0., 0., 0., 0., 0., 0., 0., 0., 0., 0., 0., 0., 1.,
        0., 0., 0., 0., 0., 0., 0., 0., 0., 0., 0., 0., 0., 0.]), tensor([0., 0., 0., 1., 0., 0., 1., 0., 0., 1., 0., 0., 1., 0., 0., 1., 0., 0.,
        0., 0., 1., 1., 0., 0., 1., 0., 0., 0., 0., 0., 0., 0.]), tensor([1., 0., 0., 1., 0., 0., 1., 0., 0., 1., 0., 0., 1., 0., 1., 1., 0., 0.,
        1., 0., 0., 1., 0., 0., 1., 0., 0., 1., 0., 0., 1., 0.]), tensor([0., 0., 0., 0., 0., 0., 0., 0., 0., 0., 0., 0., 0., 0., 0., 0., 0., 0.,
        0., 0., 0., 0., 0., 0., 0., 0., 0., 0., 0., 0., 1., 0.]), tensor([1., 0., 1., 0., 1., 1., 0., 0., 1., 1., 1., 1., 1., 0., 0., 0., 0., 0.,
        1., 0., 0., 0., 1., 0., 0., 0., 1., 1., 0., 0., 0., 0.]), tensor([0., 1., 0., 0., 0., 0., 1., 0., 0., 0., 0., 0., 0., 0., 0., 1., 0., 0.,
        0., 1., 0., 1., 0., 0., 0., 0., 0., 0., 0., 0., 0., 1.]), tensor([0., 1., 0., 0., 1., 0., 0., 1., 0., 0., 1., 0., 0., 1., 0., 0., 1., 0.,
        0., 1., 0., 0., 1., 0., 0., 1., 0., 0., 1., 0., 0., 1.]), tensor([0., 0., 1., 0., 0., 1., 0., 0., 1., 0., 0., 1., 0., 0., 1., 0., 0., 1.,
        0., 0., 1., 0., 0., 1., 0., 0., 1., 0., 0., 1., 0., 0.]), tensor([1., 0., 0., 1., 0., 0., 1., 0., 0., 1., 0., 0., 1., 0., 0., 1., 0., 0.,
        1., 0., 0., 1., 0., 0., 1., 0., 0., 1., 0., 0., 1., 0.])]
[tensor([0., 0., 0., 1., 0., 0., 1., 0., 0., 0., 0., 0., 0., 0., 0., 0., 0., 0.,
        1., 0., 0., 1., 0., 0., 0., 0., 0., 1., 0., 0., 1., 0.]), tensor([1., 0., 0., 1., 0., 0., 1., 0., 0., 0., 0., 0., 1., 0., 0., 1., 0., 0.,
        0., 0., 0., 0., 0., 0., 1., 0., 0., 1., 0., 0., 0., 0.]), tensor([1., 0., 0., 1., 0., 0., 1., 0., 0., 0., 0., 0., 0., 0., 0., 0., 0., 0.,
        1., 0., 0., 1., 0., 0., 1., 0., 0., 0., 0., 0., 1., 0.]), tensor([0., 0., 0., 0., 0., 0., 1., 0., 0., 1., 0., 0., 1., 0., 0., 1., 0., 0.,
        0., 0., 0., 0., 0., 0., 0., 0., 0., 0., 0., 0., 1., 0.]), tensor([0., 0., 0., 1., 0., 0., 0., 0., 0., 1., 0., 0., 1., 0., 0., 0., 0., 0.,
        1., 0., 0., 1., 0., 0., 1., 0., 0., 1., 0., 0., 0., 0.]), tensor([0., 0., 1., 0., 0., 0., 0., 0., 1., 0., 0., 1., 0., 0., 1., 0., 0., 0.,
        0., 0., 1., 0., 0., 1., 0., 0., 1., 0., 0., 1., 0., 0.]), tensor([0., 0., 1., 0., 0., 1., 0., 0., 1., 0., 0., 1., 0., 0., 1., 0., 0., 1.,
        0., 0., 1., 0., 0., 0., 0., 0., 1., 0., 0., 1., 0., 0.]), tensor([0., 0., 0., 0., 0., 0., 0., 0., 0., 0., 0., 0., 0., 0., 0., 0., 0., 0.,
        0., 0., 0., 0., 0., 0., 0., 0., 1., 0., 0., 0., 0., 0.]), tensor([0., 1., 0., 0., 0., 0., 0., 0., 0., 0., 0., 0., 0., 0., 0., 0., 0., 0.,
        0., 1., 0., 0., 0., 0., 0., 0., 0., 0., 1., 0., 0., 0.]), tensor([0., 0., 0., 0., 0., 0., 0., 0., 0., 0., 0., 0., 0., 1., 0., 0., 0., 0.,
        0., 0., 0., 0., 1., 0., 0., 0., 0., 0., 0., 0., 0., 1.]), tensor([0., 1., 0., 0., 1., 0., 0., 1., 0., 0., 1., 0., 0., 1., 0., 0., 0., 0.,
        0., 0., 0., 0., 1., 0., 0., 1., 0., 0., 0., 0., 0., 1.]), tensor([0., 0., 0., 0., 0., 0., 0., 0., 0., 0., 1., 0., 0., 1., 0., 0., 1., 0.,
        0., 0., 0., 0., 1., 0., 0., 0., 0., 0., 0., 0., 0., 1.]), tensor([1., 1., 1., 0., 1., 1., 1., 1., 0., 1., 1., 0., 1., 1., 1., 1., 0., 0.,
        1., 0., 1., 1., 1., 1., 0., 1., 0., 1., 1., 1., 1., 0.]), tensor([1., 0., 0., 1., 1., 0., 1., 1., 1., 1., 1., 1., 1., 1., 1., 0., 1., 0.,
        1., 0., 0., 0., 0., 1., 1., 1., 1., 0., 1., 0., 1., 1.]), tensor([0., 1., 0., 1., 1., 1., 0., 0., 1., 1., 1., 1., 1., 0., 1., 1., 1., 0.,
        1., 0., 1., 1., 0., 1., 1., 0., 1., 1., 1., 0., 0., 0.]), tensor([0., 0., 0., 0., 0., 0., 1., 0., 0., 1., 0., 0., 1., 0., 0., 1., 0., 0.,
        0., 0., 0., 0., 0., 0., 0., 0., 0., 0., 0., 0., 1., 0.]), tensor([0., 0., 1., 0., 0., 0., 0., 0., 1., 0., 0., 1., 0., 0., 1., 0., 0., 0.,
        0., 0., 1., 0., 0., 1., 0., 0., 1., 0., 0., 1., 0., 0.]), tensor([1., 0., 1., 1., 0., 0., 1., 0., 0., 1., 0., 0., 1., 0., 0., 0., 0., 1.,
        1., 0., 0., 1., 0., 0., 1., 0., 0., 1., 1., 1., 1., 0.]), tensor([1., 0., 1., 1., 0., 0., 1., 0., 0., 1., 0., 0., 1., 0., 0., 0., 0., 0.,
        1., 0., 0., 1., 0., 0., 1., 0., 0., 1., 0., 0., 1., 0.]), tensor([0., 0., 1., 0., 0., 1., 0., 0., 1., 0., 0., 1., 1., 0., 1., 0., 0., 1.,
        0., 0., 1., 1., 0., 0., 1., 0., 1., 0., 0., 1., 0., 0.]), tensor([0., 0., 1., 0., 0., 1., 0., 0., 1., 0., 0., 1., 1., 0., 1., 0., 0., 1.,
        0., 0., 1., 1., 0., 0., 1., 0., 1., 0., 0., 1., 0., 0.]), tensor([0., 0., 0., 0., 0., 0., 1., 0., 0., 0., 0., 0., 0., 0., 0., 0., 0., 0.,
        1., 0., 0., 1., 0., 0., 0., 0., 0., 1., 0., 0., 1., 0.]), tensor([1., 0., 0., 1., 0., 0., 1., 0., 0., 0., 0., 0., 1., 0., 0., 1., 0., 0.,
        0., 0., 0., 0., 0., 0., 1., 0., 0., 1., 0., 0., 0., 0.]), tensor([0., 0., 0., 1., 0., 0., 0., 0., 0., 0., 0., 0., 0., 0., 0., 0., 0., 0.,
        1., 0., 0., 0., 0., 0., 0., 0., 0., 0., 0., 0., 1., 0.]), tensor([0., 1., 0., 0., 1., 0., 1., 1., 0., 0., 1., 0., 0., 1., 0., 1., 0., 0.,
        0., 1., 0., 1., 1., 0., 1., 1., 0., 0., 0., 0., 0., 1.]), tensor([0., 1., 0., 0., 1., 0., 0., 1., 0., 0., 1., 0., 0., 1., 0., 0., 1., 0.,
        0., 0., 0., 0., 1., 0., 0., 1., 0., 0., 1., 0., 1., 1.]), tensor([0., 1., 0., 0., 0., 0., 0., 0., 0., 0., 0., 0., 0., 0., 0., 0., 0., 0.,
        0., 1., 0., 0., 0., 0., 0., 0., 0., 0., 1., 0., 0., 0.]), tensor([0., 0., 0., 1., 0., 0., 0., 0., 0., 0., 1., 1., 0., 1., 1., 1., 1., 0.,
        0., 0., 0., 1., 1., 0., 1., 0., 0., 0., 0., 0., 0., 1.]), tensor([1., 0., 0., 0., 0., 0., 1., 0., 0., 0., 0., 0., 0., 0., 0., 0., 0., 0.,
        1., 0., 0., 0., 0., 1., 0., 0., 1., 0., 0., 0., 1., 0.]), tensor([0., 0., 1., 0., 0., 1., 0., 0., 1., 0., 0., 1., 0., 0., 1., 0., 0., 1.,
        0., 0., 1., 0., 0., 1., 0., 0., 1., 0., 0., 1., 0., 0.]), tensor([1., 0., 0., 1., 0., 0., 1., 0., 0., 1., 0., 0., 1., 0., 0., 1., 0., 0.,
        1., 0., 0., 1., 0., 0., 1., 0., 0., 1., 0., 0., 1., 0.]), tensor([0., 1., 0., 0., 1., 0., 0., 1., 0., 0., 1., 0., 0., 1., 0., 0., 1., 0.,
        0., 1., 0., 0., 1., 0., 0., 1., 0., 0., 1., 0., 0., 1.])]
[tensor([0., 0., 0., 0., 0., 0., 0., 1., 0., 0., 1., 0., 0., 0., 0., 0., 1., 0.,
        0., 1., 0., 0., 1., 0., 0., 1., 0., 0., 0., 0., 0., 0.]), tensor([0., 0., 0., 0., 1., 0., 0., 0., 0., 0., 1., 0., 0., 1., 0., 0., 1., 0.,
        0., 1., 0., 0., 1., 0., 0., 1., 0., 0., 1., 0., 0., 0.]), tensor([0., 0., 0., 0., 0., 0., 0., 0., 0., 0., 0., 0., 0., 0., 0., 0., 1., 0.,
        0., 1., 0., 0., 1., 0., 0., 0., 0., 0., 1., 0., 0., 1.]), tensor([0., 1., 0., 0., 1., 0., 0., 0., 0., 0., 0., 0., 0., 0., 0., 0., 1., 0.,
        0., 1., 0., 0., 0., 0., 0., 1., 0., 0., 0., 0., 0., 0.]), tensor([0., 0., 0., 0., 0., 0., 0., 1., 0., 0., 1., 0., 0., 0., 0., 0., 1., 0.,
        0., 0., 0., 0., 0., 0., 0., 1., 0., 0., 1., 0., 0., 0.]), tensor([1., 0., 0., 0., 0., 0., 1., 0., 0., 1., 0., 0., 1., 0., 0., 0., 0., 0.,
        0., 0., 0., 0., 0., 0., 1., 0., 0., 1., 0., 0., 0., 0.]), tensor([1., 0., 0., 1., 0., 0., 1., 0., 0., 1., 0., 0., 1., 0., 0., 1., 0., 0.,
        1., 0., 0., 1., 0., 0., 1., 0., 0., 1., 0., 0., 1., 0.]), tensor([1., 0., 0., 1., 0., 0., 1., 0., 0., 0., 0., 0., 1., 0., 0., 0., 0., 0.,
        0., 0., 0., 1., 0., 0., 0., 0., 0., 0., 0., 0., 1., 0.]), tensor([0., 0., 0., 0., 0., 1., 0., 0., 0., 0., 0., 0., 0., 0., 1., 0., 0., 1.,
        0., 0., 0., 0., 0., 0., 0., 0., 1., 0., 0., 1., 0., 0.]), tensor([0., 0., 0., 0., 0., 0., 0., 0., 1., 0., 0., 0., 0., 0., 0., 0., 0., 0.,
        0., 0., 0., 0., 0., 1., 0., 0., 0., 0., 0., 0., 0., 0.]), tensor([0., 0., 1., 0., 0., 1., 0., 0., 0., 0., 0., 1., 0., 0., 1., 0., 0., 0.,
        0., 0., 1., 0., 0., 1., 0., 0., 0., 0., 0., 0., 0., 0.]), tensor([0., 0., 0., 0., 0., 0., 0., 0., 1., 0., 0., 0., 0., 0., 0., 0., 0., 0.,
        0., 0., 0., 0., 0., 1., 0., 0., 0., 0., 0., 0., 0., 0.]), tensor([1., 0., 0., 1., 1., 1., 1., 1., 1., 1., 1., 1., 1., 0., 0., 1., 1., 0.,
        1., 0., 1., 1., 0., 0., 1., 1., 0., 0., 1., 1., 0., 0.]), tensor([0., 1., 1., 1., 1., 1., 1., 1., 0., 1., 0., 1., 0., 1., 0., 0., 1., 1.,
        1., 1., 0., 1., 0., 0., 1., 0., 1., 1., 0., 0., 0., 1.]), tensor([1., 1., 1., 0., 1., 0., 1., 1., 0., 1., 1., 0., 0., 1., 0., 0., 1., 0.,
        1., 1., 0., 0., 0., 0., 1., 1., 1., 0., 1., 0., 0., 1.]), tensor([0., 1., 0., 0., 1., 0., 0., 0., 0., 0., 0., 0., 0., 0., 0., 0., 1., 0.,
        0., 1., 0., 0., 0., 0., 0., 1., 0., 0., 0., 0., 0., 0.]), tensor([1., 0., 0., 0., 0., 0., 1., 0., 0., 1., 0., 0., 1., 0., 0., 0., 0., 0.,
        0., 0., 0., 0., 0., 0., 1., 0., 0., 1., 0., 0., 0., 0.]), tensor([0., 0., 0., 0., 0., 0., 0., 1., 0., 0., 0., 0., 0., 0., 0., 1., 1., 0.,
        0., 1., 0., 0., 1., 0., 0., 0., 0., 0., 1., 1., 0., 1.]), tensor([0., 0., 0., 0., 0., 0., 0., 1., 0., 0., 1., 0., 0., 0., 0., 0., 1., 0.,
        0., 0., 0., 0., 1., 0., 0., 1., 0., 1., 1., 0., 0., 0.]), tensor([1., 0., 0., 1., 0., 0., 1., 0., 0., 1., 0., 0., 1., 0., 0., 1., 0., 0.,
        1., 0., 0., 1., 0., 0., 1., 0., 0., 1., 0., 0., 1., 0.]), tensor([1., 0., 0., 1., 0., 0., 1., 0., 0., 1., 0., 0., 1., 0., 0., 1., 0., 0.,
        1., 0., 0., 1., 0., 0., 1., 0., 0., 1., 0., 0., 1., 0.]), tensor([0., 0., 0., 0., 0., 0., 0., 0., 0., 0., 0., 0., 0., 0., 0., 0., 0., 0.,
        0., 1., 0., 0., 1., 0., 0., 1., 0., 0., 0., 0., 0., 0.]), tensor([0., 0., 0., 0., 1., 0., 0., 0., 0., 0., 1., 0., 0., 1., 0., 0., 1., 0.,
        0., 1., 0., 0., 1., 0., 0., 1., 0., 0., 1., 0., 0., 0.]), tensor([0., 0., 0., 0., 0., 0., 0., 1., 0., 0., 1., 0., 0., 0., 0., 0., 1., 0.,
        0., 1., 0., 0., 1., 0., 0., 0., 0., 0., 0., 0., 0., 0.]), tensor([0., 1., 1., 0., 1., 1., 0., 0., 0., 0., 0., 1., 0., 0., 1., 0., 0., 1.,
        0., 0., 1., 0., 0., 1., 0., 1., 0., 0., 0., 1., 0., 0.]), tensor([0., 0., 1., 0., 0., 1., 0., 0., 1., 0., 1., 1., 0., 0., 1., 0., 0., 0.,
        0., 0., 1., 0., 0., 1., 0., 0., 0., 0., 0., 0., 0., 0.]), tensor([0., 0., 0., 0., 0., 1., 0., 0., 0., 0., 0., 0., 0., 0., 1., 0., 0., 1.,
        0., 0., 0., 0., 0., 0., 0., 0., 1., 0., 0., 1., 0., 0.]), tensor([0., 0., 0., 0., 1., 0., 0., 0., 1., 0., 0., 0., 0., 0., 0., 0., 0., 0.,
        0., 0., 0., 0., 1., 1., 1., 0., 0., 0., 0., 0., 0., 0.]), tensor([1., 0., 0., 1., 0., 0., 1., 0., 0., 0., 0., 1., 1., 0., 0., 0., 1., 0.,
        0., 1., 0., 1., 0., 0., 0., 1., 0., 0., 1., 0., 1., 1.]), tensor([1., 0., 0., 1., 0., 0., 1., 0., 0., 1., 0., 0., 1., 0., 0., 1., 0., 0.,
        1., 0., 0., 1., 0., 0., 1., 0., 0., 1., 0., 0., 1., 0.]), tensor([0., 1., 0., 0., 1., 0., 0., 1., 0., 0., 1., 0., 0., 1., 0., 0., 1., 0.,
        0., 1., 0., 0., 1., 0., 0., 1., 0., 0., 1., 0., 0., 1.]), tensor([0., 0., 1., 0., 0., 1., 0., 0., 1., 0., 0., 1., 0., 0., 1., 0., 0., 1.,
        0., 0., 1., 0., 0., 1., 0., 0., 1., 0., 0., 1., 0., 0.])]
[tensor([0., 0., 1., 0., 0., 1., 0., 0., 0., 0., 0., 1., 0., 0., 1., 0., 0., 0.,
        0., 0., 1., 0., 0., 1., 0., 0., 1., 0., 0., 0., 0., 0.]), tensor([0., 0., 1., 0., 0., 1., 0., 0., 0., 0., 0., 1., 0., 0., 1., 0., 0., 1.,
        0., 0., 1., 0., 0., 1., 0., 0., 0., 0., 0., 1., 0., 0.]), tensor([0., 0., 1., 0., 0., 1., 0., 0., 0., 0., 0., 1., 0., 0., 0., 0., 0., 1.,
        0., 0., 0., 0., 0., 0., 0., 0., 0., 0., 0., 0., 0., 0.]), tensor([0., 0., 0., 0., 0., 1., 0., 0., 1., 0., 0., 1., 0., 0., 1., 0., 0., 1.,
        0., 0., 1., 0., 0., 1., 0., 0., 0., 0., 0., 0., 0., 0.]), tensor([0., 0., 1., 0., 0., 1., 0., 0., 0., 0., 0., 0., 0., 0., 1., 0., 0., 1.,
        0., 0., 0., 0., 0., 1., 0., 0., 1., 0., 0., 1., 0., 0.]), tensor([0., 0., 0., 0., 0., 0., 0., 1., 0., 0., 1., 0., 0., 0., 0., 0., 1., 0.,
        0., 1., 0., 0., 0., 0., 0., 1., 0., 0., 0., 0., 0., 0.]), tensor([0., 1., 0., 0., 1., 0., 0., 1., 0., 0., 1., 0., 0., 1., 0., 0., 1., 0.,
        0., 1., 0., 0., 1., 0., 0., 1., 0., 0., 1., 0., 0., 1.]), tensor([0., 1., 0., 0., 0., 0., 0., 0., 0., 0., 0., 0., 0., 1., 0., 0., 0., 0.,
        0., 1., 0., 0., 0., 0., 0., 1., 0., 0., 1., 0., 0., 0.]), tensor([1., 0., 0., 1., 0., 0., 0., 0., 0., 1., 0., 0., 0., 0., 0., 0., 0., 0.,
        0., 0., 0., 0., 0., 0., 0., 0., 0., 0., 0., 0., 0., 0.]), tensor([0., 0., 0., 0., 0., 0., 0., 0., 0., 0., 0., 0., 0., 0., 0., 1., 0., 0.,
        0., 0., 0., 0., 0., 0., 1., 0., 0., 0., 0., 0., 0., 0.]), tensor([1., 0., 0., 1., 0., 0., 1., 0., 0., 1., 0., 0., 0., 0., 0., 0., 0., 0.,
        1., 0., 0., 1., 0., 0., 0., 0., 0., 1., 0., 0., 1., 0.]), tensor([0., 0., 0., 0., 0., 0., 0., 0., 0., 0., 0., 0., 1., 0., 0., 1., 0., 0.,
        0., 0., 0., 0., 0., 0., 1., 0., 0., 0., 0., 0., 0., 0.]), tensor([0., 1., 1., 1., 0., 0., 1., 1., 1., 1., 1., 1., 0., 0., 1., 1., 0., 0.,
        1., 1., 1., 1., 1., 1., 0., 0., 0., 1., 1., 1., 1., 0.]), tensor([0., 1., 1., 1., 1., 1., 1., 1., 0., 0., 1., 1., 1., 0., 0., 1., 1., 1.,
        1., 0., 1., 1., 1., 1., 0., 1., 1., 0., 1., 0., 0., 0.]), tensor([0., 1., 1., 1., 1., 1., 0., 0., 1., 0., 0., 0., 1., 0., 1., 0., 1., 1.,
        0., 1., 1., 0., 1., 1., 0., 0., 1., 0., 1., 1., 1., 0.]), tensor([0., 0., 0., 0., 0., 1., 0., 0., 1., 0., 0., 1., 0., 0., 1., 0., 0., 1.,
        0., 0., 1., 0., 0., 1., 0., 0., 0., 0., 0., 0., 0., 0.]), tensor([0., 0., 0., 0., 0., 0., 0., 1., 0., 0., 1., 0., 0., 0., 0., 0., 1., 0.,
        0., 1., 0., 0., 0., 0., 0., 1., 0., 0., 0., 0., 0., 0.]), tensor([1., 0., 1., 1., 0., 1., 0., 0., 1., 0., 1., 1., 0., 0., 1., 0., 0., 1.,
        0., 0., 1., 1., 0., 1., 0., 0., 1., 0., 0., 0., 0., 0.]), tensor([0., 0., 1., 0., 0., 1., 0., 1., 0., 0., 0., 1., 0., 1., 1., 0., 0., 1.,
        0., 0., 0., 0., 0., 1., 0., 0., 1., 0., 0., 1., 0., 1.]), tensor([0., 1., 0., 0., 1., 0., 0., 1., 0., 0., 1., 0., 0., 1., 0., 0., 1., 0.,
        0., 1., 0., 0., 1., 0., 0., 1., 0., 0., 1., 0., 0., 1.]), tensor([0., 1., 0., 0., 1., 0., 0., 1., 0., 0., 1., 0., 0., 1., 0., 0., 1., 0.,
        0., 1., 0., 0., 1., 0., 0., 1., 0., 0., 1., 0., 0., 1.]), tensor([0., 0., 0., 0., 0., 1., 0., 0., 0., 0., 0., 1., 0., 0., 1., 0., 0., 0.,
        0., 0., 1., 0., 0., 1., 0., 0., 1., 0., 0., 0., 0., 0.]), tensor([0., 0., 1., 0., 0., 1., 0., 0., 0., 0., 0., 1., 0., 0., 1., 0., 0., 1.,
        0., 0., 1., 0., 0., 1., 0., 0., 0., 0., 0., 1., 0., 0.]), tensor([0., 0., 1., 0., 0., 0., 0., 0., 0., 0., 0., 1., 0., 0., 1., 0., 0., 0.,
        0., 0., 0., 0., 0., 1., 0., 0., 0., 0., 0., 0., 0., 0.]), tensor([1., 0., 0., 1., 0., 0., 1., 0., 0., 1., 0., 0., 0., 0., 0., 0., 0., 0.,
        1., 0., 1., 1., 0., 0., 0., 0., 0., 1., 0., 1., 1., 0.]), tensor([1., 0., 0., 1., 0., 0., 1., 0., 0., 1., 0., 1., 1., 0., 1., 1., 0., 0.,
        1., 0., 0., 1., 0., 0., 1., 0., 0., 1., 0., 0., 1., 0.]), tensor([1., 0., 0., 1., 0., 0., 0., 0., 0., 1., 0., 0., 0., 0., 0., 0., 0., 0.,
        0., 0., 0., 0., 0., 0., 0., 0., 0., 0., 0., 0., 0., 0.]), tensor([0., 0., 1., 0., 1., 1., 0., 1., 0., 0., 0., 0., 1., 0., 0., 1., 0., 0.,
        0., 0., 0., 0., 0., 0., 1., 0., 0., 0., 0., 0., 0., 0.]), tensor([0., 1., 0., 0., 0., 0., 0., 0., 0., 0., 0., 1., 0., 1., 0., 0., 0., 1.,
        1., 1., 0., 0., 0., 0., 0., 1., 0., 1., 1., 0., 1., 0.]), tensor([0., 1., 0., 0., 1., 0., 0., 1., 0., 0., 1., 0., 0., 1., 0., 0., 1., 0.,
        0., 1., 0., 0., 1., 0., 0., 1., 0., 0., 1., 0., 0., 1.]), tensor([0., 0., 1., 0., 0., 1., 0., 0., 1., 0., 0., 1., 0., 0., 1., 0., 0., 1.,
        0., 0., 1., 0., 0., 1., 0., 0., 1., 0., 0., 1., 0., 0.]), tensor([1., 0., 0., 1., 0., 0., 1., 0., 0., 1., 0., 0., 1., 0., 0., 1., 0., 0.,
        1., 0., 0., 1., 0., 0., 1., 0., 0., 1., 0., 0., 1., 0.])]
[tensor([1., 0., 0., 0., 0., 0., 0., 0., 0., 1., 0., 0., 1., 0., 0., 1., 0., 0.,
        1., 0., 0., 1., 0., 0., 1., 0., 0., 1., 0., 0., 1., 0.]), tensor([1., 0., 0., 1., 0., 0., 1., 0., 0., 0., 0., 0., 1., 0., 0., 0., 0., 0.,
        1., 0., 0., 1., 0., 0., 1., 0., 0., 1., 0., 0., 0., 0.]), tensor([0., 0., 0., 1., 0., 0., 1., 0., 0., 1., 0., 0., 0., 0., 0., 1., 0., 0.,
        0., 0., 0., 0., 0., 0., 0., 0., 0., 0., 0., 0., 0., 0.]), tensor([1., 0., 0., 0., 0., 0., 1., 0., 0., 1., 0., 0., 1., 0., 0., 1., 0., 0.,
        0., 0., 0., 1., 0., 0., 0., 0., 0., 0., 0., 0., 1., 0.]), tensor([0., 0., 0., 1., 0., 0., 1., 0., 0., 1., 0., 0., 0., 0., 0., 0., 0., 0.,
        1., 0., 0., 1., 0., 0., 1., 0., 0., 1., 0., 0., 1., 0.]), tensor([0., 0., 1., 0., 0., 1., 0., 0., 1., 0., 0., 1., 0., 0., 1., 0., 0., 0.,
        0., 0., 0., 0., 0., 1., 0., 0., 0., 0., 0., 1., 0., 0.]), tensor([0., 0., 1., 0., 0., 1., 0., 0., 1., 0., 0., 1., 0., 0., 1., 0., 0., 1.,
        0., 0., 1., 0., 0., 1., 0., 0., 1., 0., 0., 1., 0., 0.]), tensor([0., 0., 1., 0., 0., 0., 0., 0., 1., 0., 0., 1., 0., 0., 1., 0., 0., 0.,
        0., 0., 1., 0., 0., 0., 0., 0., 0., 0., 0., 1., 0., 0.]), tensor([0., 0., 0., 0., 1., 0., 0., 1., 0., 0., 0., 0., 0., 0., 0., 0., 1., 0.,
        0., 0., 0., 0., 0., 0., 0., 0., 0., 0., 0., 0., 0., 0.]), tensor([0., 1., 0., 0., 0., 0., 0., 0., 0., 0., 0., 0., 0., 1., 0., 0., 0., 0.,
        0., 1., 0., 0., 0., 0., 0., 0., 0., 0., 1., 0., 0., 1.]), tensor([0., 0., 0., 0., 1., 0., 0., 1., 0., 0., 1., 0., 0., 0., 0., 0., 1., 0.,
        0., 0., 0., 0., 1., 0., 0., 1., 0., 0., 1., 0., 0., 0.]), tensor([0., 0., 0., 0., 0., 0., 0., 0., 0., 0., 0., 0., 0., 0., 0., 0., 0., 0.,
        0., 0., 0., 0., 0., 0., 0., 0., 0., 0., 1., 0., 0., 0.]), tensor([1., 1., 1., 1., 1., 1., 1., 0., 1., 1., 1., 1., 1., 1., 0., 0., 1., 0.,
        1., 1., 1., 0., 0., 0., 1., 1., 0., 1., 0., 1., 0., 1.]), tensor([0., 0., 1., 1., 1., 0., 0., 1., 1., 0., 1., 1., 0., 1., 1., 1., 0., 1.,
        0., 1., 0., 1., 0., 1., 1., 1., 1., 1., 1., 1., 1., 1.]), tensor([1., 0., 0., 1., 0., 0., 1., 0., 1., 1., 0., 0., 1., 0., 0., 0., 0., 0.,
        1., 0., 0., 1., 0., 0., 1., 1., 1., 1., 0., 1., 1., 0.]), tensor([1., 0., 0., 0., 0., 0., 1., 0., 0., 1., 0., 0., 1., 0., 0., 1., 0., 0.,
        0., 0., 0., 1., 0., 0., 0., 0., 0., 0., 0., 0., 1., 0.]), tensor([0., 0., 1., 0., 0., 1., 0., 0., 1., 0., 0., 1., 0., 0., 1., 0., 0., 0.,
        0., 0., 0., 0., 0., 1., 0., 0., 0., 0., 0., 1., 0., 0.]), tensor([0., 0., 0., 1., 0., 0., 1., 1., 0., 1., 0., 0., 0., 0., 0., 1., 0., 0.,
        1., 0., 0., 0., 0., 1., 0., 0., 0., 1., 0., 0., 1., 0.]), tensor([0., 0., 1., 1., 0., 0., 1., 0., 0., 1., 0., 1., 0., 0., 0., 1., 0., 0.,
        1., 0., 0., 1., 0., 1., 1., 0., 0., 1., 0., 0., 1., 0.]), tensor([0., 0., 1., 1., 0., 1., 0., 0., 1., 0., 0., 1., 0., 0., 1., 0., 0., 1.,
        0., 0., 1., 1., 0., 1., 1., 0., 1., 0., 0., 1., 0., 0.]), tensor([0., 0., 1., 1., 0., 1., 0., 0., 1., 0., 0., 1., 0., 0., 1., 0., 0., 1.,
        0., 0., 1., 1., 0., 1., 0., 0., 1., 0., 0., 1., 0., 0.]), tensor([1., 0., 0., 0., 0., 0., 0., 0., 0., 1., 0., 0., 1., 0., 0., 1., 0., 0.,
        1., 0., 0., 1., 0., 0., 0., 0., 0., 1., 0., 0., 1., 0.]), tensor([1., 0., 0., 1., 0., 0., 1., 0., 0., 0., 0., 0., 1., 0., 0., 0., 0., 0.,
        1., 0., 0., 1., 0., 0., 1., 0., 0., 1., 0., 0., 0., 0.]), tensor([1., 0., 0., 0., 0., 0., 0., 0., 0., 0., 0., 0., 0., 0., 0., 0., 0., 0.,
        0., 0., 0., 0., 0., 0., 1., 0., 0., 1., 0., 0., 0., 0.]), tensor([0., 0., 0., 0., 1., 0., 1., 1., 0., 0., 1., 0., 0., 1., 0., 0., 1., 0.,
        0., 0., 0., 0., 1., 0., 0., 1., 0., 0., 1., 0., 0., 1.]), tensor([0., 0., 0., 0., 1., 0., 0., 1., 0., 0., 1., 0., 0., 0., 0., 0., 1., 0.,
        0., 0., 0., 0., 1., 0., 0., 1., 0., 1., 1., 0., 0., 0.]), tensor([0., 0., 0., 0., 1., 0., 0., 1., 0., 0., 0., 0., 0., 0., 0., 0., 1., 0.,
        0., 0., 0., 0., 0., 0., 0., 0., 0., 0., 0., 0., 0., 0.]), tensor([0., 1., 0., 1., 0., 0., 1., 0., 0., 1., 0., 0., 0., 1., 0., 1., 0., 0.,
        0., 1., 0., 1., 0., 0., 0., 0., 0., 0., 1., 0., 0., 1.]), tensor([0., 0., 1., 0., 0., 0., 0., 0., 1., 0., 0., 1., 0., 0., 1., 0., 0., 0.,
        0., 0., 1., 0., 0., 0., 0., 0., 0., 0., 0., 1., 0., 0.]), tensor([0., 0., 1., 0., 0., 1., 0., 0., 1., 0., 0., 1., 0., 0., 1., 0., 0., 1.,
        0., 0., 1., 0., 0., 1., 0., 0., 1., 0., 0., 1., 0., 0.]), tensor([1., 0., 0., 1., 0., 0., 1., 0., 0., 1., 0., 0., 1., 0., 0., 1., 0., 0.,
        1., 0., 0., 1., 0., 0., 1., 0., 0., 1., 0., 0., 1., 0.]), tensor([0., 1., 0., 0., 1., 0., 0., 1., 0., 0., 1., 0., 0., 1., 0., 0., 1., 0.,
        0., 1., 0., 0., 1., 0., 0., 1., 0., 0., 1., 0., 0., 1.])]
[tensor([0., 1., 0., 0., 1., 0., 0., 1., 0., 0., 1., 0., 0., 1., 0., 0., 1., 0.,
        0., 1., 0., 0., 1., 0., 0., 0., 0., 0., 1., 0., 0., 0.]), tensor([0., 1., 0., 0., 1., 0., 0., 1., 0., 0., 0., 0., 0., 1., 0., 0., 1., 0.,
        0., 1., 0., 0., 1., 0., 0., 0., 0., 0., 1., 0., 0., 1.]), tensor([0., 0., 0., 0., 0., 0., 0., 0., 0., 0., 0., 0., 0., 1., 0., 0., 0., 0.,
        0., 0., 0., 0., 0., 0., 0., 0., 0., 0., 0., 0., 0., 0.]), tensor([0., 1., 0., 0., 1., 0., 0., 0., 0., 0., 0., 0., 0., 1., 0., 0., 1., 0.,
        0., 0., 0., 0., 1., 0., 0., 1., 0., 0., 1., 0., 0., 1.]), tensor([0., 1., 0., 0., 0., 0., 0., 0., 0., 0., 1., 0., 0., 0., 0., 0., 1., 0.,
        0., 1., 0., 0., 1., 0., 0., 1., 0., 0., 1., 0., 0., 1.]), tensor([0., 0., 0., 0., 0., 0., 1., 0., 0., 0., 0., 0., 1., 0., 0., 0., 0., 0.,
        1., 0., 0., 1., 0., 0., 1., 0., 0., 0., 0., 0., 1., 0.]), tensor([1., 0., 0., 1., 0., 0., 0., 0., 0., 1., 0., 0., 0., 0., 0., 1., 0., 0.,
        1., 0., 0., 1., 0., 0., 1., 0., 0., 1., 0., 0., 1., 0.]), tensor([1., 0., 0., 1., 0., 0., 0., 0., 0., 0., 0., 0., 0., 0., 0., 0., 0., 0.,
        1., 0., 0., 0., 0., 0., 0., 0., 0., 0., 0., 0., 1., 0.]), tensor([0., 0., 0., 0., 0., 0., 0., 0., 1., 0., 0., 0., 0., 0., 0., 0., 0., 0.,
        0., 0., 0., 0., 0., 0., 0., 0., 0., 0., 0., 0., 0., 0.]), tensor([0., 0., 1., 0., 0., 0., 0., 0., 0., 0., 0., 1., 0., 0., 1., 0., 0., 1.,
        0., 0., 0., 0., 0., 1., 0., 0., 1., 0., 0., 0., 0., 0.]), tensor([0., 0., 1., 0., 0., 0., 0., 0., 0., 0., 0., 1., 0., 0., 0., 0., 0., 0.,
        0., 0., 1., 0., 0., 1., 0., 0., 0., 0., 0., 1., 0., 0.]), tensor([0., 0., 1., 0., 0., 1., 0., 0., 0., 0., 0., 1., 0., 0., 1., 0., 0., 1.,
        0., 0., 0., 0., 0., 1., 0., 0., 0., 0., 0., 0., 0., 0.]), tensor([0., 1., 0., 0., 0., 1., 1., 1., 1., 1., 1., 1., 1., 0., 1., 1., 1., 0.,
        0., 1., 0., 0., 1., 1., 1., 1., 0., 0., 1., 1., 1., 0.]), tensor([1., 1., 0., 0., 1., 0., 1., 0., 0., 1., 1., 0., 1., 1., 1., 1., 0., 1.,
        1., 0., 0., 1., 1., 1., 0., 0., 0., 0., 1., 1., 1., 1.]), tensor([0., 1., 0., 0., 0., 1., 1., 1., 0., 1., 1., 0., 0., 1., 0., 1., 1., 0.,
        0., 1., 0., 1., 1., 0., 1., 1., 0., 0., 1., 1., 1., 1.]), tensor([0., 1., 0., 0., 1., 0., 0., 0., 0., 0., 0., 0., 0., 1., 0., 0., 1., 0.,
        0., 0., 0., 0., 1., 0., 0., 1., 0., 0., 1., 0., 0., 1.]), tensor([0., 0., 0., 0., 0., 0., 1., 0., 0., 0., 0., 0., 1., 0., 0., 0., 0., 0.,
        1., 0., 0., 1., 0., 0., 1., 0., 0., 0., 0., 0., 1., 0.]), tensor([0., 1., 0., 0., 0., 0., 0., 1., 0., 0., 0., 0., 0., 1., 0., 1., 1., 0.,
        0., 1., 0., 1., 1., 0., 0., 1., 0., 0., 0., 1., 0., 0.]), tensor([0., 1., 0., 0., 1., 0., 0., 0., 0., 0., 1., 0., 1., 0., 0., 0., 1., 0.,
        0., 1., 0., 0., 1., 0., 0., 1., 0., 1., 1., 0., 0., 1.]), tensor([1., 0., 0., 1., 0., 0., 0., 0., 0., 1., 0., 0., 0., 0., 0., 1., 0., 0.,
        1., 0., 0., 1., 0., 0., 1., 0., 0., 1., 1., 0., 1., 1.]), tensor([1., 0., 0., 1., 0., 0., 0., 0., 0., 1., 0., 0., 0., 0., 0., 1., 0., 0.,
        1., 0., 0., 1., 0., 0., 1., 0., 0., 1., 1., 0., 1., 1.]), tensor([0., 1., 0., 0., 1., 0., 0., 1., 0., 0., 1., 0., 0., 1., 0., 0., 1., 0.,
        0., 1., 0., 0., 1., 0., 0., 0., 0., 0., 1., 0., 0., 0.]), tensor([0., 1., 0., 0., 1., 0., 0., 1., 0., 0., 0., 0., 0., 1., 0., 0., 1., 0.,
        0., 1., 0., 0., 1., 0., 0., 0., 0., 0., 1., 0., 0., 1.]), tensor([0., 1., 0., 0., 0., 0., 0., 1., 0., 0., 0., 0., 0., 1., 0., 0., 0., 0.,
        0., 0., 0., 0., 0., 0., 0., 0., 0., 0., 0., 0., 0., 0.]), tensor([0., 0., 1., 0., 1., 0., 0., 0., 0., 0., 0., 1., 0., 0., 0., 0., 1., 0.,
        0., 0., 1., 0., 1., 1., 0., 0., 1., 0., 0., 1., 0., 0.]), tensor([0., 1., 1., 0., 0., 1., 0., 0., 1., 0., 0., 1., 0., 1., 1., 0., 0., 1.,
        0., 0., 1., 0., 0., 1., 0., 0., 0., 0., 1., 1., 0., 0.]), tensor([0., 0., 0., 0., 0., 0., 0., 0., 1., 0., 0., 0., 0., 0., 0., 0., 0., 0.,
        0., 0., 0., 0., 0., 0., 0., 0., 0., 0., 0., 0., 0., 0.]), tensor([0., 0., 1., 0., 1., 1., 1., 0., 0., 0., 0., 1., 0., 0., 1., 0., 0., 1.,
        0., 0., 0., 0., 0., 1., 1., 0., 1., 0., 0., 0., 0., 0.]), tensor([1., 0., 0., 1., 0., 0., 0., 0., 0., 0., 1., 0., 0., 1., 0., 0., 0., 0.,
        1., 0., 0., 0., 0., 0., 0., 0., 0., 0., 0., 0., 1., 0.]), tensor([1., 0., 0., 1., 0., 0., 1., 0., 0., 1., 0., 0., 1., 0., 0., 1., 0., 0.,
        1., 0., 0., 1., 0., 0., 1., 0., 0., 1., 0., 0., 1., 0.]), tensor([0., 1., 0., 0., 1., 0., 0., 1., 0., 0., 1., 0., 0., 1., 0., 0., 1., 0.,
        0., 1., 0., 0., 1., 0., 0., 1., 0., 0., 1., 0., 0., 1.]), tensor([0., 0., 1., 0., 0., 1., 0., 0., 1., 0., 0., 1., 0., 0., 1., 0., 0., 1.,
        0., 0., 1., 0., 0., 1., 0., 0., 1., 0., 0., 1., 0., 0.])]
[tensor([0., 0., 1., 0., 0., 0., 0., 0., 0., 0., 0., 1., 0., 0., 1., 0., 0., 1.,
        0., 0., 1., 0., 0., 1., 0., 0., 1., 0., 0., 0., 0., 0.]), tensor([0., 0., 1., 0., 0., 1., 0., 0., 0., 0., 0., 1., 0., 0., 1., 0., 0., 1.,
        0., 0., 0., 0., 0., 0., 0., 0., 1., 0., 0., 0., 0., 0.]), tensor([0., 0., 0., 0., 0., 0., 0., 0., 0., 0., 0., 0., 0., 0., 1., 0., 0., 1.,
        0., 0., 1., 0., 0., 0., 0., 0., 1., 0., 0., 1., 0., 0.]), tensor([0., 0., 1., 0., 0., 1., 0., 0., 1., 0., 0., 1., 0., 0., 1., 0., 0., 0.,
        0., 0., 1., 0., 0., 1., 0., 0., 0., 0., 0., 0., 0., 0.]), tensor([0., 0., 1., 0., 0., 1., 0., 0., 1., 0., 0., 1., 0., 0., 1., 0., 0., 0.,
        0., 0., 0., 0., 0., 0., 0., 0., 0., 0., 0., 0., 0., 0.]), tensor([0., 1., 0., 0., 1., 0., 0., 0., 0., 0., 1., 0., 0., 0., 0., 0., 0., 0.,
        0., 0., 0., 0., 1., 0., 0., 0., 0., 0., 0., 0., 0., 0.]), tensor([0., 1., 0., 0., 1., 0., 0., 1., 0., 0., 1., 0., 0., 1., 0., 0., 1., 0.,
        0., 1., 0., 0., 1., 0., 0., 1., 0., 0., 1., 0., 0., 1.]), tensor([0., 1., 0., 0., 1., 0., 0., 0., 0., 0., 1., 0., 0., 0., 0., 0., 1., 0.,
        0., 0., 0., 0., 1., 0., 0., 0., 0., 0., 1., 0., 0., 0.]), tensor([0., 0., 0., 1., 0., 0., 1., 0., 0., 0., 0., 0., 0., 0., 0., 0., 0., 0.,
        1., 0., 0., 0., 0., 0., 0., 0., 0., 0., 0., 0., 0., 0.]), tensor([1., 0., 0., 0., 0., 0., 0., 0., 0., 1., 0., 0., 0., 0., 0., 1., 0., 0.,
        0., 0., 0., 1., 0., 0., 0., 0., 0., 1., 0., 0., 1., 0.]), tensor([0., 0., 0., 0., 0., 0., 1., 0., 0., 1., 0., 0., 1., 0., 0., 0., 0., 0.,
        1., 0., 0., 0., 0., 0., 1., 0., 0., 0., 0., 0., 0., 0.]), tensor([0., 0., 0., 0., 0., 0., 0., 0., 0., 1., 0., 0., 0., 0., 0., 1., 0., 0.,
        0., 0., 0., 1., 0., 0., 0., 0., 0., 1., 0., 0., 0., 0.]), tensor([1., 1., 0., 0., 1., 0., 0., 0., 1., 0., 1., 0., 1., 0., 0., 0., 1., 0.,
        0., 1., 1., 0., 1., 0., 1., 0., 1., 1., 1., 1., 0., 1.]), tensor([1., 0., 1., 1., 1., 1., 0., 1., 0., 1., 1., 1., 0., 1., 1., 0., 0., 1.,
        1., 1., 0., 1., 0., 1., 1., 1., 1., 1., 0., 1., 0., 1.]), tensor([0., 1., 1., 1., 0., 1., 0., 0., 1., 0., 0., 1., 1., 1., 1., 0., 0., 1.,
        1., 0., 0., 0., 1., 1., 0., 1., 0., 0., 1., 0., 0., 1.]), tensor([0., 0., 1., 0., 0., 1., 0., 0., 1., 0., 0., 1., 0., 0., 1., 0., 0., 0.,
        0., 0., 1., 0., 0., 1., 0., 0., 0., 0., 0., 0., 0., 0.]), tensor([0., 1., 0., 0., 1., 0., 0., 0., 0., 0., 1., 0., 0., 0., 0., 0., 0., 0.,
        0., 0., 0., 0., 1., 0., 0., 0., 0., 0., 0., 0., 0., 0.]), tensor([0., 0., 0., 1., 0., 1., 1., 0., 1., 0., 0., 0., 0., 0., 1., 0., 0., 1.,
        1., 1., 1., 0., 0., 1., 0., 0., 1., 0., 0., 1., 0., 0.]), tensor([0., 0., 1., 0., 0., 1., 0., 0., 1., 0., 1., 1., 0., 0., 1., 0., 1., 0.,
        0., 0., 1., 0., 0., 0., 0., 0., 1., 0., 0., 1., 0., 0.]), tensor([0., 1., 0., 0., 1., 0., 0., 1., 1., 0., 1., 0., 0., 1., 0., 0., 1., 0.,
        0., 1., 0., 0., 1., 0., 0., 1., 0., 0., 1., 0., 0., 1.]), tensor([0., 1., 0., 0., 1., 0., 0., 1., 1., 0., 1., 0., 0., 1., 0., 0., 1., 0.,
        0., 1., 0., 0., 1., 0., 0., 1., 0., 0., 1., 0., 0., 1.]), tensor([0., 0., 1., 0., 0., 0., 0., 0., 0., 0., 0., 0., 0., 0., 1., 0., 0., 1.,
        0., 0., 1., 0., 0., 1., 0., 0., 1., 0., 0., 0., 0., 0.]), tensor([0., 0., 1., 0., 0., 1., 0., 0., 0., 0., 0., 1., 0., 0., 1., 0., 0., 1.,
        0., 0., 0., 0., 0., 0., 0., 0., 1., 0., 0., 0., 0., 0.]), tensor([0., 0., 0., 0., 0., 0., 0., 0., 0., 0., 0., 1., 0., 0., 1., 0., 0., 0.,
        0., 0., 1., 0., 0., 0., 0., 0., 0., 0., 0., 0., 0., 0.]), tensor([1., 0., 1., 1., 0., 0., 1., 0., 1., 1., 0., 0., 1., 0., 0., 0., 0., 0.,
        1., 0., 0., 0., 0., 0., 1., 0., 0., 0., 0., 0., 1., 0.]), tensor([0., 0., 0., 0., 0., 0., 1., 0., 0., 1., 0., 0., 1., 0., 0., 1., 0., 0.,
        1., 0., 0., 1., 0., 0., 1., 0., 0., 1., 0., 1., 0., 0.]), tensor([0., 0., 0., 1., 0., 0., 1., 0., 0., 0., 0., 0., 0., 0., 0., 0., 0., 0.,
        1., 0., 0., 0., 0., 0., 0., 0., 0., 0., 0., 0., 0., 0.]), tensor([1., 0., 1., 0., 0., 0., 0., 0., 0., 1., 0., 0., 0., 0., 1., 1., 0., 1.,
        0., 0., 0., 1., 0., 0., 0., 0., 1., 1., 0., 0., 1., 0.]), tensor([0., 1., 0., 0., 1., 0., 0., 0., 0., 0., 1., 0., 0., 0., 0., 0., 1., 0.,
        0., 0., 1., 0., 1., 0., 1., 0., 0., 0., 1., 1., 0., 0.]), tensor([0., 1., 0., 0., 1., 0., 0., 1., 0., 0., 1., 0., 0., 1., 0., 0., 1., 0.,
        0., 1., 0., 0., 1., 0., 0., 1., 0., 0., 1., 0., 0., 1.]), tensor([0., 0., 1., 0., 0., 1., 0., 0., 1., 0., 0., 1., 0., 0., 1., 0., 0., 1.,
        0., 0., 1., 0., 0., 1., 0., 0., 1., 0., 0., 1., 0., 0.]), tensor([1., 0., 0., 1., 0., 0., 1., 0., 0., 1., 0., 0., 1., 0., 0., 1., 0., 0.,
        1., 0., 0., 1., 0., 0., 1., 0., 0., 1., 0., 0., 1., 0.])]
[tensor([1., 0., 0., 1., 0., 0., 1., 0., 0., 1., 0., 0., 1., 0., 0., 1., 0., 0.,
        1., 0., 0., 1., 0., 0., 0., 0., 0., 0., 0., 0., 1., 0.]), tensor([0., 0., 0., 1., 0., 0., 0., 0., 0., 0., 0., 0., 0., 0., 0., 1., 0., 0.,
        0., 0., 0., 1., 0., 0., 1., 0., 0., 1., 0., 0., 1., 0.]), tensor([0., 0., 0., 1., 0., 0., 1., 0., 0., 1., 0., 0., 0., 0., 0., 0., 0., 0.,
        1., 0., 0., 0., 0., 0., 0., 0., 0., 1., 0., 0., 1., 0.]), tensor([0., 0., 0., 1., 0., 0., 1., 0., 0., 1., 0., 0., 1., 0., 0., 1., 0., 0.,
        1., 0., 0., 0., 0., 0., 0., 0., 0., 1., 0., 0., 0., 0.]), tensor([1., 0., 0., 1., 0., 0., 0., 0., 0., 0., 0., 0., 1., 0., 0., 1., 0., 0.,
        0., 0., 0., 0., 0., 0., 1., 0., 0., 1., 0., 0., 0., 0.]), tensor([0., 0., 1., 0., 0., 0., 0., 0., 1., 0., 0., 1., 0., 0., 0., 0., 0., 1.,
        0., 0., 0., 0., 0., 0., 0., 0., 1., 0., 0., 0., 0., 0.]), tensor([0., 0., 1., 0., 0., 1., 0., 0., 1., 0., 0., 1., 0., 0., 1., 0., 0., 1.,
        0., 0., 1., 0., 0., 1., 0., 0., 1., 0., 0., 1., 0., 0.]), tensor([0., 0., 1., 0., 0., 1., 0., 0., 0., 0., 0., 0., 0., 0., 1., 0., 0., 1.,
        0., 0., 1., 0., 0., 0., 0., 0., 1., 0., 0., 1., 0., 0.]), tensor([0., 0., 0., 0., 1., 0., 0., 0., 0., 0., 1., 0., 0., 0., 0., 0., 0., 0.,
        0., 1., 0., 0., 0., 0., 0., 0., 0., 0., 0., 0., 0., 0.]), tensor([0., 1., 0., 0., 0., 0., 0., 1., 0., 0., 0., 0., 0., 1., 0., 0., 1., 0.,
        0., 0., 0., 0., 1., 0., 0., 0., 0., 0., 0., 0., 0., 0.]), tensor([0., 1., 0., 0., 0., 0., 0., 0., 0., 0., 1., 0., 0., 0., 0., 0., 1., 0.,
        0., 0., 0., 0., 0., 0., 0., 1., 0., 0., 1., 0., 0., 0.]), tensor([0., 1., 0., 0., 0., 0., 0., 0., 0., 0., 0., 0., 0., 1., 0., 0., 1., 0.,
        0., 0., 0., 0., 1., 0., 0., 1., 0., 0., 1., 0., 0., 1.]), tensor([1., 1., 1., 0., 1., 0., 1., 0., 0., 1., 1., 1., 1., 1., 1., 1., 1., 1.,
        1., 0., 1., 0., 1., 1., 1., 0., 1., 0., 0., 0., 1., 1.]), tensor([1., 1., 1., 1., 1., 1., 1., 0., 1., 0., 0., 1., 0., 1., 1., 1., 0., 1.,
        0., 1., 1., 1., 1., 1., 1., 1., 1., 1., 1., 1., 0., 1.]), tensor([1., 0., 0., 1., 0., 0., 0., 0., 0., 1., 0., 0., 1., 0., 0., 1., 0., 1.,
        0., 0., 0., 1., 0., 1., 1., 1., 0., 1., 1., 1., 0., 1.]), tensor([0., 0., 0., 1., 0., 0., 1., 0., 0., 1., 0., 0., 1., 0., 0., 1., 0., 0.,
        1., 0., 0., 0., 0., 0., 0., 0., 0., 1., 0., 0., 0., 0.]), tensor([0., 0., 1., 0., 0., 0., 0., 0., 1., 0., 0., 1., 0., 0., 0., 0., 0., 1.,
        0., 0., 0., 0., 0., 0., 0., 0., 1., 0., 0., 0., 0., 0.]), tensor([1., 0., 0., 1., 0., 0., 1., 0., 0., 1., 1., 0., 0., 0., 0., 0., 0., 0.,
        1., 1., 0., 0., 0., 0., 1., 0., 0., 1., 0., 0., 1., 0.]), tensor([1., 0., 0., 1., 0., 0., 1., 0., 1., 0., 0., 1., 1., 0., 0., 1., 0., 0.,
        1., 0., 0., 0., 0., 0., 1., 0., 0., 1., 0., 0., 0., 0.]), tensor([0., 0., 1., 0., 0., 1., 0., 0., 1., 0., 0., 1., 0., 0., 1., 1., 0., 1.,
        0., 0., 1., 0., 0., 1., 1., 0., 1., 0., 0., 1., 0., 0.]), tensor([0., 0., 1., 0., 0., 1., 0., 0., 1., 0., 0., 1., 0., 0., 1., 0., 0., 1.,
        0., 0., 1., 0., 0., 1., 1., 0., 1., 0., 0., 1., 0., 0.]), tensor([1., 0., 0., 0., 0., 0., 1., 0., 0., 1., 0., 0., 1., 0., 0., 0., 0., 0.,
        1., 0., 0., 1., 0., 0., 0., 0., 0., 0., 0., 0., 1., 0.]), tensor([0., 0., 0., 1., 0., 0., 0., 0., 0., 0., 0., 0., 0., 0., 0., 1., 0., 0.,
        0., 0., 0., 1., 0., 0., 1., 0., 0., 1., 0., 0., 1., 0.]), tensor([1., 0., 0., 1., 0., 0., 1., 0., 0., 0., 0., 0., 0., 0., 0., 1., 0., 0.,
        0., 0., 0., 1., 0., 0., 0., 0., 0., 0., 0., 0., 0., 0.]), tensor([0., 1., 0., 0., 0., 0., 0., 1., 0., 0., 1., 0., 0., 0., 0., 0., 1., 0.,
        0., 0., 0., 0., 0., 0., 0., 1., 0., 0., 1., 0., 0., 0.]), tensor([1., 1., 0., 0., 0., 0., 0., 0., 0., 0., 1., 0., 0., 1., 0., 0., 1., 0.,
        1., 0., 0., 0., 1., 0., 0., 1., 0., 0., 1., 0., 0., 1.]), tensor([0., 0., 0., 0., 1., 0., 0., 0., 0., 0., 1., 0., 0., 0., 0., 0., 0., 0.,
        0., 1., 0., 0., 0., 0., 0., 0., 0., 0., 0., 0., 0., 0.]), tensor([0., 1., 0., 0., 0., 0., 0., 1., 0., 0., 0., 1., 0., 1., 0., 1., 1., 0.,
        0., 0., 0., 0., 1., 1., 0., 1., 0., 0., 1., 0., 0., 1.]), tensor([0., 0., 1., 1., 0., 1., 1., 0., 0., 1., 0., 0., 1., 0., 1., 0., 0., 1.,
        1., 0., 1., 0., 0., 0., 0., 0., 1., 1., 0., 1., 1., 0.]), tensor([0., 0., 1., 0., 0., 1., 0., 0., 1., 0., 0., 1., 0., 0., 1., 0., 0., 1.,
        0., 0., 1., 0., 0., 1., 0., 0., 1., 0., 0., 1., 0., 0.]), tensor([1., 0., 0., 1., 0., 0., 1., 0., 0., 1., 0., 0., 1., 0., 0., 1., 0., 0.,
        1., 0., 0., 1., 0., 0., 1., 0., 0., 1., 0., 0., 1., 0.]), tensor([0., 1., 0., 0., 1., 0., 0., 1., 0., 0., 1., 0., 0., 1., 0., 0., 1., 0.,
        0., 1., 0., 0., 1., 0., 0., 1., 0., 0., 1., 0., 0., 1.])]
[tensor([0., 1., 0., 0., 0., 0., 0., 1., 0., 0., 1., 0., 0., 1., 0., 0., 1., 0.,
        0., 1., 0., 0., 1., 0., 0., 0., 0., 0., 1., 0., 0., 0.]), tensor([0., 0., 0., 0., 1., 0., 0., 1., 0., 0., 0., 0., 0., 1., 0., 0., 1., 0.,
        0., 1., 0., 0., 1., 0., 0., 0., 0., 0., 1., 0., 0., 1.]), tensor([0., 0., 0., 0., 0., 0., 0., 1., 0., 0., 0., 0., 0., 1., 0., 0., 1., 0.,
        0., 0., 0., 0., 0., 0., 0., 1., 0., 0., 0., 0., 0., 0.]), tensor([0., 1., 0., 0., 1., 0., 0., 1., 0., 0., 1., 0., 0., 1., 0., 0., 1., 0.,
        0., 1., 0., 0., 1., 0., 0., 1., 0., 0., 0., 0., 0., 1.]), tensor([0., 1., 0., 0., 0., 0., 0., 1., 0., 0., 0., 0., 0., 1., 0., 0., 0., 0.,
        0., 0., 0., 0., 1., 0., 0., 0., 0., 0., 1., 0., 0., 1.]), tensor([1., 0., 0., 1., 0., 0., 0., 0., 0., 1., 0., 0., 0., 0., 0., 0., 0., 0.,
        1., 0., 0., 1., 0., 0., 1., 0., 0., 0., 0., 0., 0., 0.]), tensor([0., 0., 0., 1., 0., 0., 1., 0., 0., 1., 0., 0., 1., 0., 0., 1., 0., 0.,
        1., 0., 0., 1., 0., 0., 1., 0., 0., 1., 0., 0., 1., 0.]), tensor([0., 0., 0., 1., 0., 0., 1., 0., 0., 0., 0., 0., 1., 0., 0., 1., 0., 0.,
        0., 0., 0., 1., 0., 0., 0., 0., 0., 1., 0., 0., 1., 0.]), tensor([0., 0., 0., 0., 0., 0., 0., 0., 1., 0., 0., 0., 0., 0., 0., 0., 0., 1.,
        0., 0., 0., 0., 0., 0., 0., 0., 1., 0., 0., 0., 0., 0.]), tensor([0., 0., 1., 0., 0., 1., 0., 0., 0., 0., 0., 0., 0., 0., 0., 0., 0., 0.,
        0., 0., 1., 0., 0., 0., 0., 0., 0., 0., 0., 1., 0., 0.]), tensor([0., 0., 0., 0., 0., 1., 0., 0., 0., 0., 0., 1., 0., 0., 1., 0., 0., 1.,
        0., 0., 1., 0., 0., 1., 0., 0., 0., 0., 0., 0., 0., 0.]), tensor([0., 0., 1., 0., 0., 1., 0., 0., 0., 0., 0., 0., 0., 0., 0., 0., 0., 0.,
        0., 0., 1., 0., 0., 0., 0., 0., 0., 0., 0., 0., 0., 0.]), tensor([1., 0., 1., 0., 0., 0., 1., 1., 1., 1., 1., 0., 1., 0., 0., 1., 0., 0.,
        1., 1., 1., 1., 1., 0., 0., 1., 0., 0., 1., 0., 1., 1.]), tensor([1., 1., 0., 1., 1., 0., 0., 1., 0., 1., 0., 0., 0., 1., 1., 1., 1., 1.,
        0., 0., 0., 1., 1., 0., 1., 1., 0., 0., 1., 0., 1., 0.]), tensor([1., 1., 0., 1., 0., 0., 0., 1., 0., 1., 1., 0., 0., 1., 0., 0., 1., 1.,
        1., 0., 0., 0., 1., 0., 0., 1., 0., 0., 1., 0., 0., 1.]), tensor([0., 1., 0., 0., 1., 0., 0., 1., 0., 0., 1., 0., 0., 1., 0., 0., 1., 0.,
        0., 1., 0., 0., 1., 0., 0., 1., 0., 0., 0., 0., 0., 1.]), tensor([1., 0., 0., 1., 0., 0., 0., 0., 0., 1., 0., 0., 0., 0., 0., 0., 0., 0.,
        1., 0., 0., 1., 0., 0., 1., 0., 0., 0., 0., 0., 0., 0.]), tensor([0., 0., 0., 0., 0., 0., 0., 1., 1., 0., 0., 0., 0., 1., 0., 0., 1., 0.,
        0., 0., 0., 0., 0., 0., 1., 1., 1., 0., 1., 0., 0., 0.]), tensor([0., 1., 0., 0., 0., 0., 0., 1., 0., 0., 0., 0., 0., 1., 0., 0., 0., 0.,
        0., 0., 0., 1., 1., 0., 0., 0., 0., 1., 1., 0., 1., 1.]), tensor([0., 0., 0., 1., 0., 0., 1., 0., 0., 1., 0., 0., 1., 0., 0., 1., 0., 0.,
        1., 0., 0., 1., 0., 0., 1., 0., 0., 1., 0., 0., 1., 0.]), tensor([0., 0., 0., 1., 0., 0., 1., 0., 0., 1., 0., 0., 1., 0., 0., 1., 0., 0.,
        1., 0., 0., 1., 0., 0., 1., 0., 0., 1., 0., 0., 1., 0.]), tensor([0., 1., 0., 0., 0., 0., 0., 1., 0., 0., 1., 0., 0., 0., 0., 0., 1., 0.,
        0., 1., 0., 0., 1., 0., 0., 0., 0., 0., 1., 0., 0., 0.]), tensor([0., 0., 0., 0., 1., 0., 0., 1., 0., 0., 0., 0., 0., 1., 0., 0., 1., 0.,
        0., 1., 0., 0., 1., 0., 0., 0., 0., 0., 1., 0., 0., 1.]), tensor([0., 1., 0., 0., 0., 0., 0., 1., 0., 0., 1., 0., 0., 1., 0., 0., 0., 0.,
        0., 1., 0., 0., 1., 0., 0., 0., 0., 0., 1., 0., 0., 0.]), tensor([0., 0., 0., 0., 0., 1., 0., 0., 0., 0., 0., 1., 0., 0., 1., 0., 1., 1.,
        0., 0., 1., 0., 0., 1., 0., 0., 1., 0., 0., 1., 0., 0.]), tensor([0., 0., 1., 0., 1., 1., 0., 1., 0., 0., 0., 1., 0., 0., 1., 0., 0., 1.,
        0., 0., 1., 0., 0., 1., 0., 0., 0., 0., 1., 0., 0., 0.]), tensor([0., 0., 0., 0., 0., 0., 0., 0., 1., 0., 0., 0., 0., 0., 0., 0., 0., 1.,
        0., 0., 0., 0., 0., 0., 0., 0., 1., 0., 0., 0., 0., 0.]), tensor([1., 0., 1., 0., 0., 1., 0., 0., 0., 1., 0., 0., 0., 1., 0., 0., 1., 0.,
        1., 0., 1., 0., 0., 0., 0., 0., 0., 0., 0., 1., 0., 1.]), tensor([0., 0., 0., 1., 0., 0., 1., 1., 0., 0., 0., 1., 1., 0., 0., 1., 0., 0.,
        0., 0., 0., 1., 0., 0., 0., 1., 0., 1., 0., 0., 1., 0.]), tensor([1., 0., 0., 1., 0., 0., 1., 0., 0., 1., 0., 0., 1., 0., 0., 1., 0., 0.,
        1., 0., 0., 1., 0., 0., 1., 0., 0., 1., 0., 0., 1., 0.]), tensor([0., 1., 0., 0., 1., 0., 0., 1., 0., 0., 1., 0., 0., 1., 0., 0., 1., 0.,
        0., 1., 0., 0., 1., 0., 0., 1., 0., 0., 1., 0., 0., 1.]), tensor([0., 0., 1., 0., 0., 1., 0., 0., 1., 0., 0., 1., 0., 0., 1., 0., 0., 1.,
        0., 0., 1., 0., 0., 1., 0., 0., 1., 0., 0., 1., 0., 0.])]
[tensor([0., 0., 0., 0., 0., 0., 0., 0., 1., 0., 0., 1., 0., 0., 0., 0., 0., 1.,
        0., 0., 1., 0., 0., 0., 0., 0., 0., 0., 0., 1., 0., 0.]), tensor([0., 0., 1., 0., 0., 1., 0., 0., 1., 0., 0., 0., 0., 0., 0., 0., 0., 1.,
        0., 0., 0., 0., 0., 0., 0., 0., 0., 0., 0., 1., 0., 0.]), tensor([0., 0., 0., 0., 0., 1., 0., 0., 0., 0., 0., 0., 0., 0., 0., 0., 0., 0.,
        0., 0., 0., 0., 0., 0., 0., 0., 0., 0., 0., 1., 0., 0.]), tensor([0., 0., 1., 0., 0., 1., 0., 0., 0., 0., 0., 1., 0., 0., 0., 0., 0., 1.,
        0., 0., 0., 0., 0., 1., 0., 0., 1., 0., 0., 1., 0., 0.]), tensor([0., 0., 1., 0., 0., 0., 0., 0., 1., 0., 0., 0., 0., 0., 1., 0., 0., 1.,
        0., 0., 1., 0., 0., 1., 0., 0., 0., 0., 0., 0., 0., 0.]), tensor([0., 1., 0., 0., 1., 0., 0., 0., 0., 0., 1., 0., 0., 0., 0., 0., 0., 0.,
        0., 1., 0., 0., 0., 0., 0., 1., 0., 0., 0., 0., 0., 1.]), tensor([0., 1., 0., 0., 0., 0., 0., 1., 0., 0., 0., 0., 0., 1., 0., 0., 1., 0.,
        0., 1., 0., 0., 1., 0., 0., 1., 0., 0., 1., 0., 0., 1.]), tensor([0., 1., 0., 0., 0., 0., 0., 1., 0., 0., 0., 0., 0., 1., 0., 0., 1., 0.,
        0., 1., 0., 0., 0., 0., 0., 0., 0., 0., 1., 0., 0., 1.]), tensor([0., 0., 0., 1., 0., 0., 0., 0., 0., 0., 0., 0., 0., 0., 0., 1., 0., 0.,
        0., 0., 0., 1., 0., 0., 0., 0., 0., 1., 0., 0., 0., 0.]), tensor([0., 0., 0., 0., 0., 0., 1., 0., 0., 0., 0., 0., 1., 0., 0., 0., 0., 0.,
        1., 0., 0., 0., 0., 0., 1., 0., 0., 0., 0., 0., 0., 0.]), tensor([1., 0., 0., 1., 0., 0., 1., 0., 0., 1., 0., 0., 1., 0., 0., 0., 0., 0.,
        0., 0., 0., 0., 0., 0., 0., 0., 0., 1., 0., 0., 1., 0.]), tensor([0., 0., 0., 0., 0., 0., 1., 0., 0., 1., 0., 0., 1., 0., 0., 0., 0., 0.,
        0., 0., 0., 0., 0., 0., 1., 0., 0., 0., 0., 0., 0., 0.]), tensor([1., 1., 1., 1., 1., 0., 1., 0., 1., 1., 1., 1., 1., 1., 1., 1., 1., 0.,
        0., 0., 0., 1., 1., 1., 1., 0., 1., 1., 1., 0., 1., 1.]), tensor([0., 1., 1., 0., 1., 0., 1., 1., 1., 0., 1., 1., 1., 1., 1., 1., 1., 1.,
        1., 1., 1., 1., 0., 1., 1., 1., 1., 1., 1., 1., 0., 0.]), tensor([1., 1., 1., 1., 1., 0., 0., 0., 1., 1., 0., 0., 0., 0., 1., 0., 1., 1.,
        0., 1., 1., 0., 1., 1., 0., 1., 0., 0., 1., 0., 1., 1.]), tensor([0., 0., 1., 0., 0., 1., 0., 0., 0., 0., 0., 1., 0., 0., 0., 0., 0., 1.,
        0., 0., 0., 0., 0., 1., 0., 0., 1., 0., 0., 1., 0., 0.]), tensor([0., 1., 0., 0., 1., 0., 0., 0., 0., 0., 1., 0., 0., 0., 0., 0., 0., 0.,
        0., 1., 0., 0., 0., 0., 0., 1., 0., 0., 0., 0., 0., 1.]), tensor([0., 0., 1., 0., 0., 1., 0., 0., 0., 0., 0., 0., 0., 0., 0., 0., 0., 0.,
        0., 0., 0., 1., 0., 0., 0., 0., 0., 1., 0., 1., 0., 0.]), tensor([0., 0., 1., 0., 0., 1., 0., 0., 1., 0., 0., 0., 0., 0., 1., 0., 0., 1.,
        0., 0., 1., 0., 0., 1., 0., 0., 1., 0., 0., 1., 0., 0.]), tensor([0., 1., 1., 0., 0., 0., 0., 1., 1., 0., 0., 0., 0., 1., 0., 0., 1., 0.,
        0., 1., 0., 0., 1., 0., 0., 1., 0., 0., 1., 0., 0., 1.]), tensor([0., 1., 1., 0., 0., 0., 0., 1., 1., 0., 0., 0., 0., 1., 0., 0., 1., 0.,
        0., 1., 0., 0., 1., 0., 0., 1., 0., 0., 1., 0., 0., 1.]), tensor([0., 0., 0., 0., 0., 0., 0., 0., 1., 0., 0., 1., 0., 0., 0., 0., 0., 1.,
        0., 0., 1., 0., 0., 0., 0., 0., 0., 0., 0., 1., 0., 0.]), tensor([0., 0., 1., 0., 0., 1., 0., 0., 1., 0., 0., 0., 0., 0., 0., 0., 0., 1.,
        0., 0., 0., 0., 0., 0., 0., 0., 0., 0., 0., 1., 0., 0.]), tensor([0., 0., 0., 0., 0., 0., 0., 0., 0., 0., 0., 0., 0., 0., 0., 0., 0., 1.,
        0., 0., 0., 0., 0., 0., 0., 0., 0., 0., 0., 0., 0., 0.]), tensor([1., 0., 0., 1., 0., 0., 1., 0., 1., 1., 0., 0., 1., 0., 0., 0., 0., 0.,
        1., 0., 0., 1., 0., 0., 0., 0., 1., 1., 0., 0., 1., 0.]), tensor([1., 0., 0., 1., 0., 0., 1., 0., 0., 1., 0., 0., 1., 0., 0., 0., 0., 1.,
        0., 0., 0., 0., 0., 1., 1., 0., 0., 1., 0., 0., 1., 0.]), tensor([0., 0., 0., 1., 0., 0., 0., 0., 0., 0., 0., 0., 0., 0., 0., 1., 0., 0.,
        0., 0., 0., 1., 0., 0., 0., 0., 0., 1., 0., 0., 0., 0.]), tensor([0., 0., 0., 0., 1., 0., 1., 0., 1., 1., 0., 0., 1., 0., 0., 0., 0., 0.,
        1., 0., 0., 0., 0., 0., 1., 0., 0., 0., 0., 0., 0., 0.]), tensor([0., 1., 0., 0., 0., 1., 0., 1., 0., 0., 0., 0., 0., 1., 0., 0., 1., 1.,
        0., 1., 1., 0., 0., 0., 0., 0., 0., 0., 1., 1., 1., 1.]), tensor([0., 1., 0., 0., 1., 0., 0., 1., 0., 0., 1., 0., 0., 1., 0., 0., 1., 0.,
        0., 1., 0., 0., 1., 0., 0., 1., 0., 0., 1., 0., 0., 1.]), tensor([0., 0., 1., 0., 0., 1., 0., 0., 1., 0., 0., 1., 0., 0., 1., 0., 0., 1.,
        0., 0., 1., 0., 0., 1., 0., 0., 1., 0., 0., 1., 0., 0.]), tensor([1., 0., 0., 1., 0., 0., 1., 0., 0., 1., 0., 0., 1., 0., 0., 1., 0., 0.,
        1., 0., 0., 1., 0., 0., 1., 0., 0., 1., 0., 0., 1., 0.])]
[tensor([0., 0., 0., 0., 0., 0., 1., 0., 0., 0., 0., 0., 1., 0., 0., 1., 0., 0.,
        1., 0., 0., 1., 0., 0., 1., 0., 0., 1., 0., 0., 1., 0.]), tensor([0., 0., 0., 0., 0., 0., 1., 0., 0., 1., 0., 0., 1., 0., 0., 1., 0., 0.,
        1., 0., 0., 1., 0., 0., 1., 0., 0., 1., 0., 0., 1., 0.]), tensor([0., 0., 0., 0., 0., 0., 1., 0., 0., 0., 0., 0., 1., 0., 0., 1., 0., 0.,
        0., 0., 0., 0., 0., 0., 0., 0., 0., 1., 0., 0., 0., 0.]), tensor([1., 0., 0., 1., 0., 0., 0., 0., 0., 1., 0., 0., 0., 0., 0., 0., 0., 0.,
        0., 0., 0., 0., 0., 0., 1., 0., 0., 0., 0., 0., 1., 0.]), tensor([1., 0., 0., 1., 0., 0., 0., 0., 0., 1., 0., 0., 1., 0., 0., 1., 0., 0.,
        1., 0., 0., 0., 0., 0., 1., 0., 0., 1., 0., 0., 0., 0.]), tensor([0., 0., 1., 0., 0., 1., 0., 0., 1., 0., 0., 1., 0., 0., 0., 0., 0., 0.,
        0., 0., 0., 0., 0., 1., 0., 0., 1., 0., 0., 1., 0., 0.]), tensor([0., 0., 1., 0., 0., 1., 0., 0., 1., 0., 0., 1., 0., 0., 1., 0., 0., 1.,
        0., 0., 1., 0., 0., 1., 0., 0., 1., 0., 0., 1., 0., 0.]), tensor([0., 0., 1., 0., 0., 0., 0., 0., 1., 0., 0., 1., 0., 0., 1., 0., 0., 0.,
        0., 0., 0., 0., 0., 1., 0., 0., 1., 0., 0., 1., 0., 0.]), tensor([0., 0., 0., 0., 1., 0., 0., 0., 0., 0., 0., 0., 0., 0., 0., 0., 0., 0.,
        0., 0., 0., 0., 1., 0., 0., 0., 0., 0., 0., 0., 0., 1.]), tensor([0., 0., 0., 0., 0., 0., 0., 1., 0., 0., 1., 0., 0., 0., 0., 0., 0., 0.,
        0., 1., 0., 0., 0., 0., 0., 0., 0., 0., 0., 0., 0., 0.]), tensor([0., 1., 0., 0., 1., 0., 0., 1., 0., 0., 0., 0., 0., 0., 0., 0., 1., 0.,
        0., 0., 0., 0., 0., 0., 0., 1., 0., 0., 1., 0., 0., 1.]), tensor([0., 0., 0., 0., 0., 0., 0., 1., 0., 0., 1., 0., 0., 1., 0., 0., 1., 0.,
        0., 1., 0., 0., 0., 0., 0., 0., 0., 0., 0., 0., 0., 0.]), tensor([0., 0., 1., 1., 1., 0., 0., 1., 0., 1., 1., 0., 1., 1., 0., 1., 1., 0.,
        1., 0., 1., 1., 0., 1., 1., 0., 1., 0., 0., 1., 1., 1.]), tensor([1., 1., 0., 1., 1., 1., 1., 1., 1., 0., 0., 0., 1., 1., 0., 0., 1., 0.,
        1., 0., 1., 0., 1., 1., 0., 0., 0., 1., 1., 1., 0., 1.]), tensor([1., 1., 1., 1., 1., 0., 1., 0., 0., 1., 0., 0., 1., 1., 0., 1., 1., 0.,
        1., 0., 1., 0., 0., 0., 1., 0., 0., 1., 0., 1., 0., 0.]), tensor([1., 0., 0., 1., 0., 0., 0., 0., 0., 1., 0., 0., 0., 0., 0., 0., 0., 0.,
        0., 0., 0., 0., 0., 0., 1., 0., 0., 0., 0., 0., 1., 0.]), tensor([0., 0., 1., 0., 0., 1., 0., 0., 1., 0., 0., 1., 0., 0., 0., 0., 0., 0.,
        0., 0., 0., 0., 0., 1., 0., 0., 1., 0., 0., 1., 0., 0.]), tensor([0., 0., 0., 0., 0., 0., 1., 0., 0., 0., 0., 0., 1., 0., 0., 1., 0., 0.,
        0., 0., 0., 1., 0., 0., 0., 1., 0., 1., 0., 0., 1., 1.]), tensor([1., 0., 0., 1., 0., 0., 0., 0., 0., 1., 0., 1., 1., 0., 1., 1., 0., 0.,
        1., 0., 0., 0., 0., 0., 1., 0., 1., 1., 0., 0., 1., 0.]), tensor([1., 0., 1., 1., 0., 1., 0., 0., 1., 1., 0., 1., 0., 0., 1., 0., 0., 1.,
        0., 0., 1., 0., 0., 1., 1., 0., 1., 0., 0., 1., 0., 0.]), tensor([1., 0., 1., 1., 0., 1., 0., 0., 1., 1., 0., 1., 0., 0., 1., 0., 0., 1.,
        0., 0., 1., 0., 0., 1., 0., 0., 1., 0., 0., 1., 0., 0.]), tensor([0., 0., 0., 0., 0., 0., 1., 0., 0., 0., 0., 0., 0., 0., 0., 1., 0., 0.,
        0., 0., 0., 1., 0., 0., 1., 0., 0., 1., 0., 0., 0., 0.]), tensor([0., 0., 0., 0., 0., 0., 1., 0., 0., 1., 0., 0., 1., 0., 0., 1., 0., 0.,
        1., 0., 0., 1., 0., 0., 1., 0., 0., 1., 0., 0., 1., 0.]), tensor([0., 0., 0., 0., 0., 0., 1., 0., 0., 0., 0., 0., 1., 0., 0., 0., 0., 0.,
        1., 0., 0., 0., 0., 0., 1., 0., 0., 1., 0., 0., 1., 0.]), tensor([0., 1., 0., 0., 1., 0., 0., 1., 0., 1., 0., 0., 0., 0., 0., 1., 1., 0.,
        0., 0., 0., 0., 1., 0., 0., 1., 0., 0., 1., 0., 0., 1.]), tensor([0., 1., 0., 0., 1., 0., 0., 1., 0., 0., 1., 0., 1., 1., 0., 0., 1., 0.,
        1., 1., 0., 0., 0., 0., 0., 1., 0., 0., 1., 0., 0., 1.]), tensor([0., 0., 0., 0., 1., 0., 0., 0., 0., 0., 0., 0., 0., 0., 0., 0., 0., 0.,
        0., 0., 0., 0., 1., 0., 0., 0., 0., 0., 0., 0., 0., 1.]), tensor([1., 0., 0., 1., 0., 0., 0., 1., 0., 0., 1., 0., 0., 1., 0., 1., 1., 0.,
        0., 1., 1., 0., 0., 0., 1., 0., 0., 1., 0., 0., 0., 0.]), tensor([0., 0., 1., 0., 0., 0., 1., 0., 1., 0., 0., 1., 1., 0., 1., 0., 0., 0.,
        0., 0., 0., 0., 0., 1., 0., 0., 1., 0., 0., 1., 0., 0.]), tensor([0., 0., 1., 0., 0., 1., 0., 0., 1., 0., 0., 1., 0., 0., 1., 0., 0., 1.,
        0., 0., 1., 0., 0., 1., 0., 0., 1., 0., 0., 1., 0., 0.]), tensor([1., 0., 0., 1., 0., 0., 1., 0., 0., 1., 0., 0., 1., 0., 0., 1., 0., 0.,
        1., 0., 0., 1., 0., 0., 1., 0., 0., 1., 0., 0., 1., 0.]), tensor([0., 1., 0., 0., 1., 0., 0., 1., 0., 0., 1., 0., 0., 1., 0., 0., 1., 0.,
        0., 1., 0., 0., 1., 0., 0., 1., 0., 0., 1., 0., 0., 1.])]
[tensor([0., 1., 0., 0., 1., 0., 0., 0., 0., 0., 1., 0., 0., 1., 0., 0., 1., 0.,
        0., 1., 0., 0., 1., 0., 0., 1., 0., 0., 1., 0., 0., 0.]), tensor([0., 1., 0., 0., 0., 0., 0., 0., 0., 0., 0., 0., 0., 1., 0., 0., 1., 0.,
        0., 1., 0., 0., 1., 0., 0., 1., 0., 0., 0., 0., 0., 1.]), tensor([0., 0., 0., 0., 0., 0., 0., 0., 0., 0., 1., 0., 0., 0., 0., 0., 0., 0.,
        0., 0., 0., 0., 0., 0., 0., 0., 0., 0., 0., 0., 0., 0.]), tensor([0., 0., 0., 0., 0., 0., 0., 0., 0., 0., 1., 0., 0., 0., 0., 0., 1., 0.,
        0., 0., 0., 0., 1., 0., 0., 1., 0., 0., 1., 0., 0., 1.]), tensor([0., 1., 0., 0., 1., 0., 0., 1., 0., 0., 1., 0., 0., 0., 0., 0., 1., 0.,
        0., 1., 0., 0., 0., 0., 0., 1., 0., 0., 1., 0., 0., 1.]), tensor([1., 0., 0., 0., 0., 0., 1., 0., 0., 1., 0., 0., 1., 0., 0., 1., 0., 0.,
        1., 0., 0., 0., 0., 0., 1., 0., 0., 1., 0., 0., 1., 0.]), tensor([1., 0., 0., 1., 0., 0., 1., 0., 0., 1., 0., 0., 0., 0., 0., 0., 0., 0.,
        0., 0., 0., 1., 0., 0., 0., 0., 0., 1., 0., 0., 1., 0.]), tensor([0., 0., 0., 1., 0., 0., 0., 0., 0., 1., 0., 0., 0., 0., 0., 0., 0., 0.,
        0., 0., 0., 0., 0., 0., 0., 0., 0., 1., 0., 0., 1., 0.]), tensor([0., 0., 0., 0., 0., 0., 0., 0., 0., 0., 0., 0., 0., 0., 0., 0., 0., 0., 0., 0., 0., 0., 0., 0.,
        0., 0., 0., 0., 0., 0., 0., 0.]), tensor([0., 0., 1., 0., 0., 1., 0., 0., 1., 0., 0., 0., 0., 0., 1., 0., 0., 1.,
        0., 0., 1., 0., 0., 0., 0., 0., 1., 0., 0., 0., 0., 0.]), tensor([0., 0., 1., 0., 0., 0., 0., 0., 1., 0., 0., 0., 0., 0., 0., 0., 0., 1.,
        0., 0., 1., 0., 0., 1., 0., 0., 1., 0., 0., 1., 0., 0.]), tensor([0., 0., 1., 0., 0., 0., 0., 0., 1., 0., 0., 1., 0., 0., 1., 0., 0., 1.,
        0., 0., 1., 0., 0., 0., 0., 0., 1., 0., 0., 0., 0., 0.]), tensor([1., 1., 1., 1., 1., 1., 1., 1., 1., 1., 1., 0., 1., 1., 1., 1., 1., 1.,
        1., 1., 0., 1., 1., 1., 1., 0., 0., 0., 1., 1., 1., 0.]), tensor([0., 1., 1., 0., 1., 0., 1., 1., 1., 1., 0., 1., 0., 1., 1., 1., 0., 1.,
        1., 1., 1., 1., 1., 1., 0., 1., 0., 1., 0., 1., 1., 1.]), tensor([1., 1., 0., 1., 1., 0., 1., 1., 0., 0., 1., 1., 0., 0., 0., 0., 1., 0.,
        1., 1., 0., 0., 1., 1., 1., 1., 0., 1., 1., 0., 0., 1.]), tensor([0., 0., 0., 0., 0., 0., 0., 0., 0., 0., 1., 0., 0., 0., 0., 0., 1., 0.,
        0., 0., 0., 0., 1., 0., 0., 1., 0., 0., 1., 0., 0., 1.]), tensor([1., 0., 0., 0., 0., 0., 1., 0., 0., 1., 0., 0., 1., 0., 0., 1., 0., 0.,
        1., 0., 0., 0., 0., 0., 1., 0., 0., 1., 0., 0., 1., 0.]), tensor([0., 0., 0., 0., 1., 0., 1., 0., 0., 0., 1., 0., 0., 0., 0., 1., 0., 0.,
        0., 0., 0., 1., 0., 0., 0., 1., 0., 0., 0., 0., 0., 1.]), tensor([0., 1., 0., 0., 1., 0., 0., 1., 0., 0., 1., 0., 0., 1., 0., 0., 1., 0.,
        0., 1., 0., 0., 0., 0., 0., 1., 0., 0., 1., 0., 0., 1.]), tensor([1., 0., 0., 1., 0., 0., 1., 1., 0., 1., 0., 0., 0., 0., 0., 0., 0., 0.,
        0., 1., 0., 1., 0., 0., 0., 0., 0., 1., 0., 0., 1., 0.]), tensor([1., 0., 0., 1., 0., 0., 1., 1., 0., 1., 0., 0., 0., 0., 0., 0., 0., 0.,
        0., 0., 0., 1., 0., 0., 0., 0., 0., 1., 0., 0., 1., 0.]), tensor([0., 1., 0., 0., 1., 0., 0., 0., 0., 0., 1., 0., 0., 1., 0., 0., 0., 0.,
        0., 0., 0., 0., 0., 0., 0., 1., 0., 0., 1., 0., 0., 0.]), tensor([0., 1., 0., 0., 0., 0., 0., 0., 0., 0., 0., 0., 0., 1., 0., 0., 1., 0.,
        0., 1., 0., 0., 1., 0., 0., 1., 0., 0., 0., 0., 0., 1.]), tensor([0., 0., 0., 0., 1., 0., 0., 0., 0., 0., 1., 0., 0., 1., 0., 0., 1., 0.,
        0., 1., 0., 0., 1., 0., 0., 0., 0., 0., 0., 0., 0., 0.]), tensor([0., 0., 1., 0., 0., 1., 0., 0., 1., 0., 0., 0., 0., 0., 0., 0., 0., 1.,
        0., 0., 1., 0., 0., 1., 0., 1., 1., 0., 0., 1., 0., 0.]), tensor([0., 0., 1., 0., 0., 0., 0., 0., 1., 0., 0., 1., 0., 1., 1., 0., 0., 1.,
        0., 0., 1., 0., 1., 1., 0., 0., 1., 0., 0., 1., 0., 1.]), tensor([0., 0., 0., 0., 0., 0., 0., 0., 0., 0., 0., 0., 0., 0., 0., 0., 0., 0., 0., 0., 0., 0., 0., 0.,
        0., 0., 0., 0., 0., 0., 0., 0.]), tensor([0., 1., 1., 0., 0., 1., 0., 0., 1., 0., 1., 1., 0., 0., 1., 0., 0., 1.,
        0., 0., 1., 0., 0., 0., 0., 0., 1., 0., 0., 0., 0., 0.]), tensor([0., 0., 0., 1., 0., 0., 0., 0., 0., 1., 0., 0., 0., 1., 0., 0., 0., 0.,
        0., 0., 0., 0., 1., 1., 0., 0., 0., 1., 0., 1., 1., 0.]), tensor([1., 0., 0., 1., 0., 0., 1., 0., 0., 1., 0., 0., 1., 0., 0., 1., 0., 0.,
        1., 0., 0., 1., 0., 0., 1., 0., 0., 1., 0., 0., 1., 0.]), tensor([0., 1., 0., 0., 1., 0., 0., 1., 0., 0., 1., 0., 0., 1., 0., 0., 1., 0.,
        0., 1., 0., 0., 1., 0., 0., 1., 0., 0., 1., 0., 0., 1.]), tensor([0., 0., 1., 0., 0., 1., 0., 0., 1., 0., 0., 1., 0., 0., 1., 0., 0., 1.,
        0., 0., 1., 0., 0., 1., 0., 0., 1., 0., 0., 1., 0., 0.])]
[tensor([0., 0., 1., 0., 0., 0., 0., 0., 1., 0., 0., 1., 0., 0., 1., 0., 0., 1.,
        0., 0., 1., 0., 0., 1., 0., 0., 1., 0., 0., 0., 0., 0.]), tensor([0., 0., 0., 0., 0., 1., 0., 0., 1., 0., 0., 1., 0., 0., 1., 0., 0., 0.,
        0., 0., 1., 0., 0., 1., 0., 0., 0., 0., 0., 1., 0., 0.]), tensor([0., 0., 0., 0., 0., 0., 0., 0., 0., 0., 0., 1., 0., 0., 1., 0., 0., 0.,
        0., 0., 1., 0., 0., 0., 0., 0., 1., 0., 0., 1., 0., 0.]), tensor([0., 0., 0., 0., 0., 1., 0., 0., 0., 0., 0., 1., 0., 0., 0., 0., 0., 0.,
        0., 0., 0., 0., 0., 0., 0., 0., 1., 0., 0., 1., 0., 0.]), tensor([0., 0., 1., 0., 0., 1., 0., 0., 0., 0., 0., 1., 0., 0., 1., 0., 0., 1.,
        0., 0., 0., 0., 0., 1., 0., 0., 1., 0., 0., 0., 0., 0.]), tensor([0., 0., 0., 0., 1., 0., 0., 1., 0., 0., 1., 0., 0., 1., 0., 0., 1., 0.,
        0., 1., 0., 0., 1., 0., 0., 0., 0., 0., 0., 0., 0., 0.]), tensor([0., 1., 0., 0., 0., 0., 0., 1., 0., 0., 1., 0., 0., 1., 0., 0., 1., 0.,
        0., 1., 0., 0., 1., 0., 0., 1., 0., 0., 1., 0., 0., 1.]), tensor([0., 1., 0., 0., 0., 0., 0., 1., 0., 0., 0., 0., 0., 0., 0., 0., 1., 0.,
        0., 0., 0., 0., 0., 0., 0., 1., 0., 0., 0., 0., 0., 0.]), tensor([1., 0., 0., 0., 0., 0., 0., 0., 0., 0., 0., 0., 0., 0., 0., 1., 0., 0.,
        0., 0., 0., 0., 0., 0., 0., 0., 0., 0., 0., 0., 0., 0.]), tensor([0., 0., 0., 1., 0., 0., 1., 0., 0., 0., 0., 0., 1., 0., 0., 0., 0., 0.,
        0., 0., 0., 1., 0., 0., 0., 0., 0., 0., 0., 0., 0., 0.]), tensor([1., 0., 0., 0., 0., 0., 1., 0., 0., 1., 0., 0., 0., 0., 0., 0., 0., 0.,
        1., 0., 0., 1., 0., 0., 1., 0., 0., 1., 0., 0., 1., 0.]), tensor([0., 0., 0., 0., 0., 0., 1., 0., 0., 0., 0., 0., 0., 0., 0., 0., 0., 0.,
        0., 0., 0., 1., 0., 0., 0., 0., 0., 0., 0., 0., 0., 0.]), tensor([1., 1., 1., 1., 1., 1., 1., 1., 1., 1., 1., 1., 1., 0., 0., 1., 1., 1.,
        1., 0., 1., 1., 1., 0., 1., 1., 0., 0., 1., 1., 0., 0.]), tensor([1., 0., 1., 0., 0., 1., 1., 1., 1., 1., 0., 1., 1., 1., 1., 0., 1., 1.,
        1., 1., 1., 0., 1., 1., 1., 0., 1., 1., 1., 0., 1., 1.]), tensor([0., 0., 1., 0., 0., 1., 0., 0., 1., 0., 1., 1., 0., 0., 1., 1., 0., 1.,
        0., 0., 1., 0., 1., 1., 1., 1., 1., 0., 1., 0., 0., 1.]), tensor([0., 0., 0., 0., 0., 1., 0., 0., 0., 0., 0., 1., 0., 0., 0., 0., 0., 0.,
        0., 0., 0., 0., 0., 0., 0., 0., 1., 0., 0., 1., 0., 0.]), tensor([0., 0., 0., 0., 1., 0., 0., 1., 0., 0., 1., 0., 0., 1., 0., 0., 1., 0.,
        0., 1., 0., 0., 1., 0., 0., 0., 0., 0., 0., 0., 0., 0.]), tensor([1., 0., 1., 0., 0., 0., 0., 0., 0., 0., 0., 1., 0., 0., 1., 1., 0., 0.,
        0., 0., 1., 0., 0., 0., 0., 0., 1., 1., 0., 1., 0., 0.]), tensor([0., 0., 1., 0., 0., 1., 0., 1., 0., 0., 0., 1., 0., 1., 1., 0., 0., 1.,
        0., 0., 0., 0., 0., 1., 0., 0., 1., 0., 0., 1., 0., 0.]), tensor([0., 1., 1., 0., 0., 0., 0., 1., 0., 0., 1., 0., 0., 1., 0., 0., 1., 1.,
        0., 1., 0., 0., 1., 1., 0., 1., 0., 0., 1., 0., 0., 1.]), tensor([0., 1., 1., 0., 0., 0., 0., 1., 0., 0., 1., 0., 0., 1., 0., 0., 1., 1.,
        0., 1., 0., 0., 1., 0., 0., 1., 0., 0., 1., 0., 0., 1.]), tensor([0., 0., 1., 0., 0., 0., 0., 0., 1., 0., 0., 0., 0., 0., 1., 0., 0., 1.,
        0., 0., 1., 0., 0., 0., 0., 0., 1., 0., 0., 0., 0., 0.]), tensor([0., 0., 0., 0., 0., 1., 0., 0., 1., 0., 0., 1., 0., 0., 1., 0., 0., 0.,
        0., 0., 1., 0., 0., 1., 0., 0., 0., 0., 0., 1., 0., 0.]), tensor([0., 0., 0., 0., 0., 0., 0., 0., 0., 0., 0., 1., 0., 0., 0., 0., 0., 0.,
        0., 0., 0., 0., 0., 1., 0., 0., 1., 0., 0., 0., 0., 0.]), tensor([1., 0., 1., 0., 0., 1., 1., 0., 1., 1., 0., 0., 0., 0., 0., 0., 0., 0.,
        1., 0., 1., 1., 0., 0., 1., 0., 0., 1., 0., 0., 1., 0.]), tensor([1., 0., 0., 0., 0., 0., 1., 0., 0., 1., 0., 1., 0., 0., 0., 0., 0., 0.,
        1., 0., 0., 1., 0., 0., 1., 0., 0., 1., 0., 0., 1., 0.]), tensor([1., 0., 0., 0., 0., 0., 0., 0., 0., 0., 0., 0., 0., 0., 0., 1., 0., 0.,
        0., 0., 0., 0., 0., 0., 0., 0., 0., 0., 0., 0., 0., 0.]), tensor([0., 0., 0., 1., 0., 1., 1., 0., 0., 0., 0., 0., 1., 1., 1., 0., 0., 1.,
        0., 0., 0., 1., 0., 0., 0., 0., 1., 0., 1., 1., 0., 1.]), tensor([0., 1., 0., 0., 0., 0., 0., 1., 1., 0., 0., 1., 0., 0., 0., 0., 1., 0.,
        0., 0., 1., 0., 0., 0., 0., 1., 0., 0., 0., 0., 1., 0.]), tensor([0., 1., 0., 0., 1., 0., 0., 1., 0., 0., 1., 0., 0., 1., 0., 0., 1., 0.,
        0., 1., 0., 0., 1., 0., 0., 1., 0., 0., 1., 0., 0., 1.]), tensor([0., 0., 1., 0., 0., 1., 0., 0., 1., 0., 0., 1., 0., 0., 1., 0., 0., 1.,
        0., 0., 1., 0., 0., 1., 0., 0., 1., 0., 0., 1., 0., 0.]), tensor([1., 0., 0., 1., 0., 0., 1., 0., 0., 1., 0., 0., 1., 0., 0., 1., 0., 0.,
        1., 0., 0., 1., 0., 0., 1., 0., 0., 1., 0., 0., 1., 0.])]
[tensor([1., 0., 0., 0., 0., 0., 1., 0., 0., 1., 0., 0., 1., 0., 0., 1., 0., 0.,
        1., 0., 0., 1., 0., 0., 0., 0., 0., 1., 0., 0., 1., 0.]), tensor([0., 0., 0., 1., 0., 0., 1., 0., 0., 1., 0., 0., 1., 0., 0., 1., 0., 0.,
        1., 0., 0., 1., 0., 0., 1., 0., 0., 1., 0., 0., 1., 0.]), tensor([0., 0., 0., 0., 0., 0., 1., 0., 0., 1., 0., 0., 0., 0., 0., 1., 0., 0.,
        1., 0., 0., 0., 0., 0., 0., 0., 0., 0., 0., 0., 0., 0.]), tensor([1., 0., 0., 1., 0., 0., 1., 0., 0., 0., 0., 0., 0., 0., 0., 1., 0., 0.,
        1., 0., 0., 0., 0., 0., 0., 0., 0., 1., 0., 0., 0., 0.]), tensor([0., 0., 0., 0., 0., 0., 1., 0., 0., 0., 0., 0., 1., 0., 0., 1., 0., 0.,
        1., 0., 0., 0., 0., 0., 0., 0., 0., 0., 0., 0., 0., 0.]), tensor([0., 0., 1., 0., 0., 0., 0., 0., 1., 0., 0., 0., 0., 0., 0., 0., 0., 0.,
        0., 0., 1., 0., 0., 1., 0., 0., 1., 0., 0., 0., 0., 0.]), tensor([0., 0., 1., 0., 0., 1., 0., 0., 1., 0., 0., 1., 0., 0., 1., 0., 0., 1.,
        0., 0., 1., 0., 0., 1., 0., 0., 0., 0., 0., 1., 0., 0.]), tensor([0., 0., 0., 0., 0., 0., 0., 0., 1., 0., 0., 0., 0., 0., 0., 0., 0., 0.,
        0., 0., 1., 0., 0., 1., 0., 0., 0., 0., 0., 1., 0., 0.]), tensor([0., 1., 0., 0., 0., 0., 0., 0., 0., 0., 0., 0., 0., 1., 0., 0., 0., 0.,
        0., 1., 0., 0., 0., 0., 0., 0., 0., 0., 1., 0., 0., 0.]), tensor([0., 0., 0., 0., 1., 0., 0., 0., 0., 0., 0., 0., 0., 0., 0., 0., 0., 0.,
        0., 0., 0., 0., 1., 0., 0., 0., 0., 0., 0., 0., 0., 1.]), tensor([0., 1., 0., 0., 1., 0., 0., 1., 0., 0., 1., 0., 0., 0., 0., 0., 1., 0.,
        0., 0., 0., 0., 0., 0., 0., 1., 0., 0., 1., 0., 0., 0.]), tensor([0., 0., 0., 0., 1., 0., 0., 0., 0., 0., 1., 0., 0., 0., 0., 0., 0., 0.,
        0., 0., 0., 0., 0., 0., 0., 0., 0., 0., 0., 0., 0., 1.]), tensor([1., 1., 0., 1., 1., 1., 1., 1., 0., 1., 1., 1., 1., 0., 0., 1., 0., 1.,
        1., 1., 1., 1., 1., 0., 0., 0., 1., 1., 1., 0., 1., 0.]), tensor([0., 1., 0., 0., 0., 0., 1., 1., 1., 0., 1., 1., 0., 1., 0., 0., 1., 1.,
        1., 0., 0., 0., 1., 1., 1., 0., 1., 0., 1., 0., 0., 1.]), tensor([1., 1., 0., 0., 0., 1., 1., 0., 0., 1., 1., 1., 1., 0., 0., 1., 0., 0.,
        1., 0., 0., 0., 0., 0., 1., 0., 1., 0., 1., 0., 1., 0.]), tensor([1., 0., 0., 1., 0., 0., 1., 0., 0., 0., 0., 0., 0., 0., 0., 1., 0., 0.,
        1., 0., 0., 0., 0., 0., 0., 0., 0., 1., 0., 0., 0., 0.]), tensor([0., 0., 1., 0., 0., 0., 0., 0., 1., 0., 0., 0., 0., 0., 0., 0., 0., 0.,
        0., 0., 1., 0., 0., 1., 0., 0., 1., 0., 0., 0., 0., 0.]), tensor([0., 1., 0., 1., 0., 0., 1., 0., 0., 1., 0., 0., 0., 0., 0., 1., 1., 0.,
        1., 1., 0., 1., 0., 0., 0., 0., 1., 1., 1., 0., 0., 0.]), tensor([0., 0., 1., 1., 0., 0., 1., 0., 0., 0., 0., 0., 1., 0., 1., 1., 0., 1.,
        1., 0., 0., 1., 0., 0., 0., 0., 0., 1., 0., 1., 0., 0.]), tensor([0., 0., 1., 0., 0., 1., 1., 0., 1., 0., 0., 1., 1., 0., 1., 0., 0., 1.,
        0., 0., 1., 0., 0., 1., 0., 0., 0., 0., 0., 1., 0., 0.]), tensor([0., 0., 1., 0., 0., 1., 0., 0., 1., 0., 0., 1., 1., 0., 1., 0., 0., 1.,
        0., 0., 1., 0., 0., 1., 0., 0., 0., 0., 0., 1., 0., 0.]), tensor([1., 0., 0., 0., 0., 0., 0., 0., 0., 0., 0., 0., 1., 0., 0., 1., 0., 0.,
        0., 0., 0., 1., 0., 0., 0., 0., 0., 0., 0., 0., 1., 0.]), tensor([0., 0., 0., 1., 0., 0., 1., 0., 0., 1., 0., 0., 1., 0., 0., 1., 0., 0.,
        1., 0., 0., 1., 0., 0., 1., 0., 0., 1., 0., 0., 1., 0.]), tensor([0., 0., 0., 0., 0., 0., 1., 0., 0., 1., 0., 0., 0., 0., 0., 1., 0., 0.,
        1., 0., 0., 0., 0., 0., 0., 0., 0., 1., 0., 0., 0., 0.]), tensor([0., 1., 0., 0., 1., 0., 0., 1., 0., 0., 1., 0., 0., 1., 0., 0., 1., 0.,
        0., 0., 0., 1., 0., 0., 1., 1., 0., 0., 1., 0., 1., 0.]), tensor([0., 1., 0., 0., 1., 0., 0., 1., 0., 0., 1., 0., 0., 0., 0., 0., 1., 0.,
        0., 1., 0., 0., 0., 0., 0., 1., 0., 0., 1., 0., 0., 1.]), tensor([0., 1., 0., 0., 0., 0., 0., 0., 0., 0., 0., 0., 0., 1., 0., 0., 0., 0.,
        0., 1., 0., 0., 0., 0., 0., 0., 0., 0., 1., 0., 0., 0.]), tensor([0., 0., 1., 0., 1., 0., 1., 0., 0., 1., 1., 0., 1., 0., 0., 1., 0., 0.,
        1., 0., 0., 0., 1., 0., 1., 0., 0., 0., 0., 0., 0., 1.]), tensor([0., 0., 0., 0., 0., 0., 0., 1., 1., 0., 0., 0., 0., 0., 0., 0., 0., 0.,
        0., 0., 1., 0., 0., 1., 0., 0., 0., 0., 0., 1., 0., 0.]), tensor([0., 0., 1., 0., 0., 1., 0., 0., 1., 0., 0., 1., 0., 0., 1., 0., 0., 1.,
        0., 0., 1., 0., 0., 1., 0., 0., 1., 0., 0., 1., 0., 0.]), tensor([1., 0., 0., 1., 0., 0., 1., 0., 0., 1., 0., 0., 1., 0., 0., 1., 0., 0.,
        1., 0., 0., 1., 0., 0., 1., 0., 0., 1., 0., 0., 1., 0.]), tensor([0., 1., 0., 0., 1., 0., 0., 1., 0., 0., 1., 0., 0., 1., 0., 0., 1., 0.,
        0., 1., 0., 0., 1., 0., 0., 1., 0., 0., 1., 0., 0., 1.])]
[tensor([0., 0., 0., 0., 0., 0., 0., 1., 0., 0., 1., 0., 0., 1., 0., 0., 1., 0.,
        0., 0., 0., 0., 1., 0., 0., 1., 0., 0., 1., 0., 0., 0.]), tensor([0., 1., 0., 0., 1., 0., 0., 0., 0., 0., 0., 0., 0., 1., 0., 0., 0., 0.,
        0., 0., 0., 0., 0., 0., 0., 0., 0., 0., 0., 0., 0., 1.]), tensor([0., 0., 0., 0., 0., 0., 0., 0., 0., 0., 0., 0., 0., 0., 0., 0., 1., 0.,
        0., 0., 0., 0., 1., 0., 0., 0., 0., 0., 0., 0., 0., 0.]), tensor([0., 1., 0., 0., 1., 0., 0., 1., 0., 0., 1., 0., 0., 1., 0., 0., 0., 0.,
        0., 1., 0., 0., 1., 0., 0., 1., 0., 0., 0., 0., 0., 1.]), tensor([0., 0., 0., 0., 1., 0., 0., 1., 0., 0., 1., 0., 0., 1., 0., 0., 1., 0.,
        0., 1., 0., 0., 0., 0., 0., 1., 0., 0., 1., 0., 0., 1.]), tensor([0., 0., 0., 1., 0., 0., 1., 0., 0., 1., 0., 0., 0., 0., 0., 1., 0., 0.,
        1., 0., 0., 0., 0., 0., 0., 0., 0., 1., 0., 0., 0., 0.]), tensor([1., 0., 0., 1., 0., 0., 1., 0., 0., 1., 0., 0., 1., 0., 0., 1., 0., 0.,
        0., 0., 0., 1., 0., 0., 1., 0., 0., 1., 0., 0., 1., 0.]), tensor([0., 0., 0., 1., 0., 0., 0., 0., 0., 1., 0., 0., 0., 0., 0., 1., 0., 0.,
        0., 0., 0., 0., 0., 0., 0., 0., 0., 0., 0., 0., 1., 0.]), tensor([0., 0., 1., 0., 0., 0., 0., 0., 0., 0., 0., 1., 0., 0., 0., 0., 0., 0.,
        0., 0., 0., 0., 0., 1., 0., 0., 0., 0., 0., 1., 0., 0.]), tensor([0., 0., 0., 0., 0., 1., 0., 0., 1., 0., 0., 0., 0., 0., 1., 0., 0., 0.,
        0., 0., 1., 0., 0., 0., 0., 0., 1., 0., 0., 0., 0., 0.]), tensor([0., 0., 0., 0., 0., 1., 0., 0., 1., 0., 0., 1., 0., 0., 0., 0., 0., 0.,
        0., 0., 0., 0., 0., 0., 0., 0., 0., 0., 0., 0., 0., 0.]), tensor([0., 0., 0., 0., 0., 1., 0., 0., 1., 0., 0., 0., 0., 0., 0., 0., 0., 1.,
        0., 0., 0., 0., 0., 0., 0., 0., 1., 0., 0., 0., 0., 0.]), tensor([1., 0., 1., 1., 1., 1., 1., 1., 1., 0., 1., 1., 1., 1., 0., 1., 1., 1.,
        1., 1., 0., 1., 1., 1., 1., 1., 1., 1., 1., 0., 1., 1.]), tensor([0., 1., 0., 1., 1., 1., 0., 0., 1., 1., 1., 0., 1., 1., 0., 1., 1., 1.,
        0., 0., 1., 1., 1., 1., 1., 1., 0., 0., 0., 1., 1., 1.]), tensor([1., 0., 1., 1., 1., 0., 1., 1., 0., 1., 1., 0., 0., 1., 0., 0., 1., 1.,
        1., 1., 0., 0., 1., 0., 1., 1., 0., 0., 1., 0., 0., 1.]), tensor([0., 1., 0., 0., 1., 0., 0., 1., 0., 0., 1., 0., 0., 1., 0., 0., 0., 0.,
        0., 1., 0., 0., 1., 0., 0., 1., 0., 0., 0., 0., 0., 1.]), tensor([0., 0., 0., 1., 0., 0., 1., 0., 0., 1., 0., 0., 0., 0., 0., 1., 0., 0.,
        1., 0., 0., 0., 0., 0., 0., 0., 0., 1., 0., 0., 0., 0.]), tensor([0., 0., 0., 0., 0., 0., 0., 0., 0., 0., 1., 1., 0., 1., 0., 0., 1., 0.,
        0., 0., 0., 0., 1., 1., 0., 0., 0., 0., 1., 0., 0., 0.]), tensor([0., 1., 0., 0., 1., 0., 0., 1., 0., 0., 1., 0., 0., 1., 0., 0., 1., 0.,
        0., 1., 0., 0., 0., 0., 0., 1., 0., 0., 1., 0., 0., 1.]), tensor([1., 0., 0., 1., 0., 0., 1., 1., 0., 1., 0., 0., 1., 1., 0., 1., 0., 0.,
        0., 0., 0., 1., 0., 0., 1., 0., 0., 1., 0., 0., 1., 1.]), tensor([1., 0., 0., 1., 0., 0., 1., 0., 0., 1., 0., 0., 1., 0., 0., 1., 0., 0.,
        0., 0., 0., 1., 0., 0., 1., 0., 0., 1., 0., 0., 1., 1.]), tensor([0., 0., 0., 0., 0., 0., 0., 1., 0., 0., 1., 0., 0., 0., 0., 0., 1., 0.,
        0., 0., 0., 0., 0., 0., 0., 1., 0., 0., 1., 0., 0., 0.]), tensor([0., 1., 0., 0., 1., 0., 0., 0., 0., 0., 0., 0., 0., 1., 0., 0., 0., 0.,
        0., 0., 0., 0., 0., 0., 0., 0., 0., 0., 0., 0., 0., 1.]), tensor([0., 0., 0., 0., 0., 0., 0., 1., 0., 0., 0., 0., 0., 1., 0., 0., 0., 0.,
        0., 0., 0., 0., 1., 0., 0., 0., 0., 0., 0., 0., 0., 0.]), tensor([0., 0., 1., 0., 0., 1., 0., 0., 1., 0., 0., 1., 0., 0., 1., 0., 0., 0.,
        0., 1., 0., 0., 0., 0., 0., 0., 0., 0., 0., 0., 0., 0.]), tensor([0., 0., 0., 0., 1., 1., 0., 0., 1., 0., 0., 1., 0., 0., 0., 0., 0., 1.,
        0., 0., 0., 0., 0., 1., 0., 0., 1., 0., 0., 0., 0., 0.]), tensor([0., 0., 1., 0., 0., 0., 0., 0., 0., 0., 0., 1., 0., 0., 0., 0., 0., 0.,
        0., 0., 0., 0., 0., 1., 0., 0., 0., 0., 0., 1., 0., 0.]), tensor([1., 1., 0., 0., 0., 1., 0., 0., 1., 0., 0., 0., 0., 0., 1., 0., 1., 1.,
        1., 0., 1., 0., 0., 0., 0., 0., 1., 0., 0., 0., 0., 0.]), tensor([0., 0., 0., 1., 0., 0., 0., 0., 0., 1., 0., 0., 0., 0., 0., 1., 0., 0.,
        0., 0., 0., 0., 1., 0., 0., 1., 0., 0., 0., 0., 1., 0.]), tensor([1., 0., 0., 1., 0., 0., 1., 0., 0., 1., 0., 0., 1., 0., 0., 1., 0., 0.,
        1., 0., 0., 1., 0., 0., 1., 0., 0., 1., 0., 0., 1., 0.]), tensor([0., 1., 0., 0., 1., 0., 0., 1., 0., 0., 1., 0., 0., 1., 0., 0., 1., 0.,
        0., 1., 0., 0., 1., 0., 0., 1., 0., 0., 1., 0., 0., 1.]), tensor([0., 0., 1., 0., 0., 1., 0., 0., 1., 0., 0., 1., 0., 0., 1., 0., 0., 1.,
        0., 0., 1., 0., 0., 1., 0., 0., 1., 0., 0., 1., 0., 0.])]
[tensor([0., 0., 1., 0., 0., 1., 0., 0., 1., 0., 0., 0., 0., 0., 1., 0., 0., 0.,
        0., 0., 1., 0., 0., 0., 0., 0., 1., 0., 0., 1., 0., 0.]), tensor([0., 0., 1., 0., 0., 1., 0., 0., 0., 0., 0., 1., 0., 0., 0., 0., 0., 1.,
        0., 0., 0., 0., 0., 1., 0., 0., 1., 0., 0., 0., 0., 0.]), tensor([0., 0., 0., 0., 0., 0., 0., 0., 0., 0., 0., 0., 0., 0., 0., 0., 0., 0.,
        0., 0., 0., 0., 0., 1., 0., 0., 0., 0., 0., 0., 0., 0.]), tensor([0., 0., 1., 0., 0., 1., 0., 0., 1., 0., 0., 1., 0., 0., 1., 0., 0., 1.,
        0., 0., 0., 0., 0., 0., 0., 0., 0., 0., 0., 1., 0., 0.]), tensor([0., 0., 0., 0., 0., 0., 0., 0., 0., 0., 0., 1., 0., 0., 1., 0., 0., 0.,
        0., 0., 0., 0., 0., 0., 0., 0., 1., 0., 0., 1., 0., 0.]), tensor([0., 1., 0., 0., 1., 0., 0., 1., 0., 0., 1., 0., 0., 0., 0., 0., 1., 0.,
        0., 0., 0., 0., 1., 0., 0., 1., 0., 0., 1., 0., 0., 1.]), tensor([0., 0., 0., 0., 1., 0., 0., 0., 0., 0., 1., 0., 0., 1., 0., 0., 1., 0.,
        0., 1., 0., 0., 1., 0., 0., 1., 0., 0., 1., 0., 0., 1.]), tensor([0., 0., 0., 0., 0., 0., 0., 0., 0., 0., 0., 0., 0., 1., 0., 0., 1., 0.,
        0., 0., 0., 0., 0., 0., 0., 0., 0., 0., 0., 0., 0., 0.]), tensor([0., 0., 0., 0., 0., 0., 1., 0., 0., 0., 0., 0., 0., 0., 0., 0., 0., 0.,
        0., 0., 0., 0., 0., 0., 1., 0., 0., 0., 0., 0., 0., 0.]), tensor([1., 0., 0., 0., 0., 0., 0., 0., 0., 1., 0., 0., 0., 0., 0., 0., 0., 0.,
        1., 0., 0., 1., 0., 0., 0., 0., 0., 1., 0., 0., 1., 0.]), tensor([0., 0., 0., 1., 0., 0., 0., 0., 0., 0., 0., 0., 1., 0., 0., 0., 0., 0.,
        0., 0., 0., 0., 0., 0., 0., 0., 0., 0., 0., 0., 0., 0.]), tensor([0., 0., 0., 0., 0., 0., 0., 0., 0., 0., 0., 0., 0., 0., 0., 1., 0., 0.,
        0., 0., 0., 1., 0., 0., 0., 0., 0., 1., 0., 0., 1., 0.]), tensor([1., 1., 1., 0., 0., 0., 1., 1., 0., 1., 1., 1., 1., 0., 1., 1., 0., 0.,
        1., 0., 0., 1., 1., 0., 1., 1., 0., 1., 0., 1., 1., 1.]), tensor([1., 1., 0., 1., 1., 0., 1., 1., 0., 1., 1., 1., 1., 1., 0., 1., 1., 1.,
        0., 1., 1., 1., 0., 1., 0., 1., 1., 1., 0., 1., 0., 0.]), tensor([0., 0., 1., 0., 0., 0., 0., 1., 0., 0., 0., 1., 0., 0., 1., 1., 1., 1.,
        0., 1., 1., 0., 1., 1., 0., 1., 1., 0., 0., 1., 0., 1.]), tensor([0., 0., 1., 0., 0., 1., 0., 0., 1., 0., 0., 1., 0., 0., 1., 0., 0., 1.,
        0., 0., 0., 0., 0., 0., 0., 0., 0., 0., 0., 1., 0., 0.]), tensor([0., 1., 0., 0., 1., 0., 0., 1., 0., 0., 1., 0., 0., 0., 0., 0., 1., 0.,
        0., 0., 0., 0., 1., 0., 0., 1., 0., 0., 1., 0., 0., 1.]), tensor([0., 0., 0., 0., 0., 0., 0., 0., 1., 0., 0., 1., 0., 0., 1., 0., 0., 0.,
        0., 0., 0., 0., 0., 1., 0., 0., 0., 0., 1., 1., 0., 1.]), tensor([0., 1., 0., 0., 1., 0., 0., 0., 1., 0., 1., 1., 0., 0., 1., 0., 0., 0.,
        0., 0., 0., 0., 0., 0., 0., 0., 1., 0., 0., 1., 0., 0.]), tensor([0., 0., 0., 0., 1., 0., 0., 0., 0., 0., 1., 0., 0., 1., 1., 0., 1., 0.,
        0., 1., 0., 0., 1., 0., 0., 1., 1., 0., 1., 0., 0., 1.]), tensor([0., 0., 0., 0., 1., 0., 0., 0., 0., 0., 1., 0., 0., 1., 0., 0., 1., 0.,
        0., 1., 0., 0., 1., 0., 0., 1., 0., 0., 1., 0., 0., 1.]), tensor([0., 0., 0., 0., 0., 1., 0., 0., 1., 0., 0., 0., 0., 0., 1., 0., 0., 0.,
        0., 0., 1., 0., 0., 0., 0., 0., 0., 0., 0., 1., 0., 0.]), tensor([0., 0., 1., 0., 0., 1., 0., 0., 0., 0., 0., 1., 0., 0., 0., 0., 0., 1.,
        0., 0., 0., 0., 0., 1., 0., 0., 1., 0., 0., 0., 0., 0.]), tensor([0., 0., 1., 0., 0., 0., 0., 0., 0., 0., 0., 0., 0., 0., 1., 0., 0., 0.,
        0., 0., 0., 0., 0., 0., 0., 0., 1., 0., 0., 1., 0., 0.]), tensor([0., 0., 0., 1., 0., 1., 0., 0., 0., 0., 0., 0., 1., 0., 0., 0., 0., 0.,
        1., 0., 0., 0., 0., 1., 0., 0., 0., 0., 0., 0., 0., 0.]), tensor([0., 0., 0., 1., 0., 0., 0., 0., 0., 0., 0., 0., 1., 0., 1., 1., 0., 0.,
        0., 0., 0., 1., 0., 0., 0., 0., 0., 1., 0., 0., 1., 0.]), tensor([0., 0., 0., 0., 0., 0., 1., 0., 0., 0., 0., 0., 0., 0., 0., 0., 0., 0.,
        0., 0., 0., 0., 0., 0., 1., 0., 0., 0., 0., 0., 0., 0.]), tensor([1., 0., 1., 0., 0., 0., 0., 0., 0., 1., 0., 0., 0., 0., 0., 1., 0., 0.,
        1., 0., 0., 1., 0., 1., 0., 1., 0., 1., 0., 0., 1., 0.]), tensor([0., 1., 0., 1., 0., 1., 0., 0., 0., 0., 0., 0., 0., 1., 0., 0., 1., 0.,
        0., 0., 0., 0., 0., 0., 0., 0., 0., 0., 0., 0., 0., 0.]), tensor([0., 1., 0., 0., 1., 0., 0., 1., 0., 0., 1., 0., 0., 1., 0., 0., 1., 0.,
        0., 1., 0., 0., 1., 0., 0., 1., 0., 0., 1., 0., 0., 1.]), tensor([0., 0., 1., 0., 0., 1., 0., 0., 1., 0., 0., 1., 0., 0., 1., 0., 0., 1.,
        0., 0., 1., 0., 0., 1., 0., 0., 1., 0., 0., 1., 0., 0.]), tensor([1., 0., 0., 1., 0., 0., 1., 0., 0., 1., 0., 0., 1., 0., 0., 1., 0., 0.,
        1., 0., 0., 1., 0., 0., 1., 0., 0., 1., 0., 0., 1., 0.])]
[tensor([1., 0., 0., 0., 0., 0., 1., 0., 0., 0., 0., 0., 0., 0., 0., 0., 0., 0.,
        0., 0., 0., 1., 0., 0., 0., 0., 0., 1., 0., 0., 1., 0.]), tensor([1., 0., 0., 0., 0., 0., 0., 0., 0., 1., 0., 0., 0., 0., 0., 1., 0., 0.,
        1., 0., 0., 1., 0., 0., 1., 0., 0., 0., 0., 0., 0., 0.]), tensor([0., 0., 0., 0., 0., 0., 0., 0., 0., 1., 0., 0., 1., 0., 0., 1., 0., 0.,
        1., 0., 0., 0., 0., 0., 0., 0., 0., 0., 0., 0., 1., 0.]), tensor([0., 0., 0., 1., 0., 0., 1., 0., 0., 1., 0., 0., 1., 0., 0., 1., 0., 0.,
        1., 0., 0., 1., 0., 0., 0., 0., 0., 1., 0., 0., 0., 0.]), tensor([1., 0., 0., 0., 0., 0., 0., 0., 0., 0., 0., 0., 1., 0., 0., 0., 0., 0.,
        0., 0., 0., 1., 0., 0., 1., 0., 0., 0., 0., 0., 0., 0.]), tensor([0., 0., 0., 0., 0., 1., 0., 0., 1., 0., 0., 1., 0., 0., 1., 0., 0., 1.,
        0., 0., 1., 0., 0., 1., 0., 0., 1., 0., 0., 1., 0., 0.]), tensor([0., 0., 1., 0., 0., 0., 0., 0., 1., 0., 0., 1., 0., 0., 1., 0., 0., 0.,
        0., 0., 0., 0., 0., 0., 0., 0., 1., 0., 0., 1., 0., 0.]), tensor([0., 0., 1., 0., 0., 0., 0., 0., 0., 0., 0., 0., 0., 0., 0., 0., 0., 0.,
        0., 0., 0., 0., 0., 0., 0., 0., 1., 0., 0., 1., 0., 0.]), tensor([0., 0., 0., 0., 0., 0., 0., 0., 0., 0., 0., 0., 0., 1., 0., 0., 0., 0.,
        0., 0., 0., 0., 0., 0., 0., 0., 0., 0., 0., 0., 0., 1.]), tensor([0., 1., 0., 0., 0., 0., 0., 1., 0., 0., 0., 0., 0., 0., 0., 0., 1., 0.,
        0., 1., 0., 0., 1., 0., 0., 1., 0., 0., 1., 0., 0., 0.]), tensor([0., 0., 0., 0., 1., 0., 0., 1., 0., 0., 1., 0., 0., 0., 0., 0., 0., 0.,
        0., 1., 0., 0., 0., 0., 0., 1., 0., 0., 0., 0., 0., 1.]), tensor([0., 0., 0., 0., 0., 0., 0., 1., 0., 0., 0., 0., 0., 0., 0., 0., 1., 0.,
        0., 1., 0., 0., 1., 0., 0., 1., 0., 0., 0., 0., 0., 0.]), tensor([1., 1., 0., 1., 1., 1., 0., 1., 1., 0., 0., 1., 1., 1., 1., 0., 1., 1.,
        1., 0., 1., 1., 1., 1., 0., 1., 1., 1., 0., 0., 0., 0.]), tensor([1., 1., 1., 0., 0., 0., 1., 0., 1., 1., 0., 1., 0., 0., 1., 1., 0., 1.,
        1., 1., 1., 0., 1., 0., 1., 1., 1., 1., 1., 0., 1., 1.]), tensor([1., 0., 1., 1., 0., 0., 1., 0., 0., 1., 0., 0., 1., 0., 1., 0., 0., 1.,
        1., 0., 1., 1., 0., 1., 1., 0., 0., 0., 0., 0., 0., 0.]), tensor([0., 0., 0., 1., 0., 0., 1., 0., 0., 1., 0., 0., 1., 0., 0., 1., 0., 0.,
        1., 0., 0., 1., 0., 0., 0., 0., 0., 1., 0., 0., 0., 0.]), tensor([0., 0., 0., 0., 0., 1., 0., 0., 1., 0., 0., 1., 0., 0., 1., 0., 0., 1.,
        0., 0., 1., 0., 0., 1., 0., 0., 1., 0., 0., 1., 0., 0.]), tensor([0., 0., 0., 1., 0., 0., 1., 0., 0., 1., 0., 0., 1., 0., 0., 1., 0., 0.,
        1., 0., 0., 0., 0., 0., 0., 0., 0., 0., 0., 0., 1., 0.]), tensor([1., 0., 0., 0., 0., 0., 0., 0., 1., 0., 0., 0., 1., 0., 0., 1., 0., 0.,
        0., 0., 0., 1., 0., 0., 1., 0., 0., 1., 0., 0., 1., 0.]), tensor([1., 0., 1., 0., 0., 0., 0., 0., 1., 0., 0., 1., 0., 0., 1., 0., 0., 0.,
        0., 0., 0., 0., 0., 0., 0., 0., 1., 0., 0., 1., 0., 0.]), tensor([0., 0., 1., 0., 0., 0., 0., 0., 1., 0., 0., 1., 0., 0., 1., 0., 0., 0.,
        0., 0., 0., 0., 0., 0., 0., 0., 1., 0., 0., 1., 0., 0.]), tensor([0., 0., 0., 0., 0., 0., 0., 0., 0., 0., 0., 0., 0., 0., 0., 0., 0., 0.,
        0., 0., 0., 1., 0., 0., 0., 0., 0., 1., 0., 0., 0., 0.]), tensor([1., 0., 0., 0., 0., 0., 0., 0., 0., 1., 0., 0., 0., 0., 0., 1., 0., 0.,
        1., 0., 0., 1., 0., 0., 1., 0., 0., 0., 0., 0., 0., 0.]), tensor([1., 0., 0., 0., 0., 0., 1., 0., 0., 0., 0., 0., 0., 0., 0., 0., 0., 0.,
        0., 0., 0., 1., 0., 0., 0., 0., 0., 0., 0., 0., 1., 0.]), tensor([0., 0., 0., 0., 1., 0., 0., 1., 0., 0., 1., 0., 1., 0., 0., 0., 0., 0.,
        0., 1., 0., 0., 0., 0., 0., 1., 0., 0., 0., 0., 0., 1.]), tensor([0., 0., 0., 0., 1., 0., 0., 1., 0., 0., 1., 0., 0., 0., 0., 0., 1., 0.,
        0., 1., 0., 0., 1., 0., 0., 1., 0., 0., 0., 0., 0., 1.]), tensor([0., 0., 0., 0., 0., 0., 0., 0., 0., 0., 0., 0., 0., 1., 0., 0., 0., 0.,
        0., 0., 0., 0., 0., 0., 0., 0., 0., 0., 0., 0., 0., 1.]), tensor([0., 1., 0., 0., 0., 0., 0., 1., 0., 1., 0., 0., 0., 0., 1., 1., 1., 0.,
        1., 1., 1., 0., 1., 0., 0., 1., 0., 0., 1., 0., 0., 0.]), tensor([0., 0., 1., 0., 1., 1., 0., 0., 0., 0., 0., 0., 1., 0., 0., 0., 0., 0.,
        0., 0., 0., 0., 0., 0., 0., 0., 1., 0., 0., 1., 1., 0.]), tensor([0., 0., 1., 0., 0., 1., 0., 0., 1., 0., 0., 1., 0., 0., 1., 0., 0., 1.,
        0., 0., 1., 0., 0., 1., 0., 0., 1., 0., 0., 1., 0., 0.]), tensor([1., 0., 0., 1., 0., 0., 1., 0., 0., 1., 0., 0., 1., 0., 0., 1., 0., 0.,
        1., 0., 0., 1., 0., 0., 1., 0., 0., 1., 0., 0., 1., 0.]), tensor([0., 1., 0., 0., 1., 0., 0., 1., 0., 0., 1., 0., 0., 1., 0., 0., 1., 0.,
        0., 1., 0., 0., 1., 0., 0., 1., 0., 0., 1., 0., 0., 1.])]
[tensor([0., 1., 0., 0., 1., 0., 0., 1., 0., 0., 1., 0., 0., 1., 0., 0., 1., 0.,
        0., 0., 0., 0., 1., 0., 0., 0., 0., 0., 1., 0., 0., 1.]), tensor([0., 1., 0., 0., 1., 0., 0., 0., 0., 0., 0., 0., 0., 1., 0., 0., 1., 0.,
        0., 1., 0., 0., 0., 0., 0., 0., 0., 0., 1., 0., 0., 1.]), tensor([0., 0., 0., 0., 0., 0., 0., 0., 0., 0., 1., 0., 0., 1., 0., 0., 0., 0.,
        0., 1., 0., 0., 1., 0., 0., 0., 0., 0., 1., 0., 0., 0.]), tensor([0., 0., 0., 0., 1., 0., 0., 1., 0., 0., 0., 0., 0., 1., 0., 0., 1., 0.,
        0., 1., 0., 0., 1., 0., 0., 1., 0., 0., 1., 0., 0., 1.]), tensor([0., 1., 0., 0., 1., 0., 0., 1., 0., 0., 1., 0., 0., 1., 0., 0., 1., 0.,
        0., 0., 0., 0., 0., 0., 0., 0., 0., 0., 0., 0., 0., 1.]), tensor([0., 0., 0., 1., 0., 0., 1., 0., 0., 1., 0., 0., 1., 0., 0., 0., 0., 0.,
        0., 0., 0., 1., 0., 0., 1., 0., 0., 1., 0., 0., 1., 0.]), tensor([1., 0., 0., 1., 0., 0., 1., 0., 0., 1., 0., 0., 1., 0., 0., 1., 0., 0.,
        1., 0., 0., 0., 0., 0., 1., 0., 0., 1., 0., 0., 1., 0.]), tensor([1., 0., 0., 1., 0., 0., 1., 0., 0., 0., 0., 0., 1., 0., 0., 0., 0., 0.,
        0., 0., 0., 0., 0., 0., 0., 0., 0., 0., 0., 0., 1., 0.]), tensor([0., 0., 0., 0., 0., 0., 0., 0., 0., 0., 0., 0., 0., 0., 0., 0., 0., 0.,
        0., 0., 1., 0., 0., 0., 0., 0., 0., 0., 0., 1., 0., 0.]), tensor([0., 0., 1., 0., 0., 1., 0., 0., 1., 0., 0., 0., 0., 0., 1., 0., 0., 1.,
        0., 0., 0., 0., 0., 0., 0., 0., 0., 0., 0., 0., 0., 0.]), tensor([0., 0., 0., 0., 0., 1., 0., 0., 1., 0., 0., 0., 0., 0., 1., 0., 0., 1.,
        0., 0., 1., 0., 0., 1., 0., 0., 0., 0., 0., 0., 0., 0.]), tensor([0., 0., 0., 0., 0., 1., 0., 0., 1., 0., 0., 1., 0., 0., 1., 0., 0., 1.,
        0., 0., 0., 0., 0., 0., 0., 0., 1., 0., 0., 0., 0., 0.]), tensor([1., 0., 0., 1., 0., 0., 1., 1., 0., 1., 0., 1., 1., 1., 1., 1., 1., 1.,
        1., 1., 0., 1., 1., 1., 1., 1., 0., 1., 1., 1., 1., 1.]), tensor([1., 1., 0., 0., 1., 0., 1., 1., 0., 0., 1., 1., 0., 1., 0., 1., 0., 0.,
        1., 1., 1., 1., 0., 0., 1., 1., 1., 1., 1., 1., 1., 1.]), tensor([0., 1., 0., 1., 1., 0., 0., 1., 0., 0., 1., 1., 0., 1., 0., 0., 1., 0.,
        0., 1., 0., 0., 1., 0., 1., 0., 1., 1., 1., 1., 0., 1.]), tensor([0., 0., 0., 0., 1., 0., 0., 1., 0., 0., 0., 0., 0., 1., 0., 0., 1., 0.,
        0., 1., 0., 0., 1., 0., 0., 1., 0., 0., 1., 0., 0., 1.]), tensor([0., 0., 0., 1., 0., 0., 1., 0., 0., 1., 0., 0., 1., 0., 0., 0., 0., 0.,
        0., 0., 0., 1., 0., 0., 1., 0., 0., 1., 0., 0., 1., 0.]), tensor([0., 0., 0., 0., 0., 0., 0., 1., 0., 0., 1., 0., 0., 1., 0., 0., 1., 0.,
        0., 1., 0., 0., 1., 0., 0., 1., 0., 0., 1., 1., 0., 1.]), tensor([0., 1., 0., 0., 1., 0., 1., 1., 0., 0., 1., 0., 1., 1., 0., 1., 1., 0.,
        0., 0., 0., 0., 0., 0., 0., 0., 0., 0., 0., 0., 0., 1.]), tensor([1., 0., 0., 1., 1., 0., 1., 0., 0., 1., 0., 0., 1., 1., 0., 1., 1., 0.,
        1., 0., 0., 0., 0., 0., 1., 0., 0., 1., 0., 0., 1., 1.]), tensor([1., 0., 0., 1., 0., 0., 1., 0., 0., 1., 0., 0., 1., 1., 0., 1., 1., 0.,
        1., 0., 0., 0., 0., 0., 1., 0., 0., 1., 0., 0., 1., 0.]), tensor([0., 1., 0., 0., 1., 0., 0., 0., 0., 0., 1., 0., 0., 1., 0., 0., 1., 0.,
        0., 0., 0., 0., 1., 0., 0., 0., 0., 0., 0., 0., 0., 0.]), tensor([0., 1., 0., 0., 1., 0., 0., 0., 0., 0., 0., 0., 0., 1., 0., 0., 1., 0.,
        0., 1., 0., 0., 0., 0., 0., 0., 0., 0., 1., 0., 0., 1.]), tensor([0., 0., 0., 0., 1., 0., 0., 1., 0., 0., 0., 0., 0., 0., 0., 0., 0., 0.,
        0., 0., 0., 0., 0., 0., 0., 0., 0., 0., 1., 0., 0., 1.]), tensor([0., 1., 1., 0., 0., 1., 0., 0., 1., 0., 1., 0., 0., 1., 1., 0., 0., 1.,
        0., 0., 1., 0., 0., 1., 0., 0., 0., 0., 0., 1., 0., 0.]), tensor([0., 0., 0., 0., 1., 1., 0., 0., 1., 0., 0., 1., 0., 0., 1., 0., 1., 1.,
        0., 1., 1., 0., 0., 1., 0., 0., 1., 0., 0., 0., 0., 0.]), tensor([0., 0., 0., 0., 0., 0., 0., 0., 0., 0., 0., 0., 0., 0., 0., 0., 0., 0.,
        0., 0., 1., 0., 0., 0., 0., 0., 0., 0., 0., 1., 0., 0.]), tensor([0., 1., 1., 0., 0., 1., 0., 0., 1., 0., 1., 1., 0., 1., 1., 1., 0., 1.,
        0., 0., 0., 0., 1., 0., 1., 0., 1., 1., 1., 0., 0., 0.]), tensor([1., 0., 0., 1., 0., 0., 1., 0., 0., 0., 0., 0., 1., 0., 0., 0., 0., 0.,
        0., 1., 0., 0., 0., 0., 0., 0., 0., 0., 0., 0., 1., 0.]), tensor([1., 0., 0., 1., 0., 0., 1., 0., 0., 1., 0., 0., 1., 0., 0., 1., 0., 0.,
        1., 0., 0., 1., 0., 0., 1., 0., 0., 1., 0., 0., 1., 0.]), tensor([0., 1., 0., 0., 1., 0., 0., 1., 0., 0., 1., 0., 0., 1., 0., 0., 1., 0.,
        0., 1., 0., 0., 1., 0., 0., 1., 0., 0., 1., 0., 0., 1.]), tensor([0., 0., 1., 0., 0., 1., 0., 0., 1., 0., 0., 1., 0., 0., 1., 0., 0., 1.,
        0., 0., 1., 0., 0., 1., 0., 0., 1., 0., 0., 1., 0., 0.])]
[tensor([0., 0., 1., 0., 0., 0., 0., 0., 1., 0., 0., 1., 0., 0., 1., 0., 0., 1.,
        0., 0., 0., 0., 0., 0., 0., 0., 1., 0., 0., 0., 0., 0.]), tensor([0., 0., 0., 0., 0., 0., 0., 0., 1., 0., 0., 0., 0., 0., 0., 0., 0., 1.,
        0., 0., 0., 0., 0., 1., 0., 0., 1., 0., 0., 1., 0., 0.]), tensor([0., 0., 1., 0., 0., 0., 0., 0., 0., 0., 0., 0., 0., 0., 0., 0., 0., 0.,
        0., 0., 0., 0., 0., 0., 0., 0., 0., 0., 0., 1., 0., 0.]), tensor([0., 0., 1., 0., 0., 1., 0., 0., 1., 0., 0., 1., 0., 0., 0., 0., 0., 1.,
        0., 0., 1., 0., 0., 1., 0., 0., 1., 0., 0., 0., 0., 0.]), tensor([0., 0., 0., 0., 0., 0., 0., 0., 1., 0., 0., 1., 0., 0., 1., 0., 0., 0.,
        0., 0., 0., 0., 0., 0., 0., 0., 0., 0., 0., 1., 0., 0.]), tensor([0., 0., 0., 0., 1., 0., 0., 0., 0., 0., 1., 0., 0., 1., 0., 0., 1., 0.,
        0., 1., 0., 0., 0., 0., 0., 1., 0., 0., 1., 0., 0., 1.]), tensor([0., 1., 0., 0., 1., 0., 0., 1., 0., 0., 1., 0., 0., 1., 0., 0., 0., 0.,
        0., 1., 0., 0., 1., 0., 0., 0., 0., 0., 1., 0., 0., 1.]), tensor([0., 1., 0., 0., 1., 0., 0., 1., 0., 0., 1., 0., 0., 0., 0., 0., 0., 0.,
        0., 1., 0., 0., 0., 0., 0., 0., 0., 0., 0., 0., 0., 0.]), tensor([0., 0., 0., 1., 0., 0., 0., 0., 0., 1., 0., 0., 1., 0., 0., 1., 0., 0.,
        1., 0., 0., 1., 0., 0., 0., 0., 0., 0., 0., 0., 0., 0.]), tensor([1., 0., 0., 0., 0., 0., 1., 0., 0., 0., 0., 0., 0., 0., 0., 0., 0., 0.,
        0., 0., 0., 0., 0., 0., 0., 0., 0., 0., 0., 0., 0., 0.]), tensor([0., 0., 0., 1., 0., 0., 0., 0., 0., 0., 0., 0., 0., 0., 0., 1., 0., 0.,
        1., 0., 0., 1., 0., 0., 1., 0., 0., 1., 0., 0., 1., 0.]), tensor([1., 0., 0., 0., 0., 0., 1., 0., 0., 0., 0., 0., 0., 0., 0., 0., 0., 0.,
        0., 0., 0., 0., 0., 0., 1., 0., 0., 0., 0., 0., 0., 0.]), tensor([0., 1., 0., 0., 1., 0., 1., 1., 0., 0., 1., 1., 1., 1., 1., 0., 0., 1.,
        0., 1., 1., 1., 1., 1., 1., 1., 0., 1., 1., 1., 0., 0.]), tensor([1., 1., 1., 0., 1., 0., 0., 1., 1., 1., 0., 1., 0., 1., 1., 1., 1., 1.,
        1., 1., 0., 1., 1., 1., 0., 1., 1., 1., 1., 1., 0., 1.]), tensor([0., 0., 1., 0., 0., 0., 0., 0., 1., 0., 1., 1., 1., 1., 1., 0., 0., 0.,
        1., 0., 0., 1., 0., 1., 1., 1., 0., 0., 1., 1., 0., 1.]), tensor([0., 0., 1., 0., 0., 1., 0., 0., 1., 0., 0., 1., 0., 0., 0., 0., 0., 1.,
        0., 0., 1., 0., 0., 1., 0., 0., 1., 0., 0., 0., 0., 0.]), tensor([0., 0., 0., 0., 1., 0., 0., 0., 0., 0., 1., 0., 0., 1., 0., 0., 1., 0.,
        0., 1., 0., 0., 0., 0., 0., 1., 0., 0., 1., 0., 0., 1.]), tensor([0., 0., 1., 1., 0., 1., 0., 0., 0., 0., 0., 1., 1., 0., 0., 0., 1., 0.,
        1., 0., 0., 1., 0., 1., 0., 0., 0., 1., 0., 1., 0., 0.]), tensor([0., 0., 0., 0., 0., 1., 0., 0., 1., 0., 0., 1., 0., 0., 1., 0., 1., 1.,
        0., 0., 0., 0., 0., 0., 0., 0., 1., 0., 0., 1., 0., 0.]), tensor([0., 1., 0., 0., 1., 0., 0., 1., 0., 0., 1., 0., 0., 1., 0., 0., 0., 0.,
        0., 1., 0., 0., 1., 0., 0., 0., 0., 0., 1., 0., 0., 1.]), tensor([0., 1., 0., 0., 1., 0., 0., 1., 0., 0., 1., 0., 0., 1., 0., 0., 0., 0.,
        0., 1., 0., 0., 1., 0., 0., 0., 0., 0., 1., 0., 0., 1.]), tensor([0., 0., 1., 0., 0., 0., 0., 0., 1., 0., 0., 1., 0., 0., 1., 0., 0., 0.,
        0., 0., 0., 0., 0., 0., 0., 0., 1., 0., 0., 0., 0., 0.]), tensor([0., 0., 0., 0., 0., 0., 0., 0., 1., 0., 0., 0., 0., 0., 0., 0., 0., 1.,
        0., 0., 0., 0., 0., 1., 0., 0., 1., 0., 0., 1., 0., 0.]), tensor([0., 0., 0., 0., 0., 0., 0., 0., 0., 0., 0., 0., 0., 0., 0., 0., 0., 1.,
        0., 0., 0., 0., 0., 0., 0., 0., 1., 0., 0., 0., 0., 0.]), tensor([0., 0., 0., 1., 0., 0., 0., 0., 0., 1., 0., 0., 0., 0., 0., 1., 0., 0.,
        1., 0., 0., 1., 0., 1., 1., 0., 0., 1., 0., 0., 1., 0.]), tensor([1., 0., 0., 1., 0., 0., 1., 0., 0., 0., 0., 0., 1., 0., 0., 1., 0., 1.,
        1., 0., 0., 1., 0., 0., 1., 0., 1., 1., 0., 0., 1., 0.]), tensor([0., 0., 0., 1., 0., 0., 0., 0., 0., 1., 0., 0., 1., 0., 0., 1., 0., 0.,
        1., 0., 0., 1., 0., 0., 0., 0., 0., 0., 0., 0., 0., 0.]), tensor([1., 0., 1., 0., 0., 0., 1., 0., 1., 0., 0., 0., 0., 0., 1., 0., 0., 0.,
        0., 0., 0., 0., 0., 0., 1., 0., 0., 0., 0., 0., 0., 0.]), tensor([0., 1., 0., 0., 1., 0., 0., 1., 0., 0., 1., 0., 0., 0., 0., 0., 0., 1.,
        0., 1., 1., 0., 0., 0., 0., 0., 0., 0., 0., 1., 0., 0.]), tensor([0., 1., 0., 0., 1., 0., 0., 1., 0., 0., 1., 0., 0., 1., 0., 0., 1., 0.,
        0., 1., 0., 0., 1., 0., 0., 1., 0., 0., 1., 0., 0., 1.]), tensor([0., 0., 1., 0., 0., 1., 0., 0., 1., 0., 0., 1., 0., 0., 1., 0., 0., 1.,
        0., 0., 1., 0., 0., 1., 0., 0., 1., 0., 0., 1., 0., 0.]), tensor([1., 0., 0., 1., 0., 0., 1., 0., 0., 1., 0., 0., 1., 0., 0., 1., 0., 0.,
        1., 0., 0., 1., 0., 0., 1., 0., 0., 1., 0., 0., 1., 0.])]
[tensor([1., 0., 0., 0., 0., 0., 1., 0., 0., 1., 0., 0., 1., 0., 0., 1., 0., 0.,
        1., 0., 0., 0., 0., 0., 1., 0., 0., 0., 0., 0., 1., 0.]), tensor([0., 0., 0., 0., 0., 0., 0., 0., 0., 0., 0., 0., 1., 0., 0., 0., 0., 0.,
        0., 0., 0., 1., 0., 0., 1., 0., 0., 0., 0., 0., 1., 0.]), tensor([0., 0., 0., 0., 0., 0., 0., 0., 0., 1., 0., 0., 0., 0., 0., 1., 0., 0.,
        1., 0., 0., 1., 0., 0., 1., 0., 0., 1., 0., 0., 0., 0.]), tensor([1., 0., 0., 1., 0., 0., 1., 0., 0., 0., 0., 0., 0., 0., 0., 0., 0., 0.,
        0., 0., 0., 1., 0., 0., 1., 0., 0., 1., 0., 0., 0., 0.]), tensor([1., 0., 0., 1., 0., 0., 0., 0., 0., 1., 0., 0., 1., 0., 0., 0., 0., 0.,
        0., 0., 0., 0., 0., 0., 0., 0., 0., 1., 0., 0., 0., 0.]), tensor([0., 0., 1., 0., 0., 0., 0., 0., 0., 0., 0., 1., 0., 0., 1., 0., 0., 0.,
        0., 0., 1., 0., 0., 1., 0., 0., 1., 0., 0., 1., 0., 0.]), tensor([0., 0., 0., 0., 0., 1., 0., 0., 1., 0., 0., 1., 0., 0., 1., 0., 0., 1.,
        0., 0., 1., 0., 0., 1., 0., 0., 1., 0., 0., 1., 0., 0.]), tensor([0., 0., 0., 0., 0., 1., 0., 0., 0., 0., 0., 1., 0., 0., 1., 0., 0., 0.,
        0., 0., 0., 0., 0., 1., 0., 0., 1., 0., 0., 1., 0., 0.]), tensor([0., 0., 0., 0., 1., 0., 0., 1., 0., 0., 0., 0., 0., 1., 0., 0., 0., 0.,
        0., 0., 0., 0., 1., 0., 0., 0., 0., 0., 0., 0., 0., 1.]), tensor([0., 1., 0., 0., 0., 0., 0., 0., 0., 0., 0., 0., 0., 0., 0., 0., 1., 0.,
        0., 0., 0., 0., 0., 0., 0., 1., 0., 0., 1., 0., 0., 0.]), tensor([0., 1., 0., 0., 0., 0., 0., 0., 0., 0., 1., 0., 0., 0., 0., 0., 1., 0.,
        0., 0., 0., 0., 0., 0., 0., 0., 0., 0., 0., 0., 0., 0.]), tensor([0., 1., 0., 0., 0., 0., 0., 0., 0., 0., 0., 0., 0., 0., 0., 0., 1., 0.,
        0., 1., 0., 0., 0., 0., 0., 1., 0., 0., 0., 0., 0., 0.]), tensor([1., 0., 1., 1., 0., 0., 1., 0., 1., 0., 1., 1., 1., 1., 0., 1., 0., 0.,
        0., 1., 1., 0., 1., 0., 0., 1., 0., 1., 0., 0., 1., 1.]), tensor([1., 1., 1., 1., 0., 1., 0., 0., 0., 1., 1., 1., 0., 1., 0., 0., 0., 1.,
        1., 1., 1., 1., 0., 1., 1., 1., 0., 1., 1., 1., 1., 1.]), tensor([1., 0., 0., 1., 0., 1., 0., 0., 1., 1., 0., 0., 1., 0., 0., 0., 0., 1.,
        0., 1., 1., 0., 1., 0., 0., 0., 0., 1., 0., 0., 1., 1.]), tensor([1., 0., 0., 1., 0., 0., 1., 0., 0., 0., 0., 0., 0., 0., 0., 0., 0., 0.,
        0., 0., 0., 1., 0., 0., 1., 0., 0., 1., 0., 0., 0., 0.]), tensor([0., 0., 1., 0., 0., 0., 0., 0., 0., 0., 0., 1., 0., 0., 1., 0., 0., 0.,
        0., 0., 1., 0., 0., 1., 0., 0., 1., 0., 0., 1., 0., 0.]), tensor([0., 0., 0., 1., 0., 0., 0., 1., 0., 1., 0., 0., 0., 0., 0., 1., 0., 0.,
        1., 0., 0., 1., 0., 0., 1., 0., 0., 1., 0., 0., 0., 1.]), tensor([1., 0., 0., 1., 0., 0., 1., 0., 0., 1., 0., 0., 1., 0., 1., 1., 0., 0.,
        0., 0., 0., 1., 0., 1., 0., 0., 1., 1., 0., 0., 0., 0.]), tensor([0., 0., 0., 0., 0., 1., 0., 0., 1., 0., 0., 1., 1., 0., 1., 0., 0., 1.,
        0., 0., 1., 0., 0., 1., 0., 0., 1., 1., 0., 1., 0., 0.]), tensor([0., 0., 0., 0., 0., 1., 0., 0., 1., 0., 0., 1., 1., 0., 1., 0., 0., 1.,
        0., 0., 1., 0., 0., 1., 0., 0., 1., 1., 0., 1., 0., 0.]), tensor([1., 0., 0., 0., 0., 0., 1., 0., 0., 0., 0., 0., 1., 0., 0., 1., 0., 0.,
        1., 0., 0., 0., 0., 0., 1., 0., 0., 0., 0., 0., 0., 0.]), tensor([0., 0., 0., 0., 0., 0., 0., 0., 0., 0., 0., 0., 1., 0., 0., 0., 0., 0.,
        0., 0., 0., 1., 0., 0., 1., 0., 0., 0., 0., 0., 1., 0.]), tensor([0., 0., 0., 0., 0., 0., 0., 0., 0., 1., 0., 0., 0., 0., 0., 0., 0., 0.,
        0., 0., 0., 0., 0., 0., 1., 0., 0., 0., 0., 0., 1., 0.]), tensor([0., 1., 0., 0., 0., 0., 1., 0., 0., 0., 1., 0., 0., 1., 0., 1., 1., 0.,
        1., 0., 0., 0., 0., 0., 0., 0., 0., 0., 0., 0., 0., 0.]), tensor([1., 1., 0., 0., 1., 0., 0., 0., 0., 1., 1., 0., 0., 0., 0., 0., 1., 0.,
        0., 1., 0., 0., 1., 0., 1., 1., 0., 0., 0., 0., 0., 1.]), tensor([0., 0., 0., 0., 1., 0., 0., 1., 0., 0., 0., 0., 0., 1., 0., 0., 0., 0.,
        0., 0., 0., 0., 1., 0., 0., 0., 0., 0., 0., 0., 0., 1.]), tensor([0., 1., 0., 0., 0., 0., 1., 0., 1., 0., 0., 0., 0., 0., 0., 1., 1., 1.,
        0., 1., 0., 0., 0., 0., 0., 1., 0., 1., 1., 0., 0., 0.]), tensor([0., 0., 0., 0., 0., 1., 0., 0., 0., 1., 0., 1., 0., 0., 1., 0., 0., 0.,
        1., 0., 0., 1., 0., 1., 1., 0., 1., 0., 0., 1., 0., 0.]), tensor([0., 0., 1., 0., 0., 1., 0., 0., 1., 0., 0., 1., 0., 0., 1., 0., 0., 1.,
        0., 0., 1., 0., 0., 1., 0., 0., 1., 0., 0., 1., 0., 0.]), tensor([1., 0., 0., 1., 0., 0., 1., 0., 0., 1., 0., 0., 1., 0., 0., 1., 0., 0.,
        1., 0., 0., 1., 0., 0., 1., 0., 0., 1., 0., 0., 1., 0.]), tensor([0., 1., 0., 0., 1., 0., 0., 1., 0., 0., 1., 0., 0., 1., 0., 0., 1., 0.,
        0., 1., 0., 0., 1., 0., 0., 1., 0., 0., 1., 0., 0., 1.])]
[tensor([0., 1., 0., 0., 1., 0., 0., 1., 0., 0., 1., 0., 0., 1., 0., 0., 1., 0.,
        0., 1., 0., 0., 1., 0., 0., 1., 0., 0., 0., 0., 0., 0.]), tensor([0., 1., 0., 0., 1., 0., 0., 1., 0., 0., 1., 0., 0., 1., 0., 0., 0., 0.,
        0., 1., 0., 0., 0., 0., 0., 1., 0., 0., 1., 0., 0., 1.]), tensor([0., 1., 0., 0., 0., 0., 0., 0., 0., 0., 1., 0., 0., 1., 0., 0., 1., 0.,
        0., 0., 0., 0., 1., 0., 0., 0., 0., 0., 0., 0., 0., 0.]), tensor([0., 1., 0., 0., 0., 0., 0., 1., 0., 0., 1., 0., 0., 0., 0., 0., 1., 0.,
        0., 1., 0., 0., 1., 0., 0., 1., 0., 0., 1., 0., 0., 1.]), tensor([0., 1., 0., 0., 0., 0., 0., 1., 0., 0., 1., 0., 0., 0., 0., 0., 1., 0.,
        0., 1., 0., 0., 1., 0., 0., 1., 0., 0., 1., 0., 0., 1.]), tensor([0., 0., 0., 1., 0., 0., 0., 0., 0., 0., 0., 0., 1., 0., 0., 0., 0., 0.,
        1., 0., 0., 0., 0., 0., 1., 0., 0., 1., 0., 0., 1., 0.]), tensor([1., 0., 0., 0., 0., 0., 1., 0., 0., 1., 0., 0., 1., 0., 0., 1., 0., 0.,
        1., 0., 0., 1., 0., 0., 1., 0., 0., 0., 0., 0., 0., 0.]), tensor([1., 0., 0., 0., 0., 0., 0., 0., 0., 1., 0., 0., 1., 0., 0., 1., 0., 0.,
        1., 0., 0., 0., 0., 0., 0., 0., 0., 0., 0., 0., 0., 0.]), tensor([0., 0., 1., 0., 0., 0., 0., 0., 0., 0., 0., 0., 0., 0., 0., 0., 0., 0.,
        0., 0., 0., 0., 0., 0., 0., 0., 1., 0., 0., 0., 0., 0.]), tensor([0., 0., 0., 0., 0., 1., 0., 0., 1., 0., 0., 1., 0., 0., 1., 0., 0., 0.,
        0., 0., 0., 0., 0., 1., 0., 0., 0., 0., 0., 1., 0., 0.]), tensor([0., 0., 1., 0., 0., 1., 0., 0., 1., 0., 0., 1., 0., 0., 0., 0., 0., 0.,
        0., 0., 1., 0., 0., 0., 0., 0., 0., 0., 0., 0., 0., 0.]), tensor([0., 0., 0., 0., 0., 1., 0., 0., 1., 0., 0., 1., 0., 0., 0., 0., 0., 1.,
        0., 0., 0., 0., 0., 1., 0., 0., 0., 0., 0., 0., 0., 0.]), tensor([0., 1., 0., 1., 0., 0., 1., 1., 1., 1., 1., 0., 1., 1., 0., 0., 1., 1.,
        0., 1., 1., 1., 1., 1., 1., 1., 1., 1., 1., 0., 1., 0.]), tensor([1., 0., 1., 1., 1., 0., 1., 1., 0., 0., 0., 1., 1., 0., 0., 1., 0., 1.,
        1., 1., 1., 0., 1., 1., 1., 1., 1., 0., 0., 1., 1., 1.]), tensor([0., 1., 1., 1., 0., 0., 1., 1., 0., 0., 1., 0., 0., 0., 0., 0., 1., 1.,
        1., 1., 0., 1., 1., 0., 1., 1., 1., 1., 1., 0., 1., 1.]), tensor([0., 1., 0., 0., 0., 0., 0., 1., 0., 0., 1., 0., 0., 0., 0., 0., 1., 0.,
        0., 1., 0., 0., 1., 0., 0., 1., 0., 0., 1., 0., 0., 1.]), tensor([0., 0., 0., 1., 0., 0., 0., 0., 0., 0., 0., 0., 1., 0., 0., 0., 0., 0.,
        1., 0., 0., 0., 0., 0., 1., 0., 0., 1., 0., 0., 1., 0.]), tensor([0., 1., 1., 0., 0., 0., 0., 1., 0., 0., 1., 0., 0., 1., 0., 0., 1., 0.,
        0., 0., 0., 0., 1., 0., 0., 1., 1., 0., 0., 0., 0., 0.]), tensor([0., 1., 0., 0., 1., 0., 0., 1., 0., 0., 1., 0., 0., 0., 0., 0., 1., 0.,
        0., 1., 0., 0., 1., 0., 0., 1., 0., 0., 1., 0., 0., 1.]), tensor([1., 0., 0., 0., 0., 0., 1., 1., 0., 1., 0., 0., 1., 0., 0., 1., 0., 0.,
        1., 0., 0., 1., 1., 0., 1., 0., 0., 0., 1., 0., 0., 0.]), tensor([1., 0., 0., 0., 0., 0., 1., 1., 0., 1., 0., 0., 1., 0., 0., 1., 0., 0.,
        1., 0., 0., 1., 0., 0., 1., 0., 0., 0., 1., 0., 0., 0.]), tensor([0., 1., 0., 0., 1., 0., 0., 1., 0., 0., 0., 0., 0., 0., 0., 0., 1., 0.,
        0., 1., 0., 0., 1., 0., 0., 1., 0., 0., 0., 0., 0., 0.]), tensor([0., 1., 0., 0., 1., 0., 0., 1., 0., 0., 1., 0., 0., 1., 0., 0., 0., 0.,
        0., 1., 0., 0., 0., 0., 0., 1., 0., 0., 1., 0., 0., 1.]), tensor([0., 0., 0., 0., 0., 0., 0., 0., 0., 0., 1., 0., 0., 1., 0., 0., 1., 0.,
        0., 0., 0., 0., 1., 0., 0., 0., 0., 0., 0., 0., 0., 0.]), tensor([0., 0., 1., 0., 0., 1., 0., 0., 1., 0., 0., 1., 0., 0., 0., 0., 0., 0.,
        0., 1., 1., 0., 0., 0., 0., 0., 1., 0., 0., 1., 0., 0.]), tensor([0., 0., 1., 0., 0., 1., 0., 0., 1., 0., 0., 1., 0., 1., 0., 0., 0., 1.,
        0., 0., 1., 0., 0., 1., 0., 0., 0., 0., 1., 0., 0., 1.]), tensor([0., 0., 1., 0., 0., 0., 0., 0., 0., 0., 0., 0., 0., 0., 0., 0., 0., 0.,
        0., 0., 0., 0., 0., 0., 0., 0., 1., 0., 0., 0., 0., 0.]), tensor([0., 1., 0., 1., 0., 1., 0., 0., 1., 0., 1., 1., 0., 0., 1., 0., 0., 1.,
        0., 1., 0., 1., 1., 1., 0., 0., 0., 0., 0., 1., 0., 0.]), tensor([1., 0., 0., 0., 0., 0., 0., 0., 0., 1., 0., 0., 1., 1., 0., 1., 1., 0.,
        1., 0., 0., 0., 0., 0., 0., 0., 0., 0., 0., 0., 0., 1.]), tensor([1., 0., 0., 1., 0., 0., 1., 0., 0., 1., 0., 0., 1., 0., 0., 1., 0., 0.,
        1., 0., 0., 1., 0., 0., 1., 0., 0., 1., 0., 0., 1., 0.]), tensor([0., 1., 0., 0., 1., 0., 0., 1., 0., 0., 1., 0., 0., 1., 0., 0., 1., 0.,
        0., 1., 0., 0., 1., 0., 0., 1., 0., 0., 1., 0., 0., 1.]), tensor([0., 0., 1., 0., 0., 1., 0., 0., 1., 0., 0., 1., 0., 0., 1., 0., 0., 1.,
        0., 0., 1., 0., 0., 1., 0., 0., 1., 0., 0., 1., 0., 0.])]
[tensor([0., 0., 0., 0., 0., 1., 0., 0., 1., 0., 0., 1., 0., 0., 1., 0., 0., 1.,
        0., 0., 1., 0., 0., 1., 0., 0., 1., 0., 0., 1., 0., 0.]), tensor([0., 0., 1., 0., 0., 1., 0., 0., 0., 0., 0., 0., 0., 0., 1., 0., 0., 0.,
        0., 0., 1., 0., 0., 0., 0., 0., 0., 0., 0., 0., 0., 0.]), tensor([0., 0., 0., 0., 0., 0., 0., 0., 0., 0., 0., 0., 0., 0., 0., 0., 0., 0., 0., 0., 0., 0., 0., 0.,
        0., 0., 0., 0., 0., 0., 0., 0.]), tensor([0., 0., 1., 0., 0., 1., 0., 0., 1., 0., 0., 0., 0., 0., 0., 0., 0., 1.,
        0., 0., 1., 0., 0., 0., 0., 0., 1., 0., 0., 1., 0., 0.]), tensor([0., 0., 0., 0., 0., 1., 0., 0., 1., 0., 0., 0., 0., 0., 0., 0., 0., 0.,
        0., 0., 0., 0., 0., 1., 0., 0., 1., 0., 0., 1., 0., 0.]), tensor([0., 1., 0., 0., 1., 0., 0., 1., 0., 0., 1., 0., 0., 1., 0., 0., 1., 0.,
        0., 0., 0., 0., 1., 0., 0., 1., 0., 0., 0., 0., 0., 1.]), tensor([0., 0., 0., 0., 1., 0., 0., 1., 0., 0., 1., 0., 0., 0., 0., 0., 1., 0.,
        0., 1., 0., 0., 1., 0., 0., 0., 0., 0., 1., 0., 0., 1.]), tensor([0., 0., 0., 0., 0., 0., 0., 0., 0., 0., 0., 0., 0., 0., 0., 0., 1., 0.,
        0., 1., 0., 0., 0., 0., 0., 0., 0., 0., 1., 0., 0., 1.]), tensor([0., 0., 0., 0., 0., 0., 0., 0., 0., 0., 0., 0., 0., 0., 0., 1., 0., 0.,
        0., 0., 0., 0., 0., 0., 0., 0., 0., 1., 0., 0., 1., 0.]), tensor([1., 0., 0., 0., 0., 0., 0., 0., 0., 0., 0., 0., 0., 0., 0., 0., 0., 0.,
        1., 0., 0., 0., 0., 0., 1., 0., 0., 0., 0., 0., 0., 0.]), tensor([1., 0., 0., 0., 0., 0., 1., 0., 0., 1., 0., 0., 1., 0., 0., 1., 0., 0.,
        0., 0., 0., 1., 0., 0., 0., 0., 0., 0., 0., 0., 0., 0.]), tensor([1., 0., 0., 1., 0., 0., 0., 0., 0., 0., 0., 0., 1., 0., 0., 0., 0., 0.,
        1., 0., 0., 1., 0., 0., 1., 0., 0., 0., 0., 0., 0., 0.]), tensor([0., 1., 1., 1., 1., 0., 0., 0., 1., 0., 1., 1., 1., 1., 0., 1., 0., 0.,
        0., 0., 0., 1., 0., 0., 0., 1., 1., 1., 1., 1., 1., 0.]), tensor([0., 0., 0., 1., 0., 1., 1., 1., 1., 1., 1., 0., 1., 1., 1., 0., 1., 1.,
        0., 1., 1., 0., 1., 1., 1., 1., 1., 0., 1., 1., 0., 1.]), tensor([0., 0., 0., 1., 0., 1., 1., 0., 1., 0., 0., 0., 1., 1., 0., 0., 0., 0.,
        0., 1., 1., 1., 0., 1., 0., 1., 1., 0., 0., 1., 0., 0.]), tensor([0., 0., 1., 0., 0., 1., 0., 0., 1., 0., 0., 0., 0., 0., 0., 0., 0., 1.,
        0., 0., 1., 0., 0., 0., 0., 0., 1., 0., 0., 1., 0., 0.]), tensor([0., 1., 0., 0., 1., 0., 0., 1., 0., 0., 1., 0., 0., 1., 0., 0., 1., 0.,
        0., 0., 0., 0., 1., 0., 0., 1., 0., 0., 0., 0., 0., 1.]), tensor([0., 1., 0., 0., 1., 0., 0., 1., 0., 0., 0., 1., 0., 0., 1., 1., 0., 0.,
        0., 0., 0., 0., 0., 0., 0., 0., 0., 1., 0., 0., 0., 0.]), tensor([0., 1., 1., 0., 0., 1., 0., 0., 1., 0., 0., 1., 0., 0., 0., 0., 0., 0.,
        0., 0., 0., 0., 0., 1., 0., 0., 1., 0., 0., 1., 0., 0.]), tensor([0., 0., 0., 0., 1., 0., 0., 1., 0., 0., 1., 0., 0., 0., 0., 0., 1., 0.,
        0., 1., 0., 0., 1., 0., 0., 0., 1., 0., 1., 0., 0., 1.]), tensor([0., 0., 0., 0., 1., 0., 0., 1., 0., 0., 1., 0., 0., 0., 0., 0., 1., 0.,
        0., 1., 0., 0., 1., 0., 0., 0., 1., 0., 1., 0., 0., 1.]), tensor([0., 0., 0., 0., 0., 1., 0., 0., 0., 0., 0., 1., 0., 0., 1., 0., 0., 0.,
        0., 0., 0., 0., 0., 1., 0., 0., 1., 0., 0., 1., 0., 0.]), tensor([0., 0., 1., 0., 0., 1., 0., 0., 0., 0., 0., 0., 0., 0., 1., 0., 0., 0.,
        0., 0., 1., 0., 0., 0., 0., 0., 0., 0., 0., 0., 0., 0.]), tensor([0., 0., 0., 0., 0., 0., 0., 0., 1., 0., 0., 0., 0., 0., 0., 0., 0., 1.,
        0., 0., 1., 0., 0., 1., 0., 0., 0., 0., 0., 0., 0., 0.]), tensor([1., 0., 1., 0., 0., 0., 1., 0., 0., 1., 0., 0., 1., 0., 0., 1., 0., 0.,
        0., 0., 0., 1., 0., 0., 0., 0., 0., 0., 0., 0., 1., 0.]), tensor([1., 0., 0., 1., 0., 1., 1., 0., 0., 1., 0., 1., 1., 0., 0., 1., 0., 1.,
        1., 0., 0., 1., 0., 0., 1., 0., 0., 0., 0., 0., 0., 0.]), tensor([0., 0., 0., 0., 0., 0., 0., 0., 0., 0., 0., 0., 0., 0., 0., 1., 0., 0.,
        0., 0., 0., 0., 0., 0., 0., 0., 0., 1., 0., 0., 1., 0.]), tensor([1., 0., 0., 1., 0., 0., 0., 0., 1., 0., 0., 0., 1., 1., 0., 0., 0., 0.,
        1., 0., 0., 1., 0., 0., 1., 0., 0., 0., 0., 0., 0., 0.]), tensor([0., 0., 0., 0., 0., 0., 1., 0., 0., 0., 0., 0., 0., 0., 0., 0., 1., 0.,
        0., 1., 0., 0., 0., 0., 0., 0., 0., 0., 1., 1., 0., 1.]), tensor([0., 1., 0., 0., 1., 0., 0., 1., 0., 0., 1., 0., 0., 1., 0., 0., 1., 0.,
        0., 1., 0., 0., 1., 0., 0., 1., 0., 0., 1., 0., 0., 1.]), tensor([0., 0., 1., 0., 0., 1., 0., 0., 1., 0., 0., 1., 0., 0., 1., 0., 0., 1.,
        0., 0., 1., 0., 0., 1., 0., 0., 1., 0., 0., 1., 0., 0.]), tensor([1., 0., 0., 1., 0., 0., 1., 0., 0., 1., 0., 0., 1., 0., 0., 1., 0., 0.,
        1., 0., 0., 1., 0., 0., 1., 0., 0., 1., 0., 0., 1., 0.])]
[tensor([0., 0., 0., 1., 0., 0., 0., 0., 0., 0., 0., 0., 1., 0., 0., 1., 0., 0.,
        1., 0., 0., 0., 0., 0., 1., 0., 0., 0., 0., 0., 1., 0.]), tensor([1., 0., 0., 0., 0., 0., 0., 0., 0., 1., 0., 0., 0., 0., 0., 1., 0., 0.,
        1., 0., 0., 1., 0., 0., 1., 0., 0., 1., 0., 0., 1., 0.]), tensor([0., 0., 0., 0., 0., 0., 0., 0., 0., 0., 0., 0., 0., 0., 0., 1., 0., 0.,
        0., 0., 0., 0., 0., 0., 0., 0., 0., 1., 0., 0., 0., 0.]), tensor([1., 0., 0., 0., 0., 0., 1., 0., 0., 1., 0., 0., 1., 0., 0., 0., 0., 0.,
        1., 0., 0., 1., 0., 0., 1., 0., 0., 0., 0., 0., 1., 0.]), tensor([0., 0., 0., 1., 0., 0., 1., 0., 0., 1., 0., 0., 0., 0., 0., 0., 0., 0.,
        0., 0., 0., 1., 0., 0., 0., 0., 0., 0., 0., 0., 1., 0.]), tensor([0., 0., 1., 0., 0., 0., 0., 0., 1., 0., 0., 0., 0., 0., 0., 0., 0., 0.,
        0., 0., 1., 0., 0., 1., 0., 0., 1., 0., 0., 1., 0., 0.]), tensor([0., 0., 0., 0., 0., 1., 0., 0., 1., 0., 0., 1., 0., 0., 1., 0., 0., 1.,
        0., 0., 1., 0., 0., 1., 0., 0., 1., 0., 0., 1., 0., 0.]), tensor([0., 0., 0., 0., 0., 0., 0., 0., 0., 0., 0., 0., 0., 0., 1., 0., 0., 0.,
        0., 0., 0., 0., 0., 0., 0., 0., 1., 0., 0., 0., 0., 0.]), tensor([0., 0., 0., 0., 0., 0., 0., 0., 0., 0., 1., 0., 0., 1., 0., 0., 0., 0.,
        0., 0., 0., 0., 1., 0., 0., 0., 0., 0., 0., 0., 0., 0.]), tensor([0., 0., 0., 0., 0., 0., 0., 0., 0., 0., 0., 0., 0., 0., 0., 0., 1., 0.,
        0., 0., 0., 0., 0., 0., 0., 1., 0., 0., 0., 0., 0., 1.]), tensor([0., 1., 0., 0., 1., 0., 0., 1., 0., 0., 1., 0., 0., 0., 0., 0., 1., 0.,
        0., 1., 0., 0., 0., 0., 0., 1., 0., 0., 1., 0., 0., 0.]), tensor([0., 0., 0., 0., 0., 0., 0., 0., 0., 0., 0., 0., 0., 0., 0., 0., 1., 0.,
        0., 1., 0., 0., 0., 0., 0., 1., 0., 0., 0., 0., 0., 0.]), tensor([0., 0., 1., 1., 1., 1., 1., 1., 1., 1., 1., 1., 1., 0., 0., 1., 1., 1.,
        1., 1., 1., 0., 0., 1., 1., 1., 0., 1., 0., 1., 1., 0.]), tensor([1., 1., 1., 1., 0., 0., 0., 0., 0., 1., 1., 0., 1., 1., 0., 1., 0., 1.,
        1., 0., 1., 1., 1., 0., 1., 0., 0., 0., 0., 1., 1., 0.]), tensor([0., 1., 0., 1., 0., 0., 1., 0., 1., 1., 1., 1., 1., 0., 0., 1., 0., 1.,
        0., 1., 0., 1., 0., 0., 1., 0., 0., 0., 0., 0., 1., 0.]), tensor([1., 0., 0., 0., 0., 0., 1., 0., 0., 1., 0., 0., 1., 0., 0., 0., 0., 0.,
        1., 0., 0., 1., 0., 0., 1., 0., 0., 0., 0., 0., 1., 0.]), tensor([0., 0., 1., 0., 0., 0., 0., 0., 1., 0., 0., 0., 0., 0., 0., 0., 0., 0.,
        0., 0., 1., 0., 0., 1., 0., 0., 1., 0., 0., 1., 0., 0.]), tensor([0., 1., 0., 1., 0., 0., 0., 1., 0., 1., 0., 0., 0., 1., 0., 1., 0., 0.,
        0., 0., 1., 0., 0., 1., 0., 0., 0., 1., 0., 0., 0., 0.]), tensor([1., 0., 0., 1., 0., 0., 1., 0., 0., 1., 0., 0., 0., 0., 1., 0., 0., 0.,
        1., 0., 0., 1., 0., 0., 0., 0., 1., 1., 0., 0., 1., 0.]), tensor([0., 0., 0., 1., 0., 1., 0., 0., 1., 1., 0., 1., 0., 0., 1., 0., 0., 1.,
        0., 0., 1., 0., 0., 1., 0., 0., 1., 0., 0., 1., 1., 0.]), tensor([0., 0., 0., 0., 0., 1., 0., 0., 1., 1., 0., 1., 0., 0., 1., 0., 0., 1.,
        0., 0., 1., 0., 0., 1., 0., 0., 1., 0., 0., 1., 0., 0.]), tensor([0., 0., 0., 1., 0., 0., 0., 0., 0., 0., 0., 0., 0., 0., 0., 0., 0., 0.,
        1., 0., 0., 0., 0., 0., 1., 0., 0., 0., 0., 0., 0., 0.]), tensor([1., 0., 0., 0., 0., 0., 0., 0., 0., 1., 0., 0., 0., 0., 0., 1., 0., 0.,
        1., 0., 0., 1., 0., 0., 1., 0., 0., 1., 0., 0., 1., 0.]), tensor([0., 0., 0., 1., 0., 0., 0., 0., 0., 0., 0., 0., 1., 0., 0., 1., 0., 0.,
        1., 0., 0., 0., 0., 0., 0., 0., 0., 0., 0., 0., 1., 0.]), tensor([0., 1., 0., 0., 1., 0., 0., 1., 0., 0., 1., 0., 0., 1., 0., 0., 1., 0.,
        0., 1., 0., 0., 1., 0., 0., 1., 0., 0., 1., 0., 0., 1.]), tensor([0., 1., 0., 0., 1., 0., 0., 1., 0., 0., 1., 0., 0., 0., 0., 0., 1., 0.,
        0., 1., 0., 1., 0., 0., 0., 1., 0., 0., 1., 0., 0., 0.]), tensor([0., 0., 0., 0., 0., 0., 0., 0., 0., 0., 1., 0., 0., 1., 0., 0., 0., 0.,
        0., 0., 0., 0., 1., 0., 0., 0., 0., 0., 0., 0., 0., 0.]), tensor([1., 0., 0., 0., 0., 0., 1., 0., 0., 0., 0., 0., 1., 0., 0., 1., 1., 0.,
        0., 1., 0., 0., 0., 0., 0., 1., 0., 1., 0., 0., 0., 1.]), tensor([0., 0., 0., 0., 0., 0., 0., 0., 0., 0., 0., 0., 0., 0., 1., 0., 0., 0.,
        1., 0., 0., 0., 0., 0., 1., 0., 1., 0., 0., 0., 0., 0.]), tensor([0., 0., 1., 0., 0., 1., 0., 0., 1., 0., 0., 1., 0., 0., 1., 0., 0., 1.,
        0., 0., 1., 0., 0., 1., 0., 0., 1., 0., 0., 1., 0., 0.]), tensor([1., 0., 0., 1., 0., 0., 1., 0., 0., 1., 0., 0., 1., 0., 0., 1., 0., 0.,
        1., 0., 0., 1., 0., 0., 1., 0., 0., 1., 0., 0., 1., 0.]), tensor([0., 1., 0., 0., 1., 0., 0., 1., 0., 0., 1., 0., 0., 1., 0., 0., 1., 0.,
        0., 1., 0., 0., 1., 0., 0., 1., 0., 0., 1., 0., 0., 1.])]
[tensor([0., 1., 0., 0., 1., 0., 0., 1., 0., 0., 0., 0., 0., 1., 0., 0., 1., 0.,
        0., 1., 0., 0., 1., 0., 0., 1., 0., 0., 1., 0., 0., 0.]), tensor([0., 0., 0., 0., 1., 0., 0., 0., 0., 0., 1., 0., 0., 0., 0., 0., 0., 0.,
        0., 0., 0., 0., 1., 0., 0., 1., 0., 0., 1., 0., 0., 0.]), tensor([0., 0., 0., 0., 0., 0., 0., 0., 0., 0., 1., 0., 0., 1., 0., 0., 0., 0.,
        0., 0., 0., 0., 1., 0., 0., 0., 0., 0., 0., 0., 0., 1.]), tensor([0., 1., 0., 0., 0., 0., 0., 1., 0., 0., 1., 0., 0., 0., 0., 0., 0., 0.,
        0., 1., 0., 0., 1., 0., 0., 0., 0., 0., 1., 0., 0., 0.]), tensor([0., 1., 0., 0., 1., 0., 0., 0., 0., 0., 0., 0., 0., 0., 0., 0., 1., 0.,
        0., 1., 0., 0., 0., 0., 0., 0., 0., 0., 1., 0., 0., 0.]), tensor([0., 0., 0., 1., 0., 0., 0., 0., 0., 1., 0., 0., 1., 0., 0., 1., 0., 0.,
        0., 0., 0., 0., 0., 0., 0., 0., 0., 1., 0., 0., 0., 0.]), tensor([1., 0., 0., 1., 0., 0., 1., 0., 0., 0., 0., 0., 0., 0., 0., 1., 0., 0.,
        1., 0., 0., 1., 0., 0., 1., 0., 0., 1., 0., 0., 1., 0.]), tensor([1., 0., 0., 0., 0., 0., 0., 0., 0., 0., 0., 0., 0., 0., 0., 1., 0., 0.,
        0., 0., 0., 1., 0., 0., 1., 0., 0., 0., 0., 0., 1., 0.]), tensor([0., 0., 0., 0., 0., 0., 0., 0., 0., 0., 0., 0., 0., 0., 1., 0., 0., 1.,
        0., 0., 0., 0., 0., 0., 0., 0., 0., 0., 0., 0., 0., 0.]), tensor([0., 0., 1., 0., 0., 0., 0., 0., 0., 0., 0., 1., 0., 0., 0., 0., 0., 0.,
        0., 0., 1., 0., 0., 1., 0., 0., 0., 0., 0., 1., 0., 0.]), tensor([0., 0., 1., 0., 0., 1., 0., 0., 1., 0., 0., 1., 0., 0., 1., 0., 0., 0.,
        0., 0., 0., 0., 0., 0., 0., 0., 1., 0., 0., 0., 0., 0.]), tensor([0., 0., 1., 0., 0., 0., 0., 0., 0., 0., 0., 1., 0., 0., 0., 0., 0., 0.,
        0., 0., 0., 0., 0., 0., 0., 0., 1., 0., 0., 1., 0., 0.]), tensor([0., 1., 0., 1., 0., 1., 0., 1., 0., 1., 1., 0., 1., 1., 1., 1., 1., 1.,
        1., 1., 1., 1., 1., 1., 1., 1., 1., 1., 1., 0., 1., 1.]), tensor([0., 0., 1., 0., 1., 1., 1., 0., 0., 1., 0., 1., 1., 0., 1., 0., 1., 1.,
        1., 0., 1., 1., 1., 0., 1., 1., 1., 1., 1., 1., 1., 0.]), tensor([0., 1., 0., 0., 1., 1., 0., 0., 0., 1., 0., 0., 1., 1., 0., 0., 1., 0.,
        1., 1., 0., 0., 0., 0., 0., 0., 1., 0., 1., 0., 0., 0.]), tensor([0., 1., 0., 0., 0., 0., 0., 1., 0., 0., 1., 0., 0., 0., 0., 0., 0., 0.,
        0., 1., 0., 0., 1., 0., 0., 0., 0., 0., 1., 0., 0., 0.]), tensor([0., 0., 0., 1., 0., 0., 0., 0., 0., 1., 0., 0., 1., 0., 0., 1., 0., 0.,
        0., 0., 0., 0., 0., 0., 0., 0., 0., 1., 0., 0., 0., 0.]), tensor([0., 0., 0., 1., 0., 0., 0., 1., 0., 0., 1., 0., 0., 1., 0., 0., 1., 0.,
        1., 0., 0., 0., 1., 0., 0., 1., 0., 1., 0., 0., 0., 1.]), tensor([0., 1., 0., 0., 1., 0., 0., 1., 0., 0., 1., 0., 0., 0., 0., 0., 1., 0.,
        0., 1., 0., 1., 0., 0., 0., 1., 0., 0., 1., 0., 0., 1.]), tensor([1., 0., 0., 1., 0., 0., 1., 0., 0., 0., 0., 0., 0., 0., 0., 1., 0., 0.,
        1., 0., 0., 1., 0., 0., 1., 0., 0., 1., 0., 0., 1., 0.]), tensor([1., 0., 0., 1., 0., 0., 1., 0., 0., 0., 0., 0., 0., 0., 0., 1., 0., 0.,
        1., 0., 0., 1., 0., 0., 1., 0., 0., 1., 0., 0., 1., 0.]), tensor([0., 1., 0., 0., 0., 0., 0., 1., 0., 0., 0., 0., 0., 1., 0., 0., 1., 0.,
        0., 0., 0., 0., 1., 0., 0., 1., 0., 0., 1., 0., 0., 0.]), tensor([0., 0., 0., 0., 1., 0., 0., 0., 0., 0., 1., 0., 0., 0., 0., 0., 0., 0.,
        0., 0., 0., 0., 1., 0., 0., 1., 0., 0., 1., 0., 0., 0.]), tensor([0., 0., 0., 0., 1., 0., 0., 0., 0., 0., 0., 0., 0., 0., 0., 0., 0., 0.,
        0., 1., 0., 0., 1., 0., 0., 0., 0., 0., 0., 0., 0., 0.]), tensor([0., 0., 1., 0., 0., 1., 0., 1., 1., 0., 0., 1., 0., 1., 1., 0., 0., 1.,
        0., 0., 1., 0., 0., 1., 0., 0., 1., 0., 1., 0., 0., 0.]), tensor([0., 0., 1., 0., 0., 1., 0., 0., 1., 0., 0., 1., 0., 0., 1., 0., 0., 0.,
        0., 0., 0., 0., 1., 0., 0., 1., 1., 0., 0., 1., 0., 0.]), tensor([0., 0., 0., 0., 0., 0., 0., 0., 0., 0., 0., 0., 0., 0., 1., 0., 0., 1.,
        0., 0., 0., 0., 0., 0., 0., 0., 0., 0., 0., 0., 0., 0.]), tensor([0., 0., 1., 0., 0., 0., 0., 0., 0., 1., 1., 1., 0., 1., 0., 0., 0., 0.,
        0., 0., 1., 0., 0., 1., 0., 0., 1., 0., 0., 1., 0., 0.]), tensor([1., 0., 0., 0., 0., 1., 0., 0., 0., 0., 0., 0., 0., 0., 0., 1., 0., 0.,
        0., 0., 0., 1., 1., 0., 1., 0., 0., 0., 0., 0., 1., 1.]), tensor([1., 0., 0., 1., 0., 0., 1., 0., 0., 1., 0., 0., 1., 0., 0., 1., 0., 0.,
        1., 0., 0., 1., 0., 0., 1., 0., 0., 1., 0., 0., 1., 0.]), tensor([0., 1., 0., 0., 1., 0., 0., 1., 0., 0., 1., 0., 0., 1., 0., 0., 1., 0.,
        0., 1., 0., 0., 1., 0., 0., 1., 0., 0., 1., 0., 0., 1.]), tensor([0., 0., 1., 0., 0., 1., 0., 0., 1., 0., 0., 1., 0., 0., 1., 0., 0., 1.,
        0., 0., 1., 0., 0., 1., 0., 0., 1., 0., 0., 1., 0., 0.])]
[tensor([0., 0., 1., 0., 0., 1., 0., 0., 1., 0., 0., 1., 0., 0., 1., 0., 0., 1.,
        0., 0., 1., 0., 0., 1., 0., 0., 1., 0., 0., 0., 0., 0.]), tensor([0., 0., 0., 0., 0., 0., 0., 0., 1., 0., 0., 1., 0., 0., 1., 0., 0., 0.,
        0., 0., 0., 0., 0., 0., 0., 0., 1., 0., 0., 0., 0., 0.]), tensor([0., 0., 0., 0., 0., 0., 0., 0., 1., 0., 0., 1., 0., 0., 0., 0., 0., 1.,
        0., 0., 1., 0., 0., 0., 0., 0., 1., 0., 0., 1., 0., 0.]), tensor([0., 0., 1., 0., 0., 1., 0., 0., 0., 0., 0., 1., 0., 0., 1., 0., 0., 0.,
        0., 0., 0., 0., 0., 1., 0., 0., 0., 0., 0., 1., 0., 0.]), tensor([0., 0., 1., 0., 0., 0., 0., 0., 1., 0., 0., 1., 0., 0., 1., 0., 0., 1.,
        0., 0., 0., 0., 0., 1., 0., 0., 1., 0., 0., 0., 0., 0.]), tensor([0., 1., 0., 0., 1., 0., 0., 1., 0., 0., 1., 0., 0., 0., 0., 0., 0., 0.,
        0., 0., 0., 0., 1., 0., 0., 0., 0., 0., 0., 0., 0., 1.]), tensor([0., 0., 0., 0., 1., 0., 0., 1., 0., 0., 0., 0., 0., 1., 0., 0., 1., 0.,
        0., 1., 0., 0., 1., 0., 0., 1., 0., 0., 1., 0., 0., 1.]), tensor([0., 0., 0., 0., 0., 0., 0., 0., 0., 0., 0., 0., 0., 0., 0., 0., 1., 0.,
        0., 1., 0., 0., 0., 0., 0., 0., 0., 0., 1., 0., 0., 0.]), tensor([0., 0., 0., 0., 0., 0., 0., 0., 0., 0., 0., 0., 0., 0., 0., 0., 0., 0.,
        0., 0., 0., 1., 0., 0., 0., 0., 0., 0., 0., 0., 0., 0.]), tensor([1., 0., 0., 0., 0., 0., 0., 0., 0., 1., 0., 0., 0., 0., 0., 1., 0., 0.,
        1., 0., 0., 0., 0., 0., 1., 0., 0., 1., 0., 0., 1., 0.]), tensor([0., 0., 0., 1., 0., 0., 0., 0., 0., 1., 0., 0., 1., 0., 0., 0., 0., 0.,
        1., 0., 0., 1., 0., 0., 1., 0., 0., 1., 0., 0., 0., 0.]), tensor([1., 0., 0., 1., 0., 0., 1., 0., 0., 1., 0., 0., 0., 0., 0., 1., 0., 0.,
        1., 0., 0., 0., 0., 0., 1., 0., 0., 1., 0., 0., 0., 0.]), tensor([1., 1., 1., 0., 0., 1., 1., 1., 1., 1., 0., 0., 1., 0., 1., 0., 0., 1.,
        0., 0., 1., 1., 0., 0., 0., 0., 1., 1., 1., 1., 1., 0.]), tensor([1., 0., 1., 1., 0., 1., 0., 0., 1., 0., 1., 1., 1., 1., 1., 1., 1., 1.,
        1., 0., 0., 0., 1., 1., 1., 1., 0., 1., 1., 0., 0., 0.]), tensor([0., 1., 1., 1., 0., 0., 1., 0., 1., 0., 1., 1., 0., 0., 1., 0., 0., 1.,
        0., 0., 0., 1., 0., 1., 0., 1., 1., 0., 0., 0., 0., 0.]), tensor([0., 0., 1., 0., 0., 1., 0., 0., 0., 0., 0., 1., 0., 0., 1., 0., 0., 0.,
        0., 0., 0., 0., 0., 1., 0., 0., 0., 0., 0., 1., 0., 0.]), tensor([0., 1., 0., 0., 1., 0., 0., 1., 0., 0., 1., 0., 0., 0., 0., 0., 0., 0.,
        0., 0., 0., 0., 1., 0., 0., 0., 0., 0., 0., 0., 0., 1.]), tensor([0., 0., 1., 0., 0., 1., 0., 1., 1., 0., 0., 1., 0., 0., 0., 0., 0., 1.,
        0., 0., 1., 0., 0., 0., 0., 0., 1., 0., 0., 1., 0., 0.]), tensor([0., 0., 1., 0., 1., 1., 0., 0., 1., 0., 0., 1., 0., 0., 1., 0., 1., 1.,
        0., 1., 1., 0., 1., 1., 0., 0., 1., 0., 0., 1., 0., 1.]), tensor([0., 0., 1., 0., 1., 0., 0., 1., 0., 0., 0., 0., 0., 1., 0., 0., 1., 0.,
        0., 1., 0., 0., 1., 0., 0., 1., 0., 0., 1., 0., 0., 1.]), tensor([0., 0., 0., 0., 1., 0., 0., 1., 0., 0., 0., 0., 0., 1., 0., 0., 1., 0.,
        0., 1., 0., 0., 1., 0., 0., 1., 0., 0., 1., 0., 0., 1.]), tensor([0., 0., 0., 0., 0., 0., 0., 0., 1., 0., 0., 1., 0., 0., 1., 0., 0., 1.,
        0., 0., 1., 0., 0., 0., 0., 0., 1., 0., 0., 0., 0., 0.]), tensor([0., 0., 0., 0., 0., 0., 0., 0., 1., 0., 0., 1., 0., 0., 1., 0., 0., 0.,
        0., 0., 0., 0., 0., 0., 0., 0., 1., 0., 0., 0., 0., 0.]), tensor([0., 0., 1., 0., 0., 1., 0., 0., 0., 0., 0., 0., 0., 0., 0., 0., 0., 0.,
        0., 0., 0., 0., 0., 1., 0., 0., 0., 0., 0., 0., 0., 0.]), tensor([0., 0., 0., 1., 0., 0., 0., 0., 0., 1., 0., 0., 1., 0., 0., 0., 0., 1.,
        1., 0., 1., 1., 0., 0., 1., 0., 1., 1., 0., 0., 1., 0.]), tensor([1., 0., 1., 1., 0., 0., 1., 0., 0., 1., 0., 0., 1., 0., 0., 1., 0., 0.,
        1., 0., 0., 1., 0., 1., 1., 0., 0., 1., 0., 1., 0., 0.]), tensor([0., 0., 0., 0., 0., 0., 0., 0., 0., 0., 0., 0., 0., 0., 0., 0., 0., 0.,
        0., 0., 0., 1., 0., 0., 0., 0., 0., 0., 0., 0., 0., 0.]), tensor([1., 1., 0., 1., 0., 0., 1., 0., 1., 1., 0., 0., 0., 0., 0., 1., 0., 0.,
        1., 0., 0., 0., 1., 0., 1., 0., 1., 1., 0., 0., 1., 1.]), tensor([0., 0., 0., 0., 0., 0., 0., 0., 0., 0., 0., 1., 0., 0., 1., 0., 1., 1.,
        0., 1., 1., 0., 0., 0., 0., 0., 0., 0., 1., 1., 0., 0.]), tensor([0., 1., 0., 0., 1., 0., 0., 1., 0., 0., 1., 0., 0., 1., 0., 0., 1., 0.,
        0., 1., 0., 0., 1., 0., 0., 1., 0., 0., 1., 0., 0., 1.]), tensor([0., 0., 1., 0., 0., 1., 0., 0., 1., 0., 0., 1., 0., 0., 1., 0., 0., 1.,
        0., 0., 1., 0., 0., 1., 0., 0., 1., 0., 0., 1., 0., 0.]), tensor([1., 0., 0., 1., 0., 0., 1., 0., 0., 1., 0., 0., 1., 0., 0., 1., 0., 0.,
        1., 0., 0., 1., 0., 0., 1., 0., 0., 1., 0., 0., 1., 0.])]
[tensor([1., 0., 0., 0., 0., 0., 1., 0., 0., 1., 0., 0., 1., 0., 0., 0., 0., 0.,
        1., 0., 0., 1., 0., 0., 1., 0., 0., 0., 0., 0., 1., 0.]), tensor([0., 0., 0., 0., 0., 0., 0., 0., 0., 1., 0., 0., 1., 0., 0., 1., 0., 0.,
        1., 0., 0., 0., 0., 0., 0., 0., 0., 1., 0., 0., 0., 0.]), tensor([1., 0., 0., 1., 0., 0., 1., 0., 0., 1., 0., 0., 0., 0., 0., 1., 0., 0.,
        0., 0., 0., 0., 0., 0., 0., 0., 0., 0., 0., 0., 0., 0.]), tensor([1., 0., 0., 1., 0., 0., 0., 0., 0., 0., 0., 0., 1., 0., 0., 0., 0., 0.,
        1., 0., 0., 1., 0., 0., 1., 0., 0., 1., 0., 0., 0., 0.]), tensor([0., 0., 0., 1., 0., 0., 1., 0., 0., 1., 0., 0., 1., 0., 0., 1., 0., 0.,
        1., 0., 0., 0., 0., 0., 0., 0., 0., 1., 0., 0., 1., 0.]), tensor([0., 0., 1., 0., 0., 1., 0., 0., 1., 0., 0., 1., 0., 0., 0., 0., 0., 1.,
        0., 0., 1., 0., 0., 1., 0., 0., 1., 0., 0., 1., 0., 0.]), tensor([0., 0., 1., 0., 0., 1., 0., 0., 1., 0., 0., 0., 0., 0., 1., 0., 0., 1.,
        0., 0., 1., 0., 0., 1., 0., 0., 1., 0., 0., 1., 0., 0.]), tensor([0., 0., 0., 0., 0., 0., 0., 0., 0., 0., 0., 0., 0., 0., 1., 0., 0., 0.,
        0., 0., 0., 0., 0., 1., 0., 0., 0., 0., 0., 0., 0., 0.]), tensor([0., 0., 0., 0., 1., 0., 0., 0., 0., 0., 0., 0., 0., 0., 0., 0., 1., 0.,
        0., 1., 0., 0., 0., 0., 0., 0., 0., 0., 0., 0., 0., 1.]), tensor([0., 1., 0., 0., 0., 0., 0., 1., 0., 0., 0., 0., 0., 1., 0., 0., 0., 0.,
        0., 0., 0., 0., 0., 0., 0., 0., 0., 0., 1., 0., 0., 0.]), tensor([0., 0., 0., 0., 0., 0., 0., 0., 0., 0., 1., 0., 0., 1., 0., 0., 0., 0.,
        0., 1., 0., 0., 0., 0., 0., 1., 0., 0., 0., 0., 0., 0.]), tensor([0., 1., 0., 0., 0., 0., 0., 1., 0., 0., 0., 0., 0., 1., 0., 0., 0., 0.,
        0., 0., 0., 0., 1., 0., 0., 0., 0., 0., 1., 0., 0., 0.]), tensor([1., 1., 1., 0., 1., 1., 1., 1., 0., 1., 0., 1., 0., 1., 1., 0., 1., 1.,
        1., 1., 0., 0., 0., 0., 1., 1., 1., 1., 0., 1., 1., 1.]), tensor([1., 1., 0., 1., 0., 1., 1., 1., 1., 1., 0., 1., 1., 1., 0., 1., 1., 0.,
        0., 1., 1., 0., 1., 1., 1., 1., 1., 0., 0., 1., 1., 1.]), tensor([0., 0., 0., 1., 1., 1., 1., 0., 1., 1., 0., 0., 1., 0., 0., 1., 0., 0.,
        1., 0., 0., 0., 1., 1., 0., 1., 0., 1., 0., 0., 1., 1.]), tensor([1., 0., 0., 1., 0., 0., 0., 0., 0., 0., 0., 0., 1., 0., 0., 0., 0., 0.,
        1., 0., 0., 1., 0., 0., 1., 0., 0., 1., 0., 0., 0., 0.]), tensor([0., 0., 1., 0., 0., 1., 0., 0., 1., 0., 0., 1., 0., 0., 0., 0., 0., 1.,
        0., 0., 1., 0., 0., 1., 0., 0., 1., 0., 0., 1., 0., 0.]), tensor([1., 0., 1., 1., 1., 0., 1., 0., 0., 1., 0., 0., 0., 0., 0., 1., 0., 1.,
        0., 0., 0., 0., 0., 0., 0., 1., 0., 0., 0., 0., 1., 1.]), tensor([0., 0., 1., 1., 0., 0., 1., 0., 0., 1., 0., 0., 1., 0., 1., 1., 0., 1.,
        1., 0., 1., 1., 0., 0., 0., 0., 0., 1., 0., 0., 1., 0.]), tensor([0., 0., 1., 0., 0., 1., 1., 0., 1., 0., 0., 0., 1., 0., 1., 0., 0., 1.,
        0., 0., 1., 0., 0., 1., 0., 0., 1., 0., 0., 1., 0., 0.]), tensor([0., 0., 1., 0., 0., 1., 0., 0., 1., 0., 0., 0., 1., 0., 1., 0., 0., 1.,
        0., 0., 1., 0., 0., 1., 0., 0., 1., 0., 0., 1., 0., 0.]), tensor([0., 0., 0., 0., 0., 0., 0., 0., 0., 1., 0., 0., 1., 0., 0., 0., 0., 0.,
        0., 0., 0., 1., 0., 0., 1., 0., 0., 0., 0., 0., 1., 0.]), tensor([0., 0., 0., 0., 0., 0., 0., 0., 0., 1., 0., 0., 1., 0., 0., 1., 0., 0.,
        1., 0., 0., 0., 0., 0., 0., 0., 0., 1., 0., 0., 0., 0.]), tensor([1., 0., 0., 0., 0., 0., 1., 0., 0., 1., 0., 0., 0., 0., 0., 0., 0., 0.,
        1., 0., 0., 0., 0., 0., 1., 0., 0., 0., 0., 0., 0., 0.]), tensor([0., 0., 0., 1., 0., 0., 0., 0., 0., 0., 1., 0., 1., 1., 0., 1., 1., 0.,
        0., 1., 0., 0., 0., 0., 0., 1., 0., 0., 0., 0., 0., 0.]), tensor([1., 1., 0., 0., 0., 0., 0., 1., 0., 0., 1., 0., 0., 1., 0., 0., 0., 0.,
        0., 1., 0., 0., 1., 0., 0., 1., 0., 0., 1., 0., 0., 0.]), tensor([0., 0., 0., 0., 1., 0., 0., 0., 0., 0., 0., 0., 0., 0., 0., 0., 1., 0.,
        0., 1., 0., 0., 0., 0., 0., 0., 0., 0., 0., 0., 0., 1.]), tensor([0., 1., 0., 1., 0., 0., 1., 1., 0., 1., 0., 0., 1., 1., 0., 1., 0., 0.,
        0., 0., 0., 1., 1., 0., 0., 0., 0., 1., 1., 0., 0., 0.]), tensor([1., 0., 0., 0., 0., 0., 0., 0., 0., 0., 0., 0., 0., 0., 1., 0., 0., 0.,
        0., 0., 0., 0., 0., 1., 0., 0., 0., 0., 0., 0., 0., 0.]), tensor([0., 0., 1., 0., 0., 1., 0., 0., 1., 0., 0., 1., 0., 0., 1., 0., 0., 1.,
        0., 0., 1., 0., 0., 1., 0., 0., 1., 0., 0., 1., 0., 0.]), tensor([1., 0., 0., 1., 0., 0., 1., 0., 0., 1., 0., 0., 1., 0., 0., 1., 0., 0.,
        1., 0., 0., 1., 0., 0., 1., 0., 0., 1., 0., 0., 1., 0.]), tensor([0., 1., 0., 0., 1., 0., 0., 1., 0., 0., 1., 0., 0., 1., 0., 0., 1., 0.,
        0., 1., 0., 0., 1., 0., 0., 1., 0., 0., 1., 0., 0., 1.])]
[tensor([0., 1., 0., 0., 1., 0., 0., 0., 0., 0., 1., 0., 0., 1., 0., 0., 1., 0.,
        0., 1., 0., 0., 1., 0., 0., 1., 0., 0., 0., 0., 0., 1.]), tensor([0., 0., 0., 0., 1., 0., 0., 1., 0., 0., 1., 0., 0., 1., 0., 0., 1., 0.,
        0., 1., 0., 0., 0., 0., 0., 1., 0., 0., 1., 0., 0., 1.]), tensor([0., 0., 0., 0., 0., 0., 0., 1., 0., 0., 0., 0., 0., 0., 0., 0., 0., 0.,
        0., 1., 0., 0., 0., 0., 0., 0., 0., 0., 0., 0., 0., 0.]), tensor([0., 1., 0., 0., 0., 0., 0., 1., 0., 0., 1., 0., 0., 1., 0., 0., 1., 0.,
        0., 0., 0., 0., 1., 0., 0., 1., 0., 0., 1., 0., 0., 0.]), tensor([0., 1., 0., 0., 0., 0., 0., 1., 0., 0., 1., 0., 0., 1., 0., 0., 0., 0.,
        0., 0., 0., 0., 1., 0., 0., 0., 0., 0., 0., 0., 0., 0.]), tensor([1., 0., 0., 1., 0., 0., 1., 0., 0., 1., 0., 0., 1., 0., 0., 1., 0., 0.,
        1., 0., 0., 0., 0., 0., 0., 0., 0., 1., 0., 0., 0., 0.]), tensor([0., 0., 0., 1., 0., 0., 1., 0., 0., 1., 0., 0., 1., 0., 0., 1., 0., 0.,
        0., 0., 0., 1., 0., 0., 1., 0., 0., 1., 0., 0., 1., 0.]), tensor([0., 0., 0., 0., 0., 0., 0., 0., 0., 0., 0., 0., 1., 0., 0., 1., 0., 0.,
        0., 0., 0., 1., 0., 0., 1., 0., 0., 0., 0., 0., 0., 0.]), tensor([0., 0., 0., 0., 0., 1., 0., 0., 0., 0., 0., 0., 0., 0., 0., 0., 0., 0.,
        0., 0., 1., 0., 0., 1., 0., 0., 0., 0., 0., 1., 0., 0.]), tensor([0., 0., 0., 0., 0., 0., 0., 0., 1., 0., 0., 1., 0., 0., 0., 0., 0., 1.,
        0., 0., 0., 0., 0., 0., 0., 0., 1., 0., 0., 0., 0., 0.]), tensor([0., 0., 1., 0., 0., 0., 0., 0., 0., 0., 0., 0., 0., 0., 1., 0., 0., 0.,
        0., 0., 0., 0., 0., 0., 0., 0., 0., 0., 0., 0., 0., 0.]), tensor([0., 0., 1., 0., 0., 0., 0., 0., 1., 0., 0., 0., 0., 0., 0., 0., 0., 1.,
        0., 0., 0., 0., 0., 0., 0., 0., 1., 0., 0., 0., 0., 0.]), tensor([1., 1., 1., 1., 1., 0., 0., 1., 0., 1., 1., 1., 1., 0., 1., 1., 1., 0.,
        1., 0., 0., 1., 0., 0., 1., 1., 0., 1., 1., 1., 1., 1.]), tensor([0., 1., 1., 1., 0., 1., 0., 1., 0., 1., 0., 1., 1., 1., 1., 0., 1., 1.,
        0., 1., 1., 1., 1., 1., 1., 0., 0., 1., 1., 0., 1., 0.]), tensor([0., 1., 1., 1., 0., 1., 0., 1., 0., 0., 1., 0., 0., 1., 0., 1., 1., 0.,
        1., 0., 1., 0., 1., 0., 0., 0., 0., 1., 0., 0., 1., 0.]), tensor([0., 1., 0., 0., 0., 0., 0., 1., 0., 0., 1., 0., 0., 1., 0., 0., 1., 0.,
        0., 0., 0., 0., 1., 0., 0., 1., 0., 0., 1., 0., 0., 0.]), tensor([1., 0., 0., 1., 0., 0., 1., 0., 0., 1., 0., 0., 1., 0., 0., 1., 0., 0.,
        1., 0., 0., 0., 0., 0., 0., 0., 0., 1., 0., 0., 0., 0.]), tensor([0., 0., 0., 0., 1., 0., 0., 1., 0., 0., 1., 0., 0., 1., 0., 0., 0., 0.,
        0., 1., 1., 0., 0., 1., 0., 1., 0., 0., 1., 0., 0., 1.]), tensor([0., 1., 0., 0., 0., 0., 1., 1., 0., 1., 1., 0., 0., 1., 0., 0., 0., 0.,
        0., 1., 0., 1., 1., 0., 0., 0., 0., 0., 1., 0., 0., 1.]), tensor([0., 0., 0., 1., 0., 0., 1., 1., 0., 1., 1., 0., 1., 0., 0., 1., 0., 0.,
        0., 0., 0., 1., 0., 0., 1., 0., 0., 1., 0., 0., 1., 0.]), tensor([0., 0., 0., 1., 0., 0., 1., 1., 0., 1., 0., 0., 1., 0., 0., 1., 0., 0.,
        0., 0., 0., 1., 0., 0., 1., 0., 0., 1., 0., 0., 1., 0.]), tensor([0., 1., 0., 0., 0., 0., 0., 0., 0., 0., 1., 0., 0., 1., 0., 0., 0., 0.,
        0., 1., 0., 0., 1., 0., 0., 0., 0., 0., 0., 0., 0., 1.]), tensor([0., 0., 0., 0., 1., 0., 0., 1., 0., 0., 1., 0., 0., 1., 0., 0., 1., 0.,
        0., 1., 0., 0., 0., 0., 0., 1., 0., 0., 1., 0., 0., 1.]), tensor([0., 0., 0., 0., 1., 0., 0., 0., 0., 0., 1., 0., 0., 0., 0., 0., 1., 0.,
        0., 0., 0., 0., 1., 0., 0., 1., 0., 0., 0., 0., 0., 0.]), tensor([0., 0., 1., 0., 0., 0., 0., 0., 0., 0., 0., 0., 0., 0., 1., 0., 0., 0.,
        0., 1., 1., 0., 0., 1., 0., 0., 0., 0., 0., 1., 0., 1.]), tensor([0., 0., 1., 0., 0., 0., 0., 0., 1., 0., 0., 0., 0., 0., 1., 0., 0., 1.,
        0., 0., 0., 0., 0., 0., 0., 1., 1., 0., 0., 0., 0., 0.]), tensor([0., 0., 0., 0., 0., 1., 0., 0., 0., 0., 0., 0., 0., 0., 0., 0., 0., 0.,
        0., 0., 1., 0., 0., 1., 0., 0., 0., 0., 0., 1., 0., 0.]), tensor([0., 0., 1., 1., 0., 0., 0., 1., 1., 0., 0., 1., 0., 0., 0., 0., 1., 1.,
        1., 1., 0., 0., 0., 0., 0., 0., 1., 0., 0., 0., 0., 0.]), tensor([0., 0., 0., 0., 0., 0., 0., 0., 0., 0., 0., 0., 1., 0., 0., 1., 0., 0.,
        0., 0., 0., 1., 1., 0., 1., 0., 0., 0., 0., 0., 0., 0.]), tensor([1., 0., 0., 1., 0., 0., 1., 0., 0., 1., 0., 0., 1., 0., 0., 1., 0., 0.,
        1., 0., 0., 1., 0., 0., 1., 0., 0., 1., 0., 0., 1., 0.]), tensor([0., 1., 0., 0., 1., 0., 0., 1., 0., 0., 1., 0., 0., 1., 0., 0., 1., 0.,
        0., 1., 0., 0., 1., 0., 0., 1., 0., 0., 1., 0., 0., 1.]), tensor([0., 0., 1., 0., 0., 1., 0., 0., 1., 0., 0., 1., 0., 0., 1., 0., 0., 1.,
        0., 0., 1., 0., 0., 1., 0., 0., 1., 0., 0., 1., 0., 0.])]
[tensor([0., 0., 1., 0., 0., 0., 0., 0., 1., 0., 0., 1., 0., 0., 0., 0., 0., 1.,
        0., 0., 0., 0., 0., 1., 0., 0., 0., 0., 0., 1., 0., 0.]), tensor([0., 0., 1., 0., 0., 1., 0., 0., 1., 0., 0., 1., 0., 0., 1., 0., 0., 1.,
        0., 0., 1., 0., 0., 1., 0., 0., 0., 0., 0., 1., 0., 0.]), tensor([0., 0., 1., 0., 0., 0., 0., 0., 1., 0., 0., 0., 0., 0., 1., 0., 0., 0.,
        0., 0., 1., 0., 0., 1., 0., 0., 1., 0., 0., 0., 0., 0.]), tensor([0., 0., 1., 0., 0., 0., 0., 0., 1., 0., 0., 1., 0., 0., 0., 0., 0., 0.,
        0., 0., 0., 0., 0., 1., 0., 0., 1., 0., 0., 1., 0., 0.]), tensor([0., 0., 1., 0., 0., 0., 0., 0., 1., 0., 0., 1., 0., 0., 0., 0., 0., 0.,
        0., 0., 0., 0., 0., 0., 0., 0., 0., 0., 0., 1., 0., 0.]), tensor([0., 1., 0., 0., 1., 0., 0., 1., 0., 0., 1., 0., 0., 0., 0., 0., 1., 0.,
        0., 1., 0., 0., 1., 0., 0., 1., 0., 0., 1., 0., 0., 1.]), tensor([0., 1., 0., 0., 1., 0., 0., 1., 0., 0., 1., 0., 0., 1., 0., 0., 1., 0.,
        0., 1., 0., 0., 1., 0., 0., 1., 0., 0., 1., 0., 0., 1.]), tensor([0., 1., 0., 0., 1., 0., 0., 0., 0., 0., 0., 0., 0., 1., 0., 0., 1., 0.,
        0., 1., 0., 0., 1., 0., 0., 0., 0., 0., 0., 0., 0., 0.]), tensor([1., 0., 0., 0., 0., 0., 1., 0., 0., 0., 0., 0., 0., 0., 0., 0., 0., 0.,
        0., 0., 0., 0., 0., 0., 0., 0., 0., 0., 0., 0., 1., 0.]), tensor([0., 0., 0., 1., 0., 0., 0., 0., 0., 1., 0., 0., 1., 0., 0., 0., 0., 0.,
        0., 0., 0., 1., 0., 0., 0., 0., 0., 1., 0., 0., 0., 0.]), tensor([1., 0., 0., 1., 0., 0., 0., 0., 0., 0., 0., 0., 1., 0., 0., 0., 0., 0.,
        0., 0., 0., 1., 0., 0., 1., 0., 0., 1., 0., 0., 0., 0.]), tensor([0., 0., 0., 1., 0., 0., 0., 0., 0., 0., 0., 0., 1., 0., 0., 1., 0., 0.,
        1., 0., 0., 1., 0., 0., 0., 0., 0., 1., 0., 0., 0., 0.]), tensor([1., 0., 1., 1., 1., 1., 1., 1., 1., 1., 0., 1., 1., 1., 1., 1., 1., 1.,
        1., 1., 1., 0., 1., 1., 1., 1., 0., 1., 1., 0., 1., 1.]), tensor([0., 1., 1., 1., 0., 0., 1., 0., 0., 1., 1., 1., 0., 1., 0., 1., 0., 1.,
        1., 0., 1., 1., 1., 1., 1., 0., 1., 0., 1., 1., 1., 1.]), tensor([0., 1., 1., 0., 0., 0., 1., 1., 1., 0., 1., 1., 0., 0., 1., 1., 0., 1.,
        1., 0., 1., 0., 0., 0., 1., 0., 1., 0., 0., 1., 0., 0.]), tensor([0., 0., 1., 0., 0., 0., 0., 0., 1., 0., 0., 1., 0., 0., 0., 0., 0., 0.,
        0., 0., 0., 0., 0., 1., 0., 0., 1., 0., 0., 1., 0., 0.]), tensor([0., 1., 0., 0., 1., 0., 0., 1., 0., 0., 1., 0., 0., 0., 0., 0., 1., 0.,
        0., 1., 0., 0., 1., 0., 0., 1., 0., 0., 1., 0., 0., 1.]), tensor([1., 0., 1., 0., 0., 1., 0., 0., 1., 0., 0., 1., 0., 0., 1., 0., 0., 1.,
        0., 0., 1., 0., 0., 1., 0., 0., 1., 0., 1., 0., 0., 0.]), tensor([0., 0., 1., 0., 0., 1., 0., 0., 1., 0., 0., 1., 0., 0., 0., 0., 0., 0.,
        0., 0., 0., 0., 1., 1., 0., 1., 0., 0., 0., 1., 0., 1.]), tensor([0., 1., 1., 0., 1., 0., 0., 1., 1., 0., 1., 0., 0., 1., 0., 0., 1., 0.,
        0., 1., 0., 0., 1., 0., 0., 1., 0., 0., 1., 1., 0., 1.]), tensor([0., 1., 0., 0., 1., 0., 0., 1., 0., 0., 1., 0., 0., 1., 0., 0., 1., 0.,
        0., 1., 0., 0., 1., 0., 0., 1., 0., 0., 1., 0., 0., 1.]), tensor([0., 0., 0., 0., 0., 0., 0., 0., 0., 0., 0., 1., 0., 0., 0., 0., 0., 1.,
        0., 0., 0., 0., 0., 1., 0., 0., 0., 0., 0., 1., 0., 0.]), tensor([0., 0., 1., 0., 0., 1., 0., 0., 1., 0., 0., 1., 0., 0., 1., 0., 0., 1.,
        0., 0., 1., 0., 0., 1., 0., 0., 0., 0., 0., 1., 0., 0.]), tensor([0., 0., 1., 0., 0., 0., 0., 0., 1., 0., 0., 0., 0., 0., 0., 0., 0., 0.,
        0., 0., 0., 0., 0., 1., 0., 0., 0., 0., 0., 1., 0., 0.]), tensor([1., 0., 0., 1., 0., 0., 1., 0., 0., 0., 0., 0., 1., 0., 0., 0., 0., 0.,
        0., 0., 1., 1., 0., 0., 1., 0., 0., 1., 0., 0., 0., 0.]), tensor([1., 0., 0., 1., 0., 0., 0., 0., 0., 0., 0., 0., 1., 0., 0., 1., 0., 0.,
        1., 0., 0., 1., 0., 0., 1., 0., 0., 1., 0., 1., 1., 0.]), tensor([1., 0., 0., 0., 0., 0., 1., 0., 0., 0., 0., 0., 0., 0., 0., 0., 0., 0.,
        0., 0., 0., 0., 0., 0., 0., 0., 0., 0., 0., 0., 1., 0.]), tensor([0., 0., 1., 1., 0., 0., 0., 1., 1., 1., 0., 0., 1., 0., 0., 1., 0., 0.,
        1., 0., 0., 1., 0., 0., 0., 1., 1., 1., 0., 0., 0., 0.]), tensor([0., 1., 0., 0., 1., 0., 0., 0., 0., 0., 0., 0., 0., 1., 1., 0., 1., 0.,
        0., 1., 1., 0., 1., 1., 1., 0., 0., 0., 0., 0., 0., 0.]), tensor([0., 1., 0., 0., 1., 0., 0., 1., 0., 0., 1., 0., 0., 1., 0., 0., 1., 0.,
        0., 1., 0., 0., 1., 0., 0., 1., 0., 0., 1., 0., 0., 1.]), tensor([0., 0., 1., 0., 0., 1., 0., 0., 1., 0., 0., 1., 0., 0., 1., 0., 0., 1.,
        0., 0., 1., 0., 0., 1., 0., 0., 1., 0., 0., 1., 0., 0.]), tensor([1., 0., 0., 1., 0., 0., 1., 0., 0., 1., 0., 0., 1., 0., 0., 1., 0., 0.,
        1., 0., 0., 1., 0., 0., 1., 0., 0., 1., 0., 0., 1., 0.])]
[tensor([1., 0., 0., 1., 0., 0., 0., 0., 0., 1., 0., 0., 0., 0., 0., 1., 0., 0.,
        0., 0., 0., 1., 0., 0., 0., 0., 0., 1., 0., 0., 1., 0.]), tensor([0., 0., 0., 1., 0., 0., 1., 0., 0., 1., 0., 0., 1., 0., 0., 1., 0., 0.,
        1., 0., 0., 0., 0., 0., 1., 0., 0., 0., 0., 0., 0., 0.]), tensor([1., 0., 0., 1., 0., 0., 1., 0., 0., 1., 0., 0., 0., 0., 0., 0., 0., 0.,
        1., 0., 0., 0., 0., 0., 0., 0., 0., 0., 0., 0., 0., 0.]), tensor([0., 0., 0., 0., 0., 0., 0., 0., 0., 1., 0., 0., 1., 0., 0., 0., 0., 0.,
        1., 0., 0., 0., 0., 0., 0., 0., 0., 1., 0., 0., 0., 0.]), tensor([0., 0., 0., 0., 0., 0., 1., 0., 0., 0., 0., 0., 1., 0., 0., 1., 0., 0.,
        0., 0., 0., 1., 0., 0., 1., 0., 0., 0., 0., 0., 1., 0.]), tensor([0., 0., 1., 0., 0., 0., 0., 0., 1., 0., 0., 1., 0., 0., 1., 0., 0., 1.,
        0., 0., 1., 0., 0., 1., 0., 0., 0., 0., 0., 0., 0., 0.]), tensor([0., 0., 1., 0., 0., 1., 0., 0., 1., 0., 0., 1., 0., 0., 1., 0., 0., 1.,
        0., 0., 0., 0., 0., 1., 0., 0., 1., 0., 0., 1., 0., 0.]), tensor([0., 0., 1., 0., 0., 0., 0., 0., 0., 0., 0., 1., 0., 0., 0., 0., 0., 0.,
        0., 0., 0., 0., 0., 0., 0., 0., 1., 0., 0., 1., 0., 0.]), tensor([0., 1., 0., 0., 0., 0., 0., 0., 0., 0., 1., 0., 0., 1., 0., 0., 1., 0.,
        0., 0., 0., 0., 0., 0., 0., 0., 0., 0., 0., 0., 0., 0.]), tensor([0., 0., 0., 0., 1., 0., 0., 1., 0., 0., 0., 0., 0., 0., 0., 0., 0., 0.,
        0., 0., 0., 0., 1., 0., 0., 1., 0., 0., 0., 0., 0., 1.]), tensor([0., 0., 0., 0., 0., 0., 0., 1., 0., 0., 1., 0., 0., 0., 0., 0., 0., 0.,
        0., 1., 0., 0., 0., 0., 0., 1., 0., 0., 1., 0., 0., 1.]), tensor([0., 0., 0., 0., 0., 0., 0., 1., 0., 0., 0., 0., 0., 0., 0., 0., 0., 0.,
        0., 1., 0., 0., 0., 0., 0., 1., 0., 0., 1., 0., 0., 1.]), tensor([1., 1., 0., 1., 0., 0., 1., 1., 0., 1., 1., 1., 1., 1., 1., 1., 0., 1.,
        1., 0., 1., 1., 1., 1., 1., 1., 0., 0., 1., 0., 1., 1.]), tensor([0., 0., 1., 0., 1., 1., 0., 0., 0., 1., 0., 0., 1., 0., 1., 0., 1., 1.,
        1., 1., 1., 1., 0., 1., 1., 0., 1., 1., 1., 1., 1., 1.]), tensor([0., 1., 0., 0., 0., 1., 1., 0., 0., 0., 0., 0., 1., 0., 1., 1., 0., 0.,
        1., 1., 1., 1., 0., 0., 1., 0., 0., 1., 1., 0., 1., 0.]), tensor([0., 0., 0., 0., 0., 0., 0., 0., 0., 1., 0., 0., 1., 0., 0., 0., 0., 0.,
        1., 0., 0., 0., 0., 0., 0., 0., 0., 1., 0., 0., 0., 0.]), tensor([0., 0., 1., 0., 0., 0., 0., 0., 1., 0., 0., 1., 0., 0., 1., 0., 0., 1.,
        0., 0., 1., 0., 0., 1., 0., 0., 0., 0., 0., 0., 0., 0.]), tensor([1., 1., 0., 1., 0., 0., 1., 0., 1., 1., 0., 0., 1., 1., 0., 0., 1., 0.,
        1., 0., 1., 0., 0., 0., 1., 0., 0., 1., 0., 0., 1., 0.]), tensor([1., 0., 0., 1., 0., 0., 1., 0., 1., 1., 0., 0., 1., 0., 0., 1., 0., 1.,
        0., 0., 0., 1., 0., 1., 1., 0., 0., 0., 0., 0., 1., 0.]), tensor([0., 0., 1., 0., 0., 1., 0., 0., 1., 0., 0., 1., 0., 0., 1., 0., 0., 1.,
        0., 0., 0., 0., 0., 1., 0., 0., 1., 0., 0., 1., 0., 0.]), tensor([0., 0., 1., 0., 0., 1., 0., 0., 1., 0., 0., 1., 0., 0., 1., 0., 0., 1.,
        0., 0., 0., 0., 0., 1., 0., 0., 1., 0., 0., 1., 0., 0.]), tensor([1., 0., 0., 1., 0., 0., 0., 0., 0., 1., 0., 0., 0., 0., 0., 1., 0., 0.,
        0., 0., 0., 1., 0., 0., 0., 0., 0., 0., 0., 0., 1., 0.]), tensor([0., 0., 0., 1., 0., 0., 1., 0., 0., 1., 0., 0., 1., 0., 0., 1., 0., 0.,
        1., 0., 0., 0., 0., 0., 1., 0., 0., 0., 0., 0., 0., 0.]), tensor([0., 0., 0., 0., 0., 0., 0., 0., 0., 0., 0., 0., 0., 0., 0., 1., 0., 0.,
        0., 0., 0., 1., 0., 0., 0., 0., 0., 1., 0., 0., 1., 0.]), tensor([0., 0., 0., 0., 1., 0., 0., 1., 0., 1., 1., 0., 0., 0., 0., 0., 0., 0.,
        1., 1., 0., 0., 0., 0., 0., 1., 0., 0., 1., 0., 0., 1.]), tensor([0., 1., 0., 0., 0., 0., 0., 1., 0., 0., 1., 0., 1., 0., 0., 0., 1., 0.,
        0., 1., 0., 1., 0., 0., 1., 1., 0., 0., 1., 0., 0., 1.]), tensor([0., 1., 0., 0., 0., 0., 0., 0., 0., 0., 1., 0., 0., 1., 0., 0., 1., 0.,
        0., 0., 0., 0., 0., 0., 0., 0., 0., 0., 0., 0., 0., 0.]), tensor([0., 0., 0., 0., 1., 1., 0., 1., 0., 1., 0., 0., 0., 0., 0., 0., 0., 0.,
        0., 1., 0., 0., 1., 1., 0., 1., 0., 0., 1., 0., 0., 1.]), tensor([1., 0., 1., 1., 0., 0., 1., 0., 0., 0., 0., 1., 0., 0., 0., 0., 0., 0.,
        1., 0., 0., 0., 0., 0., 0., 0., 1., 0., 0., 1., 0., 0.]), tensor([0., 0., 1., 0., 0., 1., 0., 0., 1., 0., 0., 1., 0., 0., 1., 0., 0., 1.,
        0., 0., 1., 0., 0., 1., 0., 0., 1., 0., 0., 1., 0., 0.]), tensor([1., 0., 0., 1., 0., 0., 1., 0., 0., 1., 0., 0., 1., 0., 0., 1., 0., 0.,
        1., 0., 0., 1., 0., 0., 1., 0., 0., 1., 0., 0., 1., 0.]), tensor([0., 1., 0., 0., 1., 0., 0., 1., 0., 0., 1., 0., 0., 1., 0., 0., 1., 0.,
        0., 1., 0., 0., 1., 0., 0., 1., 0., 0., 1., 0., 0., 1.])]
[tensor([0., 1., 0., 0., 1., 0., 0., 1., 0., 0., 1., 0., 0., 1., 0., 0., 1., 0.,
        0., 1., 0., 0., 0., 0., 0., 1., 0., 0., 1., 0., 0., 1.]), tensor([0., 0., 0., 0., 1., 0., 0., 1., 0., 0., 1., 0., 0., 1., 0., 0., 0., 0.,
        0., 0., 0., 0., 0., 0., 0., 1., 0., 0., 0., 0., 0., 0.]), tensor([0., 1., 0., 0., 0., 0., 0., 1., 0., 0., 1., 0., 0., 0., 0., 0., 0., 0.,
        0., 0., 0., 0., 0., 0., 0., 1., 0., 0., 0., 0., 0., 1.]), tensor([0., 1., 0., 0., 1., 0., 0., 1., 0., 0., 1., 0., 0., 0., 0., 0., 0., 0.,
        0., 0., 0., 0., 1., 0., 0., 0., 0., 0., 1., 0., 0., 0.]), tensor([0., 1., 0., 0., 1., 0., 0., 1., 0., 0., 1., 0., 0., 0., 0., 0., 1., 0.,
        0., 0., 0., 0., 1., 0., 0., 0., 0., 0., 1., 0., 0., 1.]), tensor([1., 0., 0., 0., 0., 0., 1., 0., 0., 1., 0., 0., 0., 0., 0., 1., 0., 0.,
        0., 0., 0., 1., 0., 0., 1., 0., 0., 1., 0., 0., 1., 0.]), tensor([1., 0., 0., 1., 0., 0., 0., 0., 0., 1., 0., 0., 1., 0., 0., 1., 0., 0.,
        1., 0., 0., 1., 0., 0., 1., 0., 0., 0., 0., 0., 1., 0.]), tensor([0., 0., 0., 0., 0., 0., 0., 0., 0., 1., 0., 0., 1., 0., 0., 0., 0., 0.,
        1., 0., 0., 0., 0., 0., 0., 0., 0., 0., 0., 0., 0., 0.]), tensor([0., 0., 1., 0., 0., 0., 0., 0., 0., 0., 0., 1., 0., 0., 1., 0., 0., 0.,
        0., 0., 0., 0., 0., 0., 0., 0., 0., 0., 0., 0., 0., 0.]), tensor([0., 0., 0., 0., 0., 0., 0., 0., 1., 0., 0., 0., 0., 0., 0., 0., 0., 1.,
        0., 0., 0., 0., 0., 1., 0., 0., 1., 0., 0., 1., 0., 0.]), tensor([0., 0., 0., 0., 0., 1., 0., 0., 0., 0., 0., 0., 0., 0., 0., 0., 0., 0.,
        0., 0., 1., 0., 0., 1., 0., 0., 0., 0., 0., 0., 0., 0.]), tensor([0., 0., 0., 0., 0., 1., 0., 0., 0., 0., 0., 0., 0., 0., 0., 0., 0., 1.,
        0., 0., 0., 0., 0., 1., 0., 0., 0., 0., 0., 0., 0., 0.]), tensor([0., 1., 1., 1., 1., 1., 1., 1., 1., 0., 1., 1., 1., 1., 0., 1., 1., 1.,
        1., 0., 1., 0., 1., 1., 1., 1., 0., 1., 1., 1., 0., 1.]), tensor([1., 0., 1., 1., 1., 1., 1., 1., 0., 0., 0., 0., 0., 1., 1., 1., 1., 1.,
        1., 1., 1., 1., 0., 0., 0., 1., 1., 0., 1., 0., 1., 1.]), tensor([1., 1., 0., 1., 1., 1., 1., 1., 0., 0., 1., 0., 0., 0., 0., 0., 1., 0.,
        1., 0., 1., 0., 1., 0., 0., 0., 0., 1., 1., 0., 1., 1.]), tensor([0., 1., 0., 0., 1., 0., 0., 1., 0., 0., 1., 0., 0., 0., 0., 0., 0., 0.,
        0., 0., 0., 0., 1., 0., 0., 0., 0., 0., 1., 0., 0., 0.]), tensor([1., 0., 0., 0., 0., 0., 1., 0., 0., 1., 0., 0., 0., 0., 0., 1., 0., 0.,
        0., 0., 0., 1., 0., 0., 1., 0., 0., 1., 0., 0., 1., 0.]), tensor([0., 1., 1., 0., 1., 0., 0., 1., 0., 0., 1., 1., 0., 1., 0., 0., 1., 0.,
        0., 0., 0., 0., 0., 0., 0., 1., 0., 0., 0., 0., 0., 1.]), tensor([0., 1., 0., 0., 1., 0., 0., 1., 0., 1., 1., 0., 0., 1., 0., 0., 1., 0.,
        0., 1., 0., 0., 1., 0., 0., 1., 0., 0., 1., 0., 0., 1.]), tensor([1., 0., 0., 1., 1., 0., 0., 0., 0., 1., 0., 0., 1., 0., 0., 1., 0., 0.,
        1., 0., 0., 1., 0., 0., 1., 0., 0., 0., 1., 0., 1., 0.]), tensor([1., 0., 0., 1., 1., 0., 0., 0., 0., 1., 0., 0., 1., 0., 0., 1., 0., 0.,
        1., 0., 0., 1., 0., 0., 1., 0., 0., 0., 0., 0., 1., 0.]), tensor([0., 1., 0., 0., 1., 0., 0., 1., 0., 0., 0., 0., 0., 1., 0., 0., 1., 0.,
        0., 1., 0., 0., 0., 0., 0., 1., 0., 0., 1., 0., 0., 1.]), tensor([0., 0., 0., 0., 1., 0., 0., 1., 0., 0., 1., 0., 0., 1., 0., 0., 0., 0.,
        0., 0., 0., 0., 0., 0., 0., 1., 0., 0., 0., 0., 0., 0.]), tensor([0., 0., 0., 0., 0., 0., 0., 1., 0., 0., 1., 0., 0., 0., 0., 0., 0., 0.,
        0., 1., 0., 0., 0., 0., 0., 0., 0., 0., 1., 0., 0., 0.]), tensor([0., 1., 0., 0., 0., 1., 0., 0., 1., 0., 0., 0., 0., 1., 0., 0., 0., 0.,
        0., 0., 1., 0., 0., 1., 0., 0., 1., 0., 0., 1., 0., 0.]), tensor([0., 0., 1., 0., 1., 1., 0., 0., 0., 0., 0., 1., 0., 0., 0., 0., 0., 1.,
        0., 0., 1., 0., 0., 1., 0., 0., 0., 0., 1., 0., 0., 1.]), tensor([0., 0., 1., 0., 0., 0., 0., 0., 0., 0., 0., 1., 0., 0., 1., 0., 0., 0.,
        0., 0., 0., 0., 0., 0., 0., 0., 0., 0., 0., 0., 0., 0.]), tensor([1., 1., 0., 0., 0., 1., 0., 0., 1., 0., 1., 0., 0., 0., 0., 0., 0., 1.,
        0., 0., 0., 0., 0., 1., 0., 1., 1., 0., 0., 1., 0., 0.]), tensor([0., 0., 0., 0., 0., 0., 0., 1., 0., 1., 0., 0., 1., 0., 0., 0., 0., 0.,
        1., 0., 1., 0., 0., 0., 0., 0., 0., 0., 0., 0., 0., 1.]), tensor([1., 0., 0., 1., 0., 0., 1., 0., 0., 1., 0., 0., 1., 0., 0., 1., 0., 0.,
        1., 0., 0., 1., 0., 0., 1., 0., 0., 1., 0., 0., 1., 0.]), tensor([0., 1., 0., 0., 1., 0., 0., 1., 0., 0., 1., 0., 0., 1., 0., 0., 1., 0.,
        0., 1., 0., 0., 1., 0., 0., 1., 0., 0., 1., 0., 0., 1.]), tensor([0., 0., 1., 0., 0., 1., 0., 0., 1., 0., 0., 1., 0., 0., 1., 0., 0., 1.,
        0., 0., 1., 0., 0., 1., 0., 0., 1., 0., 0., 1., 0., 0.])]
[tensor([0., 0., 0., 0., 0., 1., 0., 0., 0., 0., 0., 1., 0., 0., 1., 0., 0., 0.,
        0., 0., 1., 0., 0., 0., 0., 0., 1., 0., 0., 1., 0., 0.]), tensor([0., 0., 0., 0., 0., 1., 0., 0., 1., 0., 0., 1., 0., 0., 1., 0., 0., 1.,
        0., 0., 1., 0., 0., 1., 0., 0., 0., 0., 0., 1., 0., 0.]), tensor([0., 0., 1., 0., 0., 0., 0., 0., 0., 0., 0., 1., 0., 0., 0., 0., 0., 1.,
        0., 0., 1., 0., 0., 0., 0., 0., 1., 0., 0., 0., 0., 0.]), tensor([0., 0., 1., 0., 0., 0., 0., 0., 1., 0., 0., 1., 0., 0., 1., 0., 0., 1.,
        0., 0., 0., 0., 0., 1., 0., 0., 1., 0., 0., 1., 0., 0.]), tensor([0., 0., 1., 0., 0., 0., 0., 0., 1., 0., 0., 1., 0., 0., 0., 0., 0., 1.,
        0., 0., 0., 0., 0., 0., 0., 0., 0., 0., 0., 0., 0., 0.]), tensor([0., 1., 0., 0., 1., 0., 0., 1., 0., 0., 0., 0., 0., 0., 0., 0., 1., 0.,
        0., 1., 0., 0., 1., 0., 0., 1., 0., 0., 1., 0., 0., 1.]), tensor([0., 0., 0., 0., 1., 0., 0., 0., 0., 0., 1., 0., 0., 1., 0., 0., 1., 0.,
        0., 1., 0., 0., 1., 0., 0., 1., 0., 0., 0., 0., 0., 1.]), tensor([0., 0., 0., 0., 0., 0., 0., 0., 0., 0., 1., 0., 0., 1., 0., 0., 1., 0.,
        0., 0., 0., 0., 0., 0., 0., 1., 0., 0., 0., 0., 0., 1.]), tensor([0., 0., 0., 1., 0., 0., 1., 0., 0., 0., 0., 0., 0., 0., 0., 1., 0., 0.,
        0., 0., 0., 0., 0., 0., 0., 0., 0., 0., 0., 0., 1., 0.]), tensor([1., 0., 0., 0., 0., 0., 0., 0., 0., 1., 0., 0., 1., 0., 0., 0., 0., 0.,
        1., 0., 0., 1., 0., 0., 1., 0., 0., 0., 0., 0., 0., 0.]), tensor([1., 0., 0., 0., 0., 0., 0., 0., 0., 1., 0., 0., 0., 0., 0., 1., 0., 0.,
        1., 0., 0., 1., 0., 0., 0., 0., 0., 1., 0., 0., 1., 0.]), tensor([1., 0., 0., 0., 0., 0., 0., 0., 0., 1., 0., 0., 1., 0., 0., 0., 0., 0.,
        1., 0., 0., 1., 0., 0., 0., 0., 0., 0., 0., 0., 0., 0.]), tensor([0., 1., 0., 1., 0., 1., 1., 0., 0., 1., 1., 0., 1., 1., 1., 1., 1., 1.,
        1., 0., 1., 1., 1., 1., 1., 0., 1., 0., 1., 1., 1., 1.]), tensor([1., 0., 1., 1., 0., 1., 1., 1., 1., 1., 0., 1., 0., 1., 0., 1., 1., 1.,
        1., 1., 1., 0., 0., 0., 0., 1., 0., 0., 0., 1., 1., 0.]), tensor([0., 0., 1., 0., 0., 1., 1., 1., 1., 0., 1., 1., 0., 1., 1., 0., 1., 1.,
        0., 1., 1., 0., 0., 1., 0., 0., 0., 0., 0., 0., 0., 0.]), tensor([0., 0., 1., 0., 0., 0., 0., 0., 1., 0., 0., 1., 0., 0., 1., 0., 0., 1.,
        0., 0., 0., 0., 0., 1., 0., 0., 1., 0., 0., 1., 0., 0.]), tensor([0., 1., 0., 0., 1., 0., 0., 1., 0., 0., 0., 0., 0., 0., 0., 0., 1., 0.,
        0., 1., 0., 0., 1., 0., 0., 1., 0., 0., 1., 0., 0., 1.]), tensor([0., 0., 1., 0., 0., 0., 1., 0., 0., 0., 0., 1., 0., 0., 0., 0., 0., 1.,
        0., 0., 1., 0., 0., 0., 0., 0., 1., 0., 0., 0., 0., 0.]), tensor([0., 1., 1., 0., 1., 0., 0., 0., 1., 0., 0., 1., 0., 0., 0., 0., 0., 1.,
        0., 0., 0., 0., 0., 0., 0., 0., 0., 0., 0., 1., 0., 1.]), tensor([0., 0., 0., 0., 1., 0., 0., 0., 0., 0., 1., 1., 0., 1., 0., 0., 1., 0.,
        0., 1., 0., 0., 1., 0., 0., 1., 0., 0., 0., 0., 0., 1.]), tensor([0., 0., 0., 0., 1., 0., 0., 0., 0., 0., 1., 0., 0., 1., 0., 0., 1., 0.,
        0., 1., 0., 0., 1., 0., 0., 1., 0., 0., 0., 0., 0., 1.]), tensor([0., 0., 0., 0., 0., 1., 0., 0., 0., 0., 0., 1., 0., 0., 1., 0., 0., 0.,
        0., 0., 1., 0., 0., 0., 0., 0., 1., 0., 0., 1., 0., 0.]), tensor([0., 0., 0., 0., 0., 1., 0., 0., 1., 0., 0., 1., 0., 0., 1., 0., 0., 1.,
        0., 0., 1., 0., 0., 1., 0., 0., 0., 0., 0., 1., 0., 0.]), tensor([0., 0., 0., 0., 0., 0., 0., 0., 0., 0., 0., 1., 0., 0., 0., 0., 0., 0.,
        0., 0., 0., 0., 0., 0., 0., 0., 0., 0., 0., 0., 0., 0.]), tensor([1., 0., 0., 0., 0., 0., 0., 0., 0., 1., 0., 0., 0., 0., 0., 1., 0., 0.,
        1., 0., 0., 1., 0., 0., 1., 0., 1., 1., 0., 1., 1., 0.]), tensor([1., 0., 0., 0., 0., 0., 1., 0., 0., 1., 0., 0., 1., 0., 0., 1., 0., 0.,
        1., 0., 0., 1., 0., 0., 0., 0., 0., 1., 0., 0., 1., 0.]), tensor([0., 0., 0., 1., 0., 0., 1., 0., 0., 0., 0., 0., 0., 0., 0., 1., 0., 0.,
        0., 0., 0., 0., 0., 0., 0., 0., 0., 0., 0., 0., 1., 0.]), tensor([1., 0., 1., 0., 1., 0., 0., 0., 0., 1., 0., 1., 1., 0., 0., 0., 0., 1.,
        1., 0., 0., 1., 0., 0., 1., 0., 0., 0., 0., 0., 0., 0.]), tensor([0., 0., 0., 0., 0., 0., 0., 0., 0., 0., 1., 0., 0., 1., 0., 0., 1., 0.,
        0., 0., 1., 0., 0., 0., 0., 1., 1., 0., 0., 0., 0., 1.]), tensor([0., 1., 0., 0., 1., 0., 0., 1., 0., 0., 1., 0., 0., 1., 0., 0., 1., 0.,
        0., 1., 0., 0., 1., 0., 0., 1., 0., 0., 1., 0., 0., 1.]), tensor([0., 0., 1., 0., 0., 1., 0., 0., 1., 0., 0., 1., 0., 0., 1., 0., 0., 1.,
        0., 0., 1., 0., 0., 1., 0., 0., 1., 0., 0., 1., 0., 0.]), tensor([1., 0., 0., 1., 0., 0., 1., 0., 0., 1., 0., 0., 1., 0., 0., 1., 0., 0.,
        1., 0., 0., 1., 0., 0., 1., 0., 0., 1., 0., 0., 1., 0.])]
[tensor([0., 0., 0., 1., 0., 0., 1., 0., 0., 1., 0., 0., 1., 0., 0., 1., 0., 0.,
        1., 0., 0., 0., 0., 0., 1., 0., 0., 1., 0., 0., 1., 0.]), tensor([1., 0., 0., 1., 0., 0., 1., 0., 0., 0., 0., 0., 1., 0., 0., 1., 0., 0.,
        1., 0., 0., 0., 0., 0., 1., 0., 0., 0., 0., 0., 0., 0.]), tensor([0., 0., 0., 1., 0., 0., 0., 0., 0., 0., 0., 0., 1., 0., 0., 0., 0., 0.,
        0., 0., 0., 0., 0., 0., 0., 0., 0., 1., 0., 0., 0., 0.]), tensor([1., 0., 0., 1., 0., 0., 1., 0., 0., 1., 0., 0., 0., 0., 0., 1., 0., 0.,
        1., 0., 0., 1., 0., 0., 1., 0., 0., 1., 0., 0., 0., 0.]), tensor([1., 0., 0., 1., 0., 0., 1., 0., 0., 0., 0., 0., 0., 0., 0., 0., 0., 0.,
        0., 0., 0., 1., 0., 0., 0., 0., 0., 1., 0., 0., 1., 0.]), tensor([0., 0., 1., 0., 0., 0., 0., 0., 1., 0., 0., 0., 0., 0., 0., 0., 0., 1.,
        0., 0., 1., 0., 0., 1., 0., 0., 0., 0., 0., 1., 0., 0.]), tensor([0., 0., 1., 0., 0., 1., 0., 0., 1., 0., 0., 1., 0., 0., 1., 0., 0., 1.,
        0., 0., 1., 0., 0., 1., 0., 0., 1., 0., 0., 1., 0., 0.]), tensor([0., 0., 1., 0., 0., 0., 0., 0., 1., 0., 0., 1., 0., 0., 1., 0., 0., 1.,
        0., 0., 0., 0., 0., 0., 0., 0., 1., 0., 0., 1., 0., 0.]), tensor([0., 0., 0., 0., 0., 0., 0., 0., 0., 0., 0., 0., 0., 0., 0., 0., 1., 0.,
        0., 0., 0., 0., 0., 0., 0., 0., 0., 0., 0., 0., 0., 0.]), tensor([0., 1., 0., 0., 1., 0., 0., 0., 0., 0., 1., 0., 0., 1., 0., 0., 0., 0.,
        0., 1., 0., 0., 0., 0., 0., 1., 0., 0., 0., 0., 0., 1.]), tensor([0., 0., 0., 0., 0., 0., 0., 0., 0., 0., 1., 0., 0., 0., 0., 0., 0., 0.,
        0., 1., 0., 0., 1., 0., 0., 0., 0., 0., 1., 0., 0., 0.]), tensor([0., 0., 0., 0., 1., 0., 0., 1., 0., 0., 1., 0., 0., 1., 0., 0., 0., 0.,
        0., 1., 0., 0., 1., 0., 0., 0., 0., 0., 0., 0., 0., 0.]), tensor([1., 0., 0., 1., 0., 0., 1., 0., 1., 1., 0., 1., 1., 1., 1., 0., 1., 1.,
        1., 1., 1., 1., 1., 0., 1., 0., 1., 0., 0., 0., 1., 1.]), tensor([1., 0., 1., 1., 0., 0., 1., 1., 1., 1., 1., 1., 1., 1., 1., 1., 1., 1.,
        0., 1., 1., 1., 0., 1., 1., 0., 1., 1., 1., 1., 0., 0.]), tensor([1., 0., 0., 1., 0., 0., 1., 1., 1., 0., 0., 1., 0., 0., 0., 0., 0., 1.,
        0., 0., 1., 1., 1., 0., 1., 0., 0., 1., 0., 0., 1., 0.]), tensor([1., 0., 0., 1., 0., 0., 1., 0., 0., 1., 0., 0., 0., 0., 0., 1., 0., 0.,
        1., 0., 0., 1., 0., 0., 1., 0., 0., 1., 0., 0., 0., 0.]), tensor([0., 0., 1., 0., 0., 0., 0., 0., 1., 0., 0., 0., 0., 0., 0., 0., 0., 1.,
        0., 0., 1., 0., 0., 1., 0., 0., 0., 0., 0., 1., 0., 0.]), tensor([0., 0., 0., 1., 0., 0., 1., 0., 0., 0., 0., 0., 1., 0., 0., 1., 1., 0.,
        0., 0., 0., 0., 0., 0., 1., 0., 0., 1., 0., 0., 1., 0.]), tensor([1., 0., 1., 1., 0., 1., 1., 0., 0., 1., 0., 0., 1., 0., 0., 1., 0., 0.,
        1., 0., 0., 1., 0., 0., 0., 0., 0., 1., 0., 0., 1., 0.]), tensor([0., 0., 1., 0., 0., 1., 0., 0., 1., 0., 0., 1., 0., 0., 1., 0., 0., 1.,
        0., 0., 1., 0., 0., 1., 0., 0., 1., 0., 0., 1., 1., 0.]), tensor([0., 0., 1., 0., 0., 1., 0., 0., 1., 0., 0., 1., 0., 0., 1., 0., 0., 1.,
        0., 0., 1., 0., 0., 1., 0., 0., 1., 0., 0., 1., 0., 0.]), tensor([0., 0., 0., 1., 0., 0., 1., 0., 0., 1., 0., 0., 1., 0., 0., 1., 0., 0.,
        0., 0., 0., 0., 0., 0., 0., 0., 0., 1., 0., 0., 1., 0.]), tensor([1., 0., 0., 1., 0., 0., 1., 0., 0., 0., 0., 0., 1., 0., 0., 1., 0., 0.,
        1., 0., 0., 0., 0., 0., 1., 0., 0., 0., 0., 0., 0., 0.]), tensor([0., 0., 0., 1., 0., 0., 1., 0., 0., 1., 0., 0., 0., 0., 0., 0., 0., 0.,
        1., 0., 0., 0., 0., 0., 1., 0., 0., 1., 0., 0., 1., 0.]), tensor([0., 1., 0., 0., 0., 0., 0., 0., 0., 0., 1., 0., 0., 0., 0., 0., 0., 0.,
        0., 1., 0., 1., 1., 0., 0., 1., 0., 0., 1., 0., 0., 0.]), tensor([0., 0., 0., 0., 1., 0., 1., 1., 0., 0., 1., 0., 0., 1., 0., 0., 1., 0.,
        0., 1., 0., 0., 1., 0., 0., 0., 0., 0., 1., 0., 0., 0.]), tensor([0., 0., 0., 0., 0., 0., 0., 0., 0., 0., 0., 0., 0., 0., 0., 0., 1., 0.,
        0., 0., 0., 0., 0., 0., 0., 0., 0., 0., 0., 0., 0., 0.]), tensor([1., 1., 0., 1., 1., 1., 0., 1., 0., 0., 1., 0., 0., 1., 0., 0., 0., 0.,
        1., 1., 0., 0., 1., 0., 0., 1., 0., 1., 0., 0., 0., 1.]), tensor([0., 0., 1., 0., 0., 0., 0., 0., 1., 0., 0., 1., 1., 0., 1., 0., 0., 1.,
        0., 0., 0., 0., 0., 0., 0., 0., 1., 0., 1., 1., 0., 0.]), tensor([0., 0., 1., 0., 0., 1., 0., 0., 1., 0., 0., 1., 0., 0., 1., 0., 0., 1.,
        0., 0., 1., 0., 0., 1., 0., 0., 1., 0., 0., 1., 0., 0.]), tensor([1., 0., 0., 1., 0., 0., 1., 0., 0., 1., 0., 0., 1., 0., 0., 1., 0., 0.,
        1., 0., 0., 1., 0., 0., 1., 0., 0., 1., 0., 0., 1., 0.]), tensor([0., 1., 0., 0., 1., 0., 0., 1., 0., 0., 1., 0., 0., 1., 0., 0., 1., 0.,
        0., 1., 0., 0., 1., 0., 0., 1., 0., 0., 1., 0., 0., 1.])]
[tensor([0., 0., 0., 0., 1., 0., 0., 0., 0., 0., 1., 0., 0., 1., 0., 0., 1., 0.,
        0., 1., 0., 0., 1., 0., 0., 1., 0., 0., 1., 0., 0., 0.]), tensor([0., 0., 0., 0., 1., 0., 0., 1., 0., 0., 0., 0., 0., 0., 0., 0., 1., 0.,
        0., 1., 0., 0., 1., 0., 0., 1., 0., 0., 1., 0., 0., 1.]), tensor([0., 0., 0., 0., 0., 0., 0., 1., 0., 0., 0., 0., 0., 0., 0., 0., 0., 0.,
        0., 0., 0., 0., 0., 0., 0., 0., 0., 0., 0., 0., 0., 1.]), tensor([0., 1., 0., 0., 0., 0., 0., 1., 0., 0., 1., 0., 0., 1., 0., 0., 1., 0.,
        0., 1., 0., 0., 1., 0., 0., 0., 0., 0., 1., 0., 0., 1.]), tensor([0., 1., 0., 0., 1., 0., 0., 0., 0., 0., 1., 0., 0., 0., 0., 0., 0., 0.,
        0., 0., 0., 0., 1., 0., 0., 0., 0., 0., 0., 0., 0., 0.]), tensor([0., 0., 0., 1., 0., 0., 1., 0., 0., 0., 0., 0., 0., 0., 0., 1., 0., 0.,
        0., 0., 0., 1., 0., 0., 1., 0., 0., 0., 0., 0., 0., 0.]), tensor([1., 0., 0., 1., 0., 0., 1., 0., 0., 1., 0., 0., 1., 0., 0., 1., 0., 0.,
        1., 0., 0., 1., 0., 0., 0., 0., 0., 1., 0., 0., 1., 0.]), tensor([1., 0., 0., 1., 0., 0., 1., 0., 0., 1., 0., 0., 1., 0., 0., 0., 0., 0.,
        1., 0., 0., 1., 0., 0., 0., 0., 0., 1., 0., 0., 0., 0.]), tensor([0., 0., 0., 0., 0., 0., 0., 0., 1., 0., 0., 0., 0., 0., 0., 0., 0., 0.,
        0., 0., 1., 0., 0., 0., 0., 0., 1., 0., 0., 0., 0., 0.]), tensor([0., 0., 1., 0., 0., 1., 0., 0., 0., 0., 0., 0., 0., 0., 1., 0., 0., 0.,
        0., 0., 0., 0., 0., 1., 0., 0., 0., 0., 0., 1., 0., 0.]), tensor([0., 0., 0., 0., 0., 0., 0., 0., 0., 0., 0., 1., 0., 0., 0., 0., 0., 0.,
        0., 0., 1., 0., 0., 1., 0., 0., 1., 0., 0., 0., 0., 0.]), tensor([0., 0., 1., 0., 0., 1., 0., 0., 0., 0., 0., 1., 0., 0., 1., 0., 0., 1.,
        0., 0., 0., 0., 0., 1., 0., 0., 0., 0., 0., 0., 0., 0.]), tensor([0., 0., 1., 0., 1., 0., 0., 1., 1., 0., 1., 0., 1., 1., 1., 1., 1., 1.,
        0., 0., 1., 1., 1., 1., 1., 1., 1., 1., 0., 0., 1., 1.]), tensor([1., 1., 0., 1., 1., 1., 1., 1., 0., 1., 0., 1., 0., 1., 1., 0., 1., 1.,
        1., 1., 1., 0., 0., 0., 1., 0., 1., 0., 1., 1., 1., 1.]), tensor([0., 1., 0., 0., 1., 0., 0., 0., 0., 0., 1., 1., 0., 1., 0., 1., 1., 1.,
        0., 0., 0., 0., 1., 0., 0., 0., 0., 0., 0., 0., 0., 1.]), tensor([0., 1., 0., 0., 0., 0., 0., 1., 0., 0., 1., 0., 0., 1., 0., 0., 1., 0.,
        0., 1., 0., 0., 1., 0., 0., 0., 0., 0., 1., 0., 0., 1.]), tensor([0., 0., 0., 1., 0., 0., 1., 0., 0., 0., 0., 0., 0., 0., 0., 1., 0., 0.,
        0., 0., 0., 1., 0., 0., 1., 0., 0., 0., 0., 0., 0., 0.]), tensor([0., 0., 0., 0., 1., 0., 0., 1., 0., 0., 1., 0., 0., 0., 0., 0., 1., 0.,
        0., 0., 1., 0., 1., 0., 0., 0., 1., 0., 0., 0., 0., 1.]), tensor([1., 1., 0., 0., 1., 0., 0., 1., 0., 0., 1., 0., 0., 0., 0., 0., 0., 0.,
        0., 1., 0., 1., 1., 0., 1., 0., 0., 1., 1., 0., 1., 0.]), tensor([1., 1., 0., 1., 1., 0., 1., 0., 0., 1., 1., 0., 1., 0., 0., 1., 0., 0.,
        1., 0., 0., 1., 1., 0., 0., 0., 0., 1., 0., 0., 1., 0.]), tensor([1., 1., 0., 1., 0., 0., 1., 0., 0., 1., 0., 0., 1., 0., 0., 1., 0., 0.,
        1., 0., 0., 1., 0., 0., 0., 0., 0., 1., 0., 0., 1., 0.]), tensor([0., 0., 0., 0., 1., 0., 0., 0., 0., 0., 1., 0., 0., 1., 0., 0., 1., 0.,
        0., 1., 0., 0., 1., 0., 0., 0., 0., 0., 1., 0., 0., 0.]), tensor([0., 0., 0., 0., 1., 0., 0., 1., 0., 0., 0., 0., 0., 0., 0., 0., 1., 0.,
        0., 1., 0., 0., 1., 0., 0., 1., 0., 0., 1., 0., 0., 1.]), tensor([0., 0., 0., 0., 1., 0., 0., 0., 0., 0., 1., 0., 0., 1., 0., 0., 0., 0.,
        0., 0., 0., 0., 1., 0., 0., 1., 0., 0., 0., 0., 0., 0.]), tensor([0., 1., 0., 0., 0., 0., 0., 0., 1., 0., 0., 1., 0., 0., 0., 0., 0., 0.,
        0., 0., 1., 0., 0., 1., 0., 0., 1., 0., 1., 1., 0., 1.]), tensor([0., 0., 1., 0., 0., 1., 0., 0., 0., 0., 0., 1., 0., 0., 1., 0., 0., 1.,
        0., 0., 1., 0., 0., 1., 0., 1., 1., 0., 0., 0., 0., 0.]), tensor([0., 0., 0., 0., 0., 0., 0., 0., 1., 0., 0., 0., 0., 0., 0., 0., 0., 0.,
        0., 0., 1., 0., 0., 0., 0., 0., 1., 0., 0., 0., 0., 0.]), tensor([0., 0., 1., 0., 0., 1., 0., 0., 0., 0., 0., 1., 0., 1., 1., 0., 0., 1.,
        0., 1., 0., 0., 0., 1., 0., 0., 0., 0., 1., 1., 0., 0.]), tensor([1., 0., 0., 1., 0., 0., 1., 1., 0., 1., 0., 0., 1., 0., 0., 0., 0., 0.,
        1., 0., 0., 1., 0., 0., 1., 0., 0., 1., 0., 0., 0., 1.]), tensor([1., 0., 0., 1., 0., 0., 1., 0., 0., 1., 0., 0., 1., 0., 0., 1., 0., 0.,
        1., 0., 0., 1., 0., 0., 1., 0., 0., 1., 0., 0., 1., 0.]), tensor([0., 1., 0., 0., 1., 0., 0., 1., 0., 0., 1., 0., 0., 1., 0., 0., 1., 0.,
        0., 1., 0., 0., 1., 0., 0., 1., 0., 0., 1., 0., 0., 1.]), tensor([0., 0., 1., 0., 0., 1., 0., 0., 1., 0., 0., 1., 0., 0., 1., 0., 0., 1.,
        0., 0., 1., 0., 0., 1., 0., 0., 1., 0., 0., 1., 0., 0.])]
[tensor([0., 0., 1., 0., 0., 1., 0., 0., 1., 0., 0., 1., 0., 0., 1., 0., 0., 1.,
        0., 0., 1., 0., 0., 0., 0., 0., 1., 0., 0., 1., 0., 0.]), tensor([0., 0., 0., 0., 0., 1., 0., 0., 1., 0., 0., 1., 0., 0., 0., 0., 0., 1.,
        0., 0., 1., 0., 0., 0., 0., 0., 1., 0., 0., 1., 0., 0.]), tensor([0., 0., 0., 0., 0., 0., 0., 0., 1., 0., 0., 1., 0., 0., 1., 0., 0., 1.,
        0., 0., 1., 0., 0., 1., 0., 0., 0., 0., 0., 0., 0., 0.]), tensor([0., 0., 1., 0., 0., 1., 0., 0., 0., 0., 0., 0., 0., 0., 0., 0., 0., 0.,
        0., 0., 1., 0., 0., 0., 0., 0., 0., 0., 0., 1., 0., 0.]), tensor([0., 0., 1., 0., 0., 0., 0., 0., 0., 0., 0., 0., 0., 0., 0., 0., 0., 1.,
        0., 0., 1., 0., 0., 1., 0., 0., 1., 0., 0., 1., 0., 0.]), tensor([0., 0., 0., 0., 1., 0., 0., 0., 0., 0., 0., 0., 0., 0., 0., 0., 1., 0.,
        0., 1., 0., 0., 1., 0., 0., 1., 0., 0., 1., 0., 0., 1.]), tensor([0., 1., 0., 0., 1., 0., 0., 1., 0., 0., 1., 0., 0., 1., 0., 0., 1., 0.,
        0., 1., 0., 0., 0., 0., 0., 1., 0., 0., 1., 0., 0., 1.]), tensor([0., 1., 0., 0., 1., 0., 0., 0., 0., 0., 1., 0., 0., 1., 0., 0., 1., 0.,
        0., 0., 0., 0., 0., 0., 0., 1., 0., 0., 0., 0., 0., 1.]), tensor([1., 0., 0., 0., 0., 0., 0., 0., 0., 1., 0., 0., 1., 0., 0., 0., 0., 0.,
        0., 0., 0., 0., 0., 0., 1., 0., 0., 1., 0., 0., 0., 0.]), tensor([0., 0., 0., 0., 0., 0., 1., 0., 0., 0., 0., 0., 0., 0., 0., 0., 0., 0.,
        1., 0., 0., 1., 0., 0., 0., 0., 0., 0., 0., 0., 0., 0.]), tensor([0., 0., 0., 1., 0., 0., 0., 0., 0., 1., 0., 0., 0., 0., 0., 0., 0., 0.,
        0., 0., 0., 0., 0., 0., 0., 0., 0., 1., 0., 0., 1., 0.]), tensor([0., 0., 0., 0., 0., 0., 1., 0., 0., 0., 0., 0., 0., 0., 0., 1., 0., 0.,
        0., 0., 0., 0., 0., 0., 0., 0., 0., 0., 0., 0., 0., 0.]), tensor([0., 1., 0., 0., 0., 1., 1., 1., 1., 1., 1., 0., 1., 0., 1., 1., 0., 1.,
        1., 1., 1., 1., 1., 1., 0., 0., 1., 0., 1., 1., 0., 1.]), tensor([1., 0., 1., 0., 1., 1., 0., 1., 0., 1., 1., 1., 1., 0., 1., 1., 0., 1.,
        0., 1., 1., 1., 0., 0., 0., 1., 0., 1., 0., 1., 1., 1.]), tensor([1., 1., 1., 0., 0., 1., 0., 0., 1., 0., 1., 0., 1., 0., 0., 1., 0., 1.,
        0., 0., 1., 0., 1., 1., 0., 0., 1., 0., 1., 1., 0., 1.]), tensor([0., 0., 1., 0., 0., 1., 0., 0., 0., 0., 0., 0., 0., 0., 0., 0., 0., 0.,
        0., 0., 1., 0., 0., 0., 0., 0., 0., 0., 0., 1., 0., 0.]), tensor([0., 0., 0., 0., 1., 0., 0., 0., 0., 0., 0., 0., 0., 0., 0., 0., 1., 0.,
        0., 1., 0., 0., 1., 0., 0., 1., 0., 0., 1., 0., 0., 1.]), tensor([0., 0., 1., 0., 0., 1., 0., 1., 1., 1., 0., 1., 0., 0., 1., 0., 0., 1.,
        0., 0., 1., 0., 0., 1., 1., 0., 0., 1., 0., 1., 1., 0.]), tensor([0., 0., 1., 0., 0., 0., 0., 0., 0., 0., 0., 1., 0., 0., 0., 0., 1., 1.,
        0., 1., 1., 0., 0., 1., 0., 0., 1., 0., 0., 1., 0., 0.]), tensor([0., 1., 0., 0., 1., 0., 0., 1., 0., 0., 1., 0., 0., 1., 0., 0., 1., 0.,
        0., 1., 0., 0., 0., 0., 0., 1., 1., 0., 1., 0., 0., 1.]), tensor([0., 1., 0., 0., 1., 0., 0., 1., 0., 0., 1., 0., 0., 1., 0., 0., 1., 0.,
        0., 1., 0., 0., 0., 0., 0., 1., 1., 0., 1., 0., 0., 1.]), tensor([0., 0., 0., 0., 0., 1., 0., 0., 1., 0., 0., 0., 0., 0., 1., 0., 0., 1.,
        0., 0., 0., 0., 0., 0., 0., 0., 1., 0., 0., 0., 0., 0.]), tensor([0., 0., 0., 0., 0., 1., 0., 0., 1., 0., 0., 1., 0., 0., 0., 0., 0., 1.,
        0., 0., 1., 0., 0., 0., 0., 0., 1., 0., 0., 1., 0., 0.]), tensor([0., 0., 1., 0., 0., 1., 0., 0., 0., 0., 0., 1., 0., 0., 1., 0., 0., 0.,
        0., 0., 1., 0., 0., 0., 0., 0., 0., 0., 0., 1., 0., 0.]), tensor([0., 0., 0., 1., 0., 0., 0., 0., 0., 1., 0., 0., 0., 0., 0., 0., 0., 1.,
        1., 0., 0., 1., 0., 0., 0., 0., 0., 1., 0., 0., 1., 0.]), tensor([0., 0., 0., 1., 0., 0., 1., 0., 0., 1., 0., 1., 1., 0., 0., 1., 0., 0.,
        0., 0., 1., 0., 0., 0., 0., 0., 0., 1., 0., 0., 1., 0.]), tensor([1., 0., 0., 0., 0., 0., 0., 0., 0., 1., 0., 0., 1., 0., 0., 0., 0., 0.,
        0., 0., 0., 0., 0., 0., 1., 0., 0., 1., 0., 0., 0., 0.]), tensor([0., 0., 0., 0., 0., 0., 1., 0., 1., 0., 0., 0., 0., 0., 0., 1., 0., 0.,
        1., 1., 0., 1., 0., 1., 0., 0., 1., 0., 0., 0., 0., 0.]), tensor([0., 1., 0., 0., 1., 0., 0., 0., 0., 0., 1., 1., 0., 1., 1., 0., 1., 1.,
        0., 0., 1., 0., 0., 0., 0., 1., 0., 0., 0., 0., 0., 1.]), tensor([0., 1., 0., 0., 1., 0., 0., 1., 0., 0., 1., 0., 0., 1., 0., 0., 1., 0.,
        0., 1., 0., 0., 1., 0., 0., 1., 0., 0., 1., 0., 0., 1.]), tensor([0., 0., 1., 0., 0., 1., 0., 0., 1., 0., 0., 1., 0., 0., 1., 0., 0., 1.,
        0., 0., 1., 0., 0., 1., 0., 0., 1., 0., 0., 1., 0., 0.]), tensor([1., 0., 0., 1., 0., 0., 1., 0., 0., 1., 0., 0., 1., 0., 0., 1., 0., 0.,
        1., 0., 0., 1., 0., 0., 1., 0., 0., 1., 0., 0., 1., 0.])]
[tensor([1., 0., 0., 1., 0., 0., 1., 0., 0., 1., 0., 0., 0., 0., 0., 1., 0., 0.,
        0., 0., 0., 1., 0., 0., 1., 0., 0., 1., 0., 0., 1., 0.]), tensor([0., 0., 0., 1., 0., 0., 0., 0., 0., 0., 0., 0., 1., 0., 0., 0., 0., 0.,
        0., 0., 0., 1., 0., 0., 1., 0., 0., 1., 0., 0., 0., 0.]), tensor([1., 0., 0., 0., 0., 0., 1., 0., 0., 1., 0., 0., 0., 0., 0., 1., 0., 0.,
        1., 0., 0., 0., 0., 0., 1., 0., 0., 0., 0., 0., 0., 0.]), tensor([0., 0., 0., 1., 0., 0., 1., 0., 0., 0., 0., 0., 0., 0., 0., 1., 0., 0.,
        0., 0., 0., 0., 0., 0., 0., 0., 0., 1., 0., 0., 1., 0.]), tensor([0., 0., 0., 0., 0., 0., 1., 0., 0., 0., 0., 0., 0., 0., 0., 1., 0., 0.,
        1., 0., 0., 1., 0., 0., 0., 0., 0., 1., 0., 0., 0., 0.]), tensor([0., 0., 0., 0., 0., 1., 0., 0., 1., 0., 0., 1., 0., 0., 1., 0., 0., 0.,
        0., 0., 0., 0., 0., 1., 0., 0., 1., 0., 0., 1., 0., 0.]), tensor([0., 0., 1., 0., 0., 1., 0., 0., 1., 0., 0., 1., 0., 0., 1., 0., 0., 1.,
        0., 0., 1., 0., 0., 0., 0., 0., 1., 0., 0., 1., 0., 0.]), tensor([0., 0., 0., 0., 0., 0., 0., 0., 1., 0., 0., 0., 0., 0., 1., 0., 0., 1.,
        0., 0., 1., 0., 0., 0., 0., 0., 0., 0., 0., 1., 0., 0.]), tensor([0., 1., 0., 0., 1., 0., 0., 0., 0., 0., 0., 0., 0., 1., 0., 0., 0., 0.,
        0., 0., 0., 0., 0., 0., 0., 0., 0., 0., 1., 0., 0., 0.]), tensor([0., 0., 0., 0., 0., 0., 0., 1., 0., 0., 0., 0., 0., 0., 0., 0., 0., 0.,
        0., 1., 0., 0., 1., 0., 0., 0., 0., 0., 0., 0., 0., 1.]), tensor([0., 1., 0., 0., 1., 0., 0., 1., 0., 0., 1., 0., 0., 0., 0., 0., 0., 0.,
        0., 0., 0., 0., 1., 0., 0., 0., 0., 0., 0., 0., 0., 0.]), tensor([0., 0., 0., 0., 0., 0., 0., 1., 0., 0., 0., 0., 0., 0., 0., 0., 1., 0.,
        0., 0., 0., 0., 1., 0., 0., 1., 0., 0., 0., 0., 0., 1.]), tensor([0., 0., 1., 0., 1., 1., 1., 0., 1., 0., 0., 1., 1., 0., 1., 1., 1., 1.,
        1., 0., 0., 1., 1., 0., 1., 1., 0., 1., 0., 1., 1., 1.]), tensor([1., 1., 1., 0., 1., 1., 1., 1., 0., 0., 1., 1., 1., 1., 1., 1., 1., 1.,
        1., 0., 1., 1., 0., 1., 1., 0., 1., 1., 1., 1., 0., 1.]), tensor([1., 1., 1., 0., 0., 1., 1., 0., 0., 0., 0., 0., 0., 0., 0., 1., 1., 0.,
        1., 0., 0., 1., 0., 0., 1., 1., 1., 1., 1., 0., 0., 0.]), tensor([0., 0., 0., 1., 0., 0., 1., 0., 0., 0., 0., 0., 0., 0., 0., 1., 0., 0.,
        0., 0., 0., 0., 0., 0., 0., 0., 0., 1., 0., 0., 1., 0.]), tensor([0., 0., 0., 0., 0., 1., 0., 0., 1., 0., 0., 1., 0., 0., 1., 0., 0., 0.,
        0., 0., 0., 0., 0., 1., 0., 0., 1., 0., 0., 1., 0., 0.]), tensor([1., 1., 0., 0., 0., 0., 1., 0., 0., 1., 1., 1., 1., 1., 0., 1., 0., 0.,
        1., 0., 0., 0., 0., 0., 1., 0., 0., 0., 0., 0., 0., 0.]), tensor([0., 0., 0., 1., 0., 0., 1., 0., 0., 1., 0., 0., 0., 0., 0., 1., 0., 0.,
        1., 0., 0., 1., 0., 1., 0., 0., 0., 1., 0., 0., 0., 0.]), tensor([0., 0., 1., 0., 0., 1., 0., 0., 1., 0., 0., 1., 0., 0., 1., 0., 0., 1.,
        0., 0., 1., 0., 0., 0., 0., 0., 1., 0., 0., 1., 0., 0.]), tensor([0., 0., 1., 0., 0., 1., 0., 0., 1., 0., 0., 1., 0., 0., 1., 0., 0., 1.,
        0., 0., 1., 0., 0., 0., 0., 0., 1., 0., 0., 1., 0., 0.]), tensor([1., 0., 0., 0., 0., 0., 1., 0., 0., 1., 0., 0., 0., 0., 0., 1., 0., 0.,
        0., 0., 0., 1., 0., 0., 1., 0., 0., 0., 0., 0., 1., 0.]), tensor([0., 0., 0., 1., 0., 0., 0., 0., 0., 0., 0., 0., 1., 0., 0., 0., 0., 0.,
        0., 0., 0., 1., 0., 0., 1., 0., 0., 1., 0., 0., 0., 0.]), tensor([0., 0., 0., 1., 0., 0., 1., 0., 0., 0., 0., 0., 0., 0., 0., 0., 0., 0.,
        0., 0., 0., 0., 0., 0., 0., 0., 0., 1., 0., 0., 1., 0.]), tensor([0., 1., 0., 0., 1., 0., 0., 1., 0., 0., 1., 0., 0., 1., 0., 0., 0., 0.,
        0., 0., 0., 0., 1., 0., 0., 0., 0., 0., 0., 0., 0., 0.]), tensor([0., 1., 0., 0., 1., 0., 1., 1., 0., 1., 1., 0., 1., 0., 0., 1., 1., 0.,
        0., 0., 0., 1., 1., 0., 0., 1., 0., 0., 0., 0., 0., 1.]), tensor([0., 1., 0., 0., 1., 0., 0., 0., 0., 0., 0., 0., 0., 1., 0., 0., 0., 0.,
        0., 0., 0., 0., 0., 0., 0., 0., 0., 0., 1., 0., 0., 0.]), tensor([0., 0., 1., 1., 0., 0., 0., 1., 0., 0., 0., 0., 0., 0., 0., 0., 1., 0.,
        1., 1., 0., 0., 1., 0., 1., 1., 0., 1., 0., 0., 0., 1.]), tensor([1., 0., 0., 0., 0., 0., 1., 0., 1., 1., 0., 0., 0., 0., 1., 1., 0., 1.,
        0., 0., 1., 0., 0., 1., 0., 0., 0., 0., 0., 1., 0., 0.]), tensor([0., 0., 1., 0., 0., 1., 0., 0., 1., 0., 0., 1., 0., 0., 1., 0., 0., 1.,
        0., 0., 1., 0., 0., 1., 0., 0., 1., 0., 0., 1., 0., 0.]), tensor([1., 0., 0., 1., 0., 0., 1., 0., 0., 1., 0., 0., 1., 0., 0., 1., 0., 0.,
        1., 0., 0., 1., 0., 0., 1., 0., 0., 1., 0., 0., 1., 0.]), tensor([0., 1., 0., 0., 1., 0., 0., 1., 0., 0., 1., 0., 0., 1., 0., 0., 1., 0.,
        0., 1., 0., 0., 1., 0., 0., 1., 0., 0., 1., 0., 0., 1.])]
[tensor([0., 1., 0., 0., 1., 0., 0., 1., 0., 0., 0., 0., 0., 1., 0., 0., 1., 0.,
        0., 0., 0., 0., 0., 0., 0., 1., 0., 0., 1., 0., 0., 1.]), tensor([0., 1., 0., 0., 1., 0., 0., 1., 0., 0., 0., 0., 0., 0., 0., 0., 0., 0.,
        0., 1., 0., 0., 0., 0., 0., 1., 0., 0., 1., 0., 0., 0.]), tensor([0., 1., 0., 0., 0., 0., 0., 0., 0., 0., 0., 0., 0., 1., 0., 0., 0., 0.,
        0., 1., 0., 0., 0., 0., 0., 0., 0., 0., 0., 0., 0., 0.]), tensor([0., 1., 0., 0., 1., 0., 0., 0., 0., 0., 1., 0., 0., 1., 0., 0., 0., 0.,
        0., 1., 0., 0., 0., 0., 0., 0., 0., 0., 1., 0., 0., 0.]), tensor([0., 0., 0., 0., 1., 0., 0., 0., 0., 0., 0., 0., 0., 0., 0., 0., 1., 0.,
        0., 1., 0., 0., 1., 0., 0., 1., 0., 0., 0., 0., 0., 0.]), tensor([0., 0., 0., 1., 0., 0., 0., 0., 0., 1., 0., 0., 1., 0., 0., 0., 0., 0.,
        0., 0., 0., 1., 0., 0., 1., 0., 0., 1., 0., 0., 0., 0.]), tensor([1., 0., 0., 1., 0., 0., 1., 0., 0., 1., 0., 0., 1., 0., 0., 1., 0., 0.,
        1., 0., 0., 0., 0., 0., 1., 0., 0., 1., 0., 0., 1., 0.]), tensor([1., 0., 0., 0., 0., 0., 1., 0., 0., 0., 0., 0., 1., 0., 0., 0., 0., 0.,
        0., 0., 0., 0., 0., 0., 0., 0., 0., 0., 0., 0., 1., 0.]), tensor([0., 0., 0., 0., 0., 0., 0., 0., 1., 0., 0., 0., 0., 0., 1., 0., 0., 0.,
        0., 0., 0., 0., 0., 0., 0., 0., 0., 0., 0., 0., 0., 0.]), tensor([0., 0., 1., 0., 0., 1., 0., 0., 0., 0., 0., 0., 0., 0., 0., 0., 0., 1.,
        0., 0., 0., 0., 0., 1., 0., 0., 1., 0., 0., 1., 0., 0.]), tensor([0., 0., 0., 0., 0., 1., 0., 0., 0., 0., 0., 1., 0., 0., 1., 0., 0., 1.,
        0., 0., 1., 0., 0., 0., 0., 0., 0., 0., 0., 0., 0., 0.]), tensor([0., 0., 1., 0., 0., 1., 0., 0., 0., 0., 0., 1., 0., 0., 0., 0., 0., 1.,
        0., 0., 1., 0., 0., 1., 0., 0., 0., 0., 0., 0., 0., 0.]), tensor([1., 0., 0., 1., 1., 0., 0., 0., 1., 1., 1., 1., 1., 1., 1., 1., 1., 1.,
        0., 1., 0., 1., 1., 0., 1., 0., 1., 1., 1., 0., 0., 0.]), tensor([0., 0., 1., 1., 0., 0., 0., 0., 1., 1., 1., 1., 0., 1., 1., 1., 0., 1.,
        1., 1., 1., 1., 1., 0., 1., 1., 0., 1., 0., 1., 1., 0.]), tensor([1., 0., 0., 0., 1., 0., 0., 0., 0., 1., 1., 1., 0., 1., 0., 1., 1., 0.,
        1., 1., 1., 1., 1., 0., 0., 1., 0., 1., 0., 0., 1., 0.]), tensor([0., 1., 0., 0., 1., 0., 0., 0., 0., 0., 1., 0., 0., 1., 0., 0., 0., 0.,
        0., 1., 0., 0., 0., 0., 0., 0., 0., 0., 1., 0., 0., 0.]), tensor([0., 0., 0., 1., 0., 0., 0., 0., 0., 1., 0., 0., 1., 0., 0., 0., 0., 0.,
        0., 0., 0., 1., 0., 0., 1., 0., 0., 1., 0., 0., 0., 0.]), tensor([0., 1., 0., 0., 0., 0., 0., 1., 0., 0., 0., 0., 0., 1., 1., 0., 1., 0.,
        0., 1., 0., 0., 1., 0., 0., 1., 0., 0., 0., 0., 0., 0.]), tensor([0., 0., 0., 1., 1., 0., 1., 0., 0., 0., 0., 0., 0., 0., 0., 0., 1., 0.,
        0., 1., 0., 0., 1., 0., 1., 1., 0., 0., 1., 0., 0., 1.]), tensor([1., 0., 0., 1., 0., 0., 1., 0., 0., 1., 0., 0., 1., 0., 0., 1., 1., 0.,
        1., 0., 0., 0., 0., 0., 1., 0., 0., 1., 0., 0., 1., 0.]), tensor([1., 0., 0., 1., 0., 0., 1., 0., 0., 1., 0., 0., 1., 0., 0., 1., 0., 0.,
        1., 0., 0., 0., 0., 0., 1., 0., 0., 1., 0., 0., 1., 0.]), tensor([0., 1., 0., 0., 1., 0., 0., 0., 0., 0., 0., 0., 0., 1., 0., 0., 1., 0.,
        0., 0., 0., 0., 0., 0., 0., 1., 0., 0., 1., 0., 0., 1.]), tensor([0., 1., 0., 0., 1., 0., 0., 1., 0., 0., 0., 0., 0., 0., 0., 0., 0., 0.,
        0., 1., 0., 0., 0., 0., 0., 1., 0., 0., 1., 0., 0., 0.]), tensor([0., 0., 0., 0., 0., 0., 0., 1., 0., 0., 0., 0., 0., 0., 0., 0., 1., 0.,
        0., 0., 0., 0., 0., 0., 0., 1., 0., 0., 1., 0., 0., 0.]), tensor([0., 0., 0., 0., 0., 1., 0., 0., 0., 0., 0., 1., 0., 1., 1., 0., 0., 1.,
        0., 1., 1., 0., 0., 0., 0., 0., 0., 0., 0., 0., 0., 1.]), tensor([0., 0., 1., 0., 1., 1., 0., 1., 1., 0., 0., 1., 0., 0., 1., 0., 0., 1.,
        0., 0., 1., 0., 1., 1., 0., 1., 0., 0., 0., 0., 0., 0.]), tensor([0., 0., 0., 0., 0., 0., 0., 0., 1., 0., 0., 0., 0., 0., 1., 0., 0., 0.,
        0., 0., 0., 0., 0., 0., 0., 0., 0., 0., 0., 0., 0., 0.]), tensor([0., 0., 1., 1., 0., 1., 0., 0., 0., 1., 0., 1., 0., 1., 0., 0., 0., 1.,
        0., 0., 1., 0., 0., 1., 0., 0., 1., 0., 0., 1., 0., 1.]), tensor([1., 1., 0., 0., 0., 0., 1., 0., 0., 0., 0., 0., 1., 0., 0., 0., 0., 0.,
        0., 1., 0., 0., 0., 0., 0., 0., 0., 0., 1., 0., 1., 0.]), tensor([1., 0., 0., 1., 0., 0., 1., 0., 0., 1., 0., 0., 1., 0., 0., 1., 0., 0.,
        1., 0., 0., 1., 0., 0., 1., 0., 0., 1., 0., 0., 1., 0.]), tensor([0., 1., 0., 0., 1., 0., 0., 1., 0., 0., 1., 0., 0., 1., 0., 0., 1., 0.,
        0., 1., 0., 0., 1., 0., 0., 1., 0., 0., 1., 0., 0., 1.]), tensor([0., 0., 1., 0., 0., 1., 0., 0., 1., 0., 0., 1., 0., 0., 1., 0., 0., 1.,
        0., 0., 1., 0., 0., 1., 0., 0., 1., 0., 0., 1., 0., 0.])]
[tensor([0., 0., 1., 0., 0., 1., 0., 0., 1., 0., 0., 0., 0., 0., 1., 0., 0., 1.,
        0., 0., 0., 0., 0., 0., 0., 0., 1., 0., 0., 0., 0., 0.]), tensor([0., 0., 1., 0., 0., 1., 0., 0., 1., 0., 0., 0., 0., 0., 1., 0., 0., 1.,
        0., 0., 1., 0., 0., 0., 0., 0., 1., 0., 0., 1., 0., 0.]), tensor([0., 0., 0., 0., 0., 0., 0., 0., 0., 0., 0., 1., 0., 0., 0., 0., 0., 0.,
        0., 0., 0., 0., 0., 0., 0., 0., 0., 0., 0., 0., 0., 0.]), tensor([0., 0., 0., 0., 0., 1., 0., 0., 1., 0., 0., 1., 0., 0., 0., 0., 0., 0.,
        0., 0., 1., 0., 0., 1., 0., 0., 0., 0., 0., 1., 0., 0.]), tensor([0., 0., 0., 0., 0., 0., 0., 0., 1., 0., 0., 0., 0., 0., 1., 0., 0., 1.,
        0., 0., 0., 0., 0., 1., 0., 0., 0., 0., 0., 0., 0., 0.]), tensor([0., 1., 0., 0., 0., 0., 0., 0., 0., 0., 1., 0., 0., 1., 0., 0., 1., 0.,
        0., 1., 0., 0., 1., 0., 0., 0., 0., 0., 1., 0., 0., 1.]), tensor([0., 1., 0., 0., 1., 0., 0., 1., 0., 0., 1., 0., 0., 1., 0., 0., 0., 0.,
        0., 1., 0., 0., 1., 0., 0., 1., 0., 0., 1., 0., 0., 0.]), tensor([0., 0., 0., 0., 0., 0., 0., 1., 0., 0., 0., 0., 0., 1., 0., 0., 0., 0.,
        0., 1., 0., 0., 0., 0., 0., 0., 0., 0., 1., 0., 0., 0.]), tensor([1., 0., 0., 0., 0., 0., 0., 0., 0., 1., 0., 0., 0., 0., 0., 1., 0., 0.,
        0., 0., 0., 1., 0., 0., 0., 0., 0., 0., 0., 0., 0., 0.]), tensor([0., 0., 0., 1., 0., 0., 0., 0., 0., 0., 0., 0., 1., 0., 0., 0., 0., 0.,
        0., 0., 0., 0., 0., 0., 1., 0., 0., 1., 0., 0., 1., 0.]), tensor([0., 0., 0., 0., 0., 0., 1., 0., 0., 1., 0., 0., 0., 0., 0., 0., 0., 0.,
        1., 0., 0., 0., 0., 0., 0., 0., 0., 1., 0., 0., 0., 0.]), tensor([0., 0., 0., 0., 0., 0., 0., 0., 0., 0., 0., 0., 1., 0., 0., 0., 0., 0.,
        0., 0., 0., 0., 0., 0., 1., 0., 0., 1., 0., 0., 0., 0.]), tensor([0., 1., 0., 1., 0., 1., 0., 1., 1., 1., 1., 1., 1., 1., 1., 0., 0., 1.,
        1., 0., 1., 1., 0., 1., 0., 0., 1., 1., 1., 1., 1., 1.]), tensor([0., 0., 0., 0., 1., 1., 1., 1., 1., 1., 0., 1., 0., 1., 0., 1., 1., 1.,
        0., 1., 1., 0., 1., 0., 0., 1., 1., 1., 1., 1., 1., 0.]), tensor([0., 1., 0., 0., 1., 0., 1., 1., 1., 0., 0., 0., 0., 0., 1., 0., 1., 1.,
        1., 1., 0., 0., 1., 1., 0., 1., 0., 0., 1., 0., 0., 0.]), tensor([0., 0., 0., 0., 0., 1., 0., 0., 1., 0., 0., 1., 0., 0., 0., 0., 0., 0.,
        0., 0., 1., 0., 0., 1., 0., 0., 0., 0., 0., 1., 0., 0.]), tensor([0., 1., 0., 0., 0., 0., 0., 0., 0., 0., 1., 0., 0., 1., 0., 0., 1., 0.,
        0., 1., 0., 0., 1., 0., 0., 0., 0., 0., 1., 0., 0., 1.]), tensor([1., 1., 0., 0., 0., 0., 0., 0., 1., 1., 0., 1., 0., 0., 1., 0., 0., 0.,
        0., 0., 1., 0., 0., 0., 0., 0., 0., 0., 0., 0., 0., 0.]), tensor([0., 0., 1., 0., 0., 0., 0., 0., 1., 0., 1., 1., 0., 1., 1., 0., 0., 1.,
        0., 0., 0., 0., 0., 1., 0., 0., 1., 0., 0., 0., 0., 0.]), tensor([0., 1., 0., 0., 1., 0., 0., 1., 0., 0., 1., 0., 0., 1., 1., 0., 0., 0.,
        0., 1., 0., 0., 1., 1., 0., 1., 0., 0., 1., 0., 0., 0.]), tensor([0., 1., 0., 0., 1., 0., 0., 1., 0., 0., 1., 0., 0., 1., 0., 0., 0., 0.,
        0., 1., 0., 0., 1., 1., 0., 1., 0., 0., 1., 0., 0., 0.]), tensor([0., 0., 0., 0., 0., 1., 0., 0., 0., 0., 0., 0., 0., 0., 1., 0., 0., 0.,
        0., 0., 0., 0., 0., 0., 0., 0., 1., 0., 0., 0., 0., 0.]), tensor([0., 0., 1., 0., 0., 1., 0., 0., 1., 0., 0., 0., 0., 0., 1., 0., 0., 1.,
        0., 0., 1., 0., 0., 0., 0., 0., 1., 0., 0., 1., 0., 0.]), tensor([0., 0., 1., 0., 0., 1., 0., 0., 1., 0., 0., 0., 0., 0., 1., 0., 0., 1.,
        0., 0., 0., 0., 0., 0., 0., 0., 0., 0., 0., 0., 0., 0.]), tensor([0., 0., 0., 0., 0., 0., 1., 0., 0., 1., 0., 0., 0., 0., 0., 0., 0., 0.,
        1., 0., 0., 0., 0., 0., 0., 0., 0., 1., 0., 0., 0., 0.]), tensor([1., 0., 1., 0., 0., 0., 1., 0., 0., 1., 0., 0., 1., 0., 0., 1., 0., 0.,
        1., 0., 0., 0., 0., 0., 1., 0., 0., 1., 0., 0., 0., 0.]), tensor([1., 0., 0., 0., 0., 0., 0., 0., 0., 1., 0., 0., 0., 0., 0., 1., 0., 0.,
        0., 0., 0., 1., 0., 0., 0., 0., 0., 0., 0., 0., 0., 0.]), tensor([0., 0., 0., 1., 0., 0., 0., 0., 0., 0., 1., 1., 1., 0., 0., 0., 0., 0.,
        0., 0., 0., 0., 1., 0., 1., 1., 0., 1., 0., 0., 1., 0.]), tensor([0., 0., 1., 0., 0., 0., 0., 1., 0., 0., 0., 0., 0., 1., 0., 0., 0., 0.,
        0., 1., 0., 0., 0., 0., 0., 0., 1., 0., 1., 0., 0., 0.]), tensor([0., 1., 0., 0., 1., 0., 0., 1., 0., 0., 1., 0., 0., 1., 0., 0., 1., 0.,
        0., 1., 0., 0., 1., 0., 0., 1., 0., 0., 1., 0., 0., 1.]), tensor([0., 0., 1., 0., 0., 1., 0., 0., 1., 0., 0., 1., 0., 0., 1., 0., 0., 1.,
        0., 0., 1., 0., 0., 1., 0., 0., 1., 0., 0., 1., 0., 0.]), tensor([1., 0., 0., 1., 0., 0., 1., 0., 0., 1., 0., 0., 1., 0., 0., 1., 0., 0.,
        1., 0., 0., 1., 0., 0., 1., 0., 0., 1., 0., 0., 1., 0.])]
[tensor([1., 0., 0., 0., 0., 0., 1., 0., 0., 1., 0., 0., 0., 0., 0., 1., 0., 0.,
        0., 0., 0., 1., 0., 0., 1., 0., 0., 1., 0., 0., 1., 0.]), tensor([0., 0., 0., 1., 0., 0., 0., 0., 0., 1., 0., 0., 0., 0., 0., 1., 0., 0.,
        1., 0., 0., 0., 0., 0., 1., 0., 0., 0., 0., 0., 1., 0.]), tensor([1., 0., 0., 1., 0., 0., 1., 0., 0., 1., 0., 0., 1., 0., 0., 0., 0., 0.,
        0., 0., 0., 1., 0., 0., 0., 0., 0., 0., 0., 0., 0., 0.]), tensor([0., 0., 0., 1., 0., 0., 1., 0., 0., 1., 0., 0., 0., 0., 0., 1., 0., 0.,
        1., 0., 0., 1., 0., 0., 1., 0., 0., 0., 0., 0., 1., 0.]), tensor([1., 0., 0., 0., 0., 0., 0., 0., 0., 0., 0., 0., 1., 0., 0., 1., 0., 0.,
        1., 0., 0., 0., 0., 0., 1., 0., 0., 1., 0., 0., 0., 0.]), tensor([0., 0., 1., 0., 0., 0., 0., 0., 0., 0., 0., 1., 0., 0., 1., 0., 0., 1.,
        0., 0., 1., 0., 0., 0., 0., 0., 1., 0., 0., 0., 0., 0.]), tensor([0., 0., 1., 0., 0., 1., 0., 0., 1., 0., 0., 0., 0., 0., 1., 0., 0., 1.,
        0., 0., 1., 0., 0., 1., 0., 0., 1., 0., 0., 1., 0., 0.]), tensor([0., 0., 0., 0., 0., 0., 0., 0., 1., 0., 0., 0., 0., 0., 1., 0., 0., 1.,
        0., 0., 0., 0., 0., 1., 0., 0., 1., 0., 0., 0., 0., 0.]), tensor([0., 0., 0., 0., 1., 0., 0., 1., 0., 0., 1., 0., 0., 0., 0., 0., 0., 0.,
        0., 0., 0., 0., 0., 0., 0., 0., 0., 0., 1., 0., 0., 0.]), tensor([0., 0., 0., 0., 0., 0., 0., 0., 0., 0., 0., 0., 0., 1., 0., 0., 1., 0.,
        0., 1., 0., 0., 1., 0., 0., 0., 0., 0., 0., 0., 0., 1.]), tensor([0., 1., 0., 0., 0., 0., 0., 0., 0., 0., 1., 0., 0., 0., 0., 0., 1., 0.,
        0., 1., 0., 0., 0., 0., 0., 1., 0., 0., 0., 0., 0., 1.]), tensor([0., 0., 0., 0., 0., 0., 0., 0., 0., 0., 0., 0., 0., 0., 0., 0., 1., 0.,
        0., 1., 0., 0., 1., 0., 0., 0., 0., 0., 0., 0., 0., 1.]), tensor([1., 1., 1., 0., 0., 1., 0., 0., 1., 1., 1., 1., 1., 0., 1., 0., 0., 1.,
        0., 0., 1., 1., 1., 1., 1., 1., 1., 1., 1., 1., 0., 1.]), tensor([0., 1., 1., 1., 1., 0., 0., 0., 0., 0., 1., 0., 0., 1., 1., 1., 1., 1.,
        1., 1., 0., 0., 1., 1., 0., 0., 1., 0., 1., 1., 1., 0.]), tensor([1., 1., 1., 0., 0., 1., 0., 0., 0., 0., 0., 1., 1., 0., 1., 1., 0., 1.,
        1., 0., 0., 0., 0., 0., 1., 1., 0., 1., 0., 0., 0., 0.]), tensor([0., 0., 0., 1., 0., 0., 1., 0., 0., 1., 0., 0., 0., 0., 0., 1., 0., 0.,
        1., 0., 0., 1., 0., 0., 1., 0., 0., 0., 0., 0., 1., 0.]), tensor([0., 0., 1., 0., 0., 0., 0., 0., 0., 0., 0., 1., 0., 0., 1., 0., 0., 1.,
        0., 0., 1., 0., 0., 0., 0., 0., 1., 0., 0., 0., 0., 0.]), tensor([1., 0., 0., 1., 1., 0., 1., 1., 0., 1., 1., 1., 1., 0., 0., 0., 0., 0.,
        1., 0., 1., 1., 0., 0., 1., 1., 0., 0., 0., 1., 1., 0.]), tensor([1., 0., 0., 0., 0., 0., 0., 0., 0., 1., 0., 0., 1., 0., 0., 1., 0., 0.,
        1., 0., 0., 1., 0., 0., 1., 0., 1., 1., 0., 0., 1., 0.]), tensor([0., 0., 1., 0., 0., 1., 0., 0., 1., 0., 0., 0., 0., 0., 1., 0., 0., 1.,
        0., 0., 1., 0., 0., 1., 0., 0., 1., 0., 0., 1., 0., 0.]), tensor([0., 0., 1., 0., 0., 1., 0., 0., 1., 0., 0., 0., 0., 0., 1., 0., 0., 1.,
        0., 0., 1., 0., 0., 1., 0., 0., 1., 0., 0., 1., 0., 0.]), tensor([1., 0., 0., 0., 0., 0., 1., 0., 0., 1., 0., 0., 0., 0., 0., 1., 0., 0.,
        0., 0., 0., 0., 0., 0., 0., 0., 0., 1., 0., 0., 1., 0.]), tensor([0., 0., 0., 1., 0., 0., 0., 0., 0., 1., 0., 0., 0., 0., 0., 1., 0., 0.,
        1., 0., 0., 0., 0., 0., 1., 0., 0., 0., 0., 0., 1., 0.]), tensor([0., 0., 0., 0., 0., 0., 0., 0., 0., 0., 0., 0., 0., 0., 0., 0., 0., 0.,
        0., 0., 0., 1., 0., 0., 1., 0., 0., 0., 0., 0., 1., 0.]), tensor([0., 1., 0., 1., 1., 0., 0., 0., 0., 1., 1., 0., 0., 0., 0., 0., 1., 0.,
        1., 1., 0., 0., 0., 0., 0., 1., 0., 0., 0., 0., 0., 1.]), tensor([0., 1., 0., 0., 0., 0., 0., 0., 0., 0., 1., 0., 0., 0., 0., 0., 1., 0.,
        0., 1., 0., 0., 1., 0., 1., 1., 0., 0., 0., 0., 0., 1.]), tensor([0., 0., 0., 0., 1., 0., 0., 1., 0., 0., 1., 0., 0., 0., 0., 0., 0., 0.,
        0., 0., 0., 0., 0., 0., 0., 0., 0., 0., 1., 0., 0., 0.]), tensor([1., 0., 0., 0., 0., 0., 0., 0., 0., 0., 0., 0., 1., 1., 0., 0., 1., 0.,
        0., 1., 0., 1., 1., 0., 0., 0., 0., 0., 0., 0., 0., 1.]), tensor([0., 1., 0., 1., 0., 0., 1., 0., 1., 1., 0., 0., 0., 0., 1., 0., 0., 1.,
        0., 0., 0., 0., 0., 1., 0., 0., 1., 0., 0., 0., 0., 0.]), tensor([0., 0., 1., 0., 0., 1., 0., 0., 1., 0., 0., 1., 0., 0., 1., 0., 0., 1.,
        0., 0., 1., 0., 0., 1., 0., 0., 1., 0., 0., 1., 0., 0.]), tensor([1., 0., 0., 1., 0., 0., 1., 0., 0., 1., 0., 0., 1., 0., 0., 1., 0., 0.,
        1., 0., 0., 1., 0., 0., 1., 0., 0., 1., 0., 0., 1., 0.]), tensor([0., 1., 0., 0., 1., 0., 0., 1., 0., 0., 1., 0., 0., 1., 0., 0., 1., 0.,
        0., 1., 0., 0., 1., 0., 0., 1., 0., 0., 1., 0., 0., 1.])]
[tensor([0., 0., 0., 0., 1., 0., 0., 1., 0., 0., 1., 0., 0., 0., 0., 0., 0., 0.,
        0., 1., 0., 0., 1., 0., 0., 1., 0., 0., 1., 0., 0., 0.]), tensor([0., 0., 0., 0., 0., 0., 0., 0., 0., 0., 1., 0., 0., 1., 0., 0., 1., 0.,
        0., 0., 0., 0., 0., 0., 0., 1., 0., 0., 1., 0., 0., 1.]), tensor([0., 0., 0., 0., 1., 0., 0., 1., 0., 0., 0., 0., 0., 0., 0., 0., 0., 0.,
        0., 0., 0., 0., 0., 0., 0., 1., 0., 0., 0., 0., 0., 0.]), tensor([0., 1., 0., 0., 1., 0., 0., 1., 0., 0., 1., 0., 0., 0., 0., 0., 1., 0.,
        0., 1., 0., 0., 0., 0., 0., 0., 0., 0., 0., 0., 0., 0.]), tensor([0., 1., 0., 0., 0., 0., 0., 0., 0., 0., 0., 0., 0., 0., 0., 0., 0., 0.,
        0., 1., 0., 0., 0., 0., 0., 0., 0., 0., 0., 0., 0., 0.]), tensor([0., 0., 0., 0., 0., 0., 1., 0., 0., 0., 0., 0., 1., 0., 0., 1., 0., 0.,
        1., 0., 0., 0., 0., 0., 0., 0., 0., 1., 0., 0., 1., 0.]), tensor([1., 0., 0., 1., 0., 0., 1., 0., 0., 1., 0., 0., 0., 0., 0., 0., 0., 0.,
        1., 0., 0., 1., 0., 0., 1., 0., 0., 1., 0., 0., 1., 0.]), tensor([1., 0., 0., 1., 0., 0., 0., 0., 0., 1., 0., 0., 0., 0., 0., 0., 0., 0.,
        1., 0., 0., 1., 0., 0., 0., 0., 0., 0., 0., 0., 0., 0.]), tensor([0., 0., 0., 0., 0., 0., 0., 0., 0., 0., 0., 1., 0., 0., 0., 0., 0., 1.,
        0., 0., 0., 0., 0., 1., 0., 0., 0., 0., 0., 1., 0., 0.]), tensor([0., 0., 1., 0., 0., 1., 0., 0., 1., 0., 0., 0., 0., 0., 0., 0., 0., 0.,
        0., 0., 1., 0., 0., 0., 0., 0., 1., 0., 0., 0., 0., 0.]), tensor([0., 0., 0., 0., 0., 0., 0., 0., 0., 0., 0., 1., 0., 0., 0., 0., 0., 0.,
        0., 0., 0., 0., 0., 0., 0., 0., 0., 0., 0., 1., 0., 0.]), tensor([0., 0., 1., 0., 0., 0., 0., 0., 1., 0., 0., 0., 0., 0., 1., 0., 0., 0.,
        0., 0., 1., 0., 0., 0., 0., 0., 1., 0., 0., 0., 0., 0.]), tensor([1., 1., 1., 1., 1., 1., 0., 1., 1., 1., 1., 1., 0., 0., 1., 1., 1., 0.,
        0., 1., 0., 1., 0., 1., 0., 1., 1., 1., 1., 1., 1., 1.]), tensor([1., 1., 1., 1., 0., 0., 0., 0., 0., 0., 1., 0., 1., 1., 0., 1., 0., 1.,
        1., 1., 0., 1., 1., 0., 0., 0., 1., 1., 1., 1., 1., 0.]), tensor([0., 1., 0., 0., 0., 0., 0., 1., 0., 0., 0., 0., 1., 1., 1., 1., 1., 0.,
        0., 1., 0., 1., 0., 1., 0., 0., 0., 0., 0., 0., 1., 0.]), tensor([0., 1., 0., 0., 1., 0., 0., 1., 0., 0., 1., 0., 0., 0., 0., 0., 1., 0.,
        0., 1., 0., 0., 0., 0., 0., 0., 0., 0., 0., 0., 0., 0.]), tensor([0., 0., 0., 0., 0., 0., 1., 0., 0., 0., 0., 0., 1., 0., 0., 1., 0., 0.,
        1., 0., 0., 0., 0., 0., 0., 0., 0., 1., 0., 0., 1., 0.]), tensor([0., 0., 0., 0., 1., 0., 0., 1., 0., 0., 0., 1., 0., 0., 0., 0., 1., 1.,
        0., 0., 0., 0., 0., 0., 0., 1., 0., 0., 0., 0., 0., 0.]), tensor([0., 1., 0., 0., 1., 0., 1., 0., 0., 0., 1., 0., 0., 0., 0., 0., 0., 0.,
        0., 1., 0., 0., 1., 0., 1., 0., 0., 0., 1., 0., 0., 1.]), tensor([1., 0., 0., 1., 0., 0., 1., 0., 0., 1., 0., 0., 0., 0., 0., 0., 0., 0.,
        1., 1., 0., 1., 0., 0., 1., 0., 0., 1., 0., 0., 1., 0.]), tensor([1., 0., 0., 1., 0., 0., 1., 0., 0., 1., 0., 0., 0., 0., 0., 0., 0., 0.,
        1., 1., 0., 1., 0., 0., 1., 0., 0., 1., 0., 0., 1., 0.]), tensor([0., 0., 0., 0., 1., 0., 0., 1., 0., 0., 1., 0., 0., 0., 0., 0., 0., 0.,
        0., 1., 0., 0., 1., 0., 0., 1., 0., 0., 1., 0., 0., 0.]), tensor([0., 0., 0., 0., 0., 0., 0., 0., 0., 0., 1., 0., 0., 1., 0., 0., 1., 0.,
        0., 0., 0., 0., 0., 0., 0., 1., 0., 0., 1., 0., 0., 1.]), tensor([0., 0., 0., 0., 1., 0., 0., 1., 0., 0., 0., 0., 0., 0., 0., 0., 0., 0.,
        0., 0., 0., 0., 0., 0., 0., 0., 0., 0., 1., 0., 0., 0.]), tensor([0., 1., 0., 0., 0., 1., 0., 0., 0., 0., 0., 1., 0., 0., 0., 0., 0., 0.,
        0., 1., 0., 0., 0., 0., 0., 1., 0., 0., 0., 1., 0., 0.]), tensor([0., 0., 1., 0., 0., 0., 0., 0., 1., 0., 0., 1., 0., 0., 1., 0., 0., 0.,
        0., 0., 1., 0., 1., 1., 0., 0., 1., 0., 1., 1., 0., 0.]), tensor([0., 0., 0., 0., 0., 0., 0., 0., 0., 0., 0., 1., 0., 0., 0., 0., 0., 1.,
        0., 0., 0., 0., 0., 1., 0., 0., 0., 0., 0., 1., 0., 0.]), tensor([0., 1., 1., 0., 1., 1., 0., 1., 1., 0., 0., 0., 1., 0., 1., 1., 0., 0.,
        0., 1., 1., 0., 0., 0., 0., 0., 1., 0., 0., 0., 0., 0.]), tensor([1., 0., 0., 1., 0., 0., 0., 0., 0., 1., 0., 0., 0., 1., 0., 0., 0., 0.,
        1., 0., 0., 1., 0., 0., 0., 1., 0., 0., 1., 0., 0., 0.]), tensor([1., 0., 0., 1., 0., 0., 1., 0., 0., 1., 0., 0., 1., 0., 0., 1., 0., 0.,
        1., 0., 0., 1., 0., 0., 1., 0., 0., 1., 0., 0., 1., 0.]), tensor([0., 1., 0., 0., 1., 0., 0., 1., 0., 0., 1., 0., 0., 1., 0., 0., 1., 0.,
        0., 1., 0., 0., 1., 0., 0., 1., 0., 0., 1., 0., 0., 1.]), tensor([0., 0., 1., 0., 0., 1., 0., 0., 1., 0., 0., 1., 0., 0., 1., 0., 0., 1.,
        0., 0., 1., 0., 0., 1., 0., 0., 1., 0., 0., 1., 0., 0.])]
[tensor([0., 0., 1., 0., 0., 1., 0., 0., 1., 0., 0., 1., 0., 0., 1., 0., 0., 1.,
        0., 0., 0., 0., 0., 1., 0., 0., 1., 0., 0., 0., 0., 0.]), tensor([0., 0., 1., 0., 0., 0., 0., 0., 1., 0., 0., 1., 0., 0., 1., 0., 0., 1.,
        0., 0., 0., 0., 0., 1., 0., 0., 1., 0., 0., 1., 0., 0.]), tensor([0., 0., 1., 0., 0., 0., 0., 0., 0., 0., 0., 1., 0., 0., 1., 0., 0., 0.,
        0., 0., 1., 0., 0., 1., 0., 0., 1., 0., 0., 0., 0., 0.]), tensor([0., 0., 1., 0., 0., 1., 0., 0., 1., 0., 0., 0., 0., 0., 0., 0., 0., 0.,
        0., 0., 1., 0., 0., 0., 0., 0., 0., 0., 0., 0., 0., 0.]), tensor([0., 0., 0., 0., 0., 0., 0., 0., 1., 0., 0., 1., 0., 0., 0., 0., 0., 0.,
        0., 0., 1., 0., 0., 1., 0., 0., 1., 0., 0., 1., 0., 0.]), tensor([0., 1., 0., 0., 1., 0., 0., 1., 0., 0., 1., 0., 0., 1., 0., 0., 1., 0.,
        0., 0., 0., 0., 1., 0., 0., 1., 0., 0., 0., 0., 0., 1.]), tensor([0., 1., 0., 0., 0., 0., 0., 1., 0., 0., 1., 0., 0., 1., 0., 0., 1., 0.,
        0., 1., 0., 0., 1., 0., 0., 0., 0., 0., 1., 0., 0., 1.]), tensor([0., 0., 0., 0., 0., 0., 0., 0., 0., 0., 0., 0., 0., 0., 0., 0., 1., 0.,
        0., 0., 0., 0., 0., 0., 0., 0., 0., 0., 1., 0., 0., 1.]), tensor([0., 0., 0., 0., 0., 0., 0., 0., 0., 1., 0., 0., 0., 0., 0., 1., 0., 0.,
        0., 0., 0., 0., 0., 0., 0., 0., 0., 0., 0., 0., 0., 0.]), tensor([0., 0., 0., 1., 0., 0., 0., 0., 0., 0., 0., 0., 1., 0., 0., 0., 0., 0.,
        0., 0., 0., 0., 0., 0., 0., 0., 0., 1., 0., 0., 0., 0.]), tensor([1., 0., 0., 0., 0., 0., 1., 0., 0., 1., 0., 0., 1., 0., 0., 1., 0., 0.,
        1., 0., 0., 1., 0., 0., 0., 0., 0., 1., 0., 0., 1., 0.]), tensor([0., 0., 0., 1., 0., 0., 0., 0., 0., 0., 0., 0., 1., 0., 0., 0., 0., 0.,
        0., 0., 0., 0., 0., 0., 1., 0., 0., 1., 0., 0., 1., 0.]), tensor([0., 1., 0., 1., 0., 0., 0., 1., 0., 1., 1., 1., 0., 1., 0., 1., 1., 1.,
        1., 1., 1., 0., 0., 1., 0., 0., 1., 1., 1., 0., 0., 1.]), tensor([1., 1., 0., 1., 1., 1., 1., 1., 1., 1., 0., 1., 1., 1., 1., 1., 0., 0.,
        1., 1., 0., 1., 0., 1., 1., 1., 0., 1., 1., 1., 1., 1.]), tensor([0., 1., 0., 0., 1., 1., 0., 1., 1., 1., 1., 1., 0., 0., 1., 1., 1., 0.,
        0., 1., 1., 1., 0., 1., 1., 1., 1., 0., 0., 1., 1., 0.]), tensor([0., 0., 1., 0., 0., 1., 0., 0., 1., 0., 0., 0., 0., 0., 0., 0., 0., 0.,
        0., 0., 1., 0., 0., 0., 0., 0., 0., 0., 0., 0., 0., 0.]), tensor([0., 1., 0., 0., 1., 0., 0., 1., 0., 0., 1., 0., 0., 1., 0., 0., 1., 0.,
        0., 0., 0., 0., 1., 0., 0., 1., 0., 0., 0., 0., 0., 1.]), tensor([1., 1., 1., 0., 0., 1., 0., 0., 0., 0., 0., 1., 0., 0., 1., 0., 0., 1.,
        0., 0., 1., 0., 0., 1., 0., 1., 1., 0., 0., 0., 0., 0.]), tensor([0., 0., 1., 0., 0., 0., 0., 0., 1., 0., 0., 1., 0., 1., 0., 0., 0., 1.,
        0., 0., 1., 0., 1., 1., 0., 0., 1., 0., 0., 1., 0., 1.]), tensor([0., 1., 0., 0., 0., 0., 0., 1., 0., 0., 1., 1., 0., 1., 0., 0., 1., 0.,
        0., 1., 0., 0., 1., 0., 0., 0., 1., 0., 1., 0., 0., 1.]), tensor([0., 1., 0., 0., 0., 0., 0., 1., 0., 0., 1., 1., 0., 1., 0., 0., 1., 0.,
        0., 1., 0., 0., 1., 0., 0., 0., 1., 0., 1., 0., 0., 1.]), tensor([0., 0., 0., 0., 0., 1., 0., 0., 0., 0., 0., 1., 0., 0., 0., 0., 0., 1.,
        0., 0., 0., 0., 0., 0., 0., 0., 1., 0., 0., 0., 0., 0.]), tensor([0., 0., 1., 0., 0., 0., 0., 0., 1., 0., 0., 1., 0., 0., 1., 0., 0., 1.,
        0., 0., 0., 0., 0., 1., 0., 0., 1., 0., 0., 1., 0., 0.]), tensor([0., 0., 1., 0., 0., 0., 0., 0., 1., 0., 0., 0., 0., 0., 1., 0., 0., 0.,
        0., 0., 0., 0., 0., 1., 0., 0., 0., 0., 0., 0., 0., 0.]), tensor([1., 0., 0., 0., 0., 0., 1., 0., 0., 1., 0., 1., 1., 0., 0., 1., 0., 0.,
        1., 0., 0., 1., 0., 0., 0., 0., 0., 1., 0., 1., 1., 0.]), tensor([1., 0., 0., 1., 0., 1., 1., 0., 1., 1., 0., 0., 1., 0., 0., 1., 0., 0.,
        1., 0., 0., 1., 0., 0., 1., 0., 0., 1., 0., 0., 1., 0.]), tensor([0., 0., 0., 0., 0., 0., 0., 0., 0., 1., 0., 0., 0., 0., 0., 1., 0., 0.,
        0., 0., 0., 0., 0., 0., 0., 0., 0., 0., 0., 0., 0., 0.]), tensor([0., 0., 1., 1., 0., 0., 0., 0., 0., 0., 1., 1., 1., 0., 1., 0., 0., 0.,
        0., 0., 1., 0., 0., 1., 1., 0., 1., 1., 0., 0., 1., 0.]), tensor([0., 0., 0., 0., 0., 0., 1., 0., 1., 0., 0., 0., 0., 0., 0., 0., 1., 0.,
        0., 0., 0., 1., 0., 0., 0., 0., 0., 0., 1., 0., 0., 1.]), tensor([0., 1., 0., 0., 1., 0., 0., 1., 0., 0., 1., 0., 0., 1., 0., 0., 1., 0.,
        0., 1., 0., 0., 1., 0., 0., 1., 0., 0., 1., 0., 0., 1.]), tensor([0., 0., 1., 0., 0., 1., 0., 0., 1., 0., 0., 1., 0., 0., 1., 0., 0., 1.,
        0., 0., 1., 0., 0., 1., 0., 0., 1., 0., 0., 1., 0., 0.]), tensor([1., 0., 0., 1., 0., 0., 1., 0., 0., 1., 0., 0., 1., 0., 0., 1., 0., 0.,
        1., 0., 0., 1., 0., 0., 1., 0., 0., 1., 0., 0., 1., 0.])]
[tensor([0., 0., 0., 0., 0., 0., 1., 0., 0., 1., 0., 0., 1., 0., 0., 1., 0., 0.,
        1., 0., 0., 1., 0., 0., 1., 0., 0., 1., 0., 0., 1., 0.]), tensor([1., 0., 0., 1., 0., 0., 0., 0., 0., 1., 0., 0., 1., 0., 0., 1., 0., 0.,
        0., 0., 0., 1., 0., 0., 1., 0., 0., 0., 0., 0., 1., 0.]), tensor([0., 0., 0., 0., 0., 0., 1., 0., 0., 0., 0., 0., 1., 0., 0., 0., 0., 0.,
        0., 0., 0., 1., 0., 0., 0., 0., 0., 1., 0., 0., 1., 0.]), tensor([0., 0., 0., 0., 0., 0., 0., 0., 0., 0., 0., 0., 0., 0., 0., 1., 0., 0.,
        0., 0., 0., 1., 0., 0., 1., 0., 0., 0., 0., 0., 1., 0.]), tensor([1., 0., 0., 0., 0., 0., 0., 0., 0., 1., 0., 0., 0., 0., 0., 1., 0., 0.,
        0., 0., 0., 0., 0., 0., 1., 0., 0., 1., 0., 0., 0., 0.]), tensor([0., 0., 0., 0., 0., 1., 0., 0., 1., 0., 0., 1., 0., 0., 1., 0., 0., 1.,
        0., 0., 1., 0., 0., 1., 0., 0., 1., 0., 0., 0., 0., 0.]), tensor([0., 0., 1., 0., 0., 0., 0., 0., 0., 0., 0., 1., 0., 0., 0., 0., 0., 0.,
        0., 0., 1., 0., 0., 1., 0., 0., 1., 0., 0., 1., 0., 0.]), tensor([0., 0., 0., 0., 0., 0., 0., 0., 0., 0., 0., 1., 0., 0., 0., 0., 0., 0.,
        0., 0., 0., 0., 0., 0., 0., 0., 0., 0., 0., 1., 0., 0.]), tensor([0., 1., 0., 0., 0., 0., 0., 0., 0., 0., 0., 0., 0., 0., 0., 0., 0., 0.,
        0., 0., 0., 0., 0., 0., 0., 1., 0., 0., 0., 0., 0., 0.]), tensor([0., 0., 0., 0., 1., 0., 0., 0., 0., 0., 0., 0., 0., 1., 0., 0., 0., 0.,
        0., 0., 0., 0., 0., 0., 0., 0., 0., 0., 0., 0., 0., 1.]), tensor([0., 1., 0., 0., 1., 0., 0., 1., 0., 0., 1., 0., 0., 0., 0., 0., 1., 0.,
        0., 0., 0., 0., 1., 0., 0., 0., 0., 0., 0., 0., 0., 0.]), tensor([0., 0., 0., 0., 1., 0., 0., 0., 0., 0., 1., 0., 0., 1., 0., 0., 0., 0.,
        0., 1., 0., 0., 0., 0., 0., 0., 0., 0., 1., 0., 0., 0.]), tensor([1., 0., 0., 1., 1., 0., 1., 1., 1., 0., 1., 1., 0., 0., 0., 1., 1., 0.,
        0., 1., 1., 1., 1., 0., 1., 1., 1., 1., 1., 1., 1., 0.]), tensor([1., 1., 1., 1., 1., 1., 1., 0., 1., 1., 1., 1., 1., 0., 1., 1., 1., 0.,
        0., 1., 0., 1., 1., 1., 1., 0., 1., 1., 1., 1., 0., 1.]), tensor([1., 0., 1., 0., 0., 1., 1., 1., 1., 1., 1., 0., 0., 0., 0., 1., 0., 0.,
        0., 1., 1., 0., 0., 0., 1., 0., 0., 1., 1., 1., 1., 0.]), tensor([0., 0., 0., 0., 0., 0., 0., 0., 0., 0., 0., 0., 0., 0., 0., 1., 0., 0.,
        0., 0., 0., 1., 0., 0., 1., 0., 0., 0., 0., 0., 1., 0.]), tensor([0., 0., 0., 0., 0., 1., 0., 0., 1., 0., 0., 1., 0., 0., 1., 0., 0., 1.,
        0., 0., 1., 0., 0., 1., 0., 0., 1., 0., 0., 0., 0., 0.]), tensor([0., 0., 0., 0., 0., 0., 1., 1., 0., 0., 0., 0., 1., 0., 1., 0., 0., 0.,
        1., 0., 0., 1., 0., 1., 1., 1., 0., 1., 0., 0., 1., 0.]), tensor([1., 0., 0., 1., 0., 0., 0., 0., 0., 1., 0., 0., 1., 0., 0., 1., 0., 1.,
        1., 0., 0., 1., 0., 0., 1., 0., 1., 1., 0., 0., 0., 0.]), tensor([1., 0., 1., 0., 0., 0., 0., 0., 0., 0., 0., 1., 0., 0., 0., 0., 0., 0.,
        0., 0., 1., 0., 0., 1., 0., 0., 1., 1., 0., 1., 0., 0.]), tensor([1., 0., 1., 0., 0., 0., 0., 0., 0., 0., 0., 1., 0., 0., 0., 0., 0., 0.,
        0., 0., 1., 0., 0., 1., 0., 0., 1., 1., 0., 1., 0., 0.]), tensor([0., 0., 0., 0., 0., 0., 1., 0., 0., 1., 0., 0., 1., 0., 0., 1., 0., 0.,
        1., 0., 0., 1., 0., 0., 1., 0., 0., 1., 0., 0., 1., 0.]), tensor([1., 0., 0., 1., 0., 0., 0., 0., 0., 1., 0., 0., 1., 0., 0., 1., 0., 0.,
        0., 0., 0., 1., 0., 0., 1., 0., 0., 0., 0., 0., 1., 0.]), tensor([0., 0., 0., 0., 0., 0., 0., 0., 0., 0., 0., 0., 0., 0., 0., 0., 0., 0.,
        0., 0., 0., 0., 0., 0., 1., 0., 0., 0., 0., 0., 0., 0.]), tensor([1., 1., 0., 0., 1., 0., 0., 1., 0., 0., 1., 0., 0., 0., 0., 0., 1., 0.,
        0., 0., 0., 0., 1., 0., 0., 1., 0., 1., 0., 0., 1., 0.]), tensor([0., 1., 0., 0., 1., 0., 0., 1., 0., 0., 1., 0., 0., 1., 0., 1., 1., 0.,
        0., 1., 0., 0., 1., 0., 1., 0., 0., 0., 1., 0., 0., 0.]), tensor([0., 1., 0., 0., 0., 0., 0., 0., 0., 0., 0., 0., 0., 0., 0., 0., 0., 0.,
        0., 0., 0., 0., 0., 0., 0., 1., 0., 0., 0., 0., 0., 0.]), tensor([1., 0., 0., 0., 1., 0., 1., 0., 0., 0., 1., 0., 1., 1., 0., 0., 0., 1.,
        0., 1., 1., 1., 0., 0., 0., 0., 0., 1., 1., 0., 1., 1.]), tensor([0., 0., 0., 0., 0., 0., 0., 0., 0., 1., 0., 1., 0., 0., 0., 1., 0., 0.,
        0., 0., 0., 0., 0., 0., 0., 0., 0., 0., 0., 1., 0., 0.]), tensor([0., 0., 1., 0., 0., 1., 0., 0., 1., 0., 0., 1., 0., 0., 1., 0., 0., 1.,
        0., 0., 1., 0., 0., 1., 0., 0., 1., 0., 0., 1., 0., 0.]), tensor([1., 0., 0., 1., 0., 0., 1., 0., 0., 1., 0., 0., 1., 0., 0., 1., 0., 0.,
        1., 0., 0., 1., 0., 0., 1., 0., 0., 1., 0., 0., 1., 0.]), tensor([0., 1., 0., 0., 1., 0., 0., 1., 0., 0., 1., 0., 0., 1., 0., 0., 1., 0.,
        0., 1., 0., 0., 1., 0., 0., 1., 0., 0., 1., 0., 0., 1.])]
[tensor([0., 0., 0., 0., 0., 0., 0., 1., 0., 0., 1., 0., 0., 0., 0., 0., 1., 0.,
        0., 1., 0., 0., 0., 0., 0., 1., 0., 0., 1., 0., 0., 1.]), tensor([0., 1., 0., 0., 1., 0., 0., 1., 0., 0., 1., 0., 0., 1., 0., 0., 1., 0.,
        0., 1., 0., 0., 0., 0., 0., 0., 0., 0., 0., 0., 0., 1.]), tensor([0., 0., 0., 0., 1., 0., 0., 0., 0., 0., 1., 0., 0., 0., 0., 0., 1., 0.,
        0., 1., 0., 0., 1., 0., 0., 0., 0., 0., 1., 0., 0., 0.]), tensor([0., 1., 0., 0., 1., 0., 0., 1., 0., 0., 1., 0., 0., 1., 0., 0., 0., 0.,
        0., 1., 0., 0., 1., 0., 0., 0., 0., 0., 1., 0., 0., 0.]), tensor([0., 1., 0., 0., 0., 0., 0., 0., 0., 0., 1., 0., 0., 1., 0., 0., 1., 0.,
        0., 1., 0., 0., 0., 0., 0., 1., 0., 0., 0., 0., 0., 0.]), tensor([1., 0., 0., 1., 0., 0., 0., 0., 0., 1., 0., 0., 1., 0., 0., 0., 0., 0.,
        0., 0., 0., 0., 0., 0., 1., 0., 0., 1., 0., 0., 1., 0.]), tensor([1., 0., 0., 1., 0., 0., 1., 0., 0., 0., 0., 0., 0., 0., 0., 1., 0., 0.,
        1., 0., 0., 1., 0., 0., 1., 0., 0., 1., 0., 0., 1., 0.]), tensor([1., 0., 0., 0., 0., 0., 1., 0., 0., 0., 0., 0., 0., 0., 0., 0., 0., 0.,
        1., 0., 0., 1., 0., 0., 1., 0., 0., 1., 0., 0., 1., 0.]), tensor([0., 0., 1., 0., 0., 0., 0., 0., 0., 0., 0., 0., 0., 0., 1., 0., 0., 0.,
        0., 0., 0., 0., 0., 0., 0., 0., 0., 0., 0., 0., 0., 0.]), tensor([0., 0., 0., 0., 0., 0., 0., 0., 0., 0., 0., 1., 0., 0., 0., 0., 0., 0.,
        0., 0., 1., 0., 0., 0., 0., 0., 0., 0., 0., 1., 0., 0.]), tensor([0., 0., 0., 0., 0., 1., 0., 0., 1., 0., 0., 0., 0., 0., 0., 0., 0., 1.,
        0., 0., 1., 0., 0., 1., 0., 0., 1., 0., 0., 1., 0., 0.]), tensor([0., 0., 0., 0., 0., 0., 0., 0., 0., 0., 0., 0., 0., 0., 0., 0., 0., 0.,
        0., 0., 1., 0., 0., 0., 0., 0., 0., 0., 0., 1., 0., 0.]), tensor([1., 0., 1., 0., 0., 0., 1., 1., 0., 1., 0., 0., 1., 1., 1., 0., 1., 1.,
        0., 1., 0., 1., 1., 0., 0., 1., 1., 1., 0., 1., 1., 1.]), tensor([1., 1., 1., 0., 1., 0., 1., 1., 1., 0., 1., 1., 1., 0., 0., 1., 0., 0.,
        1., 1., 1., 1., 1., 1., 0., 0., 1., 1., 1., 0., 1., 1.]), tensor([1., 1., 0., 0., 0., 0., 1., 1., 1., 0., 1., 0., 1., 1., 1., 1., 1., 0.,
        1., 1., 0., 1., 0., 1., 0., 1., 0., 0., 0., 0., 0., 0.]), tensor([0., 1., 0., 0., 1., 0., 0., 1., 0., 0., 1., 0., 0., 1., 0., 0., 0., 0.,
        0., 1., 0., 0., 1., 0., 0., 0., 0., 0., 1., 0., 0., 0.]), tensor([1., 0., 0., 1., 0., 0., 0., 0., 0., 1., 0., 0., 1., 0., 0., 0., 0., 0.,
        0., 0., 0., 0., 0., 0., 1., 0., 0., 1., 0., 0., 1., 0.]), tensor([0., 1., 1., 0., 1., 0., 0., 0., 1., 0., 1., 0., 0., 0., 0., 0., 1., 0.,
        0., 1., 0., 0., 1., 0., 0., 0., 0., 0., 1., 0., 0., 1.]), tensor([0., 1., 0., 1., 0., 0., 0., 0., 0., 1., 1., 0., 0., 1., 0., 0., 1., 0.,
        0., 1., 0., 0., 1., 0., 0., 1., 0., 0., 1., 0., 0., 1.]), tensor([1., 0., 0., 1., 0., 0., 1., 0., 0., 0., 0., 0., 0., 1., 0., 1., 0., 0.,
        1., 0., 0., 1., 0., 0., 1., 0., 0., 1., 0., 0., 1., 0.]), tensor([1., 0., 0., 1., 0., 0., 1., 0., 0., 0., 0., 0., 0., 1., 0., 1., 0., 0.,
        1., 0., 0., 1., 0., 0., 1., 0., 0., 1., 0., 0., 1., 0.]), tensor([0., 0., 0., 0., 0., 0., 0., 1., 0., 0., 1., 0., 0., 0., 0., 0., 1., 0.,
        0., 1., 0., 0., 0., 0., 0., 1., 0., 0., 1., 0., 0., 0.]), tensor([0., 1., 0., 0., 1., 0., 0., 1., 0., 0., 1., 0., 0., 1., 0., 0., 1., 0.,
        0., 1., 0., 0., 0., 0., 0., 0., 0., 0., 0., 0., 0., 1.]), tensor([0., 0., 0., 0., 0., 0., 0., 0., 0., 0., 1., 0., 0., 0., 0., 0., 0., 0.,
        0., 0., 0., 0., 0., 0., 0., 1., 0., 0., 0., 0., 0., 1.]), tensor([0., 1., 0., 0., 0., 1., 0., 0., 1., 0., 0., 0., 0., 0., 1., 0., 1., 1.,
        0., 0., 1., 0., 0., 1., 0., 0., 1., 0., 0., 1., 0., 0.]), tensor([0., 0., 1., 0., 0., 1., 0., 0., 1., 0., 0., 0., 0., 0., 0., 0., 0., 1.,
        0., 0., 1., 0., 0., 1., 0., 1., 1., 0., 0., 1., 0., 0.]), tensor([0., 0., 1., 0., 0., 0., 0., 0., 0., 0., 0., 0., 0., 0., 1., 0., 0., 0.,
        0., 0., 0., 0., 0., 0., 0., 0., 0., 0., 0., 0., 0., 0.]), tensor([0., 0., 0., 0., 0., 0., 0., 0., 0., 0., 0., 1., 0., 1., 0., 0., 1., 0.,
        0., 1., 1., 0., 0., 0., 0., 0., 0., 0., 0., 1., 0., 0.]), tensor([1., 0., 0., 0., 1., 0., 1., 0., 0., 0., 1., 0., 0., 0., 0., 0., 0., 0.,
        1., 0., 0., 1., 1., 0., 1., 0., 0., 1., 1., 0., 1., 0.]), tensor([1., 0., 0., 1., 0., 0., 1., 0., 0., 1., 0., 0., 1., 0., 0., 1., 0., 0.,
        1., 0., 0., 1., 0., 0., 1., 0., 0., 1., 0., 0., 1., 0.]), tensor([0., 1., 0., 0., 1., 0., 0., 1., 0., 0., 1., 0., 0., 1., 0., 0., 1., 0.,
        0., 1., 0., 0., 1., 0., 0., 1., 0., 0., 1., 0., 0., 1.]), tensor([0., 0., 1., 0., 0., 1., 0., 0., 1., 0., 0., 1., 0., 0., 1., 0., 0., 1.,
        0., 0., 1., 0., 0., 1., 0., 0., 1., 0., 0., 1., 0., 0.])]
[tensor([0., 0., 1., 0., 0., 1., 0., 0., 1., 0., 0., 1., 0., 0., 1., 0., 0., 0.,
        0., 0., 1., 0., 0., 0., 0., 0., 1., 0., 0., 1., 0., 0.]), tensor([0., 0., 1., 0., 0., 0., 0., 0., 1., 0., 0., 0., 0., 0., 0., 0., 0., 0.,
        0., 0., 1., 0., 0., 1., 0., 0., 1., 0., 0., 1., 0., 0.]), tensor([0., 0., 0., 0., 0., 0., 0., 0., 0., 0., 0., 0., 0., 0., 0., 0., 0., 1.,
        0., 0., 0., 0., 0., 1., 0., 0., 0., 0., 0., 0., 0., 0.]), tensor([0., 0., 1., 0., 0., 1., 0., 0., 0., 0., 0., 1., 0., 0., 0., 0., 0., 0.,
        0., 0., 0., 0., 0., 1., 0., 0., 0., 0., 0., 1., 0., 0.]), tensor([0., 0., 0., 0., 0., 1., 0., 0., 0., 0., 0., 1., 0., 0., 0., 0., 0., 0.,
        0., 0., 0., 0., 0., 0., 0., 0., 0., 0., 0., 0., 0., 0.]), tensor([0., 1., 0., 0., 1., 0., 0., 0., 0., 0., 0., 0., 0., 1., 0., 0., 0., 0.,
        0., 1., 0., 0., 1., 0., 0., 1., 0., 0., 0., 0., 0., 1.]), tensor([0., 1., 0., 0., 1., 0., 0., 1., 0., 0., 1., 0., 0., 1., 0., 0., 1., 0.,
        0., 0., 0., 0., 1., 0., 0., 0., 0., 0., 1., 0., 0., 1.]), tensor([0., 0., 0., 0., 0., 0., 0., 1., 0., 0., 1., 0., 0., 0., 0., 0., 0., 0.,
        0., 0., 0., 0., 0., 0., 0., 0., 0., 0., 1., 0., 0., 1.]), tensor([0., 0., 0., 0., 0., 0., 1., 0., 0., 0., 0., 0., 0., 0., 0., 0., 0., 0.,
        1., 0., 0., 0., 0., 0., 0., 0., 0., 1., 0., 0., 0., 0.]), tensor([1., 0., 0., 1., 0., 0., 0., 0., 0., 0., 0., 0., 1., 0., 0., 1., 0., 0.,
        0., 0., 0., 0., 0., 0., 0., 0., 0., 0., 0., 0., 1., 0.]), tensor([1., 0., 0., 1., 0., 0., 0., 0., 0., 1., 0., 0., 0., 0., 0., 0., 0., 0.,
        0., 0., 0., 1., 0., 0., 1., 0., 0., 0., 0., 0., 0., 0.]), tensor([1., 0., 0., 1., 0., 0., 0., 0., 0., 1., 0., 0., 1., 0., 0., 0., 0., 0.,
        0., 0., 0., 1., 0., 0., 1., 0., 0., 0., 0., 0., 0., 0.]), tensor([1., 0., 1., 1., 1., 0., 1., 0., 1., 1., 0., 0., 0., 1., 0., 1., 1., 1.,
        0., 1., 1., 1., 1., 0., 1., 1., 1., 1., 1., 0., 0., 1.]), tensor([0., 1., 0., 0., 1., 1., 0., 1., 1., 1., 1., 1., 1., 0., 1., 0., 0., 1.,
        1., 1., 1., 1., 0., 1., 1., 1., 0., 0., 1., 1., 1., 1.]), tensor([0., 0., 0., 0., 0., 1., 1., 0., 1., 1., 0., 1., 0., 0., 0., 0., 1., 1.,
        0., 0., 1., 1., 0., 0., 1., 1., 0., 0., 0., 1., 0., 0.]), tensor([0., 0., 1., 0., 0., 1., 0., 0., 0., 0., 0., 1., 0., 0., 0., 0., 0., 0.,
        0., 0., 0., 0., 0., 1., 0., 0., 0., 0., 0., 1., 0., 0.]), tensor([0., 1., 0., 0., 1., 0., 0., 0., 0., 0., 0., 0., 0., 1., 0., 0., 0., 0.,
        0., 1., 0., 0., 1., 0., 0., 1., 0., 0., 0., 0., 0., 1.]), tensor([0., 1., 0., 0., 0., 0., 0., 0., 1., 0., 0., 0., 0., 0., 0., 0., 0., 1.,
        0., 0., 0., 0., 0., 1., 0., 1., 1., 0., 0., 1., 0., 0.]), tensor([0., 1., 1., 0., 0., 1., 0., 0., 0., 0., 1., 1., 0., 0., 0., 0., 0., 0.,
        0., 0., 0., 0., 0., 1., 0., 0., 1., 0., 0., 0., 0., 0.]), tensor([0., 1., 0., 0., 1., 1., 0., 1., 0., 0., 1., 0., 0., 1., 0., 0., 1., 0.,
        0., 0., 0., 0., 1., 0., 0., 0., 0., 0., 1., 0., 0., 1.]), tensor([0., 1., 0., 0., 1., 0., 0., 1., 0., 0., 1., 0., 0., 1., 0., 0., 1., 0.,
        0., 0., 0., 0., 1., 0., 0., 0., 0., 0., 1., 0., 0., 1.]), tensor([0., 0., 0., 0., 0., 0., 0., 0., 0., 0., 0., 1., 0., 0., 1., 0., 0., 0.,
        0., 0., 1., 0., 0., 0., 0., 0., 1., 0., 0., 0., 0., 0.]), tensor([0., 0., 1., 0., 0., 0., 0., 0., 1., 0., 0., 0., 0., 0., 0., 0., 0., 0.,
        0., 0., 1., 0., 0., 1., 0., 0., 1., 0., 0., 1., 0., 0.]), tensor([0., 0., 1., 0., 0., 1., 0., 0., 1., 0., 0., 1., 0., 0., 0., 0., 0., 0.,
        0., 0., 0., 0., 0., 0., 0., 0., 0., 0., 0., 1., 0., 0.]), tensor([1., 0., 0., 1., 0., 0., 1., 0., 0., 1., 0., 0., 0., 0., 1., 0., 0., 1.,
        0., 0., 0., 1., 0., 0., 1., 0., 0., 1., 0., 0., 1., 0.]), tensor([1., 0., 0., 1., 0., 0., 0., 0., 0., 1., 0., 1., 1., 0., 0., 0., 0., 0.,
        0., 0., 0., 1., 0., 0., 1., 0., 0., 0., 0., 0., 0., 0.]), tensor([0., 0., 0., 0., 0., 0., 1., 0., 0., 0., 0., 0., 0., 0., 0., 0., 0., 0.,
        1., 0., 0., 0., 0., 0., 0., 0., 0., 1., 0., 0., 0., 0.]), tensor([1., 0., 0., 1., 0., 0., 0., 0., 0., 1., 0., 0., 1., 0., 0., 1., 1., 0.,
        0., 0., 0., 1., 0., 0., 1., 0., 0., 0., 0., 0., 1., 0.]), tensor([0., 0., 0., 0., 0., 0., 0., 1., 0., 0., 1., 0., 0., 0., 1., 0., 0., 1.,
        0., 0., 1., 0., 0., 1., 0., 0., 0., 0., 1., 0., 0., 1.]), tensor([0., 1., 0., 0., 1., 0., 0., 1., 0., 0., 1., 0., 0., 1., 0., 0., 1., 0.,
        0., 1., 0., 0., 1., 0., 0., 1., 0., 0., 1., 0., 0., 1.]), tensor([0., 0., 1., 0., 0., 1., 0., 0., 1., 0., 0., 1., 0., 0., 1., 0., 0., 1.,
        0., 0., 1., 0., 0., 1., 0., 0., 1., 0., 0., 1., 0., 0.]), tensor([1., 0., 0., 1., 0., 0., 1., 0., 0., 1., 0., 0., 1., 0., 0., 1., 0., 0.,
        1., 0., 0., 1., 0., 0., 1., 0., 0., 1., 0., 0., 1., 0.])]
[tensor([1., 0., 0., 1., 0., 0., 1., 0., 0., 0., 0., 0., 1., 0., 0., 0., 0., 0.,
        1., 0., 0., 1., 0., 0., 1., 0., 0., 1., 0., 0., 0., 0.]), tensor([1., 0., 0., 1., 0., 0., 1., 0., 0., 1., 0., 0., 1., 0., 0., 1., 0., 0.,
        0., 0., 0., 0., 0., 0., 0., 0., 0., 0., 0., 0., 1., 0.]), tensor([0., 0., 0., 0., 0., 0., 0., 0., 0., 0., 0., 0., 0., 0., 0., 0., 0., 0.,
        0., 0., 0., 0., 0., 0., 0., 0., 0., 1., 0., 0., 1., 0.]), tensor([1., 0., 0., 0., 0., 0., 1., 0., 0., 0., 0., 0., 0., 0., 0., 1., 0., 0.,
        0., 0., 0., 1., 0., 0., 1., 0., 0., 1., 0., 0., 1., 0.]), tensor([1., 0., 0., 0., 0., 0., 1., 0., 0., 0., 0., 0., 1., 0., 0., 0., 0., 0.,
        1., 0., 0., 1., 0., 0., 1., 0., 0., 0., 0., 0., 1., 0.]), tensor([0., 0., 1., 0., 0., 0., 0., 0., 0., 0., 0., 1., 0., 0., 1., 0., 0., 1.,
        0., 0., 0., 0., 0., 0., 0., 0., 1., 0., 0., 1., 0., 0.]), tensor([0., 0., 0., 0., 0., 1., 0., 0., 1., 0., 0., 1., 0., 0., 0., 0., 0., 1.,
        0., 0., 1., 0., 0., 1., 0., 0., 1., 0., 0., 1., 0., 0.]), tensor([0., 0., 0., 0., 0., 1., 0., 0., 1., 0., 0., 1., 0., 0., 0., 0., 0., 0.,
        0., 0., 0., 0., 0., 1., 0., 0., 0., 0., 0., 1., 0., 0.]), tensor([0., 0., 0., 0., 0., 0., 0., 1., 0., 0., 0., 0., 0., 1., 0., 0., 1., 0.,
        0., 0., 0., 0., 1., 0., 0., 0., 0., 0., 0., 0., 0., 1.]), tensor([0., 1., 0., 0., 1., 0., 0., 0., 0., 0., 1., 0., 0., 0., 0., 0., 0., 0.,
        0., 1., 0., 0., 0., 0., 0., 1., 0., 0., 1., 0., 0., 0.]), tensor([0., 0., 0., 0., 1., 0., 0., 1., 0., 0., 0., 0., 0., 1., 0., 0., 1., 0.,
        0., 0., 0., 0., 1., 0., 0., 0., 0., 0., 1., 0., 0., 0.]), tensor([0., 1., 0., 0., 1., 0., 0., 0., 0., 0., 0., 0., 0., 0., 0., 0., 0., 0.,
        0., 0., 0., 0., 0., 0., 0., 0., 0., 0., 1., 0., 0., 0.]), tensor([0., 1., 1., 1., 0., 1., 1., 0., 1., 0., 0., 1., 1., 1., 1., 0., 1., 0.,
        1., 1., 1., 1., 1., 0., 1., 1., 1., 0., 1., 0., 1., 0.]), tensor([1., 0., 1., 0., 1., 0., 1., 1., 0., 1., 1., 1., 1., 0., 1., 1., 1., 1.,
        1., 1., 1., 1., 1., 1., 1., 1., 0., 1., 0., 1., 1., 1.]), tensor([1., 0., 1., 0., 0., 1., 1., 0., 1., 1., 0., 1., 1., 1., 0., 1., 0., 0.,
        1., 0., 0., 1., 0., 0., 1., 0., 1., 0., 0., 0., 1., 0.]), tensor([1., 0., 0., 0., 0., 0., 1., 0., 0., 0., 0., 0., 0., 0., 0., 1., 0., 0.,
        0., 0., 0., 1., 0., 0., 1., 0., 0., 1., 0., 0., 1., 0.]), tensor([0., 0., 1., 0., 0., 0., 0., 0., 0., 0., 0., 1., 0., 0., 1., 0., 0., 1.,
        0., 0., 0., 0., 0., 0., 0., 0., 1., 0., 0., 1., 0., 0.]), tensor([0., 0., 0., 1., 0., 0., 1., 0., 0., 1., 0., 0., 1., 1., 1., 0., 0., 0.,
        0., 0., 0., 0., 0., 0., 0., 0., 0., 1., 0., 0., 1., 0.]), tensor([1., 0., 0., 1., 0., 0., 1., 0., 0., 0., 0., 0., 1., 0., 0., 0., 0., 1.,
        1., 0., 0., 1., 0., 1., 1., 0., 0., 0., 0., 0., 1., 0.]), tensor([0., 0., 0., 0., 0., 1., 0., 0., 1., 0., 0., 1., 0., 0., 0., 0., 0., 1.,
        0., 0., 1., 0., 0., 1., 1., 0., 1., 0., 0., 1., 0., 0.]), tensor([0., 0., 0., 0., 0., 1., 0., 0., 1., 0., 0., 1., 0., 0., 0., 0., 0., 1.,
        0., 0., 1., 0., 0., 1., 1., 0., 1., 0., 0., 1., 0., 0.]), tensor([0., 0., 0., 1., 0., 0., 1., 0., 0., 0., 0., 0., 1., 0., 0., 0., 0., 0.,
        1., 0., 0., 1., 0., 0., 1., 0., 0., 0., 0., 0., 0., 0.]), tensor([1., 0., 0., 1., 0., 0., 1., 0., 0., 1., 0., 0., 1., 0., 0., 1., 0., 0.,
        0., 0., 0., 0., 0., 0., 0., 0., 0., 0., 0., 0., 1., 0.]), tensor([1., 0., 0., 0., 0., 0., 0., 0., 0., 0., 0., 0., 0., 0., 0., 0., 0., 0.,
        0., 0., 0., 1., 0., 0., 0., 0., 0., 1., 0., 0., 0., 0.]), tensor([0., 0., 0., 0., 1., 0., 1., 1., 0., 0., 0., 0., 0., 1., 0., 1., 1., 0.,
        1., 0., 0., 0., 1., 0., 0., 1., 0., 0., 1., 0., 0., 0.]), tensor([0., 1., 0., 0., 1., 0., 0., 1., 0., 0., 0., 0., 0., 1., 0., 0., 1., 0.,
        0., 0., 0., 0., 1., 0., 0., 0., 0., 1., 1., 0., 0., 1.]), tensor([0., 0., 0., 0., 0., 0., 0., 1., 0., 0., 0., 0., 0., 1., 0., 0., 1., 0.,
        0., 0., 0., 0., 1., 0., 0., 0., 0., 0., 0., 0., 0., 1.]), tensor([0., 1., 0., 0., 1., 0., 0., 0., 0., 0., 1., 0., 0., 0., 0., 1., 0., 0.,
        0., 1., 0., 1., 0., 0., 0., 1., 1., 0., 1., 0., 0., 0.]), tensor([0., 0., 1., 0., 0., 1., 0., 0., 1., 0., 0., 1., 0., 0., 0., 0., 0., 0.,
        1., 0., 0., 0., 0., 1., 0., 0., 0., 1., 0., 1., 1., 0.]), tensor([0., 0., 1., 0., 0., 1., 0., 0., 1., 0., 0., 1., 0., 0., 1., 0., 0., 1.,
        0., 0., 1., 0., 0., 1., 0., 0., 1., 0., 0., 1., 0., 0.]), tensor([1., 0., 0., 1., 0., 0., 1., 0., 0., 1., 0., 0., 1., 0., 0., 1., 0., 0.,
        1., 0., 0., 1., 0., 0., 1., 0., 0., 1., 0., 0., 1., 0.]), tensor([0., 1., 0., 0., 1., 0., 0., 1., 0., 0., 1., 0., 0., 1., 0., 0., 1., 0.,
        0., 1., 0., 0., 1., 0., 0., 1., 0., 0., 1., 0., 0., 1.])]
[tensor([0., 0., 0., 0., 1., 0., 0., 1., 0., 0., 1., 0., 0., 1., 0., 0., 0., 0.,
        0., 1., 0., 0., 0., 0., 0., 1., 0., 0., 1., 0., 0., 0.]), tensor([0., 1., 0., 0., 0., 0., 0., 0., 0., 0., 1., 0., 0., 1., 0., 0., 1., 0.,
        0., 0., 0., 0., 0., 0., 0., 1., 0., 0., 1., 0., 0., 1.]), tensor([0., 0., 0., 0., 1., 0., 0., 0., 0., 0., 0., 0., 0., 0., 0., 0., 0., 0.,
        0., 0., 0., 0., 0., 0., 0., 0., 0., 0., 0., 0., 0., 1.]), tensor([0., 1., 0., 0., 1., 0., 0., 0., 0., 0., 1., 0., 0., 0., 0., 0., 1., 0.,
        0., 1., 0., 0., 0., 0., 0., 0., 0., 0., 1., 0., 0., 1.]), tensor([0., 1., 0., 0., 1., 0., 0., 1., 0., 0., 0., 0., 0., 1., 0., 0., 0., 0.,
        0., 1., 0., 0., 1., 0., 0., 1., 0., 0., 1., 0., 0., 1.]), tensor([1., 0., 0., 1., 0., 0., 1., 0., 0., 1., 0., 0., 1., 0., 0., 1., 0., 0.,
        0., 0., 0., 1., 0., 0., 0., 0., 0., 1., 0., 0., 1., 0.]), tensor([1., 0., 0., 0., 0., 0., 1., 0., 0., 1., 0., 0., 1., 0., 0., 1., 0., 0.,
        1., 0., 0., 0., 0., 0., 1., 0., 0., 0., 0., 0., 0., 0.]), tensor([0., 0., 0., 0., 0., 0., 0., 0., 0., 0., 0., 0., 0., 0., 0., 0., 0., 0.,
        0., 0., 0., 0., 0., 0., 1., 0., 0., 0., 0., 0., 0., 0.]), tensor([0., 0., 0., 0., 0., 0., 0., 0., 0., 0., 0., 0., 0., 0., 1., 0., 0., 0.,
        0., 0., 1., 0., 0., 0., 0., 0., 0., 0., 0., 0., 0., 0.]), tensor([0., 0., 1., 0., 0., 1., 0., 0., 1., 0., 0., 0., 0., 0., 0., 0., 0., 1.,
        0., 0., 0., 0., 0., 0., 0., 0., 1., 0., 0., 1., 0., 0.]), tensor([0., 0., 0., 0., 0., 1., 0., 0., 0., 0., 0., 1., 0., 0., 0., 0., 0., 0.,
        0., 0., 0., 0., 0., 1., 0., 0., 1., 0., 0., 0., 0., 0.]), tensor([0., 0., 0., 0., 0., 1., 0., 0., 0., 0., 0., 0., 0., 0., 0., 0., 0., 0.,
        0., 0., 0., 0., 0., 1., 0., 0., 1., 0., 0., 0., 0., 0.]), tensor([1., 0., 1., 1., 1., 1., 1., 1., 0., 0., 1., 1., 1., 1., 0., 0., 0., 1.,
        0., 1., 0., 0., 1., 1., 1., 0., 0., 1., 0., 0., 1., 1.]), tensor([1., 1., 0., 0., 0., 1., 0., 0., 1., 0., 0., 0., 0., 0., 1., 1., 0., 0.,
        1., 0., 1., 1., 1., 1., 1., 1., 1., 0., 1., 1., 1., 1.]), tensor([0., 1., 0., 1., 1., 0., 1., 1., 0., 0., 1., 0., 0., 1., 1., 0., 0., 0.,
        0., 1., 0., 0., 1., 1., 0., 1., 0., 0., 1., 0., 1., 1.]), tensor([0., 1., 0., 0., 1., 0., 0., 0., 0., 0., 1., 0., 0., 0., 0., 0., 1., 0.,
        0., 1., 0., 0., 0., 0., 0., 0., 0., 0., 1., 0., 0., 1.]), tensor([1., 0., 0., 1., 0., 0., 1., 0., 0., 1., 0., 0., 1., 0., 0., 1., 0., 0.,
        0., 0., 0., 1., 0., 0., 0., 0., 0., 1., 0., 0., 1., 0.]), tensor([0., 1., 0., 0., 1., 0., 0., 1., 0., 0., 0., 0., 1., 0., 0., 0., 1., 0.,
        0., 0., 1., 0., 0., 0., 0., 1., 0., 0., 0., 0., 1., 1.]), tensor([0., 1., 0., 0., 1., 0., 0., 1., 0., 1., 0., 0., 0., 1., 0., 1., 1., 0.,
        1., 1., 0., 0., 1., 0., 0., 1., 0., 1., 1., 0., 0., 1.]), tensor([1., 0., 0., 0., 0., 0., 1., 0., 0., 1., 0., 0., 1., 0., 0., 1., 0., 0.,
        1., 0., 0., 0., 0., 0., 1., 1., 0., 0., 0., 0., 0., 1.]), tensor([1., 0., 0., 0., 0., 0., 1., 0., 0., 1., 0., 0., 1., 0., 0., 1., 0., 0.,
        1., 0., 0., 0., 0., 0., 1., 1., 0., 0., 0., 0., 0., 1.]), tensor([0., 0., 0., 0., 1., 0., 0., 1., 0., 0., 1., 0., 0., 1., 0., 0., 0., 0.,
        0., 1., 0., 0., 0., 0., 0., 1., 0., 0., 0., 0., 0., 0.]), tensor([0., 1., 0., 0., 0., 0., 0., 0., 0., 0., 1., 0., 0., 1., 0., 0., 1., 0.,
        0., 0., 0., 0., 0., 0., 0., 1., 0., 0., 1., 0., 0., 1.]), tensor([0., 0., 0., 0., 0., 0., 0., 0., 0., 0., 1., 0., 0., 0., 0., 0., 0., 0.,
        0., 0., 0., 0., 0., 0., 0., 0., 0., 0., 1., 0., 0., 0.]), tensor([0., 0., 0., 0., 0., 1., 0., 0., 0., 0., 0., 1., 0., 1., 1., 0., 1., 1.,
        0., 0., 0., 0., 0., 1., 0., 0., 1., 0., 0., 0., 0., 0.]), tensor([0., 1., 0., 0., 0., 1., 0., 0., 0., 0., 0., 1., 0., 0., 0., 0., 0., 0.,
        0., 0., 1., 0., 1., 1., 0., 0., 1., 0., 1., 0., 0., 0.]), tensor([0., 0., 0., 0., 0., 0., 0., 0., 0., 0., 0., 0., 0., 0., 1., 0., 0., 0.,
        0., 0., 1., 0., 0., 0., 0., 0., 0., 0., 0., 0., 0., 0.]), tensor([0., 0., 1., 0., 1., 1., 1., 0., 1., 0., 0., 0., 0., 0., 0., 0., 0., 1.,
        0., 0., 0., 0., 0., 1., 0., 0., 1., 0., 0., 1., 0., 1.]), tensor([0., 0., 0., 0., 0., 0., 0., 0., 0., 0., 0., 1., 0., 0., 0., 0., 0., 0.,
        0., 0., 0., 0., 0., 0., 1., 0., 0., 0., 0., 0., 0., 0.]), tensor([1., 0., 0., 1., 0., 0., 1., 0., 0., 1., 0., 0., 1., 0., 0., 1., 0., 0.,
        1., 0., 0., 1., 0., 0., 1., 0., 0., 1., 0., 0., 1., 0.]), tensor([0., 1., 0., 0., 1., 0., 0., 1., 0., 0., 1., 0., 0., 1., 0., 0., 1., 0.,
        0., 1., 0., 0., 1., 0., 0., 1., 0., 0., 1., 0., 0., 1.]), tensor([0., 0., 1., 0., 0., 1., 0., 0., 1., 0., 0., 1., 0., 0., 1., 0., 0., 1.,
        0., 0., 1., 0., 0., 1., 0., 0., 1., 0., 0., 1., 0., 0.])]
[tensor([0., 0., 1., 0., 0., 0., 0., 0., 0., 0., 0., 1., 0., 0., 0., 0., 0., 0.,
        0., 0., 1., 0., 0., 0., 0., 0., 1., 0., 0., 1., 0., 0.]), tensor([0., 0., 0., 0., 0., 0., 0., 0., 1., 0., 0., 1., 0., 0., 1., 0., 0., 0.,
        0., 0., 1., 0., 0., 1., 0., 0., 1., 0., 0., 0., 0., 0.]), tensor([0., 0., 0., 0., 0., 1., 0., 0., 0., 0., 0., 0., 0., 0., 0., 0., 0., 0.,
        0., 0., 0., 0., 0., 0., 0., 0., 1., 0., 0., 0., 0., 0.]), tensor([0., 0., 0., 0., 0., 0., 0., 0., 1., 0., 0., 1., 0., 0., 1., 0., 0., 1.,
        0., 0., 0., 0., 0., 1., 0., 0., 1., 0., 0., 1., 0., 0.]), tensor([0., 0., 1., 0., 0., 0., 0., 0., 0., 0., 0., 0., 0., 0., 0., 0., 0., 0.,
        0., 0., 1., 0., 0., 0., 0., 0., 0., 0., 0., 1., 0., 0.]), tensor([0., 1., 0., 0., 0., 0., 0., 1., 0., 0., 1., 0., 0., 1., 0., 0., 1., 0.,
        0., 1., 0., 0., 1., 0., 0., 0., 0., 0., 0., 0., 0., 1.]), tensor([0., 1., 0., 0., 1., 0., 0., 0., 0., 0., 1., 0., 0., 0., 0., 0., 1., 0.,
        0., 1., 0., 0., 1., 0., 0., 1., 0., 0., 1., 0., 0., 1.]), tensor([0., 1., 0., 0., 1., 0., 0., 0., 0., 0., 1., 0., 0., 0., 0., 0., 1., 0.,
        0., 1., 0., 0., 0., 0., 0., 1., 0., 0., 1., 0., 0., 0.]), tensor([1., 0., 0., 1., 0., 0., 0., 0., 0., 0., 0., 0., 1., 0., 0., 1., 0., 0.,
        0., 0., 0., 0., 0., 0., 0., 0., 0., 0., 0., 0., 1., 0.]), tensor([0., 0., 0., 0., 0., 0., 1., 0., 0., 1., 0., 0., 0., 0., 0., 0., 0., 0.,
        0., 0., 0., 1., 0., 0., 1., 0., 0., 1., 0., 0., 0., 0.]), tensor([0., 0., 0., 0., 0., 0., 1., 0., 0., 1., 0., 0., 0., 0., 0., 0., 0., 0.,
        0., 0., 0., 1., 0., 0., 1., 0., 0., 0., 0., 0., 0., 0.]), tensor([0., 0., 0., 0., 0., 0., 1., 0., 0., 1., 0., 0., 0., 0., 0., 0., 0., 0.,
        1., 0., 0., 1., 0., 0., 1., 0., 0., 0., 0., 0., 0., 0.]), tensor([0., 1., 1., 0., 0., 1., 1., 1., 1., 0., 0., 0., 1., 1., 1., 1., 1., 1.,
        0., 0., 1., 1., 1., 0., 1., 1., 1., 1., 1., 1., 1., 1.]), tensor([1., 1., 1., 1., 1., 0., 1., 1., 1., 0., 1., 1., 1., 1., 1., 1., 1., 1.,
        1., 0., 1., 1., 0., 0., 1., 0., 1., 0., 0., 0., 1., 1.]), tensor([0., 0., 1., 1., 0., 1., 0., 1., 0., 0., 0., 1., 1., 1., 1., 0., 0., 1.,
        1., 0., 1., 0., 0., 0., 0., 1., 0., 0., 0., 1., 1., 0.]), tensor([0., 0., 0., 0., 0., 0., 0., 0., 1., 0., 0., 1., 0., 0., 1., 0., 0., 1.,
        0., 0., 0., 0., 0., 1., 0., 0., 1., 0., 0., 1., 0., 0.]), tensor([0., 1., 0., 0., 0., 0., 0., 1., 0., 0., 1., 0., 0., 1., 0., 0., 1., 0.,
        0., 1., 0., 0., 1., 0., 0., 0., 0., 0., 0., 0., 0., 1.]), tensor([1., 0., 1., 1., 0., 1., 0., 0., 0., 0., 0., 0., 0., 0., 0., 0., 0., 1.,
        0., 0., 0., 0., 0., 1., 0., 0., 1., 0., 0., 1., 0., 1.]), tensor([0., 0., 1., 0., 0., 0., 0., 0., 1., 0., 0., 0., 0., 0., 0., 0., 0., 0.,
        0., 1., 1., 0., 0., 1., 0., 0., 1., 0., 0., 1., 0., 0.]), tensor([0., 1., 0., 0., 1., 0., 0., 0., 0., 0., 1., 0., 0., 0., 0., 0., 1., 0.,
        0., 1., 0., 0., 1., 0., 0., 1., 0., 0., 1., 0., 0., 1.]), tensor([0., 1., 0., 0., 1., 0., 0., 0., 0., 0., 1., 0., 0., 0., 0., 0., 1., 0.,
        0., 1., 0., 0., 1., 0., 0., 1., 0., 0., 1., 0., 0., 1.]), tensor([0., 0., 1., 0., 0., 0., 0., 0., 0., 0., 0., 1., 0., 0., 0., 0., 0., 0.,
        0., 0., 0., 0., 0., 0., 0., 0., 0., 0., 0., 1., 0., 0.]), tensor([0., 0., 0., 0., 0., 0., 0., 0., 1., 0., 0., 1., 0., 0., 1., 0., 0., 0.,
        0., 0., 1., 0., 0., 1., 0., 0., 1., 0., 0., 0., 0., 0.]), tensor([0., 0., 1., 0., 0., 0., 0., 0., 0., 0., 0., 0., 0., 0., 0., 0., 0., 0.,
        0., 0., 1., 0., 0., 0., 0., 0., 1., 0., 0., 1., 0., 0.]), tensor([0., 0., 0., 1., 0., 0., 1., 0., 0., 1., 0., 0., 0., 0., 1., 0., 0., 0.,
        0., 0., 0., 1., 0., 1., 1., 0., 0., 0., 0., 0., 0., 0.]), tensor([1., 0., 0., 0., 0., 0., 1., 0., 0., 1., 0., 0., 0., 0., 0., 1., 0., 0.,
        1., 0., 0., 1., 0., 0., 1., 0., 1., 0., 0., 1., 0., 0.]), tensor([1., 0., 0., 1., 0., 0., 0., 0., 0., 0., 0., 0., 1., 0., 0., 1., 0., 0.,
        0., 0., 0., 0., 0., 0., 0., 0., 0., 0., 0., 0., 1., 0.]), tensor([0., 0., 0., 0., 0., 1., 1., 0., 1., 1., 0., 1., 0., 0., 0., 0., 0., 0.,
        1., 0., 0., 1., 0., 0., 1., 0., 0., 1., 0., 0., 0., 0.]), tensor([0., 1., 0., 0., 1., 0., 0., 0., 0., 0., 1., 0., 0., 1., 0., 0., 1., 0.,
        0., 1., 0., 0., 0., 0., 0., 1., 1., 0., 1., 0., 0., 0.]), tensor([0., 1., 0., 0., 1., 0., 0., 1., 0., 0., 1., 0., 0., 1., 0., 0., 1., 0.,
        0., 1., 0., 0., 1., 0., 0., 1., 0., 0., 1., 0., 0., 1.]), tensor([0., 0., 1., 0., 0., 1., 0., 0., 1., 0., 0., 1., 0., 0., 1., 0., 0., 1.,
        0., 0., 1., 0., 0., 1., 0., 0., 1., 0., 0., 1., 0., 0.]), tensor([1., 0., 0., 1., 0., 0., 1., 0., 0., 1., 0., 0., 1., 0., 0., 1., 0., 0.,
        1., 0., 0., 1., 0., 0., 1., 0., 0., 1., 0., 0., 1., 0.])]
[tensor([1., 0., 0., 1., 0., 0., 1., 0., 0., 0., 0., 0., 1., 0., 0., 1., 0., 0.,
        1., 0., 0., 1., 0., 0., 1., 0., 0., 1., 0., 0., 1., 0.]), tensor([1., 0., 0., 0., 0., 0., 1., 0., 0., 0., 0., 0., 0., 0., 0., 0., 0., 0.,
        0., 0., 0., 1., 0., 0., 1., 0., 0., 1., 0., 0., 0., 0.]), tensor([1., 0., 0., 1., 0., 0., 0., 0., 0., 1., 0., 0., 1., 0., 0., 0., 0., 0.,
        0., 0., 0., 0., 0., 0., 0., 0., 0., 1., 0., 0., 1., 0.]), tensor([0., 0., 0., 0., 0., 0., 1., 0., 0., 1., 0., 0., 0., 0., 0., 1., 0., 0.,
        1., 0., 0., 1., 0., 0., 1., 0., 0., 1., 0., 0., 1., 0.]), tensor([1., 0., 0., 1., 0., 0., 1., 0., 0., 0., 0., 0., 0., 0., 0., 0., 0., 0.,
        0., 0., 0., 0., 0., 0., 0., 0., 0., 1., 0., 0., 0., 0.]), tensor([0., 0., 1., 0., 0., 1., 0., 0., 0., 0., 0., 1., 0., 0., 1., 0., 0., 1.,
        0., 0., 1., 0., 0., 1., 0., 0., 1., 0., 0., 1., 0., 0.]), tensor([0., 0., 0., 0., 0., 1., 0., 0., 1., 0., 0., 0., 0., 0., 1., 0., 0., 1.,
        0., 0., 1., 0., 0., 1., 0., 0., 1., 0., 0., 1., 0., 0.]), tensor([0., 0., 0., 0., 0., 1., 0., 0., 1., 0., 0., 0., 0., 0., 1., 0., 0., 1.,
        0., 0., 0., 0., 0., 0., 0., 0., 0., 0., 0., 1., 0., 0.]), tensor([0., 0., 0., 0., 0., 0., 0., 0., 0., 0., 0., 0., 0., 0., 0., 0., 0., 0.,
        0., 0., 0., 0., 1., 0., 0., 1., 0., 0., 1., 0., 0., 0.]), tensor([0., 1., 0., 0., 0., 0., 0., 1., 0., 0., 1., 0., 0., 1., 0., 0., 1., 0.,
        0., 0., 0., 0., 0., 0., 0., 0., 0., 0., 0., 0., 0., 1.]), tensor([0., 1., 0., 0., 1., 0., 0., 0., 0., 0., 1., 0., 0., 1., 0., 0., 1., 0.,
        0., 1., 0., 0., 0., 0., 0., 0., 0., 0., 0., 0., 0., 1.]), tensor([0., 1., 0., 0., 0., 0., 0., 0., 0., 0., 1., 0., 0., 1., 0., 0., 1., 0.,
        0., 0., 0., 0., 0., 0., 0., 0., 0., 0., 0., 0., 0., 1.]), tensor([1., 1., 1., 0., 1., 1., 1., 0., 0., 1., 1., 1., 1., 1., 0., 0., 1., 1.,
        0., 1., 1., 1., 1., 1., 1., 1., 1., 0., 1., 1., 0., 1.]), tensor([1., 0., 1., 1., 1., 1., 1., 0., 1., 1., 1., 0., 0., 0., 1., 1., 1., 1.,
        1., 1., 1., 1., 1., 1., 1., 1., 1., 1., 0., 1., 0., 1.]), tensor([1., 0., 0., 1., 1., 1., 1., 0., 1., 1., 0., 0., 0., 0., 0., 1., 0., 1.,
        0., 0., 0., 1., 0., 1., 0., 0., 1., 1., 0., 1., 0., 0.]), tensor([0., 0., 0., 0., 0., 0., 1., 0., 0., 1., 0., 0., 0., 0., 0., 1., 0., 0.,
        1., 0., 0., 1., 0., 0., 1., 0., 0., 1., 0., 0., 1., 0.]), tensor([0., 0., 1., 0., 0., 1., 0., 0., 0., 0., 0., 1., 0., 0., 1., 0., 0., 1.,
        0., 0., 1., 0., 0., 1., 0., 0., 1., 0., 0., 1., 0., 0.]), tensor([1., 0., 0., 1., 0., 0., 1., 0., 0., 1., 0., 0., 1., 0., 0., 0., 0., 0.,
        0., 0., 0., 0., 0., 0., 0., 0., 0., 1., 0., 0., 1., 0.]), tensor([1., 0., 1., 1., 0., 0., 1., 0., 0., 0., 0., 1., 1., 0., 0., 0., 0., 0.,
        0., 0., 0., 0., 0., 0., 1., 0., 0., 1., 0., 0., 1., 0.]), tensor([0., 0., 0., 0., 0., 1., 0., 0., 1., 0., 0., 0., 0., 0., 1., 0., 0., 1.,
        0., 0., 1., 0., 0., 1., 0., 0., 1., 0., 0., 1., 0., 0.]), tensor([0., 0., 0., 0., 0., 1., 0., 0., 1., 0., 0., 0., 0., 0., 1., 0., 0., 1.,
        0., 0., 1., 0., 0., 1., 0., 0., 1., 0., 0., 1., 0., 0.]), tensor([1., 0., 0., 1., 0., 0., 1., 0., 0., 0., 0., 0., 1., 0., 0., 1., 0., 0.,
        1., 0., 0., 1., 0., 0., 1., 0., 0., 1., 0., 0., 0., 0.]), tensor([1., 0., 0., 0., 0., 0., 1., 0., 0., 0., 0., 0., 0., 0., 0., 0., 0., 0.,
        0., 0., 0., 1., 0., 0., 1., 0., 0., 1., 0., 0., 0., 0.]), tensor([0., 0., 0., 1., 0., 0., 0., 0., 0., 0., 0., 0., 0., 0., 0., 0., 0., 0.,
        0., 0., 0., 1., 0., 0., 0., 0., 0., 0., 0., 0., 1., 0.]), tensor([0., 1., 0., 0., 1., 0., 0., 1., 0., 0., 1., 0., 1., 1., 0., 1., 1., 0.,
        0., 1., 0., 0., 0., 0., 0., 0., 0., 0., 1., 0., 0., 1.]), tensor([0., 1., 0., 0., 1., 0., 0., 0., 0., 0., 1., 0., 0., 1., 0., 0., 1., 0.,
        0., 1., 0., 0., 1., 0., 0., 1., 0., 0., 0., 0., 0., 1.]), tensor([0., 0., 0., 0., 0., 0., 0., 0., 0., 0., 0., 0., 0., 0., 0., 0., 0., 0.,
        0., 0., 0., 0., 1., 0., 0., 1., 0., 0., 1., 0., 0., 0.]), tensor([1., 1., 0., 0., 0., 0., 0., 1., 0., 1., 1., 1., 1., 1., 0., 1., 1., 0.,
        0., 0., 0., 1., 0., 1., 0., 0., 0., 1., 0., 0., 1., 1.]), tensor([0., 0., 0., 1., 0., 1., 0., 0., 1., 0., 0., 0., 0., 0., 1., 0., 0., 1.,
        1., 1., 0., 0., 0., 0., 0., 0., 0., 0., 0., 1., 0., 0.]), tensor([0., 0., 1., 0., 0., 1., 0., 0., 1., 0., 0., 1., 0., 0., 1., 0., 0., 1.,
        0., 0., 1., 0., 0., 1., 0., 0., 1., 0., 0., 1., 0., 0.]), tensor([1., 0., 0., 1., 0., 0., 1., 0., 0., 1., 0., 0., 1., 0., 0., 1., 0., 0.,
        1., 0., 0., 1., 0., 0., 1., 0., 0., 1., 0., 0., 1., 0.]), tensor([0., 1., 0., 0., 1., 0., 0., 1., 0., 0., 1., 0., 0., 1., 0., 0., 1., 0.,
        0., 1., 0., 0., 1., 0., 0., 1., 0., 0., 1., 0., 0., 1.])]
[tensor([0., 1., 0., 0., 1., 0., 0., 1., 0., 0., 1., 0., 0., 0., 0., 0., 0., 0.,
        0., 1., 0., 0., 1., 0., 0., 1., 0., 0., 1., 0., 0., 1.]), tensor([0., 1., 0., 0., 1., 0., 0., 1., 0., 0., 0., 0., 0., 0., 0., 0., 0., 0.,
        0., 1., 0., 0., 1., 0., 0., 0., 0., 0., 1., 0., 0., 1.]), tensor([0., 0., 0., 0., 0., 0., 0., 1., 0., 0., 0., 0., 0., 1., 0., 0., 1., 0.,
        0., 0., 0., 0., 0., 0., 0., 1., 0., 0., 0., 0., 0., 1.]), tensor([0., 1., 0., 0., 1., 0., 0., 1., 0., 0., 0., 0., 0., 0., 0., 0., 0., 0.,
        0., 1., 0., 0., 0., 0., 0., 1., 0., 0., 1., 0., 0., 0.]), tensor([0., 1., 0., 0., 0., 0., 0., 0., 0., 0., 1., 0., 0., 0., 0., 0., 0., 0.,
        0., 1., 0., 0., 1., 0., 0., 0., 0., 0., 0., 0., 0., 1.]), tensor([0., 0., 0., 0., 0., 0., 1., 0., 0., 1., 0., 0., 1., 0., 0., 1., 0., 0.,
        1., 0., 0., 0., 0., 0., 0., 0., 0., 1., 0., 0., 1., 0.]), tensor([1., 0., 0., 1., 0., 0., 0., 0., 0., 1., 0., 0., 1., 0., 0., 0., 0., 0.,
        1., 0., 0., 1., 0., 0., 1., 0., 0., 1., 0., 0., 1., 0.]), tensor([0., 0., 0., 1., 0., 0., 0., 0., 0., 1., 0., 0., 1., 0., 0., 0., 0., 0.,
        1., 0., 0., 0., 0., 0., 1., 0., 0., 0., 0., 0., 0., 0.]), tensor([0., 0., 1., 0., 0., 0., 0., 0., 1., 0., 0., 0., 0., 0., 0., 0., 0., 1.,
        0., 0., 0., 0., 0., 0., 0., 0., 0., 0., 0., 1., 0., 0.]), tensor([0., 0., 0., 0., 0., 0., 0., 0., 0., 0., 0., 0., 0., 0., 1., 0., 0., 0.,
        0., 0., 0., 0., 0., 0., 0., 0., 1., 0., 0., 0., 0., 0.]), tensor([0., 0., 0., 0., 0., 1., 0., 0., 0., 0., 0., 0., 0., 0., 1., 0., 0., 0.,
        0., 0., 0., 0., 0., 1., 0., 0., 0., 0., 0., 0., 0., 0.]), tensor([0., 0., 0., 0., 0., 0., 0., 0., 0., 0., 0., 1., 0., 0., 1., 0., 0., 0.,
        0., 0., 1., 0., 0., 0., 0., 0., 1., 0., 0., 0., 0., 0.]), tensor([1., 1., 1., 1., 0., 0., 0., 0., 1., 1., 1., 1., 1., 1., 1., 1., 0., 0.,
        0., 1., 1., 1., 1., 1., 0., 0., 1., 1., 0., 1., 1., 1.]), tensor([1., 0., 1., 0., 1., 0., 0., 1., 1., 0., 0., 0., 1., 0., 1., 1., 0., 1.,
        0., 1., 1., 1., 1., 1., 0., 0., 0., 1., 1., 0., 0., 0.]), tensor([1., 1., 1., 0., 0., 0., 0., 1., 0., 0., 1., 1., 1., 0., 0., 1., 0., 1.,
        0., 1., 1., 1., 1., 0., 0., 0., 0., 1., 0., 1., 1., 1.]), tensor([0., 1., 0., 0., 1., 0., 0., 1., 0., 0., 0., 0., 0., 0., 0., 0., 0., 0.,
        0., 1., 0., 0., 0., 0., 0., 1., 0., 0., 1., 0., 0., 0.]), tensor([0., 0., 0., 0., 0., 0., 1., 0., 0., 1., 0., 0., 1., 0., 0., 1., 0., 0.,
        1., 0., 0., 0., 0., 0., 0., 0., 0., 1., 0., 0., 1., 0.]), tensor([0., 1., 0., 0., 1., 1., 0., 1., 0., 0., 0., 0., 0., 1., 0., 1., 1., 0.,
        0., 0., 0., 0., 0., 1., 0., 1., 0., 0., 1., 1., 0., 1.]), tensor([0., 1., 0., 0., 1., 0., 0., 0., 0., 1., 1., 0., 0., 1., 0., 0., 1., 0.,
        1., 1., 0., 0., 1., 0., 1., 0., 0., 0., 1., 0., 0., 1.]), tensor([1., 0., 0., 1., 0., 0., 0., 0., 0., 1., 0., 0., 1., 0., 0., 0., 0., 0.,
        1., 1., 0., 1., 1., 0., 1., 0., 0., 1., 0., 0., 1., 0.]), tensor([1., 0., 0., 1., 0., 0., 0., 0., 0., 1., 0., 0., 1., 0., 0., 0., 0., 0.,
        1., 0., 0., 1., 1., 0., 1., 0., 0., 1., 0., 0., 1., 0.]), tensor([0., 1., 0., 0., 0., 0., 0., 1., 0., 0., 1., 0., 0., 0., 0., 0., 0., 0.,
        0., 1., 0., 0., 1., 0., 0., 1., 0., 0., 0., 0., 0., 1.]), tensor([0., 1., 0., 0., 1., 0., 0., 1., 0., 0., 0., 0., 0., 0., 0., 0., 0., 0.,
        0., 1., 0., 0., 1., 0., 0., 0., 0., 0., 1., 0., 0., 1.]), tensor([0., 1., 0., 0., 1., 0., 0., 0., 0., 0., 1., 0., 0., 0., 0., 0., 0., 0.,
        0., 1., 0., 0., 0., 0., 0., 1., 0., 0., 1., 0., 0., 0.]), tensor([0., 0., 1., 0., 0., 1., 0., 1., 0., 0., 0., 0., 0., 0., 1., 0., 1., 1.,
        0., 0., 0., 0., 0., 1., 0., 0., 0., 0., 0., 1., 0., 1.]), tensor([0., 0., 0., 0., 0., 1., 0., 0., 1., 0., 1., 1., 0., 0., 1., 0., 0., 0.,
        0., 1., 1., 0., 1., 1., 0., 1., 1., 0., 0., 0., 0., 0.]), tensor([0., 0., 1., 0., 0., 0., 0., 0., 1., 0., 0., 0., 0., 0., 0., 0., 0., 1.,
        0., 0., 0., 0., 0., 0., 0., 0., 0., 0., 0., 1., 0., 0.]), tensor([1., 0., 0., 0., 0., 0., 0., 1., 0., 0., 0., 1., 0., 1., 1., 0., 1., 0.,
        0., 0., 1., 0., 0., 0., 0., 0., 1., 0., 0., 0., 0., 1.]), tensor([0., 0., 0., 1., 0., 0., 1., 0., 0., 1., 0., 0., 1., 0., 0., 0., 0., 0.,
        1., 0., 0., 0., 0., 0., 1., 1., 0., 0., 0., 0., 0., 0.]), tensor([1., 0., 0., 1., 0., 0., 1., 0., 0., 1., 0., 0., 1., 0., 0., 1., 0., 0.,
        1., 0., 0., 1., 0., 0., 1., 0., 0., 1., 0., 0., 1., 0.]), tensor([0., 1., 0., 0., 1., 0., 0., 1., 0., 0., 1., 0., 0., 1., 0., 0., 1., 0.,
        0., 1., 0., 0., 1., 0., 0., 1., 0., 0., 1., 0., 0., 1.]), tensor([0., 0., 1., 0., 0., 1., 0., 0., 1., 0., 0., 1., 0., 0., 1., 0., 0., 1.,
        0., 0., 1., 0., 0., 1., 0., 0., 1., 0., 0., 1., 0., 0.])]
[tensor([0., 0., 1., 0., 0., 1., 0., 0., 0., 0., 0., 1., 0., 0., 1., 0., 0., 1.,
        0., 0., 1., 0., 0., 1., 0., 0., 1., 0., 0., 1., 0., 0.]), tensor([0., 0., 1., 0., 0., 1., 0., 0., 1., 0., 0., 1., 0., 0., 0., 0., 0., 1.,
        0., 0., 1., 0., 0., 0., 0., 0., 1., 0., 0., 1., 0., 0.]), tensor([0., 0., 0., 0., 0., 0., 0., 0., 0., 0., 0., 0., 0., 0., 0., 0., 0., 0.,
        0., 0., 1., 0., 0., 0., 0., 0., 0., 0., 0., 0., 0., 0.]), tensor([0., 0., 0., 0., 0., 0., 0., 0., 0., 0., 0., 1., 0., 0., 1., 0., 0., 0.,
        0., 0., 1., 0., 0., 0., 0., 0., 1., 0., 0., 1., 0., 0.]), tensor([0., 0., 1., 0., 0., 0., 0., 0., 1., 0., 0., 1., 0., 0., 0., 0., 0., 0.,
        0., 0., 0., 0., 0., 1., 0., 0., 1., 0., 0., 1., 0., 0.]), tensor([0., 1., 0., 0., 0., 0., 0., 1., 0., 0., 1., 0., 0., 1., 0., 0., 1., 0.,
        0., 0., 0., 0., 1., 0., 0., 1., 0., 0., 0., 0., 0., 1.]), tensor([0., 1., 0., 0., 1., 0., 0., 1., 0., 0., 1., 0., 0., 0., 0., 0., 1., 0.,
        0., 1., 0., 0., 1., 0., 0., 1., 0., 0., 1., 0., 0., 1.]), tensor([0., 0., 0., 0., 0., 0., 0., 0., 0., 0., 0., 0., 0., 0., 0., 0., 0., 0.,
        0., 1., 0., 0., 0., 0., 0., 0., 0., 0., 1., 0., 0., 1.]), tensor([0., 0., 0., 1., 0., 0., 1., 0., 0., 0., 0., 0., 0., 0., 0., 0., 0., 0.,
        0., 0., 0., 0., 0., 0., 1., 0., 0., 0., 0., 0., 0., 0.]), tensor([1., 0., 0., 0., 0., 0., 0., 0., 0., 0., 0., 0., 0., 0., 0., 1., 0., 0.,
        0., 0., 0., 1., 0., 0., 0., 0., 0., 0., 0., 0., 0., 0.]), tensor([0., 0., 0., 0., 0., 0., 0., 0., 0., 0., 0., 0., 1., 0., 0., 0., 0., 0.,
        1., 0., 0., 1., 0., 0., 0., 0., 0., 1., 0., 0., 1., 0.]), tensor([1., 0., 0., 0., 0., 0., 0., 0., 0., 1., 0., 0., 1., 0., 0., 1., 0., 0.,
        0., 0., 0., 1., 0., 0., 0., 0., 0., 0., 0., 0., 0., 0.]), tensor([1., 1., 1., 1., 1., 0., 1., 1., 1., 0., 1., 1., 1., 0., 1., 0., 1., 1.,
        0., 1., 0., 0., 1., 1., 1., 1., 0., 1., 0., 0., 1., 0.]), tensor([0., 1., 0., 0., 0., 0., 1., 1., 1., 1., 0., 1., 0., 1., 1., 1., 1., 1.,
        1., 1., 0., 1., 1., 1., 0., 0., 1., 0., 0., 1., 0., 1.]), tensor([0., 0., 1., 0., 1., 0., 0., 0., 1., 1., 0., 1., 1., 1., 1., 0., 1., 0.,
        0., 0., 0., 0., 1., 1., 0., 0., 1., 1., 0., 1., 1., 0.]), tensor([0., 0., 0., 0., 0., 0., 0., 0., 0., 0., 0., 1., 0., 0., 1., 0., 0., 0.,
        0., 0., 1., 0., 0., 0., 0., 0., 1., 0., 0., 1., 0., 0.]), tensor([0., 1., 0., 0., 0., 0., 0., 1., 0., 0., 1., 0., 0., 1., 0., 0., 1., 0.,
        0., 0., 0., 0., 1., 0., 0., 1., 0., 0., 0., 0., 0., 1.]), tensor([0., 0., 1., 0., 0., 0., 1., 0., 0., 0., 0., 0., 0., 0., 1., 0., 0., 1.,
        1., 0., 1., 0., 0., 1., 0., 0., 0., 0., 0., 0., 0., 0.]), tensor([0., 1., 1., 0., 0., 1., 0., 0., 1., 0., 1., 1., 0., 0., 0., 0., 0., 0.,
        0., 0., 1., 0., 0., 1., 0., 0., 1., 0., 1., 1., 0., 1.]), tensor([0., 1., 1., 0., 1., 0., 0., 1., 0., 0., 1., 0., 0., 0., 0., 0., 1., 0.,
        0., 1., 0., 0., 1., 0., 0., 1., 0., 0., 1., 1., 0., 1.]), tensor([0., 1., 1., 0., 1., 0., 0., 1., 0., 0., 1., 0., 0., 0., 0., 0., 1., 0.,
        0., 1., 0., 0., 1., 0., 0., 1., 0., 0., 1., 0., 0., 1.]), tensor([0., 0., 1., 0., 0., 1., 0., 0., 0., 0., 0., 0., 0., 0., 1., 0., 0., 1.,
        0., 0., 1., 0., 0., 1., 0., 0., 1., 0., 0., 1., 0., 0.]), tensor([0., 0., 1., 0., 0., 1., 0., 0., 1., 0., 0., 1., 0., 0., 0., 0., 0., 1.,
        0., 0., 1., 0., 0., 0., 0., 0., 1., 0., 0., 1., 0., 0.]), tensor([0., 0., 0., 0., 0., 0., 0., 0., 0., 0., 0., 1., 0., 0., 0., 0., 0., 0.,
        0., 0., 0., 0., 0., 0., 0., 0., 0., 0., 0., 1., 0., 0.]), tensor([0., 0., 0., 1., 0., 0., 0., 0., 0., 0., 0., 0., 1., 0., 0., 0., 0., 0.,
        1., 0., 0., 1., 0., 1., 0., 0., 0., 1., 0., 0., 1., 0.]), tensor([1., 0., 1., 0., 0., 0., 0., 0., 0., 1., 0., 1., 1., 0., 0., 1., 0., 1.,
        1., 0., 0., 1., 0., 0., 0., 0., 0., 1., 0., 1., 1., 0.]), tensor([0., 0., 0., 1., 0., 0., 1., 0., 0., 0., 0., 0., 0., 0., 0., 0., 0., 0.,
        0., 0., 0., 0., 0., 0., 1., 0., 0., 0., 0., 0., 0., 0.]), tensor([1., 0., 0., 0., 0., 0., 0., 0., 0., 1., 0., 0., 1., 1., 0., 1., 1., 0.,
        0., 0., 0., 1., 1., 0., 0., 0., 0., 0., 0., 0., 0., 0.]), tensor([0., 0., 0., 0., 0., 0., 0., 0., 0., 0., 0., 0., 0., 0., 0., 0., 0., 0.,
        0., 1., 1., 0., 0., 0., 0., 0., 0., 0., 1., 0., 0., 1.]), tensor([0., 1., 0., 0., 1., 0., 0., 1., 0., 0., 1., 0., 0., 1., 0., 0., 1., 0.,
        0., 1., 0., 0., 1., 0., 0., 1., 0., 0., 1., 0., 0., 1.]), tensor([0., 0., 1., 0., 0., 1., 0., 0., 1., 0., 0., 1., 0., 0., 1., 0., 0., 1.,
        0., 0., 1., 0., 0., 1., 0., 0., 1., 0., 0., 1., 0., 0.]), tensor([1., 0., 0., 1., 0., 0., 1., 0., 0., 1., 0., 0., 1., 0., 0., 1., 0., 0.,
        1., 0., 0., 1., 0., 0., 1., 0., 0., 1., 0., 0., 1., 0.])]
[tensor([1., 0., 0., 1., 0., 0., 1., 0., 0., 0., 0., 0., 0., 0., 0., 1., 0., 0.,
        1., 0., 0., 1., 0., 0., 0., 0., 0., 1., 0., 0., 1., 0.]), tensor([0., 0., 0., 1., 0., 0., 1., 0., 0., 1., 0., 0., 1., 0., 0., 1., 0., 0.,
        0., 0., 0., 0., 0., 0., 1., 0., 0., 1., 0., 0., 0., 0.]), tensor([0., 0., 0., 0., 0., 0., 1., 0., 0., 0., 0., 0., 1., 0., 0., 0., 0., 0.,
        1., 0., 0., 0., 0., 0., 1., 0., 0., 0., 0., 0., 1., 0.]), tensor([1., 0., 0., 1., 0., 0., 1., 0., 0., 0., 0., 0., 1., 0., 0., 0., 0., 0.,
        1., 0., 0., 1., 0., 0., 0., 0., 0., 1., 0., 0., 1., 0.]), tensor([1., 0., 0., 0., 0., 0., 0., 0., 0., 1., 0., 0., 1., 0., 0., 0., 0., 0.,
        0., 0., 0., 1., 0., 0., 1., 0., 0., 0., 0., 0., 1., 0.]), tensor([0., 0., 1., 0., 0., 0., 0., 0., 0., 0., 0., 1., 0., 0., 1., 0., 0., 1.,
        0., 0., 1., 0., 0., 0., 0., 0., 0., 0., 0., 1., 0., 0.]), tensor([0., 0., 1., 0., 0., 1., 0., 0., 1., 0., 0., 1., 0., 0., 1., 0., 0., 1.,
        0., 0., 0., 0., 0., 1., 0., 0., 1., 0., 0., 1., 0., 0.]), tensor([0., 0., 0., 0., 0., 1., 0., 0., 1., 0., 0., 0., 0., 0., 0., 0., 0., 1.,
        0., 0., 0., 0., 0., 1., 0., 0., 1., 0., 0., 0., 0., 0.]), tensor([0., 0., 0., 0., 0., 0., 0., 1., 0., 0., 1., 0., 0., 0., 0., 0., 0., 0.,
        0., 1., 0., 0., 0., 0., 0., 0., 0., 0., 0., 0., 0., 0.]), tensor([0., 1., 0., 0., 0., 0., 0., 0., 0., 0., 0., 0., 0., 0., 0., 0., 1., 0.,
        0., 0., 0., 0., 0., 0., 0., 1., 0., 0., 0., 0., 0., 1.]), tensor([0., 0., 0., 0., 1., 0., 0., 1., 0., 0., 1., 0., 0., 1., 0., 0., 1., 0.,
        0., 0., 0., 0., 1., 0., 0., 0., 0., 0., 1., 0., 0., 1.]), tensor([0., 1., 0., 0., 0., 0., 0., 0., 0., 0., 0., 0., 0., 0., 0., 0., 1., 0.,
        0., 0., 0., 0., 0., 0., 0., 1., 0., 0., 0., 0., 0., 1.]), tensor([1., 1., 1., 1., 1., 0., 1., 0., 0., 0., 0., 0., 1., 1., 0., 0., 0., 1.,
        0., 0., 1., 1., 1., 0., 1., 1., 0., 1., 1., 0., 1., 1.]), tensor([0., 0., 1., 1., 1., 1., 0., 1., 1., 1., 1., 1., 0., 0., 1., 1., 0., 1.,
        0., 0., 1., 1., 1., 0., 1., 0., 1., 0., 1., 0., 1., 0.]), tensor([1., 0., 0., 1., 1., 1., 0., 0., 0., 1., 0., 1., 1., 1., 1., 0., 0., 0.,
        0., 0., 1., 1., 0., 0., 1., 0., 0., 1., 0., 0., 1., 0.]), tensor([1., 0., 0., 1., 0., 0., 1., 0., 0., 0., 0., 0., 1., 0., 0., 0., 0., 0.,
        1., 0., 0., 1., 0., 0., 0., 0., 0., 1., 0., 0., 1., 0.]), tensor([0., 0., 1., 0., 0., 0., 0., 0., 0., 0., 0., 1., 0., 0., 1., 0., 0., 1.,
        0., 0., 1., 0., 0., 0., 0., 0., 0., 0., 0., 1., 0., 0.]), tensor([0., 0., 1., 0., 0., 0., 1., 1., 0., 0., 0., 0., 1., 0., 0., 1., 0., 0.,
        1., 1., 1., 0., 0., 0., 1., 0., 0., 1., 0., 0., 1., 0.]), tensor([1., 0., 1., 0., 0., 0., 1., 0., 0., 1., 0., 0., 1., 0., 0., 0., 0., 0.,
        0., 0., 0., 1., 0., 1., 1., 0., 1., 0., 0., 1., 1., 0.]), tensor([1., 0., 1., 0., 0., 1., 0., 0., 1., 0., 0., 1., 0., 0., 1., 0., 0., 1.,
        0., 0., 0., 1., 0., 1., 1., 0., 1., 0., 0., 1., 1., 0.]), tensor([0., 0., 1., 0., 0., 1., 0., 0., 1., 0., 0., 1., 0., 0., 1., 0., 0., 1.,
        0., 0., 0., 0., 0., 1., 1., 0., 1., 0., 0., 1., 1., 0.]), tensor([1., 0., 0., 0., 0., 0., 1., 0., 0., 0., 0., 0., 0., 0., 0., 1., 0., 0.,
        1., 0., 0., 0., 0., 0., 0., 0., 0., 1., 0., 0., 1., 0.]), tensor([0., 0., 0., 1., 0., 0., 1., 0., 0., 1., 0., 0., 1., 0., 0., 1., 0., 0.,
        0., 0., 0., 0., 0., 0., 1., 0., 0., 1., 0., 0., 0., 0.]), tensor([1., 0., 0., 1., 0., 0., 1., 0., 0., 0., 0., 0., 0., 0., 0., 1., 0., 0.,
        1., 0., 0., 1., 0., 0., 0., 0., 0., 0., 0., 0., 0., 0.]), tensor([0., 0., 0., 0., 1., 0., 0., 1., 0., 0., 1., 0., 0., 1., 0., 0., 1., 0.,
        0., 1., 0., 0., 1., 0., 1., 0., 0., 1., 1., 0., 0., 1.]), tensor([0., 1., 0., 0., 1., 0., 0., 1., 0., 0., 1., 0., 0., 1., 0., 1., 1., 0.,
        1., 0., 0., 0., 1., 0., 0., 1., 0., 0., 1., 0., 0., 1.]), tensor([0., 0., 0., 0., 0., 0., 0., 1., 0., 0., 1., 0., 0., 0., 0., 0., 0., 0.,
        0., 1., 0., 0., 0., 0., 0., 0., 0., 0., 0., 0., 0., 0.]), tensor([0., 1., 0., 0., 0., 0., 0., 0., 0., 1., 0., 0., 0., 0., 0., 0., 1., 0.,
        0., 0., 0., 0., 0., 0., 1., 1., 0., 0., 0., 0., 1., 1.]), tensor([0., 0., 0., 0., 1., 1., 1., 0., 1., 0., 0., 0., 1., 0., 0., 0., 0., 1.,
        1., 0., 0., 0., 1., 1., 0., 0., 1., 0., 1., 0., 0., 0.]), tensor([0., 0., 1., 0., 0., 1., 0., 0., 1., 0., 0., 1., 0., 0., 1., 0., 0., 1.,
        0., 0., 1., 0., 0., 1., 0., 0., 1., 0., 0., 1., 0., 0.]), tensor([1., 0., 0., 1., 0., 0., 1., 0., 0., 1., 0., 0., 1., 0., 0., 1., 0., 0.,
        1., 0., 0., 1., 0., 0., 1., 0., 0., 1., 0., 0., 1., 0.]), tensor([0., 1., 0., 0., 1., 0., 0., 1., 0., 0., 1., 0., 0., 1., 0., 0., 1., 0.,
        0., 1., 0., 0., 1., 0., 0., 1., 0., 0., 1., 0., 0., 1.])]
[tensor([0., 1., 0., 0., 0., 0., 0., 0., 0., 0., 1., 0., 0., 1., 0., 0., 1., 0.,
        0., 1., 0., 0., 1., 0., 0., 0., 0., 0., 1., 0., 0., 0.]), tensor([0., 0., 0., 0., 0., 0., 0., 1., 0., 0., 0., 0., 0., 1., 0., 0., 0., 0.,
        0., 0., 0., 0., 1., 0., 0., 0., 0., 0., 1., 0., 0., 0.]), tensor([0., 1., 0., 0., 1., 0., 0., 0., 0., 0., 0., 0., 0., 0., 0., 0., 1., 0.,
        0., 1., 0., 0., 0., 0., 0., 0., 0., 0., 0., 0., 0., 0.]), tensor([0., 0., 0., 0., 1., 0., 0., 1., 0., 0., 0., 0., 0., 0., 0., 0., 1., 0.,
        0., 0., 0., 0., 1., 0., 0., 1., 0., 0., 1., 0., 0., 0.]), tensor([0., 1., 0., 0., 1., 0., 0., 1., 0., 0., 1., 0., 0., 1., 0., 0., 1., 0.,
        0., 1., 0., 0., 1., 0., 0., 0., 0., 0., 1., 0., 0., 1.]), tensor([0., 0., 0., 1., 0., 0., 0., 0., 0., 1., 0., 0., 1., 0., 0., 1., 0., 0.,
        0., 0., 0., 1., 0., 0., 0., 0., 0., 1., 0., 0., 1., 0.]), tensor([1., 0., 0., 0., 0., 0., 1., 0., 0., 1., 0., 0., 1., 0., 0., 1., 0., 0.,
        1., 0., 0., 1., 0., 0., 1., 0., 0., 0., 0., 0., 1., 0.]), tensor([1., 0., 0., 0., 0., 0., 1., 0., 0., 0., 0., 0., 1., 0., 0., 0., 0., 0.,
        0., 0., 0., 1., 0., 0., 0., 0., 0., 0., 0., 0., 0., 0.]), tensor([0., 0., 1., 0., 0., 0., 0., 0., 1., 0., 0., 0., 0., 0., 1., 0., 0., 0.,
        0., 0., 1., 0., 0., 0., 0., 0., 0., 0., 0., 0., 0., 0.]), tensor([0., 0., 0., 0., 0., 1., 0., 0., 0., 0., 0., 1., 0., 0., 0., 0., 0., 1.,
        0., 0., 0., 0., 0., 1., 0., 0., 0., 0., 0., 0., 0., 0.]), tensor([0., 0., 1., 0., 0., 0., 0., 0., 0., 0., 0., 0., 0., 0., 1., 0., 0., 1.,
        0., 0., 1., 0., 0., 0., 0., 0., 1., 0., 0., 1., 0., 0.]), tensor([0., 0., 0., 0., 0., 1., 0., 0., 0., 0., 0., 1., 0., 0., 0., 0., 0., 1.,
        0., 0., 0., 0., 0., 1., 0., 0., 1., 0., 0., 0., 0., 0.]), tensor([1., 1., 1., 0., 0., 1., 0., 0., 1., 0., 0., 0., 0., 1., 1., 0., 1., 1.,
        0., 0., 1., 0., 0., 1., 0., 0., 1., 1., 1., 1., 1., 1.]), tensor([1., 1., 0., 0., 1., 0., 1., 1., 1., 1., 1., 1., 1., 0., 1., 0., 1., 1.,
        1., 1., 1., 1., 1., 0., 0., 1., 0., 0., 1., 0., 1., 1.]), tensor([1., 1., 0., 0., 1., 0., 0., 1., 1., 0., 1., 0., 1., 1., 0., 0., 1., 0.,
        0., 1., 0., 1., 1., 0., 0., 1., 1., 1., 1., 0., 1., 1.]), tensor([0., 0., 0., 0., 1., 0., 0., 1., 0., 0., 0., 0., 0., 0., 0., 0., 1., 0.,
        0., 0., 0., 0., 1., 0., 0., 1., 0., 0., 1., 0., 0., 0.]), tensor([0., 0., 0., 1., 0., 0., 0., 0., 0., 1., 0., 0., 1., 0., 0., 1., 0., 0.,
        0., 0., 0., 1., 0., 0., 0., 0., 0., 1., 0., 0., 1., 0.]), tensor([0., 1., 1., 0., 1., 0., 0., 1., 1., 0., 0., 0., 0., 0., 0., 1., 1., 0.,
        0., 1., 1., 0., 0., 0., 0., 0., 0., 0., 0., 1., 0., 0.]), tensor([0., 1., 0., 1., 1., 0., 0., 1., 0., 1., 1., 0., 0., 1., 0., 1., 1., 0.,
        1., 1., 0., 0., 1., 0., 0., 0., 0., 0., 1., 0., 0., 1.]), tensor([1., 1., 0., 0., 0., 0., 1., 0., 0., 1., 1., 0., 1., 0., 0., 1., 1., 0.,
        1., 0., 0., 1., 0., 0., 1., 0., 0., 0., 0., 0., 1., 1.]), tensor([1., 0., 0., 0., 0., 0., 1., 0., 0., 1., 1., 0., 1., 0., 0., 1., 0., 0.,
        1., 0., 0., 1., 0., 0., 1., 0., 0., 0., 0., 0., 1., 1.]), tensor([0., 0., 0., 0., 0., 0., 0., 0., 0., 0., 1., 0., 0., 0., 0., 0., 1., 0.,
        0., 1., 0., 0., 1., 0., 0., 0., 0., 0., 0., 0., 0., 0.]), tensor([0., 0., 0., 0., 0., 0., 0., 1., 0., 0., 0., 0., 0., 1., 0., 0., 0., 0.,
        0., 0., 0., 0., 1., 0., 0., 0., 0., 0., 1., 0., 0., 0.]), tensor([0., 1., 0., 0., 0., 0., 0., 0., 0., 0., 0., 0., 0., 1., 0., 0., 1., 0.,
        0., 0., 0., 0., 0., 0., 0., 0., 0., 0., 1., 0., 0., 0.]), tensor([0., 0., 1., 0., 1., 0., 0., 0., 0., 0., 1., 0., 0., 0., 1., 0., 0., 1.,
        0., 0., 1., 0., 0., 0., 0., 0., 1., 0., 0., 1., 0., 0.]), tensor([0., 0., 1., 0., 0., 1., 0., 0., 1., 0., 0., 1., 0., 0., 1., 0., 0., 1.,
        0., 0., 1., 0., 0., 1., 0., 0., 1., 0., 0., 1., 0., 0.]), tensor([0., 0., 1., 0., 0., 0., 0., 0., 1., 0., 0., 0., 0., 0., 1., 0., 0., 0.,
        0., 0., 1., 0., 0., 0., 0., 0., 0., 0., 0., 0., 0., 0.]), tensor([0., 1., 0., 1., 1., 1., 0., 0., 0., 1., 1., 1., 0., 0., 0., 0., 1., 1.,
        1., 1., 0., 0., 0., 1., 0., 0., 1., 0., 0., 0., 0., 0.]), tensor([1., 0., 0., 0., 0., 0., 1., 0., 0., 0., 0., 0., 1., 0., 0., 0., 0., 0.,
        0., 0., 0., 1., 0., 0., 0., 0., 0., 1., 0., 0., 0., 0.]), tensor([1., 0., 0., 1., 0., 0., 1., 0., 0., 1., 0., 0., 1., 0., 0., 1., 0., 0.,
        1., 0., 0., 1., 0., 0., 1., 0., 0., 1., 0., 0., 1., 0.]), tensor([0., 1., 0., 0., 1., 0., 0., 1., 0., 0., 1., 0., 0., 1., 0., 0., 1., 0.,
        0., 1., 0., 0., 1., 0., 0., 1., 0., 0., 1., 0., 0., 1.]), tensor([0., 0., 1., 0., 0., 1., 0., 0., 1., 0., 0., 1., 0., 0., 1., 0., 0., 1.,
        0., 0., 1., 0., 0., 1., 0., 0., 1., 0., 0., 1., 0., 0.])]
[tensor([0., 0., 0., 0., 0., 1., 0., 0., 1., 0., 0., 0., 0., 0., 1., 0., 0., 1.,
        0., 0., 1., 0., 0., 0., 0., 0., 0., 0., 0., 1., 0., 0.]), tensor([0., 0., 1., 0., 0., 0., 0., 0., 1., 0., 0., 1., 0., 0., 0., 0., 0., 0.,
        0., 0., 1., 0., 0., 1., 0., 0., 1., 0., 0., 1., 0., 0.]), tensor([0., 0., 1., 0., 0., 0., 0., 0., 1., 0., 0., 0., 0., 0., 0., 0., 0., 0.,
        0., 0., 0., 0., 0., 0., 0., 0., 0., 0., 0., 1., 0., 0.]), tensor([0., 0., 1., 0., 0., 0., 0., 0., 1., 0., 0., 1., 0., 0., 0., 0., 0., 1.,
        0., 0., 0., 0., 0., 1., 0., 0., 0., 0., 0., 1., 0., 0.]), tensor([0., 0., 0., 0., 0., 1., 0., 0., 0., 0., 0., 1., 0., 0., 0., 0., 0., 0.,
        0., 0., 1., 0., 0., 0., 0., 0., 1., 0., 0., 0., 0., 0.]), tensor([0., 1., 0., 0., 1., 0., 0., 0., 0., 0., 1., 0., 0., 1., 0., 0., 0., 0.,
        0., 1., 0., 0., 1., 0., 0., 1., 0., 0., 0., 0., 0., 1.]), tensor([0., 0., 0., 0., 0., 0., 0., 1., 0., 0., 0., 0., 0., 1., 0., 0., 1., 0.,
        0., 1., 0., 0., 1., 0., 0., 0., 0., 0., 1., 0., 0., 1.]), tensor([0., 0., 0., 0., 0., 0., 0., 1., 0., 0., 0., 0., 0., 1., 0., 0., 0., 0.,
        0., 1., 0., 0., 0., 0., 0., 0., 0., 0., 0., 0., 0., 0.]), tensor([0., 0., 0., 0., 0., 0., 1., 0., 0., 1., 0., 0., 0., 0., 0., 0., 0., 0.,
        1., 0., 0., 0., 0., 0., 0., 0., 0., 0., 0., 0., 0., 0.]), tensor([0., 0., 0., 1., 0., 0., 0., 0., 0., 0., 0., 0., 1., 0., 0., 0., 0., 0.,
        0., 0., 0., 1., 0., 0., 0., 0., 0., 1., 0., 0., 1., 0.]), tensor([1., 0., 0., 1., 0., 0., 1., 0., 0., 0., 0., 0., 0., 0., 0., 1., 0., 0.,
        0., 0., 0., 0., 0., 0., 1., 0., 0., 0., 0., 0., 0., 0.]), tensor([0., 0., 0., 1., 0., 0., 0., 0., 0., 0., 0., 0., 0., 0., 0., 0., 0., 0.,
        0., 0., 0., 0., 0., 0., 0., 0., 0., 0., 0., 0., 1., 0.]), tensor([0., 1., 1., 1., 1., 0., 0., 0., 1., 1., 1., 0., 1., 0., 1., 0., 0., 1.,
        1., 1., 1., 0., 1., 0., 0., 0., 1., 1., 1., 0., 0., 0.]), tensor([1., 1., 1., 0., 0., 1., 1., 1., 0., 1., 1., 1., 0., 1., 1., 1., 1., 1.,
        0., 1., 0., 0., 0., 1., 0., 1., 1., 0., 0., 0., 1., 0.]), tensor([0., 0., 0., 0., 0., 1., 0., 0., 0., 1., 0., 1., 0., 0., 1., 0., 1., 0.,
        1., 1., 1., 0., 1., 0., 0., 0., 1., 0., 0., 0., 0., 0.]), tensor([0., 0., 1., 0., 0., 0., 0., 0., 1., 0., 0., 1., 0., 0., 0., 0., 0., 1.,
        0., 0., 0., 0., 0., 1., 0., 0., 0., 0., 0., 1., 0., 0.]), tensor([0., 1., 0., 0., 1., 0., 0., 0., 0., 0., 1., 0., 0., 1., 0., 0., 0., 0.,
        0., 1., 0., 0., 1., 0., 0., 1., 0., 0., 0., 0., 0., 1.]), tensor([0., 0., 1., 0., 0., 0., 0., 0., 1., 0., 0., 0., 0., 0., 0., 1., 0., 1.,
        0., 0., 1., 0., 0., 0., 0., 0., 1., 0., 0., 1., 0., 0.]), tensor([0., 1., 1., 0., 0., 1., 0., 0., 1., 0., 0., 1., 0., 0., 0., 0., 0., 1.,
        0., 0., 1., 0., 0., 1., 0., 1., 1., 0., 1., 1., 0., 0.]), tensor([0., 0., 0., 0., 0., 0., 0., 1., 0., 0., 0., 0., 0., 1., 0., 0., 1., 0.,
        0., 1., 0., 0., 1., 0., 0., 0., 0., 0., 1., 0., 0., 1.]), tensor([0., 0., 0., 0., 0., 0., 0., 1., 0., 0., 0., 0., 0., 1., 0., 0., 1., 0.,
        0., 1., 0., 0., 1., 0., 0., 0., 0., 0., 1., 0., 0., 1.]), tensor([0., 0., 0., 0., 0., 1., 0., 0., 1., 0., 0., 0., 0., 0., 1., 0., 0., 1.,
        0., 0., 0., 0., 0., 0., 0., 0., 0., 0., 0., 0., 0., 0.]), tensor([0., 0., 1., 0., 0., 0., 0., 0., 1., 0., 0., 1., 0., 0., 0., 0., 0., 0.,
        0., 0., 1., 0., 0., 1., 0., 0., 1., 0., 0., 1., 0., 0.]), tensor([0., 0., 0., 0., 0., 1., 0., 0., 0., 0., 0., 0., 0., 0., 0., 0., 0., 0.,
        0., 0., 1., 0., 0., 0., 0., 0., 0., 0., 0., 1., 0., 0.]), tensor([1., 0., 1., 1., 0., 0., 1., 0., 0., 0., 0., 0., 0., 0., 0., 1., 0., 0.,
        1., 0., 0., 1., 0., 0., 1., 0., 1., 1., 0., 0., 0., 0.]), tensor([1., 0., 0., 1., 0., 1., 1., 0., 0., 0., 0., 0., 0., 0., 0., 1., 0., 0.,
        0., 0., 0., 0., 0., 0., 1., 0., 0., 0., 0., 1., 1., 0.]), tensor([0., 0., 0., 0., 0., 0., 1., 0., 0., 1., 0., 0., 0., 0., 0., 0., 0., 0.,
        1., 0., 0., 0., 0., 0., 0., 0., 0., 0., 0., 0., 0., 0.]), tensor([0., 0., 1., 1., 0., 0., 0., 0., 1., 0., 0., 1., 1., 0., 1., 0., 0., 0.,
        0., 0., 0., 1., 1., 0., 0., 0., 0., 1., 0., 0., 1., 0.]), tensor([0., 0., 0., 0., 1., 0., 0., 1., 0., 0., 1., 0., 0., 1., 0., 0., 0., 0.,
        0., 1., 0., 0., 0., 1., 0., 0., 0., 0., 0., 1., 0., 0.]), tensor([0., 1., 0., 0., 1., 0., 0., 1., 0., 0., 1., 0., 0., 1., 0., 0., 1., 0.,
        0., 1., 0., 0., 1., 0., 0., 1., 0., 0., 1., 0., 0., 1.]), tensor([0., 0., 1., 0., 0., 1., 0., 0., 1., 0., 0., 1., 0., 0., 1., 0., 0., 1.,
        0., 0., 1., 0., 0., 1., 0., 0., 1., 0., 0., 1., 0., 0.]), tensor([1., 0., 0., 1., 0., 0., 1., 0., 0., 1., 0., 0., 1., 0., 0., 1., 0., 0.,
        1., 0., 0., 1., 0., 0., 1., 0., 0., 1., 0., 0., 1., 0.])]
[tensor([1., 0., 0., 1., 0., 0., 1., 0., 0., 1., 0., 0., 1., 0., 0., 1., 0., 0.,
        0., 0., 0., 1., 0., 0., 0., 0., 0., 0., 0., 0., 1., 0.]), tensor([1., 0., 0., 1., 0., 0., 0., 0., 0., 1., 0., 0., 1., 0., 0., 1., 0., 0.,
        0., 0., 0., 0., 0., 0., 1., 0., 0., 1., 0., 0., 1., 0.]), tensor([0., 0., 0., 0., 0., 0., 0., 0., 0., 0., 0., 0., 0., 0., 0., 1., 0., 0.,
        0., 0., 0., 0., 0., 0., 1., 0., 0., 0., 0., 0., 0., 0.]), tensor([1., 0., 0., 1., 0., 0., 1., 0., 0., 0., 0., 0., 0., 0., 0., 1., 0., 0.,
        0., 0., 0., 1., 0., 0., 0., 0., 0., 0., 0., 0., 0., 0.]), tensor([1., 0., 0., 0., 0., 0., 0., 0., 0., 1., 0., 0., 0., 0., 0., 1., 0., 0.,
        1., 0., 0., 1., 0., 0., 0., 0., 0., 0., 0., 0., 1., 0.]), tensor([0., 0., 1., 0., 0., 0., 0., 0., 0., 0., 0., 1., 0., 0., 0., 0., 0., 0.,
        0., 0., 0., 0., 0., 0., 0., 0., 0., 0., 0., 1., 0., 0.]), tensor([0., 0., 0., 0., 0., 1., 0., 0., 1., 0., 0., 0., 0., 0., 1., 0., 0., 1.,
        0., 0., 1., 0., 0., 1., 0., 0., 1., 0., 0., 0., 0., 0.]), tensor([0., 0., 0., 0., 0., 1., 0., 0., 0., 0., 0., 0., 0., 0., 1., 0., 0., 1.,
        0., 0., 0., 0., 0., 0., 0., 0., 1., 0., 0., 0., 0., 0.]), tensor([0., 0., 0., 0., 0., 0., 0., 0., 0., 0., 0., 0., 0., 0., 0., 0., 0., 0., 0., 0., 0., 0., 0., 0.,
        0., 0., 0., 0., 0., 0., 0., 0.]), tensor([0., 0., 0., 0., 0., 0., 0., 0., 0., 0., 1., 0., 0., 1., 0., 0., 1., 0.,
        0., 1., 0., 0., 1., 0., 0., 1., 0., 0., 1., 0., 0., 0.]), tensor([0., 0., 0., 0., 1., 0., 0., 1., 0., 0., 1., 0., 0., 1., 0., 0., 0., 0.,
        0., 1., 0., 0., 0., 0., 0., 0., 0., 0., 1., 0., 0., 0.]), tensor([0., 1., 0., 0., 1., 0., 0., 0., 0., 0., 1., 0., 0., 1., 0., 0., 1., 0.,
        0., 1., 0., 0., 0., 0., 0., 0., 0., 0., 1., 0., 0., 1.]), tensor([0., 1., 1., 1., 0., 1., 0., 0., 0., 1., 0., 1., 1., 1., 1., 1., 1., 1.,
        1., 0., 1., 1., 0., 0., 1., 1., 0., 0., 1., 1., 1., 0.]), tensor([1., 0., 1., 1., 1., 1., 1., 1., 1., 1., 1., 1., 1., 0., 1., 1., 1., 0.,
        0., 1., 1., 1., 0., 1., 0., 1., 1., 1., 0., 1., 1., 1.]), tensor([1., 1., 0., 0., 1., 0., 1., 1., 1., 1., 0., 0., 1., 0., 0., 1., 0., 0.,
        1., 0., 1., 1., 0., 0., 0., 0., 1., 0., 0., 1., 1., 1.]), tensor([1., 0., 0., 1., 0., 0., 1., 0., 0., 0., 0., 0., 0., 0., 0., 1., 0., 0.,
        0., 0., 0., 1., 0., 0., 0., 0., 0., 0., 0., 0., 0., 0.]), tensor([0., 0., 1., 0., 0., 0., 0., 0., 0., 0., 0., 1., 0., 0., 0., 0., 0., 0.,
        0., 0., 0., 0., 0., 0., 0., 0., 0., 0., 0., 1., 0., 0.]), tensor([1., 0., 0., 0., 0., 0., 0., 0., 0., 0., 0., 0., 1., 0., 0., 1., 0., 0.,
        0., 0., 0., 0., 0., 1., 1., 0., 0., 0., 0., 0., 1., 0.]), tensor([1., 0., 0., 1., 0., 0., 0., 0., 0., 1., 0., 0., 0., 0., 0., 1., 0., 0.,
        1., 0., 0., 1., 0., 1., 0., 0., 0., 1., 0., 0., 1., 0.]), tensor([0., 0., 0., 0., 0., 1., 0., 0., 1., 0., 0., 0., 0., 0., 1., 0., 0., 1.,
        0., 0., 1., 0., 0., 1., 0., 0., 1., 0., 0., 0., 0., 0.]), tensor([0., 0., 0., 0., 0., 1., 0., 0., 1., 0., 0., 0., 0., 0., 1., 0., 0., 1.,
        0., 0., 1., 0., 0., 1., 0., 0., 1., 0., 0., 0., 0., 0.]), tensor([0., 0., 0., 0., 0., 0., 0., 0., 0., 1., 0., 0., 1., 0., 0., 1., 0., 0.,
        0., 0., 0., 1., 0., 0., 0., 0., 0., 0., 0., 0., 1., 0.]), tensor([1., 0., 0., 1., 0., 0., 0., 0., 0., 1., 0., 0., 1., 0., 0., 1., 0., 0.,
        0., 0., 0., 0., 0., 0., 1., 0., 0., 1., 0., 0., 1., 0.]), tensor([1., 0., 0., 1., 0., 0., 1., 0., 0., 0., 0., 0., 0., 0., 0., 0., 0., 0.,
        0., 0., 0., 0., 0., 0., 0., 0., 0., 0., 0., 0., 1., 0.]), tensor([0., 0., 0., 0., 1., 0., 0., 1., 0., 1., 1., 0., 0., 1., 0., 0., 0., 0.,
        0., 1., 0., 1., 0., 0., 0., 0., 0., 0., 1., 0., 0., 0.]), tensor([1., 1., 0., 1., 1., 0., 0., 1., 0., 0., 1., 0., 0., 1., 0., 0., 1., 0.,
        0., 1., 0., 0., 0., 0., 1., 0., 0., 0., 1., 0., 0., 1.]), tensor([0., 0., 0., 0., 0., 0., 0., 0., 0., 0., 0., 0., 0., 0., 0., 0., 0., 0., 0., 0., 0., 0., 0., 0.,
        0., 0., 0., 0., 0., 0., 0., 0.]), tensor([0., 1., 0., 0., 1., 0., 1., 0., 0., 1., 1., 0., 0., 1., 0., 1., 1., 0.,
        0., 1., 0., 1., 1., 0., 0., 1., 0., 0., 1., 0., 0., 1.]), tensor([0., 0., 1., 0., 0., 1., 0., 0., 0., 0., 0., 1., 0., 0., 1., 0., 0., 1.,
        0., 0., 0., 0., 0., 0., 1., 0., 1., 1., 0., 0., 0., 0.]), tensor([0., 0., 1., 0., 0., 1., 0., 0., 1., 0., 0., 1., 0., 0., 1., 0., 0., 1.,
        0., 0., 1., 0., 0., 1., 0., 0., 1., 0., 0., 1., 0., 0.]), tensor([1., 0., 0., 1., 0., 0., 1., 0., 0., 1., 0., 0., 1., 0., 0., 1., 0., 0.,
        1., 0., 0., 1., 0., 0., 1., 0., 0., 1., 0., 0., 1., 0.]), tensor([0., 1., 0., 0., 1., 0., 0., 1., 0., 0., 1., 0., 0., 1., 0., 0., 1., 0.,
        0., 1., 0., 0., 1., 0., 0., 1., 0., 0., 1., 0., 0., 1.])]
[tensor([0., 1., 0., 0., 1., 0., 0., 0., 0., 0., 1., 0., 0., 1., 0., 0., 0., 0.,
        0., 1., 0., 0., 1., 0., 0., 1., 0., 0., 0., 0., 0., 1.]), tensor([0., 0., 0., 0., 0., 0., 0., 1., 0., 0., 0., 0., 0., 0., 0., 0., 0., 0.,
        0., 0., 0., 0., 1., 0., 0., 1., 0., 0., 1., 0., 0., 0.]), tensor([0., 0., 0., 0., 0., 0., 0., 0., 0., 0., 1., 0., 0., 1., 0., 0., 0., 0.,
        0., 1., 0., 0., 0., 0., 0., 0., 0., 0., 0., 0., 0., 0.]), tensor([0., 1., 0., 0., 1., 0., 0., 1., 0., 0., 1., 0., 0., 0., 0., 0., 0., 0.,
        0., 0., 0., 0., 1., 0., 0., 1., 0., 0., 0., 0., 0., 1.]), tensor([0., 1., 0., 0., 0., 0., 0., 0., 0., 0., 1., 0., 0., 0., 0., 0., 1., 0.,
        0., 1., 0., 0., 1., 0., 0., 1., 0., 0., 1., 0., 0., 1.]), tensor([1., 0., 0., 0., 0., 0., 1., 0., 0., 1., 0., 0., 1., 0., 0., 1., 0., 0.,
        1., 0., 0., 1., 0., 0., 1., 0., 0., 0., 0., 0., 0., 0.]), tensor([1., 0., 0., 1., 0., 0., 1., 0., 0., 1., 0., 0., 1., 0., 0., 1., 0., 0.,
        1., 0., 0., 1., 0., 0., 1., 0., 0., 1., 0., 0., 1., 0.]), tensor([1., 0., 0., 1., 0., 0., 1., 0., 0., 1., 0., 0., 1., 0., 0., 1., 0., 0.,
        0., 0., 0., 0., 0., 0., 0., 0., 0., 1., 0., 0., 0., 0.]), tensor([0., 0., 0., 0., 0., 0., 0., 0., 0., 0., 0., 0., 0., 0., 0., 0., 0., 0.,
        0., 0., 0., 0., 0., 0., 0., 0., 1., 0., 0., 0., 0., 0.]), tensor([0., 0., 1., 0., 0., 1., 0., 0., 0., 0., 0., 1., 0., 0., 0., 0., 0., 1.,
        0., 0., 1., 0., 0., 1., 0., 0., 0., 0., 0., 1., 0., 0.]), tensor([0., 0., 0., 0., 0., 1., 0., 0., 1., 0., 0., 0., 0., 0., 0., 0., 0., 1.,
        0., 0., 1., 0., 0., 1., 0., 0., 0., 0., 0., 0., 0., 0.]), tensor([0., 0., 0., 0., 0., 1., 0., 0., 0., 0., 0., 0., 0., 0., 1., 0., 0., 1.,
        0., 0., 1., 0., 0., 1., 0., 0., 0., 0., 0., 1., 0., 0.]), tensor([1., 0., 0., 1., 1., 0., 1., 1., 0., 0., 1., 0., 1., 0., 1., 1., 0., 0.,
        1., 1., 0., 0., 1., 1., 1., 1., 0., 1., 1., 1., 1., 1.]), tensor([1., 1., 1., 0., 0., 1., 1., 0., 1., 1., 0., 1., 1., 0., 1., 1., 1., 1.,
        1., 0., 1., 0., 0., 0., 0., 1., 1., 1., 1., 1., 0., 0.]), tensor([1., 1., 0., 1., 0., 0., 0., 1., 1., 0., 1., 0., 0., 0., 1., 0., 1., 0.,
        0., 1., 0., 0., 1., 0., 1., 1., 1., 0., 1., 0., 1., 1.]), tensor([0., 1., 0., 0., 1., 0., 0., 1., 0., 0., 1., 0., 0., 0., 0., 0., 0., 0.,
        0., 0., 0., 0., 1., 0., 0., 1., 0., 0., 0., 0., 0., 1.]), tensor([1., 0., 0., 0., 0., 0., 1., 0., 0., 1., 0., 0., 1., 0., 0., 1., 0., 0.,
        1., 0., 0., 1., 0., 0., 1., 0., 0., 0., 0., 0., 0., 0.]), tensor([0., 0., 0., 0., 1., 0., 0., 0., 0., 0., 1., 0., 0., 1., 0., 0., 1., 0.,
        0., 1., 0., 0., 1., 0., 0., 0., 0., 0., 0., 0., 0., 0.]), tensor([0., 1., 0., 0., 0., 0., 0., 0., 0., 0., 1., 0., 0., 0., 0., 1., 1., 0.,
        0., 1., 0., 1., 1., 0., 0., 1., 0., 1., 1., 0., 0., 1.]), tensor([1., 1., 0., 1., 0., 0., 1., 0., 0., 1., 1., 0., 1., 0., 0., 1., 0., 0.,
        1., 0., 0., 1., 1., 0., 1., 1., 0., 1., 1., 0., 1., 0.]), tensor([1., 1., 0., 1., 0., 0., 1., 0., 0., 1., 0., 0., 1., 0., 0., 1., 0., 0.,
        1., 0., 0., 1., 1., 0., 1., 0., 0., 1., 1., 0., 1., 0.]), tensor([0., 1., 0., 0., 1., 0., 0., 0., 0., 0., 1., 0., 0., 1., 0., 0., 0., 0.,
        0., 1., 0., 0., 1., 0., 0., 1., 0., 0., 0., 0., 0., 1.]), tensor([0., 0., 0., 0., 0., 0., 0., 1., 0., 0., 0., 0., 0., 0., 0., 0., 0., 0.,
        0., 0., 0., 0., 1., 0., 0., 1., 0., 0., 1., 0., 0., 0.]), tensor([0., 0., 0., 0., 0., 0., 0., 0., 0., 0., 1., 0., 0., 0., 0., 0., 0., 0.,
        0., 0., 0., 0., 0., 0., 0., 1., 0., 0., 0., 0., 0., 0.]), tensor([0., 1., 0., 0., 0., 1., 0., 0., 1., 0., 0., 0., 0., 0., 0., 0., 0., 1.,
        0., 0., 1., 0., 0., 1., 0., 0., 1., 0., 1., 0., 0., 1.]), tensor([0., 0., 0., 0., 0., 1., 0., 0., 1., 0., 0., 0., 0., 0., 1., 0., 0., 1.,
        0., 0., 1., 0., 0., 1., 0., 1., 0., 0., 0., 1., 0., 0.]), tensor([0., 0., 0., 0., 0., 0., 0., 0., 0., 0., 0., 0., 0., 0., 0., 0., 0., 0.,
        0., 0., 0., 0., 0., 0., 0., 0., 1., 0., 0., 0., 0., 0.]), tensor([0., 1., 1., 0., 0., 1., 0., 0., 0., 0., 1., 1., 0., 0., 1., 0., 0., 1.,
        0., 1., 1., 1., 0., 1., 0., 0., 0., 0., 0., 1., 1., 0.]), tensor([1., 0., 0., 1., 0., 0., 1., 0., 0., 1., 0., 0., 1., 1., 0., 1., 0., 0.,
        0., 0., 0., 0., 0., 0., 0., 0., 0., 1., 0., 0., 0., 0.]), tensor([1., 0., 0., 1., 0., 0., 1., 0., 0., 1., 0., 0., 1., 0., 0., 1., 0., 0.,
        1., 0., 0., 1., 0., 0., 1., 0., 0., 1., 0., 0., 1., 0.]), tensor([0., 1., 0., 0., 1., 0., 0., 1., 0., 0., 1., 0., 0., 1., 0., 0., 1., 0.,
        0., 1., 0., 0., 1., 0., 0., 1., 0., 0., 1., 0., 0., 1.]), tensor([0., 0., 1., 0., 0., 1., 0., 0., 1., 0., 0., 1., 0., 0., 1., 0., 0., 1.,
        0., 0., 1., 0., 0., 1., 0., 0., 1., 0., 0., 1., 0., 0.])]
[tensor([0., 0., 1., 0., 0., 0., 0., 0., 1., 0., 0., 1., 0., 0., 1., 0., 0., 1.,
        0., 0., 1., 0., 0., 1., 0., 0., 1., 0., 0., 1., 0., 0.]), tensor([0., 0., 1., 0., 0., 0., 0., 0., 0., 0., 0., 1., 0., 0., 0., 0., 0., 1.,
        0., 0., 1., 0., 0., 1., 0., 0., 1., 0., 0., 0., 0., 0.]), tensor([0., 0., 0., 0., 0., 0., 0., 0., 0., 0., 0., 1., 0., 0., 0., 0., 0., 0.,
        0., 0., 0., 0., 0., 0., 0., 0., 1., 0., 0., 1., 0., 0.]), tensor([0., 0., 1., 0., 0., 0., 0., 0., 0., 0., 0., 1., 0., 0., 1., 0., 0., 1.,
        0., 0., 0., 0., 0., 1., 0., 0., 0., 0., 0., 1., 0., 0.]), tensor([0., 0., 0., 0., 0., 1., 0., 0., 1., 0., 0., 1., 0., 0., 1., 0., 0., 1.,
        0., 0., 1., 0., 0., 1., 0., 0., 0., 0., 0., 0., 0., 0.]), tensor([0., 0., 0., 0., 1., 0., 0., 1., 0., 0., 1., 0., 0., 1., 0., 0., 0., 0.,
        0., 1., 0., 0., 0., 0., 0., 1., 0., 0., 0., 0., 0., 1.]), tensor([0., 1., 0., 0., 0., 0., 0., 1., 0., 0., 1., 0., 0., 0., 0., 0., 1., 0.,
        0., 1., 0., 0., 1., 0., 0., 1., 0., 0., 1., 0., 0., 1.]), tensor([0., 1., 0., 0., 0., 0., 0., 1., 0., 0., 0., 0., 0., 0., 0., 0., 0., 0.,
        0., 1., 0., 0., 1., 0., 0., 1., 0., 0., 1., 0., 0., 0.]), tensor([0., 0., 0., 1., 0., 0., 1., 0., 0., 0., 0., 0., 0., 0., 0., 1., 0., 0.,
        0., 0., 0., 1., 0., 0., 0., 0., 0., 0., 0., 0., 0., 0.]), tensor([1., 0., 0., 0., 0., 0., 0., 0., 0., 0., 0., 0., 0., 0., 0., 0., 0., 0.,
        1., 0., 0., 0., 0., 0., 1., 0., 0., 1., 0., 0., 1., 0.]), tensor([0., 0., 0., 0., 0., 0., 0., 0., 0., 1., 0., 0., 1., 0., 0., 0., 0., 0.,
        0., 0., 0., 0., 0., 0., 1., 0., 0., 0., 0., 0., 1., 0.]), tensor([0., 0., 0., 0., 0., 0., 0., 0., 0., 1., 0., 0., 1., 0., 0., 0., 0., 0.,
        1., 0., 0., 0., 0., 0., 1., 0., 0., 1., 0., 0., 1., 0.]), tensor([0., 1., 0., 1., 0., 1., 0., 1., 1., 1., 0., 0., 1., 1., 1., 1., 0., 1.,
        1., 1., 0., 1., 1., 1., 0., 1., 1., 0., 1., 1., 1., 1.]), tensor([0., 1., 0., 0., 1., 0., 0., 1., 1., 1., 1., 1., 1., 1., 1., 0., 0., 1.,
        0., 1., 1., 0., 1., 1., 1., 0., 0., 0., 0., 1., 0., 0.]), tensor([0., 1., 0., 0., 0., 1., 0., 0., 1., 1., 1., 1., 1., 0., 1., 0., 0., 1.,
        0., 1., 1., 1., 0., 1., 0., 0., 0., 0., 0., 0., 0., 1.]), tensor([0., 0., 1., 0., 0., 0., 0., 0., 0., 0., 0., 1., 0., 0., 1., 0., 0., 1.,
        0., 0., 0., 0., 0., 1., 0., 0., 0., 0., 0., 1., 0., 0.]), tensor([0., 0., 0., 0., 1., 0., 0., 1., 0., 0., 1., 0., 0., 1., 0., 0., 0., 0.,
        0., 1., 0., 0., 0., 0., 0., 1., 0., 0., 0., 0., 0., 1.]), tensor([0., 0., 0., 0., 0., 1., 0., 0., 1., 0., 1., 1., 0., 0., 1., 1., 1., 0.,
        0., 0., 1., 0., 0., 0., 0., 0., 1., 0., 0., 1., 0., 1.]), tensor([0., 0., 1., 0., 0., 1., 0., 0., 1., 0., 0., 1., 0., 1., 1., 0., 0., 1.,
        0., 0., 1., 0., 1., 1., 0., 0., 1., 0., 0., 1., 0., 0.]), tensor([0., 1., 0., 0., 0., 0., 0., 1., 0., 0., 1., 0., 0., 0., 1., 0., 1., 0.,
        0., 1., 0., 0., 1., 1., 0., 1., 0., 0., 1., 0., 0., 1.]), tensor([0., 1., 0., 0., 0., 0., 0., 1., 0., 0., 1., 0., 0., 0., 1., 0., 1., 0.,
        0., 1., 0., 0., 1., 0., 0., 1., 0., 0., 1., 0., 0., 1.]), tensor([0., 0., 1., 0., 0., 0., 0., 0., 0., 0., 0., 1., 0., 0., 1., 0., 0., 1.,
        0., 0., 1., 0., 0., 0., 0., 0., 1., 0., 0., 1., 0., 0.]), tensor([0., 0., 1., 0., 0., 0., 0., 0., 0., 0., 0., 1., 0., 0., 0., 0., 0., 1.,
        0., 0., 1., 0., 0., 1., 0., 0., 1., 0., 0., 0., 0., 0.]), tensor([0., 0., 0., 0., 0., 0., 0., 0., 1., 0., 0., 1., 0., 0., 0., 0., 0., 1.,
        0., 0., 0., 0., 0., 1., 0., 0., 0., 0., 0., 0., 0., 0.]), tensor([0., 0., 1., 0., 0., 0., 1., 0., 0., 1., 0., 0., 1., 0., 0., 0., 0., 0.,
        0., 0., 0., 1., 0., 0., 1., 0., 1., 0., 0., 0., 1., 0.]), tensor([0., 0., 0., 1., 0., 0., 0., 0., 1., 1., 0., 0., 1., 0., 0., 0., 0., 0.,
        1., 0., 0., 0., 0., 0., 1., 0., 0., 1., 0., 0., 1., 0.]), tensor([0., 0., 0., 1., 0., 0., 1., 0., 0., 0., 0., 0., 0., 0., 0., 1., 0., 0.,
        0., 0., 0., 1., 0., 0., 0., 0., 0., 0., 0., 0., 0., 0.]), tensor([1., 0., 0., 0., 0., 0., 0., 0., 0., 1., 0., 1., 1., 1., 0., 0., 0., 1.,
        1., 0., 0., 0., 0., 1., 1., 0., 0., 1., 0., 1., 1., 0.]), tensor([0., 1., 0., 0., 1., 0., 0., 1., 0., 0., 0., 0., 0., 0., 0., 0., 0., 0.,
        0., 1., 0., 0., 1., 0., 0., 1., 1., 0., 1., 0., 0., 0.]), tensor([0., 1., 0., 0., 1., 0., 0., 1., 0., 0., 1., 0., 0., 1., 0., 0., 1., 0.,
        0., 1., 0., 0., 1., 0., 0., 1., 0., 0., 1., 0., 0., 1.]), tensor([0., 0., 1., 0., 0., 1., 0., 0., 1., 0., 0., 1., 0., 0., 1., 0., 0., 1.,
        0., 0., 1., 0., 0., 1., 0., 0., 1., 0., 0., 1., 0., 0.]), tensor([1., 0., 0., 1., 0., 0., 1., 0., 0., 1., 0., 0., 1., 0., 0., 1., 0., 0.,
        1., 0., 0., 1., 0., 0., 1., 0., 0., 1., 0., 0., 1., 0.])]
[tensor([1., 0., 0., 1., 0., 0., 0., 0., 0., 0., 0., 0., 1., 0., 0., 1., 0., 0.,
        0., 0., 0., 0., 0., 0., 1., 0., 0., 0., 0., 0., 1., 0.]), tensor([1., 0., 0., 1., 0., 0., 1., 0., 0., 1., 0., 0., 0., 0., 0., 0., 0., 0.,
        1., 0., 0., 1., 0., 0., 0., 0., 0., 0., 0., 0., 1., 0.]), tensor([1., 0., 0., 0., 0., 0., 0., 0., 0., 0., 0., 0., 1., 0., 0., 0., 0., 0.,
        0., 0., 0., 0., 0., 0., 1., 0., 0., 0., 0., 0., 1., 0.]), tensor([0., 0., 0., 1., 0., 0., 1., 0., 0., 1., 0., 0., 0., 0., 0., 0., 0., 0.,
        1., 0., 0., 0., 0., 0., 0., 0., 0., 1., 0., 0., 1., 0.]), tensor([1., 0., 0., 0., 0., 0., 0., 0., 0., 0., 0., 0., 0., 0., 0., 0., 0., 0.,
        0., 0., 0., 0., 0., 0., 0., 0., 0., 0., 0., 0., 0., 0.]), tensor([0., 0., 1., 0., 0., 1., 0., 0., 1., 0., 0., 0., 0., 0., 1., 0., 0., 1.,
        0., 0., 0., 0., 0., 1., 0., 0., 1., 0., 0., 0., 0., 0.]), tensor([0., 0., 0., 0., 0., 0., 0., 0., 0., 0., 0., 1., 0., 0., 1., 0., 0., 1.,
        0., 0., 1., 0., 0., 0., 0., 0., 1., 0., 0., 1., 0., 0.]), tensor([0., 0., 0., 0., 0., 0., 0., 0., 0., 0., 0., 1., 0., 0., 0., 0., 0., 1.,
        0., 0., 0., 0., 0., 0., 0., 0., 0., 0., 0., 0., 0., 0.]), tensor([0., 1., 0., 0., 1., 0., 0., 0., 0., 0., 1., 0., 0., 0., 0., 0., 0., 0.,
        0., 0., 0., 0., 0., 0., 0., 1., 0., 0., 0., 0., 0., 1.]), tensor([0., 0., 0., 0., 0., 0., 0., 0., 0., 0., 0., 0., 0., 1., 0., 0., 1., 0.,
        0., 1., 0., 0., 0., 0., 0., 0., 0., 0., 1., 0., 0., 0.]), tensor([0., 0., 0., 0., 0., 0., 0., 1., 0., 0., 0., 0., 0., 0., 0., 0., 1., 0.,
        0., 0., 0., 0., 1., 0., 0., 0., 0., 0., 0., 0., 0., 1.]), tensor([0., 0., 0., 0., 0., 0., 0., 0., 0., 0., 0., 0., 0., 0., 0., 0., 1., 0.,
        0., 0., 0., 0., 1., 0., 0., 0., 0., 0., 1., 0., 0., 0.]), tensor([1., 1., 0., 0., 1., 0., 1., 0., 1., 1., 0., 0., 1., 1., 1., 1., 1., 0.,
        1., 1., 0., 0., 1., 1., 1., 0., 1., 0., 0., 1., 1., 1.]), tensor([0., 0., 1., 0., 1., 1., 0., 1., 1., 1., 1., 1., 1., 0., 1., 1., 1., 0.,
        0., 1., 1., 1., 0., 1., 0., 1., 1., 1., 1., 0., 1., 1.]), tensor([1., 0., 0., 0., 0., 1., 0., 0., 1., 0., 1., 0., 0., 0., 0., 1., 0., 0.,
        0., 0., 1., 0., 1., 0., 1., 0., 0., 0., 0., 1., 1., 1.]), tensor([0., 0., 0., 1., 0., 0., 1., 0., 0., 1., 0., 0., 0., 0., 0., 0., 0., 0.,
        1., 0., 0., 0., 0., 0., 0., 0., 0., 1., 0., 0., 1., 0.]), tensor([0., 0., 1., 0., 0., 1., 0., 0., 1., 0., 0., 0., 0., 0., 1., 0., 0., 1.,
        0., 0., 0., 0., 0., 1., 0., 0., 1., 0., 0., 0., 0., 0.]), tensor([1., 0., 0., 1., 1., 1., 0., 0., 1., 1., 0., 0., 1., 0., 0., 0., 0., 0.,
        0., 0., 0., 0., 0., 0., 1., 1., 0., 1., 0., 0., 1., 1.]), tensor([1., 0., 0., 1., 0., 0., 1., 0., 0., 1., 0., 1., 1., 0., 1., 0., 0., 1.,
        1., 0., 0., 1., 0., 1., 0., 0., 1., 1., 0., 0., 0., 0.]), tensor([0., 0., 0., 0., 0., 0., 0., 0., 0., 0., 0., 1., 0., 0., 1., 0., 0., 1.,
        0., 0., 1., 0., 0., 0., 0., 0., 1., 0., 0., 1., 0., 0.]), tensor([0., 0., 0., 0., 0., 0., 0., 0., 0., 0., 0., 1., 0., 0., 1., 0., 0., 1.,
        0., 0., 1., 0., 0., 0., 0., 0., 1., 0., 0., 1., 0., 0.]), tensor([0., 0., 0., 1., 0., 0., 0., 0., 0., 0., 0., 0., 0., 0., 0., 1., 0., 0.,
        0., 0., 0., 0., 0., 0., 0., 0., 0., 0., 0., 0., 1., 0.]), tensor([1., 0., 0., 1., 0., 0., 1., 0., 0., 1., 0., 0., 0., 0., 0., 0., 0., 0.,
        1., 0., 0., 1., 0., 0., 0., 0., 0., 0., 0., 0., 1., 0.]), tensor([1., 0., 0., 0., 0., 0., 0., 0., 0., 0., 0., 0., 1., 0., 0., 1., 0., 0.,
        0., 0., 0., 0., 0., 0., 1., 0., 0., 0., 0., 0., 0., 0.]), tensor([0., 0., 0., 0., 1., 0., 0., 1., 0., 0., 0., 0., 0., 0., 0., 0., 1., 0.,
        0., 0., 0., 0., 1., 0., 0., 0., 0., 0., 0., 0., 0., 1.]), tensor([0., 0., 0., 0., 0., 0., 0., 1., 0., 0., 0., 0., 0., 0., 0., 0., 1., 0.,
        0., 0., 0., 0., 1., 0., 0., 1., 0., 0., 1., 0., 0., 1.]), tensor([0., 1., 0., 0., 1., 0., 0., 0., 0., 0., 1., 0., 0., 0., 0., 0., 0., 0.,
        0., 0., 0., 0., 0., 0., 0., 1., 0., 0., 0., 0., 0., 1.]), tensor([1., 0., 0., 0., 0., 0., 0., 0., 0., 0., 0., 0., 0., 1., 1., 0., 1., 0.,
        0., 1., 0., 0., 1., 0., 1., 0., 0., 0., 1., 0., 0., 0.]), tensor([0., 0., 0., 0., 0., 0., 0., 0., 0., 0., 0., 1., 1., 0., 0., 0., 0., 1.,
        0., 0., 0., 1., 0., 0., 0., 0., 0., 0., 0., 0., 1., 0.]), tensor([0., 0., 1., 0., 0., 1., 0., 0., 1., 0., 0., 1., 0., 0., 1., 0., 0., 1.,
        0., 0., 1., 0., 0., 1., 0., 0., 1., 0., 0., 1., 0., 0.]), tensor([1., 0., 0., 1., 0., 0., 1., 0., 0., 1., 0., 0., 1., 0., 0., 1., 0., 0.,
        1., 0., 0., 1., 0., 0., 1., 0., 0., 1., 0., 0., 1., 0.]), tensor([0., 1., 0., 0., 1., 0., 0., 1., 0., 0., 1., 0., 0., 1., 0., 0., 1., 0.,
        0., 1., 0., 0., 1., 0., 0., 1., 0., 0., 1., 0., 0., 1.])]
[tensor([0., 1., 0., 0., 1., 0., 0., 1., 0., 0., 1., 0., 0., 1., 0., 0., 1., 0.,
        0., 1., 0., 0., 1., 0., 0., 1., 0., 0., 1., 0., 0., 1.]), tensor([0., 1., 0., 0., 0., 0., 0., 0., 0., 0., 1., 0., 0., 1., 0., 0., 1., 0.,
        0., 0., 0., 0., 1., 0., 0., 0., 0., 0., 1., 0., 0., 1.]), tensor([0., 0., 0., 0., 0., 0., 0., 0., 0., 0., 1., 0., 0., 1., 0., 0., 0., 0.,
        0., 0., 0., 0., 0., 0., 0., 0., 0., 0., 1., 0., 0., 0.]), tensor([0., 1., 0., 0., 1., 0., 0., 1., 0., 0., 1., 0., 0., 1., 0., 0., 1., 0.,
        0., 1., 0., 0., 1., 0., 0., 1., 0., 0., 0., 0., 0., 0.]), tensor([0., 1., 0., 0., 0., 0., 0., 1., 0., 0., 1., 0., 0., 1., 0., 0., 1., 0.,
        0., 0., 0., 0., 1., 0., 0., 0., 0., 0., 1., 0., 0., 0.]), tensor([0., 0., 0., 1., 0., 0., 0., 0., 0., 1., 0., 0., 1., 0., 0., 0., 0., 0.,
        1., 0., 0., 1., 0., 0., 1., 0., 0., 1., 0., 0., 0., 0.]), tensor([1., 0., 0., 1., 0., 0., 1., 0., 0., 1., 0., 0., 1., 0., 0., 1., 0., 0.,
        1., 0., 0., 1., 0., 0., 1., 0., 0., 0., 0., 0., 1., 0.]), tensor([1., 0., 0., 0., 0., 0., 0., 0., 0., 1., 0., 0., 0., 0., 0., 1., 0., 0.,
        1., 0., 0., 0., 0., 0., 1., 0., 0., 0., 0., 0., 0., 0.]), tensor([0., 0., 1., 0., 0., 0., 0., 0., 1., 0., 0., 0., 0., 0., 1., 0., 0., 0.,
        0., 0., 1., 0., 0., 0., 0., 0., 0., 0., 0., 0., 0., 0.]), tensor([0., 0., 0., 0., 0., 0., 0., 0., 0., 0., 0., 0., 0., 0., 0., 0., 0., 0.,
        0., 0., 0., 0., 0., 1., 0., 0., 1., 0., 0., 0., 0., 0.]), tensor([0., 0., 1., 0., 0., 1., 0., 0., 0., 0., 0., 1., 0., 0., 0., 0., 0., 1.,
        0., 0., 0., 0., 0., 1., 0., 0., 1., 0., 0., 1., 0., 0.]), tensor([0., 0., 0., 0., 0., 0., 0., 0., 0., 0., 0., 0., 0., 0., 0., 0., 0., 0.,
        0., 0., 0., 0., 0., 1., 0., 0., 1., 0., 0., 0., 0., 0.]), tensor([1., 1., 1., 0., 0., 0., 1., 1., 1., 1., 1., 0., 1., 1., 0., 1., 0., 1.,
        1., 0., 1., 0., 1., 1., 1., 1., 1., 0., 1., 0., 0., 0.]), tensor([1., 1., 0., 1., 1., 1., 1., 1., 1., 0., 1., 1., 1., 1., 1., 0., 1., 0.,
        1., 1., 1., 1., 1., 1., 1., 0., 1., 1., 1., 1., 1., 1.]), tensor([1., 1., 0., 0., 0., 0., 0., 1., 0., 0., 1., 0., 0., 1., 0., 0., 1., 0.,
        1., 1., 1., 1., 1., 0., 1., 0., 0., 0., 1., 0., 0., 0.]), tensor([0., 1., 0., 0., 1., 0., 0., 1., 0., 0., 1., 0., 0., 1., 0., 0., 1., 0.,
        0., 1., 0., 0., 1., 0., 0., 1., 0., 0., 0., 0., 0., 0.]), tensor([0., 0., 0., 1., 0., 0., 0., 0., 0., 1., 0., 0., 1., 0., 0., 0., 0., 0.,
        1., 0., 0., 1., 0., 0., 1., 0., 0., 1., 0., 0., 0., 0.]), tensor([0., 1., 1., 1., 0., 0., 0., 0., 0., 0., 1., 1., 0., 1., 0., 0., 0., 1.,
        0., 0., 1., 0., 1., 0., 0., 0., 0., 0., 1., 0., 0., 1.]), tensor([0., 1., 0., 0., 1., 0., 0., 1., 0., 1., 1., 0., 0., 1., 0., 0., 1., 0.,
        0., 0., 0., 0., 1., 0., 0., 1., 0., 1., 1., 0., 1., 1.]), tensor([1., 0., 0., 1., 0., 0., 1., 0., 0., 1., 0., 0., 1., 0., 0., 1., 0., 0.,
        1., 0., 0., 1., 0., 0., 1., 0., 0., 0., 0., 0., 1., 0.]), tensor([1., 0., 0., 1., 0., 0., 1., 0., 0., 1., 0., 0., 1., 0., 0., 1., 0., 0.,
        1., 0., 0., 1., 0., 0., 1., 0., 0., 0., 0., 0., 1., 0.]), tensor([0., 0., 0., 0., 1., 0., 0., 1., 0., 0., 1., 0., 0., 1., 0., 0., 1., 0.,
        0., 1., 0., 0., 1., 0., 0., 1., 0., 0., 0., 0., 0., 1.]), tensor([0., 1., 0., 0., 0., 0., 0., 0., 0., 0., 1., 0., 0., 1., 0., 0., 1., 0.,
        0., 0., 0., 0., 1., 0., 0., 0., 0., 0., 1., 0., 0., 1.]), tensor([0., 1., 0., 0., 0., 0., 0., 1., 0., 0., 0., 0., 0., 0., 0., 0., 0., 0.,
        0., 0., 0., 0., 0., 0., 0., 0., 0., 0., 1., 0., 0., 1.]), tensor([0., 0., 1., 0., 0., 1., 0., 0., 0., 0., 1., 1., 0., 1., 1., 0., 1., 1.,
        0., 0., 0., 0., 0., 1., 0., 1., 1., 0., 0., 1., 0., 0.]), tensor([0., 0., 1., 0., 0., 1., 0., 1., 1., 0., 0., 1., 0., 0., 0., 0., 0., 1.,
        0., 1., 0., 0., 0., 1., 0., 0., 1., 0., 1., 1., 0., 1.]), tensor([0., 0., 1., 0., 0., 0., 0., 0., 1., 0., 0., 0., 0., 0., 1., 0., 0., 0.,
        0., 0., 1., 0., 0., 0., 0., 0., 0., 0., 0., 0., 0., 0.]), tensor([0., 0., 0., 0., 0., 0., 0., 0., 0., 0., 0., 0., 0., 1., 0., 0., 1., 0.,
        0., 0., 0., 1., 0., 1., 0., 0., 1., 0., 0., 0., 1., 0.]), tensor([1., 0., 0., 0., 1., 0., 0., 0., 0., 1., 1., 0., 0., 0., 0., 1., 0., 0.,
        1., 1., 0., 0., 0., 0., 1., 0., 0., 0., 1., 1., 0., 0.]), tensor([1., 0., 0., 1., 0., 0., 1., 0., 0., 1., 0., 0., 1., 0., 0., 1., 0., 0.,
        1., 0., 0., 1., 0., 0., 1., 0., 0., 1., 0., 0., 1., 0.]), tensor([0., 1., 0., 0., 1., 0., 0., 1., 0., 0., 1., 0., 0., 1., 0., 0., 1., 0.,
        0., 1., 0., 0., 1., 0., 0., 1., 0., 0., 1., 0., 0., 1.]), tensor([0., 0., 1., 0., 0., 1., 0., 0., 1., 0., 0., 1., 0., 0., 1., 0., 0., 1.,
        0., 0., 1., 0., 0., 1., 0., 0., 1., 0., 0., 1., 0., 0.])]
[tensor([0., 0., 1., 0., 0., 1., 0., 0., 1., 0., 0., 1., 0., 0., 1., 0., 0., 0.,
        0., 0., 1., 0., 0., 1., 0., 0., 0., 0., 0., 0., 0., 0.]), tensor([0., 0., 1., 0., 0., 1., 0., 0., 0., 0., 0., 1., 0., 0., 0., 0., 0., 0.,
        0., 0., 1., 0., 0., 1., 0., 0., 1., 0., 0., 1., 0., 0.]), tensor([0., 0., 0., 0., 0., 1., 0., 0., 1., 0., 0., 0., 0., 0., 0., 0., 0., 0.,
        0., 0., 1., 0., 0., 0., 0., 0., 1., 0., 0., 1., 0., 0.]), tensor([0., 0., 0., 0., 0., 0., 0., 0., 1., 0., 0., 1., 0., 0., 1., 0., 0., 1.,
        0., 0., 1., 0., 0., 0., 0., 0., 1., 0., 0., 1., 0., 0.]), tensor([0., 0., 0., 0., 0., 0., 0., 0., 1., 0., 0., 0., 0., 0., 1., 0., 0., 1.,
        0., 0., 0., 0., 0., 0., 0., 0., 1., 0., 0., 0., 0., 0.]), tensor([0., 1., 0., 0., 1., 0., 0., 1., 0., 0., 1., 0., 0., 1., 0., 0., 1., 0.,
        0., 1., 0., 0., 0., 0., 0., 1., 0., 0., 1., 0., 0., 1.]), tensor([0., 1., 0., 0., 1., 0., 0., 1., 0., 0., 0., 0., 0., 0., 0., 0., 0., 0.,
        0., 1., 0., 0., 1., 0., 0., 1., 0., 0., 0., 0., 0., 1.]), tensor([0., 1., 0., 0., 0., 0., 0., 0., 0., 0., 0., 0., 0., 0., 0., 0., 0., 0.,
        0., 1., 0., 0., 0., 0., 0., 0., 0., 0., 0., 0., 0., 1.]), tensor([1., 0., 0., 0., 0., 0., 0., 0., 0., 0., 0., 0., 0., 0., 0., 0., 0., 0.,
        0., 0., 0., 1., 0., 0., 0., 0., 0., 0., 0., 0., 0., 0.]), tensor([0., 0., 0., 1., 0., 0., 1., 0., 0., 0., 0., 0., 0., 0., 0., 0., 0., 0.,
        1., 0., 0., 0., 0., 0., 1., 0., 0., 0., 0., 0., 1., 0.]), tensor([0., 0., 0., 1., 0., 0., 1., 0., 0., 1., 0., 0., 1., 0., 0., 0., 0., 0.,
        0., 0., 0., 0., 0., 0., 0., 0., 0., 1., 0., 0., 1., 0.]), tensor([0., 0., 0., 1., 0., 0., 1., 0., 0., 0., 0., 0., 0., 0., 0., 1., 0., 0.,
        0., 0., 0., 0., 0., 0., 0., 0., 0., 0., 0., 0., 1., 0.]), tensor([1., 1., 1., 0., 1., 1., 1., 1., 0., 1., 1., 1., 1., 1., 0., 1., 1., 1.,
        0., 1., 1., 1., 0., 1., 0., 1., 1., 0., 1., 1., 1., 0.]), tensor([1., 0., 0., 0., 1., 0., 1., 0., 1., 0., 1., 1., 1., 1., 1., 1., 1., 0.,
        0., 0., 1., 1., 1., 0., 1., 0., 1., 1., 0., 0., 0., 1.]), tensor([1., 1., 0., 0., 1., 0., 0., 0., 1., 0., 1., 0., 0., 0., 1., 1., 1., 1.,
        0., 0., 1., 1., 0., 0., 0., 1., 1., 1., 1., 0., 0., 1.]), tensor([0., 0., 0., 0., 0., 0., 0., 0., 1., 0., 0., 1., 0., 0., 1., 0., 0., 1.,
        0., 0., 1., 0., 0., 0., 0., 0., 1., 0., 0., 1., 0., 0.]), tensor([0., 1., 0., 0., 1., 0., 0., 1., 0., 0., 1., 0., 0., 1., 0., 0., 1., 0.,
        0., 1., 0., 0., 0., 0., 0., 1., 0., 0., 1., 0., 0., 1.]), tensor([0., 0., 0., 0., 0., 1., 0., 0., 1., 0., 0., 0., 0., 0., 0., 0., 0., 1.,
        0., 0., 1., 0., 0., 1., 0., 0., 1., 0., 0., 1., 0., 0.]), tensor([0., 0., 1., 0., 0., 1., 0., 0., 1., 0., 0., 0., 0., 0., 1., 0., 0., 1.,
        0., 0., 0., 0., 0., 1., 0., 0., 1., 0., 0., 0., 0., 0.]), tensor([0., 1., 0., 0., 1., 0., 0., 1., 0., 0., 0., 0., 0., 0., 1., 0., 0., 0.,
        0., 1., 0., 0., 1., 0., 0., 1., 1., 0., 0., 0., 0., 1.]), tensor([0., 1., 0., 0., 1., 0., 0., 1., 0., 0., 0., 0., 0., 0., 0., 0., 0., 0.,
        0., 1., 0., 0., 1., 0., 0., 1., 1., 0., 0., 0., 0., 1.]), tensor([0., 0., 0., 0., 0., 0., 0., 0., 1., 0., 0., 1., 0., 0., 0., 0., 0., 0.,
        0., 0., 0., 0., 0., 1., 0., 0., 0., 0., 0., 0., 0., 0.]), tensor([0., 0., 1., 0., 0., 1., 0., 0., 0., 0., 0., 1., 0., 0., 0., 0., 0., 0.,
        0., 0., 1., 0., 0., 1., 0., 0., 1., 0., 0., 1., 0., 0.]), tensor([0., 0., 1., 0., 0., 1., 0., 0., 1., 0., 0., 0., 0., 0., 1., 0., 0., 0.,
        0., 0., 1., 0., 0., 1., 0., 0., 0., 0., 0., 0., 0., 0.]), tensor([0., 0., 0., 1., 0., 0., 1., 0., 0., 1., 0., 0., 1., 0., 0., 0., 0., 0.,
        0., 0., 0., 0., 0., 0., 0., 0., 0., 1., 0., 1., 1., 0.]), tensor([0., 0., 1., 1., 0., 0., 1., 0., 0., 1., 0., 0., 1., 0., 0., 1., 0., 0.,
        0., 0., 0., 0., 0., 1., 0., 0., 0., 1., 0., 0., 1., 0.]), tensor([1., 0., 0., 0., 0., 0., 0., 0., 0., 0., 0., 0., 0., 0., 0., 0., 0., 0.,
        0., 0., 0., 1., 0., 0., 0., 0., 0., 0., 0., 0., 0., 0.]), tensor([0., 0., 0., 1., 1., 0., 1., 0., 0., 0., 0., 0., 0., 0., 0., 1., 0., 0.,
        1., 0., 0., 0., 0., 0., 1., 0., 1., 0., 0., 0., 1., 0.]), tensor([0., 1., 1., 0., 0., 1., 0., 0., 1., 0., 0., 1., 1., 0., 0., 0., 0., 0.,
        0., 1., 1., 0., 0., 0., 0., 0., 0., 1., 0., 1., 0., 1.]), tensor([0., 1., 0., 0., 1., 0., 0., 1., 0., 0., 1., 0., 0., 1., 0., 0., 1., 0.,
        0., 1., 0., 0., 1., 0., 0., 1., 0., 0., 1., 0., 0., 1.]), tensor([0., 0., 1., 0., 0., 1., 0., 0., 1., 0., 0., 1., 0., 0., 1., 0., 0., 1.,
        0., 0., 1., 0., 0., 1., 0., 0., 1., 0., 0., 1., 0., 0.]), tensor([1., 0., 0., 1., 0., 0., 1., 0., 0., 1., 0., 0., 1., 0., 0., 1., 0., 0.,
        1., 0., 0., 1., 0., 0., 1., 0., 0., 1., 0., 0., 1., 0.])]
[tensor([1., 0., 0., 0., 0., 0., 1., 0., 0., 1., 0., 0., 1., 0., 0., 0., 0., 0.,
        1., 0., 0., 1., 0., 0., 1., 0., 0., 1., 0., 0., 1., 0.]), tensor([0., 0., 0., 1., 0., 0., 1., 0., 0., 0., 0., 0., 1., 0., 0., 1., 0., 0.,
        1., 0., 0., 0., 0., 0., 1., 0., 0., 1., 0., 0., 0., 0.]), tensor([0., 0., 0., 0., 0., 0., 1., 0., 0., 0., 0., 0., 1., 0., 0., 0., 0., 0.,
        0., 0., 0., 0., 0., 0., 0., 0., 0., 0., 0., 0., 1., 0.]), tensor([0., 0., 0., 0., 0., 0., 0., 0., 0., 1., 0., 0., 0., 0., 0., 1., 0., 0.,
        1., 0., 0., 1., 0., 0., 0., 0., 0., 1., 0., 0., 1., 0.]), tensor([0., 0., 0., 0., 0., 0., 0., 0., 0., 1., 0., 0., 0., 0., 0., 0., 0., 0.,
        1., 0., 0., 1., 0., 0., 0., 0., 0., 1., 0., 0., 1., 0.]), tensor([0., 0., 0., 0., 0., 1., 0., 0., 0., 0., 0., 0., 0., 0., 1., 0., 0., 1.,
        0., 0., 1., 0., 0., 1., 0., 0., 0., 0., 0., 1., 0., 0.]), tensor([0., 0., 1., 0., 0., 1., 0., 0., 1., 0., 0., 1., 0., 0., 1., 0., 0., 1.,
        0., 0., 1., 0., 0., 0., 0., 0., 1., 0., 0., 1., 0., 0.]), tensor([0., 0., 1., 0., 0., 0., 0., 0., 0., 0., 0., 0., 0., 0., 0., 0., 0., 0.,
        0., 0., 0., 0., 0., 0., 0., 0., 1., 0., 0., 1., 0., 0.]), tensor([0., 0., 0., 0., 0., 0., 0., 0., 0., 0., 0., 0., 0., 0., 0., 0., 0., 0.,
        0., 0., 0., 0., 1., 0., 0., 0., 0., 0., 0., 0., 0., 1.]), tensor([0., 0., 0., 0., 0., 0., 0., 0., 0., 0., 1., 0., 0., 1., 0., 0., 0., 0.,
        0., 0., 0., 0., 0., 0., 0., 0., 0., 0., 1., 0., 0., 0.]), tensor([0., 1., 0., 0., 1., 0., 0., 1., 0., 0., 0., 0., 0., 0., 0., 0., 1., 0.,
        0., 1., 0., 0., 0., 0., 0., 1., 0., 0., 1., 0., 0., 1.]), tensor([0., 0., 0., 0., 0., 0., 0., 0., 0., 0., 0., 0., 0., 1., 0., 0., 0., 0.,
        0., 0., 0., 0., 0., 0., 0., 0., 0., 0., 1., 0., 0., 0.]), tensor([1., 1., 1., 1., 1., 0., 1., 1., 1., 0., 0., 1., 1., 0., 1., 1., 0., 1.,
        1., 0., 0., 1., 1., 1., 0., 1., 0., 1., 1., 0., 1., 0.]), tensor([1., 1., 1., 0., 1., 0., 1., 0., 0., 1., 0., 0., 1., 1., 1., 1., 1., 0.,
        1., 1., 1., 1., 0., 1., 1., 1., 1., 1., 0., 1., 0., 1.]), tensor([1., 0., 0., 1., 1., 0., 0., 0., 1., 1., 0., 0., 1., 0., 0., 0., 0., 1.,
        1., 0., 1., 1., 0., 0., 0., 0., 0., 1., 0., 0., 1., 1.]), tensor([0., 0., 0., 0., 0., 0., 0., 0., 0., 1., 0., 0., 0., 0., 0., 1., 0., 0.,
        1., 0., 0., 1., 0., 0., 0., 0., 0., 1., 0., 0., 1., 0.]), tensor([0., 0., 0., 0., 0., 1., 0., 0., 0., 0., 0., 0., 0., 0., 1., 0., 0., 1.,
        0., 0., 1., 0., 0., 1., 0., 0., 0., 0., 0., 1., 0., 0.]), tensor([1., 0., 0., 0., 1., 0., 1., 0., 0., 1., 0., 0., 1., 0., 0., 1., 0., 0.,
        1., 0., 0., 0., 0., 0., 0., 0., 0., 0., 0., 0., 1., 0.]), tensor([0., 0., 1., 0., 0., 1., 1., 0., 0., 1., 0., 1., 0., 0., 1., 1., 0., 0.,
        1., 0., 0., 1., 0., 0., 1., 0., 0., 1., 0., 1., 1., 0.]), tensor([0., 0., 1., 0., 0., 1., 0., 0., 1., 0., 0., 1., 0., 0., 1., 0., 0., 1.,
        1., 0., 1., 0., 0., 0., 0., 0., 1., 0., 0., 1., 0., 0.]), tensor([0., 0., 1., 0., 0., 1., 0., 0., 1., 0., 0., 1., 0., 0., 1., 0., 0., 1.,
        0., 0., 1., 0., 0., 0., 0., 0., 1., 0., 0., 1., 0., 0.]), tensor([1., 0., 0., 0., 0., 0., 1., 0., 0., 1., 0., 0., 1., 0., 0., 0., 0., 0.,
        0., 0., 0., 0., 0., 0., 0., 0., 0., 1., 0., 0., 1., 0.]), tensor([0., 0., 0., 1., 0., 0., 1., 0., 0., 0., 0., 0., 1., 0., 0., 1., 0., 0.,
        1., 0., 0., 0., 0., 0., 1., 0., 0., 1., 0., 0., 0., 0.]), tensor([1., 0., 0., 0., 0., 0., 0., 0., 0., 1., 0., 0., 0., 0., 0., 0., 0., 0.,
        1., 0., 0., 1., 0., 0., 1., 0., 0., 0., 0., 0., 0., 0.]), tensor([0., 1., 0., 0., 1., 0., 0., 1., 0., 0., 1., 0., 1., 0., 0., 1., 1., 0.,
        0., 1., 0., 0., 0., 0., 0., 1., 0., 0., 1., 0., 0., 1.]), tensor([0., 1., 0., 0., 1., 0., 0., 1., 0., 0., 0., 0., 0., 1., 0., 0., 1., 0.,
        0., 1., 0., 1., 1., 0., 0., 1., 0., 0., 1., 0., 0., 1.]), tensor([0., 0., 0., 0., 0., 0., 0., 0., 0., 0., 0., 0., 0., 0., 0., 0., 0., 0.,
        0., 0., 0., 0., 1., 0., 0., 0., 0., 0., 0., 0., 0., 1.]), tensor([0., 0., 0., 0., 0., 0., 0., 0., 0., 0., 1., 0., 0., 1., 1., 0., 0., 1.,
        0., 0., 0., 0., 0., 0., 0., 0., 0., 1., 1., 0., 1., 0.]), tensor([0., 0., 1., 0., 0., 0., 1., 1., 0., 0., 0., 0., 1., 0., 0., 0., 1., 0.,
        0., 0., 0., 0., 0., 0., 0., 0., 1., 0., 0., 1., 0., 0.]), tensor([0., 0., 1., 0., 0., 1., 0., 0., 1., 0., 0., 1., 0., 0., 1., 0., 0., 1.,
        0., 0., 1., 0., 0., 1., 0., 0., 1., 0., 0., 1., 0., 0.]), tensor([1., 0., 0., 1., 0., 0., 1., 0., 0., 1., 0., 0., 1., 0., 0., 1., 0., 0.,
        1., 0., 0., 1., 0., 0., 1., 0., 0., 1., 0., 0., 1., 0.]), tensor([0., 1., 0., 0., 1., 0., 0., 1., 0., 0., 1., 0., 0., 1., 0., 0., 1., 0.,
        0., 1., 0., 0., 1., 0., 0., 1., 0., 0., 1., 0., 0., 1.])]
[tensor([0., 1., 0., 0., 1., 0., 0., 1., 0., 0., 1., 0., 0., 1., 0., 0., 0., 0.,
        0., 1., 0., 0., 1., 0., 0., 1., 0., 0., 0., 0., 0., 1.]), tensor([0., 1., 0., 0., 1., 0., 0., 1., 0., 0., 0., 0., 0., 1., 0., 0., 0., 0.,
        0., 0., 0., 0., 1., 0., 0., 1., 0., 0., 1., 0., 0., 0.]), tensor([0., 0., 0., 0., 1., 0., 0., 0., 0., 0., 0., 0., 0., 0., 0., 0., 1., 0.,
        0., 1., 0., 0., 1., 0., 0., 0., 0., 0., 0., 0., 0., 1.]), tensor([0., 0., 0., 0., 1., 0., 0., 1., 0., 0., 1., 0., 0., 1., 0., 0., 1., 0.,
        0., 1., 0., 0., 1., 0., 0., 0., 0., 0., 1., 0., 0., 1.]), tensor([0., 0., 0., 0., 0., 0., 0., 0., 0., 0., 1., 0., 0., 1., 0., 0., 1., 0.,
        0., 1., 0., 0., 1., 0., 0., 0., 0., 0., 0., 0., 0., 0.]), tensor([1., 0., 0., 1., 0., 0., 1., 0., 0., 0., 0., 0., 0., 0., 0., 1., 0., 0.,
        1., 0., 0., 0., 0., 0., 1., 0., 0., 0., 0., 0., 1., 0.]), tensor([0., 0., 0., 1., 0., 0., 0., 0., 0., 1., 0., 0., 1., 0., 0., 1., 0., 0.,
        1., 0., 0., 1., 0., 0., 1., 0., 0., 1., 0., 0., 0., 0.]), tensor([0., 0., 0., 0., 0., 0., 0., 0., 0., 1., 0., 0., 1., 0., 0., 1., 0., 0.,
        0., 0., 0., 1., 0., 0., 0., 0., 0., 0., 0., 0., 0., 0.]), tensor([0., 0., 0., 0., 0., 0., 0., 0., 0., 0., 0., 0., 0., 0., 1., 0., 0., 0.,
        0., 0., 0., 0., 0., 0., 0., 0., 1., 0., 0., 0., 0., 0.]), tensor([0., 0., 0., 0., 0., 1., 0., 0., 1., 0., 0., 1., 0., 0., 0., 0., 0., 0.,
        0., 0., 1., 0., 0., 1., 0., 0., 0., 0., 0., 1., 0., 0.]), tensor([0., 0., 1., 0., 0., 0., 0., 0., 1., 0., 0., 1., 0., 0., 0., 0., 0., 1.,
        0., 0., 1., 0., 0., 0., 0., 0., 1., 0., 0., 0., 0., 0.]), tensor([0., 0., 0., 0., 0., 1., 0., 0., 1., 0., 0., 1., 0., 0., 0., 0., 0., 0.,
        0., 0., 1., 0., 0., 1., 0., 0., 0., 0., 0., 0., 0., 0.]), tensor([1., 1., 1., 1., 1., 1., 1., 0., 0., 0., 1., 1., 0., 1., 1., 0., 1., 0.,
        1., 1., 1., 1., 1., 1., 1., 0., 0., 1., 1., 1., 1., 1.]), tensor([1., 0., 0., 0., 1., 0., 1., 1., 1., 1., 1., 0., 1., 0., 0., 1., 1., 1.,
        1., 1., 1., 1., 1., 1., 0., 1., 1., 1., 0., 1., 0., 1.]), tensor([1., 1., 0., 1., 1., 0., 1., 1., 0., 0., 1., 0., 1., 1., 1., 0., 1., 1.,
        1., 1., 0., 0., 1., 0., 0., 0., 0., 1., 1., 0., 0., 0.]), tensor([0., 0., 0., 0., 1., 0., 0., 1., 0., 0., 1., 0., 0., 1., 0., 0., 1., 0.,
        0., 1., 0., 0., 1., 0., 0., 0., 0., 0., 1., 0., 0., 1.]), tensor([1., 0., 0., 1., 0., 0., 1., 0., 0., 0., 0., 0., 0., 0., 0., 1., 0., 0.,
        1., 0., 0., 0., 0., 0., 1., 0., 0., 0., 0., 0., 1., 0.]), tensor([0., 1., 0., 0., 1., 0., 0., 1., 0., 0., 0., 0., 0., 1., 1., 0., 1., 0.,
        0., 1., 0., 0., 1., 0., 0., 0., 0., 0., 0., 0., 0., 1.]), tensor([0., 0., 0., 0., 0., 0., 0., 0., 0., 0., 1., 0., 0., 1., 0., 0., 1., 0.,
        0., 1., 0., 0., 1., 0., 0., 1., 0., 0., 0., 0., 1., 0.]), tensor([0., 0., 0., 1., 0., 0., 0., 0., 0., 1., 0., 0., 1., 1., 0., 1., 1., 0.,
        1., 0., 0., 1., 0., 0., 1., 0., 0., 1., 0., 0., 0., 0.]), tensor([0., 0., 0., 1., 0., 0., 0., 0., 0., 1., 0., 0., 1., 0., 0., 1., 1., 0.,
        1., 0., 0., 1., 0., 0., 1., 0., 0., 1., 0., 0., 0., 0.]), tensor([0., 1., 0., 0., 1., 0., 0., 1., 0., 0., 1., 0., 0., 0., 0., 0., 0., 0.,
        0., 1., 0., 0., 1., 0., 0., 1., 0., 0., 0., 0., 0., 1.]), tensor([0., 1., 0., 0., 1., 0., 0., 1., 0., 0., 0., 0., 0., 1., 0., 0., 0., 0.,
        0., 0., 0., 0., 1., 0., 0., 1., 0., 0., 1., 0., 0., 0.]), tensor([0., 0., 0., 0., 0., 0., 0., 1., 0., 0., 0., 0., 0., 1., 0., 0., 0., 0.,
        0., 0., 0., 0., 0., 0., 0., 0., 0., 0., 0., 0., 0., 0.]), tensor([0., 0., 1., 0., 1., 0., 0., 0., 1., 0., 1., 1., 0., 0., 1., 0., 0., 1.,
        0., 1., 1., 0., 0., 0., 0., 1., 1., 0., 0., 1., 0., 1.]), tensor([0., 0., 1., 0., 0., 1., 0., 0., 1., 0., 0., 1., 0., 0., 0., 0., 0., 1.,
        0., 0., 1., 0., 0., 1., 0., 0., 1., 0., 0., 0., 0., 0.]), tensor([0., 0., 0., 0., 0., 0., 0., 0., 0., 0., 0., 0., 0., 0., 1., 0., 0., 0.,
        0., 0., 0., 0., 0., 0., 0., 0., 1., 0., 0., 0., 0., 0.]), tensor([0., 0., 0., 0., 0., 1., 0., 0., 1., 0., 0., 1., 0., 0., 0., 0., 1., 0.,
        0., 1., 1., 0., 1., 1., 0., 0., 0., 0., 0., 1., 0., 0.]), tensor([0., 0., 1., 0., 1., 0., 0., 0., 0., 1., 0., 0., 1., 0., 0., 1., 0., 1.,
        0., 0., 0., 1., 0., 0., 0., 0., 0., 0., 0., 0., 1., 1.]), tensor([1., 0., 0., 1., 0., 0., 1., 0., 0., 1., 0., 0., 1., 0., 0., 1., 0., 0.,
        1., 0., 0., 1., 0., 0., 1., 0., 0., 1., 0., 0., 1., 0.]), tensor([0., 1., 0., 0., 1., 0., 0., 1., 0., 0., 1., 0., 0., 1., 0., 0., 1., 0.,
        0., 1., 0., 0., 1., 0., 0., 1., 0., 0., 1., 0., 0., 1.]), tensor([0., 0., 1., 0., 0., 1., 0., 0., 1., 0., 0., 1., 0., 0., 1., 0., 0., 1.,
        0., 0., 1., 0., 0., 1., 0., 0., 1., 0., 0., 1., 0., 0.])]
[tensor([0., 0., 0., 0., 0., 1., 0., 0., 1., 0., 0., 1., 0., 0., 0., 0., 0., 0.,
        0., 0., 1., 0., 0., 1., 0., 0., 0., 0., 0., 0., 0., 0.]), tensor([0., 0., 0., 0., 0., 1., 0., 0., 1., 0., 0., 0., 0., 0., 1., 0., 0., 1.,
        0., 0., 0., 0., 0., 1., 0., 0., 1., 0., 0., 1., 0., 0.]), tensor([0., 0., 1., 0., 0., 1., 0., 0., 0., 0., 0., 1., 0., 0., 0., 0., 0., 1.,
        0., 0., 0., 0., 0., 1., 0., 0., 1., 0., 0., 0., 0., 0.]), tensor([0., 0., 0., 0., 0., 1., 0., 0., 1., 0., 0., 0., 0., 0., 1., 0., 0., 0.,
        0., 0., 1., 0., 0., 0., 0., 0., 0., 0., 0., 1., 0., 0.]), tensor([0., 0., 0., 0., 0., 1., 0., 0., 0., 0., 0., 0., 0., 0., 0., 0., 0., 1.,
        0., 0., 1., 0., 0., 0., 0., 0., 0., 0., 0., 0., 0., 0.]), tensor([0., 1., 0., 0., 1., 0., 0., 1., 0., 0., 1., 0., 0., 1., 0., 0., 0., 0.,
        0., 1., 0., 0., 1., 0., 0., 0., 0., 0., 1., 0., 0., 1.]), tensor([0., 0., 0., 0., 1., 0., 0., 1., 0., 0., 0., 0., 0., 1., 0., 0., 1., 0.,
        0., 0., 0., 0., 1., 0., 0., 1., 0., 0., 1., 0., 0., 1.]), tensor([0., 0., 0., 0., 0., 0., 0., 0., 0., 0., 0., 0., 0., 0., 0., 0., 1., 0.,
        0., 0., 0., 0., 0., 0., 0., 1., 0., 0., 1., 0., 0., 0.]), tensor([0., 0., 0., 0., 0., 0., 0., 0., 0., 0., 0., 0., 1., 0., 0., 0., 0., 0.,
        0., 0., 0., 0., 0., 0., 0., 0., 0., 1., 0., 0., 0., 0.]), tensor([0., 0., 0., 0., 0., 0., 0., 0., 0., 0., 0., 0., 0., 0., 0., 1., 0., 0.,
        1., 0., 0., 1., 0., 0., 1., 0., 0., 0., 0., 0., 1., 0.]), tensor([1., 0., 0., 0., 0., 0., 1., 0., 0., 1., 0., 0., 0., 0., 0., 0., 0., 0.,
        1., 0., 0., 0., 0., 0., 0., 0., 0., 0., 0., 0., 1., 0.]), tensor([0., 0., 0., 1., 0., 0., 1., 0., 0., 1., 0., 0., 0., 0., 0., 1., 0., 0.,
        1., 0., 0., 0., 0., 0., 0., 0., 0., 0., 0., 0., 1., 0.]), tensor([0., 1., 1., 1., 1., 0., 0., 1., 0., 1., 1., 1., 1., 1., 1., 0., 1., 0.,
        0., 0., 1., 0., 0., 0., 0., 1., 0., 1., 1., 0., 0., 0.]), tensor([1., 1., 0., 0., 1., 1., 1., 0., 1., 1., 0., 1., 1., 1., 0., 0., 1., 1.,
        1., 1., 1., 1., 1., 1., 1., 1., 1., 1., 0., 0., 1., 0.]), tensor([0., 0., 0., 1., 0., 1., 1., 1., 0., 1., 1., 1., 1., 1., 1., 0., 1., 1.,
        0., 0., 1., 0., 1., 0., 0., 0., 1., 0., 0., 0., 0., 0.]), tensor([0., 0., 0., 0., 0., 1., 0., 0., 1., 0., 0., 0., 0., 0., 1., 0., 0., 0.,
        0., 0., 1., 0., 0., 0., 0., 0., 0., 0., 0., 1., 0., 0.]), tensor([0., 1., 0., 0., 1., 0., 0., 1., 0., 0., 1., 0., 0., 1., 0., 0., 0., 0.,
        0., 1., 0., 0., 1., 0., 0., 0., 0., 0., 1., 0., 0., 1.]), tensor([0., 0., 1., 0., 0., 1., 0., 1., 0., 0., 0., 1., 0., 0., 1., 0., 0., 1.,
        0., 0., 0., 0., 0., 1., 0., 0., 1., 0., 0., 0., 0., 1.]), tensor([0., 0., 1., 0., 0., 1., 0., 0., 1., 0., 0., 0., 0., 0., 0., 0., 0., 1.,
        0., 1., 1., 0., 0., 1., 0., 0., 0., 0., 1., 0., 0., 1.]), tensor([0., 0., 0., 0., 1., 0., 0., 1., 0., 0., 0., 0., 0., 1., 0., 0., 1., 0.,
        0., 0., 1., 0., 1., 0., 0., 1., 0., 0., 1., 0., 0., 1.]), tensor([0., 0., 0., 0., 1., 0., 0., 1., 0., 0., 0., 0., 0., 1., 0., 0., 1., 0.,
        0., 0., 1., 0., 1., 0., 0., 1., 0., 0., 1., 0., 0., 1.]), tensor([0., 0., 0., 0., 0., 1., 0., 0., 1., 0., 0., 1., 0., 0., 0., 0., 0., 0.,
        0., 0., 1., 0., 0., 1., 0., 0., 0., 0., 0., 0., 0., 0.]), tensor([0., 0., 0., 0., 0., 1., 0., 0., 1., 0., 0., 0., 0., 0., 1., 0., 0., 1.,
        0., 0., 0., 0., 0., 1., 0., 0., 1., 0., 0., 1., 0., 0.]), tensor([0., 0., 0., 0., 0., 1., 0., 0., 0., 0., 0., 0., 0., 0., 0., 0., 0., 0.,
        0., 0., 0., 0., 0., 0., 0., 0., 0., 0., 0., 0., 0., 0.]), tensor([1., 0., 0., 0., 0., 0., 1., 0., 1., 1., 0., 0., 0., 0., 1., 0., 0., 1.,
        1., 0., 0., 0., 0., 0., 1., 0., 0., 0., 0., 0., 1., 0.]), tensor([1., 0., 0., 1., 0., 0., 1., 0., 0., 1., 0., 0., 1., 0., 0., 1., 0., 0.,
        1., 0., 0., 0., 0., 0., 0., 0., 0., 1., 0., 0., 1., 0.]), tensor([0., 0., 0., 0., 0., 0., 0., 0., 0., 0., 0., 0., 1., 0., 0., 0., 0., 0.,
        0., 0., 0., 0., 0., 0., 0., 0., 0., 1., 0., 0., 0., 0.]), tensor([0., 0., 0., 1., 0., 1., 1., 0., 0., 1., 0., 1., 0., 1., 0., 1., 0., 1.,
        1., 0., 0., 1., 0., 0., 1., 0., 1., 0., 0., 0., 1., 0.]), tensor([0., 0., 1., 0., 0., 0., 0., 0., 0., 0., 0., 0., 0., 0., 0., 0., 1., 0.,
        0., 0., 0., 0., 0., 1., 0., 1., 0., 0., 1., 0., 0., 0.]), tensor([0., 1., 0., 0., 1., 0., 0., 1., 0., 0., 1., 0., 0., 1., 0., 0., 1., 0.,
        0., 1., 0., 0., 1., 0., 0., 1., 0., 0., 1., 0., 0., 1.]), tensor([0., 0., 1., 0., 0., 1., 0., 0., 1., 0., 0., 1., 0., 0., 1., 0., 0., 1.,
        0., 0., 1., 0., 0., 1., 0., 0., 1., 0., 0., 1., 0., 0.]), tensor([1., 0., 0., 1., 0., 0., 1., 0., 0., 1., 0., 0., 1., 0., 0., 1., 0., 0.,
        1., 0., 0., 1., 0., 0., 1., 0., 0., 1., 0., 0., 1., 0.])]
[tensor([0., 0., 0., 1., 0., 0., 1., 0., 0., 1., 0., 0., 1., 0., 0., 0., 0., 0.,
        1., 0., 0., 1., 0., 0., 1., 0., 0., 1., 0., 0., 0., 0.]), tensor([1., 0., 0., 1., 0., 0., 0., 0., 0., 0., 0., 0., 1., 0., 0., 1., 0., 0.,
        1., 0., 0., 0., 0., 0., 1., 0., 0., 1., 0., 0., 0., 0.]), tensor([1., 0., 0., 1., 0., 0., 1., 0., 0., 0., 0., 0., 0., 0., 0., 0., 0., 0.,
        1., 0., 0., 0., 0., 0., 0., 0., 0., 1., 0., 0., 0., 0.]), tensor([0., 0., 0., 1., 0., 0., 0., 0., 0., 1., 0., 0., 0., 0., 0., 1., 0., 0.,
        1., 0., 0., 1., 0., 0., 1., 0., 0., 1., 0., 0., 1., 0.]), tensor([1., 0., 0., 1., 0., 0., 0., 0., 0., 0., 0., 0., 1., 0., 0., 0., 0., 0.,
        0., 0., 0., 1., 0., 0., 0., 0., 0., 1., 0., 0., 1., 0.]), tensor([0., 0., 1., 0., 0., 1., 0., 0., 1., 0., 0., 1., 0., 0., 1., 0., 0., 1.,
        0., 0., 0., 0., 0., 0., 0., 0., 1., 0., 0., 1., 0., 0.]), tensor([0., 0., 1., 0., 0., 1., 0., 0., 1., 0., 0., 1., 0., 0., 1., 0., 0., 1.,
        0., 0., 1., 0., 0., 1., 0., 0., 1., 0., 0., 0., 0., 0.]), tensor([0., 0., 0., 0., 0., 0., 0., 0., 0., 0., 0., 0., 0., 0., 1., 0., 0., 0.,
        0., 0., 0., 0., 0., 0., 0., 0., 1., 0., 0., 0., 0., 0.]), tensor([0., 1., 0., 0., 1., 0., 0., 1., 0., 0., 0., 0., 0., 1., 0., 0., 1., 0.,
        0., 0., 0., 0., 0., 0., 0., 1., 0., 0., 0., 0., 0., 0.]), tensor([0., 0., 0., 0., 0., 0., 0., 0., 0., 0., 1., 0., 0., 0., 0., 0., 0., 0.,
        0., 1., 0., 0., 1., 0., 0., 0., 0., 0., 1., 0., 0., 1.]), tensor([0., 0., 0., 0., 0., 0., 0., 1., 0., 0., 1., 0., 0., 1., 0., 0., 1., 0.,
        0., 1., 0., 0., 1., 0., 0., 1., 0., 0., 0., 0., 0., 0.]), tensor([0., 0., 0., 0., 0., 0., 0., 0., 0., 0., 1., 0., 0., 0., 0., 0., 0., 0.,
        0., 1., 0., 0., 1., 0., 0., 0., 0., 0., 1., 0., 0., 0.]), tensor([1., 1., 1., 1., 1., 1., 1., 1., 1., 0., 0., 0., 1., 1., 1., 1., 1., 0.,
        1., 0., 1., 1., 0., 1., 0., 0., 1., 1., 1., 0., 1., 1.]), tensor([1., 1., 1., 1., 1., 1., 1., 1., 1., 1., 0., 1., 1., 0., 1., 1., 1., 0.,
        1., 1., 1., 1., 1., 1., 0., 0., 0., 1., 0., 1., 1., 0.]), tensor([1., 0., 1., 1., 1., 1., 0., 1., 0., 1., 0., 1., 1., 0., 1., 1., 1., 0.,
        1., 0., 1., 1., 0., 0., 0., 0., 0., 1., 0., 1., 1., 0.]), tensor([0., 0., 0., 1., 0., 0., 0., 0., 0., 1., 0., 0., 0., 0., 0., 1., 0., 0.,
        1., 0., 0., 1., 0., 0., 1., 0., 0., 1., 0., 0., 1., 0.]), tensor([0., 0., 1., 0., 0., 1., 0., 0., 1., 0., 0., 1., 0., 0., 1., 0., 0., 1.,
        0., 0., 0., 0., 0., 0., 0., 0., 1., 0., 0., 1., 0., 0.]), tensor([1., 0., 1., 1., 0., 0., 1., 1., 1., 0., 0., 0., 0., 1., 0., 0., 1., 0.,
        1., 0., 0., 1., 0., 1., 0., 0., 0., 1., 0., 0., 0., 0.]), tensor([1., 0., 0., 1., 0., 0., 1., 0., 0., 0., 0., 0., 1., 0., 0., 0., 0., 0.,
        0., 0., 0., 1., 0., 0., 1., 0., 1., 1., 0., 0., 1., 0.]), tensor([0., 0., 1., 0., 0., 1., 0., 0., 1., 0., 0., 1., 0., 0., 1., 0., 0., 1.,
        0., 0., 1., 1., 0., 1., 0., 0., 1., 0., 0., 0., 0., 0.]), tensor([0., 0., 1., 0., 0., 1., 0., 0., 1., 0., 0., 1., 0., 0., 1., 0., 0., 1.,
        0., 0., 1., 1., 0., 1., 0., 0., 1., 0., 0., 0., 0., 0.]), tensor([0., 0., 0., 1., 0., 0., 1., 0., 0., 0., 0., 0., 1., 0., 0., 0., 0., 0.,
        1., 0., 0., 1., 0., 0., 1., 0., 0., 1., 0., 0., 0., 0.]), tensor([1., 0., 0., 1., 0., 0., 0., 0., 0., 0., 0., 0., 1., 0., 0., 1., 0., 0.,
        1., 0., 0., 0., 0., 0., 1., 0., 0., 1., 0., 0., 0., 0.]), tensor([0., 0., 0., 0., 0., 0., 0., 0., 0., 1., 0., 0., 1., 0., 0., 0., 0., 0.,
        0., 0., 0., 0., 0., 0., 0., 0., 0., 0., 0., 0., 0., 0.]), tensor([1., 0., 0., 1., 0., 0., 0., 1., 0., 0., 1., 0., 0., 1., 0., 0., 1., 0.,
        0., 1., 0., 0., 1., 0., 1., 1., 0., 1., 0., 0., 0., 0.]), tensor([0., 0., 0., 0., 1., 0., 1., 1., 0., 0., 1., 0., 0., 1., 0., 0., 1., 0.,
        0., 1., 0., 1., 1., 0., 0., 1., 0., 0., 1., 0., 0., 0.]), tensor([0., 1., 0., 0., 1., 0., 0., 1., 0., 0., 0., 0., 0., 1., 0., 0., 1., 0.,
        0., 0., 0., 0., 0., 0., 0., 1., 0., 0., 0., 0., 0., 0.]), tensor([1., 0., 0., 0., 0., 0., 0., 0., 0., 0., 1., 0., 0., 0., 0., 0., 0., 0.,
        1., 1., 1., 0., 1., 0., 0., 0., 0., 0., 1., 0., 0., 1.]), tensor([0., 0., 0., 1., 0., 0., 1., 0., 0., 0., 0., 0., 0., 0., 1., 0., 0., 0.,
        0., 0., 0., 0., 0., 0., 1., 0., 1., 1., 0., 1., 0., 0.]), tensor([0., 0., 1., 0., 0., 1., 0., 0., 1., 0., 0., 1., 0., 0., 1., 0., 0., 1.,
        0., 0., 1., 0., 0., 1., 0., 0., 1., 0., 0., 1., 0., 0.]), tensor([1., 0., 0., 1., 0., 0., 1., 0., 0., 1., 0., 0., 1., 0., 0., 1., 0., 0.,
        1., 0., 0., 1., 0., 0., 1., 0., 0., 1., 0., 0., 1., 0.]), tensor([0., 1., 0., 0., 1., 0., 0., 1., 0., 0., 1., 0., 0., 1., 0., 0., 1., 0.,
        0., 1., 0., 0., 1., 0., 0., 1., 0., 0., 1., 0., 0., 1.])]
[tensor([0., 1., 0., 0., 0., 0., 0., 0., 0., 0., 1., 0., 0., 1., 0., 0., 1., 0.,
        0., 1., 0., 0., 0., 0., 0., 0., 0., 0., 1., 0., 0., 0.]), tensor([0., 1., 0., 0., 0., 0., 0., 0., 0., 0., 1., 0., 0., 0., 0., 0., 1., 0.,
        0., 0., 0., 0., 1., 0., 0., 1., 0., 0., 0., 0., 0., 0.]), tensor([0., 0., 0., 0., 1., 0., 0., 0., 0., 0., 0., 0., 0., 0., 0., 0., 0., 0.,
        0., 0., 0., 0., 0., 0., 0., 0., 0., 0., 0., 0., 0., 1.]), tensor([0., 1., 0., 0., 1., 0., 0., 0., 0., 0., 1., 0., 0., 0., 0., 0., 0., 0.,
        0., 0., 0., 0., 1., 0., 0., 0., 0., 0., 1., 0., 0., 1.]), tensor([0., 1., 0., 0., 0., 0., 0., 1., 0., 0., 1., 0., 0., 1., 0., 0., 0., 0.,
        0., 0., 0., 0., 1., 0., 0., 1., 0., 0., 1., 0., 0., 1.]), tensor([0., 0., 0., 0., 0., 0., 1., 0., 0., 1., 0., 0., 1., 0., 0., 0., 0., 0.,
        1., 0., 0., 0., 0., 0., 1., 0., 0., 1., 0., 0., 1., 0.]), tensor([1., 0., 0., 1., 0., 0., 1., 0., 0., 1., 0., 0., 0., 0., 0., 1., 0., 0.,
        1., 0., 0., 1., 0., 0., 0., 0., 0., 1., 0., 0., 0., 0.]), tensor([0., 0., 0., 1., 0., 0., 0., 0., 0., 0., 0., 0., 0., 0., 0., 1., 0., 0.,
        0., 0., 0., 1., 0., 0., 0., 0., 0., 0., 0., 0., 0., 0.]), tensor([0., 0., 0., 0., 0., 0., 0., 0., 0., 0., 0., 0., 0., 0., 0., 0., 0., 1.,
        0., 0., 1., 0., 0., 1., 0., 0., 0., 0., 0., 0., 0., 0.]), tensor([0., 0., 0., 0., 0., 1., 0., 0., 1., 0., 0., 1., 0., 0., 0., 0., 0., 0.,
        0., 0., 0., 0., 0., 0., 0., 0., 0., 0., 0., 1., 0., 0.]), tensor([0., 0., 1., 0., 0., 0., 0., 0., 0., 0., 0., 1., 0., 0., 1., 0., 0., 0.,
        0., 0., 0., 0., 0., 0., 0., 0., 0., 0., 0., 0., 0., 0.]), tensor([0., 0., 0., 0., 0., 0., 0., 0., 1., 0., 0., 1., 0., 0., 1., 0., 0., 0.,
        0., 0., 0., 0., 0., 0., 0., 0., 1., 0., 0., 1., 0., 0.]), tensor([0., 1., 1., 1., 1., 0., 1., 1., 1., 1., 0., 1., 0., 1., 1., 0., 0., 0.,
        0., 1., 1., 0., 1., 0., 1., 0., 1., 0., 0., 0., 0., 1.]), tensor([1., 0., 0., 1., 1., 0., 1., 0., 1., 1., 1., 0., 0., 1., 0., 1., 0., 1.,
        0., 1., 1., 0., 1., 1., 1., 1., 1., 1., 1., 1., 1., 1.]), tensor([0., 1., 0., 0., 0., 0., 0., 1., 0., 1., 1., 0., 0., 1., 1., 0., 0., 0.,
        0., 0., 0., 0., 1., 1., 1., 1., 1., 0., 1., 0., 0., 1.]), tensor([0., 1., 0., 0., 1., 0., 0., 0., 0., 0., 1., 0., 0., 0., 0., 0., 0., 0.,
        0., 0., 0., 0., 1., 0., 0., 0., 0., 0., 1., 0., 0., 1.]), tensor([0., 0., 0., 0., 0., 0., 1., 0., 0., 1., 0., 0., 1., 0., 0., 0., 0., 0.,
        1., 0., 0., 0., 0., 0., 1., 0., 0., 1., 0., 0., 1., 0.]), tensor([0., 0., 0., 0., 1., 0., 0., 0., 0., 0., 1., 0., 0., 0., 0., 0., 0., 0.,
        0., 0., 1., 0., 1., 1., 0., 1., 0., 1., 0., 0., 0., 1.]), tensor([1., 1., 0., 0., 1., 0., 0., 1., 0., 0., 1., 0., 1., 1., 0., 0., 1., 0.,
        1., 0., 0., 1., 1., 0., 0., 1., 0., 0., 1., 0., 1., 1.]), tensor([1., 0., 0., 1., 0., 0., 1., 0., 0., 1., 1., 0., 0., 1., 0., 1., 0., 0.,
        1., 0., 0., 1., 0., 0., 0., 0., 0., 1., 1., 0., 0., 0.]), tensor([1., 0., 0., 1., 0., 0., 1., 0., 0., 1., 1., 0., 0., 0., 0., 1., 0., 0.,
        1., 0., 0., 1., 0., 0., 0., 0., 0., 1., 0., 0., 0., 0.]), tensor([0., 1., 0., 0., 0., 0., 0., 0., 0., 0., 1., 0., 0., 1., 0., 0., 1., 0.,
        0., 1., 0., 0., 0., 0., 0., 0., 0., 0., 1., 0., 0., 0.]), tensor([0., 1., 0., 0., 0., 0., 0., 0., 0., 0., 1., 0., 0., 0., 0., 0., 1., 0.,
        0., 0., 0., 0., 1., 0., 0., 1., 0., 0., 0., 0., 0., 0.]), tensor([0., 0., 0., 0., 0., 0., 0., 0., 0., 0., 0., 0., 0., 1., 0., 0., 0., 0.,
        0., 1., 0., 0., 0., 0., 0., 0., 0., 0., 1., 0., 0., 0.]), tensor([0., 0., 1., 0., 0., 1., 0., 1., 0., 0., 0., 1., 0., 0., 1., 0., 1., 0.,
        0., 0., 0., 0., 0., 0., 0., 1., 0., 0., 0., 0., 0., 0.]), tensor([0., 1., 1., 0., 0., 0., 0., 0., 1., 0., 0., 1., 0., 0., 1., 0., 0., 1.,
        0., 0., 0., 0., 0., 1., 0., 0., 1., 0., 0., 1., 0., 0.]), tensor([0., 0., 0., 0., 0., 0., 0., 0., 0., 0., 0., 0., 0., 0., 0., 0., 0., 1.,
        0., 0., 1., 0., 0., 1., 0., 0., 0., 0., 0., 0., 0., 0.]), tensor([1., 0., 0., 0., 0., 1., 0., 0., 1., 1., 0., 1., 1., 0., 1., 0., 0., 0.,
        0., 0., 0., 0., 0., 0., 1., 0., 1., 0., 0., 1., 1., 1.]), tensor([0., 1., 0., 1., 1., 0., 0., 0., 0., 0., 0., 0., 0., 0., 0., 1., 0., 0.,
        0., 0., 0., 1., 0., 0., 0., 0., 0., 0., 0., 0., 0., 0.]), tensor([1., 0., 0., 1., 0., 0., 1., 0., 0., 1., 0., 0., 1., 0., 0., 1., 0., 0.,
        1., 0., 0., 1., 0., 0., 1., 0., 0., 1., 0., 0., 1., 0.]), tensor([0., 1., 0., 0., 1., 0., 0., 1., 0., 0., 1., 0., 0., 1., 0., 0., 1., 0.,
        0., 1., 0., 0., 1., 0., 0., 1., 0., 0., 1., 0., 0., 1.]), tensor([0., 0., 1., 0., 0., 1., 0., 0., 1., 0., 0., 1., 0., 0., 1., 0., 0., 1.,
        0., 0., 1., 0., 0., 1., 0., 0., 1., 0., 0., 1., 0., 0.])]
[tensor([0., 0., 0., 0., 0., 0., 0., 0., 1., 0., 0., 1., 0., 0., 1., 0., 0., 1.,
        0., 0., 1., 0., 0., 1., 0., 0., 0., 0., 0., 1., 0., 0.]), tensor([0., 0., 1., 0., 0., 0., 0., 0., 1., 0., 0., 0., 0., 0., 0., 0., 0., 0.,
        0., 0., 1., 0., 0., 1., 0., 0., 1., 0., 0., 1., 0., 0.]), tensor([0., 0., 1., 0., 0., 1., 0., 0., 0., 0., 0., 1., 0., 0., 0., 0., 0., 0.,
        0., 0., 0., 0., 0., 0., 0., 0., 0., 0., 0., 0., 0., 0.]), tensor([0., 0., 1., 0., 0., 1., 0., 0., 0., 0., 0., 1., 0., 0., 1., 0., 0., 0.,
        0., 0., 0., 0., 0., 0., 0., 0., 1., 0., 0., 1., 0., 0.]), tensor([0., 0., 1., 0., 0., 0., 0., 0., 1., 0., 0., 1., 0., 0., 1., 0., 0., 1.,
        0., 0., 0., 0., 0., 1., 0., 0., 1., 0., 0., 0., 0., 0.]), tensor([0., 0., 0., 0., 1., 0., 0., 1., 0., 0., 0., 0., 0., 1., 0., 0., 1., 0.,
        0., 1., 0., 0., 0., 0., 0., 0., 0., 0., 1., 0., 0., 1.]), tensor([0., 1., 0., 0., 1., 0., 0., 1., 0., 0., 1., 0., 0., 0., 0., 0., 1., 0.,
        0., 0., 0., 0., 1., 0., 0., 1., 0., 0., 1., 0., 0., 0.]), tensor([0., 1., 0., 0., 0., 0., 0., 0., 0., 0., 1., 0., 0., 0., 0., 0., 0., 0.,
        0., 0., 0., 0., 1., 0., 0., 0., 0., 0., 1., 0., 0., 0.]), tensor([0., 0., 0., 0., 0., 0., 0., 0., 0., 0., 0., 0., 0., 0., 0., 1., 0., 0.,
        1., 0., 0., 0., 0., 0., 1., 0., 0., 0., 0., 0., 0., 0.]), tensor([0., 0., 0., 1., 0., 0., 1., 0., 0., 0., 0., 0., 1., 0., 0., 0., 0., 0.,
        0., 0., 0., 0., 0., 0., 0., 0., 0., 0., 0., 0., 0., 0.]), tensor([1., 0., 0., 0., 0., 0., 1., 0., 0., 1., 0., 0., 0., 0., 0., 0., 0., 0.,
        1., 0., 0., 1., 0., 0., 0., 0., 0., 1., 0., 0., 1., 0.]), tensor([0., 0., 0., 0., 0., 0., 1., 0., 0., 0., 0., 0., 1., 0., 0., 0., 0., 0.,
        0., 0., 0., 1., 0., 0., 0., 0., 0., 0., 0., 0., 0., 0.]), tensor([1., 0., 1., 1., 0., 1., 1., 1., 1., 1., 1., 0., 1., 0., 1., 1., 1., 1.,
        0., 0., 1., 1., 1., 1., 1., 0., 1., 0., 1., 1., 0., 0.]), tensor([0., 1., 1., 1., 0., 1., 1., 1., 1., 1., 0., 1., 1., 1., 1., 1., 1., 1.,
        1., 1., 1., 0., 0., 1., 1., 1., 1., 1., 1., 1., 0., 1.]), tensor([0., 0., 1., 0., 0., 0., 0., 0., 1., 0., 0., 1., 0., 1., 1., 1., 1., 1.,
        0., 1., 1., 1., 1., 1., 0., 1., 1., 0., 1., 0., 0., 0.]), tensor([0., 0., 1., 0., 0., 1., 0., 0., 0., 0., 0., 1., 0., 0., 1., 0., 0., 0.,
        0., 0., 0., 0., 0., 0., 0., 0., 1., 0., 0., 1., 0., 0.]), tensor([0., 0., 0., 0., 1., 0., 0., 1., 0., 0., 0., 0., 0., 1., 0., 0., 1., 0.,
        0., 1., 0., 0., 0., 0., 0., 0., 0., 0., 1., 0., 0., 1.]), tensor([0., 0., 1., 0., 1., 1., 0., 0., 0., 0., 0., 1., 0., 0., 0., 0., 1., 0.,
        1., 0., 1., 0., 0., 1., 1., 0., 0., 0., 0., 1., 0., 0.]), tensor([0., 0., 1., 0., 1., 1., 0., 0., 1., 0., 0., 1., 0., 0., 1., 0., 0., 1.,
        0., 0., 0., 0., 0., 1., 0., 0., 1., 0., 0., 0., 0., 0.]), tensor([0., 1., 1., 0., 1., 0., 0., 1., 0., 0., 1., 0., 0., 0., 1., 0., 1., 0.,
        0., 0., 0., 0., 1., 0., 0., 1., 1., 0., 1., 0., 0., 0.]), tensor([0., 1., 1., 0., 1., 0., 0., 1., 0., 0., 1., 0., 0., 0., 1., 0., 1., 0.,
        0., 0., 0., 0., 1., 0., 0., 1., 1., 0., 1., 0., 0., 0.]), tensor([0., 0., 0., 0., 0., 0., 0., 0., 1., 0., 0., 1., 0., 0., 1., 0., 0., 0.,
        0., 0., 1., 0., 0., 1., 0., 0., 0., 0., 0., 0., 0., 0.]), tensor([0., 0., 1., 0., 0., 0., 0., 0., 1., 0., 0., 0., 0., 0., 0., 0., 0., 0.,
        0., 0., 1., 0., 0., 1., 0., 0., 1., 0., 0., 1., 0., 0.]), tensor([0., 0., 0., 0., 0., 0., 0., 0., 0., 0., 0., 0., 0., 0., 0., 0., 0., 1.,
        0., 0., 1., 0., 0., 0., 0., 0., 0., 0., 0., 1., 0., 0.]), tensor([1., 0., 0., 1., 0., 0., 1., 0., 0., 1., 0., 0., 0., 0., 0., 0., 0., 0.,
        1., 0., 0., 1., 0., 0., 0., 0., 1., 1., 0., 0., 1., 0.]), tensor([1., 0., 0., 0., 0., 1., 1., 0., 0., 1., 0., 0., 1., 0., 0., 1., 0., 1.,
        1., 0., 1., 1., 0., 0., 1., 0., 0., 1., 0., 1., 1., 0.]), tensor([0., 0., 0., 0., 0., 0., 0., 0., 0., 0., 0., 0., 0., 0., 0., 1., 0., 0.,
        1., 0., 0., 0., 0., 0., 1., 0., 0., 0., 0., 0., 0., 0.]), tensor([0., 0., 1., 1., 0., 0., 1., 0., 0., 0., 0., 1., 1., 0., 0., 0., 0., 0.,
        0., 0., 0., 1., 0., 0., 0., 0., 1., 0., 0., 0., 0., 0.]), tensor([0., 1., 0., 0., 0., 1., 0., 0., 0., 1., 1., 0., 0., 0., 0., 0., 0., 0.,
        0., 0., 0., 0., 1., 0., 0., 0., 0., 1., 1., 0., 1., 0.]), tensor([0., 1., 0., 0., 1., 0., 0., 1., 0., 0., 1., 0., 0., 1., 0., 0., 1., 0.,
        0., 1., 0., 0., 1., 0., 0., 1., 0., 0., 1., 0., 0., 1.]), tensor([0., 0., 1., 0., 0., 1., 0., 0., 1., 0., 0., 1., 0., 0., 1., 0., 0., 1.,
        0., 0., 1., 0., 0., 1., 0., 0., 1., 0., 0., 1., 0., 0.]), tensor([1., 0., 0., 1., 0., 0., 1., 0., 0., 1., 0., 0., 1., 0., 0., 1., 0., 0.,
        1., 0., 0., 1., 0., 0., 1., 0., 0., 1., 0., 0., 1., 0.])]
[tensor([1., 0., 0., 0., 0., 0., 0., 0., 0., 1., 0., 0., 1., 0., 0., 0., 0., 0.,
        1., 0., 0., 0., 0., 0., 1., 0., 0., 1., 0., 0., 1., 0.]), tensor([0., 0., 0., 1., 0., 0., 1., 0., 0., 0., 0., 0., 1., 0., 0., 1., 0., 0.,
        1., 0., 0., 1., 0., 0., 1., 0., 0., 1., 0., 0., 0., 0.]), tensor([0., 0., 0., 0., 0., 0., 1., 0., 0., 0., 0., 0., 0., 0., 0., 0., 0., 0.,
        1., 0., 0., 1., 0., 0., 1., 0., 0., 0., 0., 0., 1., 0.]), tensor([0., 0., 0., 1., 0., 0., 1., 0., 0., 1., 0., 0., 1., 0., 0., 1., 0., 0.,
        0., 0., 0., 1., 0., 0., 1., 0., 0., 0., 0., 0., 1., 0.]), tensor([1., 0., 0., 1., 0., 0., 1., 0., 0., 1., 0., 0., 1., 0., 0., 1., 0., 0.,
        0., 0., 0., 1., 0., 0., 1., 0., 0., 1., 0., 0., 1., 0.]), tensor([0., 0., 1., 0., 0., 0., 0., 0., 1., 0., 0., 0., 0., 0., 0., 0., 0., 0.,
        0., 0., 1., 0., 0., 1., 0., 0., 1., 0., 0., 1., 0., 0.]), tensor([0., 0., 0., 0., 0., 1., 0., 0., 0., 0., 0., 1., 0., 0., 1., 0., 0., 1.,
        0., 0., 1., 0., 0., 1., 0., 0., 1., 0., 0., 1., 0., 0.]), tensor([0., 0., 0., 0., 0., 1., 0., 0., 0., 0., 0., 1., 0., 0., 1., 0., 0., 0.,
        0., 0., 0., 0., 0., 0., 0., 0., 1., 0., 0., 0., 0., 0.]), tensor([0., 1., 0., 0., 1., 0., 0., 1., 0., 0., 1., 0., 0., 0., 0., 0., 0., 0.,
        0., 0., 0., 0., 1., 0., 0., 0., 0., 0., 1., 0., 0., 0.]), tensor([0., 0., 0., 0., 0., 0., 0., 0., 0., 0., 0., 0., 0., 1., 0., 0., 1., 0.,
        0., 1., 0., 0., 0., 0., 0., 1., 0., 0., 0., 0., 0., 1.]), tensor([0., 1., 0., 0., 0., 0., 0., 1., 0., 0., 1., 0., 0., 0., 0., 0., 0., 0.,
        0., 1., 0., 0., 0., 0., 0., 0., 0., 0., 0., 0., 0., 0.]), tensor([0., 0., 0., 0., 0., 0., 0., 0., 0., 0., 0., 0., 0., 0., 0., 0., 0., 0.,
        0., 1., 0., 0., 0., 0., 0., 0., 0., 0., 0., 0., 0., 1.]), tensor([1., 1., 1., 1., 1., 0., 1., 0., 1., 0., 0., 1., 1., 0., 0., 1., 1., 1.,
        1., 0., 1., 0., 1., 1., 1., 1., 1., 1., 0., 1., 1., 1.]), tensor([1., 0., 1., 1., 0., 1., 1., 1., 1., 1., 1., 1., 1., 1., 1., 1., 0., 0.,
        1., 1., 0., 1., 1., 1., 1., 0., 1., 0., 0., 1., 0., 1.]), tensor([1., 0., 1., 1., 0., 0., 1., 1., 0., 1., 1., 0., 1., 0., 0., 1., 0., 1.,
        0., 0., 0., 1., 0., 0., 1., 0., 0., 1., 0., 0., 1., 0.]), tensor([0., 0., 0., 1., 0., 0., 1., 0., 0., 1., 0., 0., 1., 0., 0., 1., 0., 0.,
        0., 0., 0., 1., 0., 0., 1., 0., 0., 0., 0., 0., 1., 0.]), tensor([0., 0., 1., 0., 0., 0., 0., 0., 1., 0., 0., 0., 0., 0., 0., 0., 0., 0.,
        0., 0., 1., 0., 0., 1., 0., 0., 1., 0., 0., 1., 0., 0.]), tensor([0., 0., 0., 0., 0., 0., 1., 0., 1., 1., 0., 0., 0., 0., 0., 0., 0., 0.,
        1., 0., 1., 1., 0., 1., 1., 0., 0., 0., 1., 1., 1., 0.]), tensor([1., 0., 0., 1., 0., 0., 1., 0., 0., 1., 0., 0., 1., 0., 0., 1., 0., 0.,
        0., 0., 0., 1., 0., 0., 1., 0., 0., 1., 0., 0., 1., 0.]), tensor([0., 0., 0., 0., 0., 1., 1., 0., 0., 0., 0., 1., 1., 0., 1., 1., 0., 1.,
        0., 0., 1., 0., 0., 1., 0., 0., 1., 0., 0., 1., 0., 0.]), tensor([0., 0., 0., 0., 0., 1., 1., 0., 0., 0., 0., 1., 0., 0., 1., 1., 0., 1.,
        0., 0., 1., 0., 0., 1., 0., 0., 1., 0., 0., 1., 0., 0.]), tensor([1., 0., 0., 0., 0., 0., 0., 0., 0., 0., 0., 0., 1., 0., 0., 0., 0., 0.,
        1., 0., 0., 0., 0., 0., 1., 0., 0., 1., 0., 0., 1., 0.]), tensor([0., 0., 0., 1., 0., 0., 1., 0., 0., 0., 0., 0., 1., 0., 0., 1., 0., 0.,
        1., 0., 0., 1., 0., 0., 1., 0., 0., 1., 0., 0., 0., 0.]), tensor([1., 0., 0., 0., 0., 0., 0., 0., 0., 1., 0., 0., 1., 0., 0., 0., 0., 0.,
        0., 0., 0., 0., 0., 0., 0., 0., 0., 0., 0., 0., 0., 0.]), tensor([0., 1., 0., 1., 1., 0., 0., 1., 0., 0., 1., 0., 0., 0., 0., 0., 0., 0.,
        1., 1., 0., 0., 1., 0., 0., 0., 0., 0., 0., 0., 1., 0.]), tensor([1., 1., 0., 0., 0., 0., 0., 1., 0., 0., 1., 0., 0., 0., 0., 0., 0., 0.,
        0., 1., 0., 0., 0., 0., 0., 0., 0., 0., 0., 0., 0., 1.]), tensor([0., 1., 0., 0., 1., 0., 0., 1., 0., 0., 1., 0., 0., 0., 0., 0., 0., 0.,
        0., 0., 0., 0., 1., 0., 0., 0., 0., 0., 1., 0., 0., 0.]), tensor([0., 0., 0., 1., 0., 0., 1., 0., 0., 0., 0., 0., 1., 1., 0., 0., 1., 0.,
        0., 1., 0., 1., 0., 0., 1., 1., 0., 0., 0., 0., 1., 1.]), tensor([0., 0., 0., 0., 0., 1., 0., 0., 0., 0., 0., 1., 0., 0., 1., 0., 0., 0.,
        1., 0., 0., 0., 0., 0., 0., 0., 1., 0., 0., 0., 0., 0.]), tensor([0., 0., 1., 0., 0., 1., 0., 0., 1., 0., 0., 1., 0., 0., 1., 0., 0., 1.,
        0., 0., 1., 0., 0., 1., 0., 0., 1., 0., 0., 1., 0., 0.]), tensor([1., 0., 0., 1., 0., 0., 1., 0., 0., 1., 0., 0., 1., 0., 0., 1., 0., 0.,
        1., 0., 0., 1., 0., 0., 1., 0., 0., 1., 0., 0., 1., 0.]), tensor([0., 1., 0., 0., 1., 0., 0., 1., 0., 0., 1., 0., 0., 1., 0., 0., 1., 0.,
        0., 1., 0., 0., 1., 0., 0., 1., 0., 0., 1., 0., 0., 1.])]
[tensor([0., 0., 0., 0., 1., 0., 0., 1., 0., 0., 0., 0., 0., 0., 0., 0., 0., 0.,
        0., 0., 0., 0., 1., 0., 0., 1., 0., 0., 0., 0., 0., 1.]), tensor([0., 1., 0., 0., 0., 0., 0., 0., 0., 0., 1., 0., 0., 1., 0., 0., 1., 0.,
        0., 1., 0., 0., 0., 0., 0., 0., 0., 0., 1., 0., 0., 1.]), tensor([0., 1., 0., 0., 0., 0., 0., 1., 0., 0., 1., 0., 0., 0., 0., 0., 1., 0.,
        0., 1., 0., 0., 0., 0., 0., 1., 0., 0., 0., 0., 0., 1.]), tensor([0., 1., 0., 0., 0., 0., 0., 0., 0., 0., 1., 0., 0., 1., 0., 0., 1., 0.,
        0., 1., 0., 0., 1., 0., 0., 0., 0., 0., 1., 0., 0., 1.]), tensor([0., 1., 0., 0., 1., 0., 0., 0., 0., 0., 1., 0., 0., 1., 0., 0., 0., 0.,
        0., 1., 0., 0., 1., 0., 0., 1., 0., 0., 1., 0., 0., 1.]), tensor([1., 0., 0., 0., 0., 0., 1., 0., 0., 0., 0., 0., 1., 0., 0., 1., 0., 0.,
        0., 0., 0., 1., 0., 0., 1., 0., 0., 1., 0., 0., 0., 0.]), tensor([1., 0., 0., 1., 0., 0., 0., 0., 0., 1., 0., 0., 1., 0., 0., 1., 0., 0.,
        1., 0., 0., 1., 0., 0., 1., 0., 0., 1., 0., 0., 1., 0.]), tensor([0., 0., 0., 0., 0., 0., 0., 0., 0., 1., 0., 0., 0., 0., 0., 1., 0., 0.,
        0., 0., 0., 0., 0., 0., 1., 0., 0., 0., 0., 0., 0., 0.]), tensor([0., 0., 0., 0., 0., 1., 0., 0., 1., 0., 0., 0., 0., 0., 0., 0., 0., 1.,
        0., 0., 0., 0., 0., 1., 0., 0., 0., 0., 0., 0., 0., 0.]), tensor([0., 0., 0., 0., 0., 0., 0., 0., 0., 0., 0., 0., 0., 0., 1., 0., 0., 0.,
        0., 0., 0., 0., 0., 0., 0., 0., 1., 0., 0., 1., 0., 0.]), tensor([0., 0., 1., 0., 0., 1., 0., 0., 1., 0., 0., 0., 0., 0., 1., 0., 0., 0.,
        0., 0., 1., 0., 0., 0., 0., 0., 1., 0., 0., 0., 0., 0.]), tensor([0., 0., 1., 0., 0., 0., 0., 0., 0., 0., 0., 1., 0., 0., 1., 0., 0., 0.,
        0., 0., 1., 0., 0., 0., 0., 0., 1., 0., 0., 1., 0., 0.]), tensor([0., 1., 0., 1., 1., 0., 0., 1., 1., 0., 0., 0., 1., 1., 0., 1., 0., 0.,
        1., 0., 0., 0., 1., 1., 1., 1., 1., 1., 0., 0., 1., 1.]), tensor([0., 1., 1., 1., 1., 1., 1., 1., 1., 0., 1., 1., 1., 0., 0., 1., 1., 0.,
        1., 1., 1., 1., 0., 0., 1., 1., 0., 0., 1., 0., 0., 0.]), tensor([0., 1., 1., 0., 1., 0., 1., 0., 0., 0., 1., 1., 0., 1., 0., 1., 0., 0.,
        1., 1., 1., 1., 1., 0., 1., 1., 0., 1., 1., 0., 0., 1.]), tensor([0., 1., 0., 0., 0., 0., 0., 0., 0., 0., 1., 0., 0., 1., 0., 0., 1., 0.,
        0., 1., 0., 0., 1., 0., 0., 0., 0., 0., 1., 0., 0., 1.]), tensor([1., 0., 0., 0., 0., 0., 1., 0., 0., 0., 0., 0., 1., 0., 0., 1., 0., 0.,
        0., 0., 0., 1., 0., 0., 1., 0., 0., 1., 0., 0., 0., 0.]), tensor([0., 1., 0., 1., 0., 1., 0., 1., 1., 0., 1., 0., 1., 0., 0., 0., 1., 0.,
        0., 1., 0., 0., 1., 0., 0., 1., 0., 0., 0., 0., 0., 1.]), tensor([1., 1., 0., 1., 1., 0., 0., 1., 0., 1., 1., 0., 0., 1., 0., 0., 1., 0.,
        0., 1., 0., 0., 1., 0., 0., 1., 0., 0., 1., 0., 1., 1.]), tensor([1., 1., 0., 1., 0., 0., 0., 0., 0., 1., 0., 0., 1., 1., 0., 1., 0., 0.,
        1., 1., 0., 1., 0., 0., 1., 0., 0., 1., 0., 0., 1., 0.]), tensor([1., 1., 0., 1., 0., 0., 0., 0., 0., 1., 0., 0., 1., 1., 0., 1., 0., 0.,
        1., 1., 0., 1., 0., 0., 1., 0., 0., 1., 0., 0., 1., 0.]), tensor([0., 0., 0., 0., 1., 0., 0., 1., 0., 0., 0., 0., 0., 0., 0., 0., 0., 0.,
        0., 0., 0., 0., 0., 0., 0., 1., 0., 0., 0., 0., 0., 0.]), tensor([0., 1., 0., 0., 0., 0., 0., 0., 0., 0., 1., 0., 0., 1., 0., 0., 1., 0.,
        0., 1., 0., 0., 0., 0., 0., 0., 0., 0., 1., 0., 0., 1.]), tensor([0., 0., 0., 0., 1., 0., 0., 1., 0., 0., 0., 0., 0., 0., 0., 0., 0., 0.,
        0., 0., 0., 0., 1., 0., 0., 0., 0., 0., 0., 0., 0., 1.]), tensor([0., 0., 1., 0., 0., 1., 0., 0., 1., 0., 0., 0., 0., 0., 1., 0., 1., 0.,
        0., 0., 1., 0., 0., 1., 0., 0., 1., 0., 0., 0., 0., 0.]), tensor([0., 0., 1., 0., 1., 1., 0., 1., 1., 0., 0., 1., 0., 0., 1., 0., 0., 1.,
        0., 0., 1., 0., 1., 0., 0., 0., 1., 0., 0., 1., 0., 0.]), tensor([0., 0., 0., 0., 0., 1., 0., 0., 1., 0., 0., 0., 0., 0., 0., 0., 0., 1.,
        0., 0., 0., 0., 0., 1., 0., 0., 0., 0., 0., 0., 0., 0.]), tensor([0., 1., 1., 0., 0., 0., 0., 0., 0., 0., 1., 1., 0., 0., 1., 0., 0., 0.,
        1., 1., 1., 0., 0., 0., 0., 1., 1., 1., 0., 1., 0., 1.]), tensor([0., 0., 0., 0., 0., 0., 0., 1., 0., 1., 0., 0., 0., 0., 0., 1., 1., 0.,
        0., 0., 0., 0., 0., 0., 1., 0., 0., 0., 0., 0., 0., 0.]), tensor([1., 0., 0., 1., 0., 0., 1., 0., 0., 1., 0., 0., 1., 0., 0., 1., 0., 0.,
        1., 0., 0., 1., 0., 0., 1., 0., 0., 1., 0., 0., 1., 0.]), tensor([0., 1., 0., 0., 1., 0., 0., 1., 0., 0., 1., 0., 0., 1., 0., 0., 1., 0.,
        0., 1., 0., 0., 1., 0., 0., 1., 0., 0., 1., 0., 0., 1.]), tensor([0., 0., 1., 0., 0., 1., 0., 0., 1., 0., 0., 1., 0., 0., 1., 0., 0., 1.,
        0., 0., 1., 0., 0., 1., 0., 0., 1., 0., 0., 1., 0., 0.])]
[tensor([0., 0., 1., 0., 0., 1., 0., 0., 0., 0., 0., 1., 0., 0., 0., 0., 0., 1.,
        0., 0., 1., 0., 0., 0., 0., 0., 1., 0., 0., 1., 0., 0.]), tensor([0., 0., 0., 0., 0., 0., 0., 0., 1., 0., 0., 1., 0., 0., 1., 0., 0., 0.,
        0., 0., 0., 0., 0., 1., 0., 0., 0., 0., 0., 0., 0., 0.]), tensor([0., 0., 0., 0., 0., 0., 0., 0., 0., 0., 0., 0., 0., 0., 0., 0., 0., 0.,
        0., 0., 1., 0., 0., 1., 0., 0., 1., 0., 0., 0., 0., 0.]), tensor([0., 0., 1., 0., 0., 1., 0., 0., 1., 0., 0., 0., 0., 0., 0., 0., 0., 0.,
        0., 0., 0., 0., 0., 0., 0., 0., 1., 0., 0., 0., 0., 0.]), tensor([0., 0., 1., 0., 0., 1., 0., 0., 1., 0., 0., 1., 0., 0., 1., 0., 0., 1.,
        0., 0., 0., 0., 0., 0., 0., 0., 1., 0., 0., 1., 0., 0.]), tensor([0., 1., 0., 0., 1., 0., 0., 1., 0., 0., 1., 0., 0., 0., 0., 0., 0., 0.,
        0., 1., 0., 0., 0., 0., 0., 0., 0., 0., 0., 0., 0., 0.]), tensor([0., 1., 0., 0., 1., 0., 0., 1., 0., 0., 1., 0., 0., 1., 0., 0., 1., 0.,
        0., 1., 0., 0., 1., 0., 0., 1., 0., 0., 1., 0., 0., 1.]), tensor([0., 1., 0., 0., 1., 0., 0., 0., 0., 0., 0., 0., 0., 1., 0., 0., 1., 0.,
        0., 1., 0., 0., 1., 0., 0., 0., 0., 0., 1., 0., 0., 0.]), tensor([0., 0., 0., 0., 0., 0., 0., 0., 0., 1., 0., 0., 0., 0., 0., 0., 0., 0.,
        0., 0., 0., 1., 0., 0., 0., 0., 0., 0., 0., 0., 0., 0.]), tensor([0., 0., 0., 0., 0., 0., 1., 0., 0., 0., 0., 0., 1., 0., 0., 1., 0., 0.,
        0., 0., 0., 0., 0., 0., 1., 0., 0., 1., 0., 0., 1., 0.]), tensor([1., 0., 0., 1., 0., 0., 0., 0., 0., 1., 0., 0., 0., 0., 0., 0., 0., 0.,
        1., 0., 0., 1., 0., 0., 0., 0., 0., 0., 0., 0., 1., 0.]), tensor([0., 0., 0., 1., 0., 0., 1., 0., 0., 0., 0., 0., 0., 0., 0., 1., 0., 0.,
        0., 0., 0., 0., 0., 0., 0., 0., 0., 1., 0., 0., 1., 0.]), tensor([0., 1., 1., 1., 1., 0., 0., 1., 1., 1., 1., 1., 1., 1., 0., 0., 0., 1.,
        0., 0., 0., 1., 1., 0., 0., 0., 1., 1., 1., 1., 1., 1.]), tensor([1., 0., 1., 1., 1., 1., 1., 0., 1., 0., 1., 1., 1., 1., 1., 0., 1., 1.,
        1., 1., 1., 0., 0., 1., 1., 0., 1., 1., 0., 0., 1., 0.]), tensor([0., 0., 1., 1., 1., 1., 0., 1., 1., 0., 1., 1., 0., 1., 1., 0., 0., 1.,
        0., 1., 0., 0., 1., 0., 0., 0., 1., 0., 0., 1., 0., 1.]), tensor([0., 0., 1., 0., 0., 1., 0., 0., 1., 0., 0., 0., 0., 0., 0., 0., 0., 0.,
        0., 0., 0., 0., 0., 0., 0., 0., 1., 0., 0., 0., 0., 0.]), tensor([0., 1., 0., 0., 1., 0., 0., 1., 0., 0., 1., 0., 0., 0., 0., 0., 0., 0.,
        0., 1., 0., 0., 0., 0., 0., 0., 0., 0., 0., 0., 0., 0.]), tensor([1., 0., 0., 0., 0., 0., 0., 1., 1., 1., 0., 1., 0., 0., 0., 0., 0., 1.,
        0., 0., 1., 1., 0., 1., 0., 1., 1., 0., 0., 1., 0., 0.]), tensor([0., 0., 1., 0., 0., 1., 0., 0., 1., 0., 0., 1., 0., 0., 1., 0., 0., 1.,
        0., 0., 0., 0., 0., 0., 0., 0., 1., 0., 0., 1., 0., 0.]), tensor([0., 1., 0., 0., 1., 0., 0., 1., 0., 0., 1., 1., 0., 1., 0., 0., 1., 1.,
        0., 1., 0., 0., 1., 0., 0., 1., 0., 0., 1., 0., 0., 1.]), tensor([0., 1., 0., 0., 1., 0., 0., 1., 0., 0., 1., 0., 0., 1., 0., 0., 1., 0.,
        0., 1., 0., 0., 1., 0., 0., 1., 0., 0., 1., 0., 0., 1.]), tensor([0., 0., 1., 0., 0., 1., 0., 0., 0., 0., 0., 1., 0., 0., 0., 0., 0., 0.,
        0., 0., 1., 0., 0., 0., 0., 0., 1., 0., 0., 1., 0., 0.]), tensor([0., 0., 0., 0., 0., 0., 0., 0., 1., 0., 0., 1., 0., 0., 1., 0., 0., 0.,
        0., 0., 0., 0., 0., 1., 0., 0., 0., 0., 0., 0., 0., 0.]), tensor([0., 0., 0., 0., 0., 0., 0., 0., 0., 0., 0., 1., 0., 0., 0., 0., 0., 1.,
        0., 0., 0., 0., 0., 0., 0., 0., 0., 0., 0., 1., 0., 0.]), tensor([1., 0., 0., 1., 0., 1., 0., 0., 0., 1., 0., 0., 1., 0., 0., 0., 0., 0.,
        1., 0., 1., 1., 0., 0., 0., 0., 0., 0., 0., 0., 1., 0.]), tensor([1., 0., 0., 1., 0., 0., 1., 0., 0., 1., 0., 0., 0., 0., 0., 1., 0., 1.,
        1., 0., 0., 1., 0., 0., 0., 0., 0., 1., 0., 0., 1., 0.]), tensor([0., 0., 0., 0., 0., 0., 0., 0., 0., 1., 0., 0., 0., 0., 0., 0., 0., 0.,
        0., 0., 0., 1., 0., 0., 0., 0., 0., 0., 0., 0., 0., 0.]), tensor([0., 0., 0., 1., 0., 0., 1., 0., 0., 0., 0., 0., 1., 0., 0., 1., 0., 0.,
        0., 0., 0., 0., 0., 0., 1., 0., 0., 1., 0., 0., 1., 1.]), tensor([0., 1., 1., 0., 1., 0., 0., 0., 0., 0., 0., 0., 0., 1., 0., 0., 1., 0.,
        1., 1., 1., 0., 1., 1., 0., 0., 1., 0., 1., 0., 0., 0.]), tensor([0., 1., 0., 0., 1., 0., 0., 1., 0., 0., 1., 0., 0., 1., 0., 0., 1., 0.,
        0., 1., 0., 0., 1., 0., 0., 1., 0., 0., 1., 0., 0., 1.]), tensor([0., 0., 1., 0., 0., 1., 0., 0., 1., 0., 0., 1., 0., 0., 1., 0., 0., 1.,
        0., 0., 1., 0., 0., 1., 0., 0., 1., 0., 0., 1., 0., 0.]), tensor([1., 0., 0., 1., 0., 0., 1., 0., 0., 1., 0., 0., 1., 0., 0., 1., 0., 0.,
        1., 0., 0., 1., 0., 0., 1., 0., 0., 1., 0., 0., 1., 0.])]
[tensor([1., 0., 0., 1., 0., 0., 1., 0., 0., 0., 0., 0., 1., 0., 0., 1., 0., 0.,
        1., 0., 0., 1., 0., 0., 1., 0., 0., 1., 0., 0., 1., 0.]), tensor([0., 0., 0., 1., 0., 0., 1., 0., 0., 0., 0., 0., 0., 0., 0., 0., 0., 0.,
        1., 0., 0., 1., 0., 0., 0., 0., 0., 0., 0., 0., 1., 0.]), tensor([0., 0., 0., 1., 0., 0., 1., 0., 0., 1., 0., 0., 1., 0., 0., 0., 0., 0.,
        1., 0., 0., 0., 0., 0., 0., 0., 0., 0., 0., 0., 1., 0.]), tensor([1., 0., 0., 1., 0., 0., 0., 0., 0., 1., 0., 0., 1., 0., 0., 0., 0., 0.,
        1., 0., 0., 1., 0., 0., 1., 0., 0., 0., 0., 0., 0., 0.]), tensor([1., 0., 0., 0., 0., 0., 0., 0., 0., 1., 0., 0., 0., 0., 0., 1., 0., 0.,
        0., 0., 0., 0., 0., 0., 1., 0., 0., 1., 0., 0., 1., 0.]), tensor([0., 0., 1., 0., 0., 1., 0., 0., 1., 0., 0., 1., 0., 0., 0., 0., 0., 1.,
        0., 0., 0., 0., 0., 0., 0., 0., 1., 0., 0., 0., 0., 0.]), tensor([0., 0., 1., 0., 0., 1., 0., 0., 0., 0., 0., 1., 0., 0., 1., 0., 0., 1.,
        0., 0., 1., 0., 0., 1., 0., 0., 1., 0., 0., 1., 0., 0.]), tensor([0., 0., 1., 0., 0., 1., 0., 0., 0., 0., 0., 1., 0., 0., 1., 0., 0., 0.,
        0., 0., 1., 0., 0., 1., 0., 0., 1., 0., 0., 0., 0., 0.]), tensor([0., 1., 0., 0., 0., 0., 0., 1., 0., 0., 1., 0., 0., 0., 0., 0., 1., 0.,
        0., 0., 0., 0., 0., 0., 0., 0., 0., 0., 1., 0., 0., 0.]), tensor([0., 0., 0., 0., 0., 0., 0., 0., 0., 0., 0., 0., 0., 0., 0., 0., 0., 0.,
        0., 1., 0., 0., 1., 0., 0., 1., 0., 0., 0., 0., 0., 1.]), tensor([0., 0., 0., 0., 1., 0., 0., 0., 0., 0., 0., 0., 0., 1., 0., 0., 1., 0.,
        0., 0., 0., 0., 0., 0., 0., 1., 0., 0., 0., 0., 0., 0.]), tensor([0., 0., 0., 0., 0., 0., 0., 0., 0., 0., 0., 0., 0., 1., 0., 0., 0., 0.,
        0., 0., 0., 0., 0., 0., 0., 1., 0., 0., 0., 0., 0., 1.]), tensor([1., 0., 0., 1., 1., 0., 0., 1., 1., 1., 1., 1., 0., 1., 0., 0., 0., 0.,
        0., 1., 1., 1., 1., 1., 1., 1., 0., 1., 0., 0., 1., 0.]), tensor([0., 1., 0., 0., 0., 0., 1., 0., 1., 1., 1., 1., 1., 1., 1., 1., 1., 1.,
        1., 1., 1., 0., 1., 1., 0., 1., 1., 0., 0., 1., 1., 1.]), tensor([1., 0., 0., 0., 1., 0., 0., 0., 1., 1., 1., 0., 0., 1., 0., 1., 0., 1.,
        0., 0., 0., 0., 0., 1., 1., 0., 1., 1., 0., 0., 1., 0.]), tensor([1., 0., 0., 1., 0., 0., 0., 0., 0., 1., 0., 0., 1., 0., 0., 0., 0., 0.,
        1., 0., 0., 1., 0., 0., 1., 0., 0., 0., 0., 0., 0., 0.]), tensor([0., 0., 1., 0., 0., 1., 0., 0., 1., 0., 0., 1., 0., 0., 0., 0., 0., 1.,
        0., 0., 0., 0., 0., 0., 0., 0., 1., 0., 0., 0., 0., 0.]), tensor([1., 0., 0., 1., 1., 0., 1., 1., 0., 1., 1., 0., 1., 0., 0., 1., 0., 0.,
        1., 0., 0., 1., 0., 0., 1., 0., 0., 1., 1., 0., 1., 0.]), tensor([1., 0., 0., 1., 0., 1., 1., 0., 0., 1., 0., 1., 0., 0., 0., 1., 0., 0.,
        1., 0., 0., 0., 0., 0., 1., 0., 0., 1., 0., 1., 1., 0.]), tensor([0., 0., 1., 0., 0., 1., 0., 0., 0., 0., 0., 1., 0., 0., 1., 0., 0., 1.,
        0., 0., 1., 0., 0., 1., 0., 0., 1., 0., 0., 1., 1., 0.]), tensor([0., 0., 1., 0., 0., 1., 0., 0., 0., 0., 0., 1., 0., 0., 1., 0., 0., 1.,
        0., 0., 1., 0., 0., 1., 0., 0., 1., 0., 0., 1., 0., 0.]), tensor([0., 0., 0., 1., 0., 0., 1., 0., 0., 0., 0., 0., 1., 0., 0., 0., 0., 0.,
        1., 0., 0., 0., 0., 0., 0., 0., 0., 1., 0., 0., 0., 0.]), tensor([0., 0., 0., 1., 0., 0., 1., 0., 0., 0., 0., 0., 0., 0., 0., 0., 0., 0.,
        1., 0., 0., 1., 0., 0., 0., 0., 0., 0., 0., 0., 1., 0.]), tensor([1., 0., 0., 0., 0., 0., 0., 0., 0., 0., 0., 0., 0., 0., 0., 1., 0., 0.,
        0., 0., 0., 1., 0., 0., 1., 0., 0., 0., 0., 0., 1., 0.]), tensor([0., 0., 0., 0., 1., 0., 0., 0., 0., 1., 0., 0., 1., 1., 0., 0., 1., 0.,
        0., 0., 0., 0., 1., 0., 0., 1., 0., 0., 0., 0., 0., 0.]), tensor([0., 0., 0., 0., 1., 0., 0., 1., 0., 0., 1., 0., 0., 1., 0., 1., 1., 0.,
        1., 0., 0., 0., 0., 0., 0., 1., 0., 0., 0., 0., 0., 1.]), tensor([0., 1., 0., 0., 0., 0., 0., 1., 0., 0., 1., 0., 0., 0., 0., 0., 1., 0.,
        0., 0., 0., 0., 0., 0., 0., 0., 0., 0., 1., 0., 0., 0.]), tensor([0., 0., 0., 0., 0., 0., 0., 0., 1., 1., 0., 0., 0., 1., 0., 0., 0., 1.,
        0., 1., 0., 0., 1., 0., 0., 1., 0., 0., 0., 0., 1., 1.]), tensor([0., 0., 1., 1., 0., 1., 1., 0., 0., 0., 0., 1., 1., 0., 1., 0., 0., 0.,
        1., 0., 1., 0., 0., 1., 0., 0., 1., 0., 0., 0., 0., 0.]), tensor([0., 0., 1., 0., 0., 1., 0., 0., 1., 0., 0., 1., 0., 0., 1., 0., 0., 1.,
        0., 0., 1., 0., 0., 1., 0., 0., 1., 0., 0., 1., 0., 0.]), tensor([1., 0., 0., 1., 0., 0., 1., 0., 0., 1., 0., 0., 1., 0., 0., 1., 0., 0.,
        1., 0., 0., 1., 0., 0., 1., 0., 0., 1., 0., 0., 1., 0.]), tensor([0., 1., 0., 0., 1., 0., 0., 1., 0., 0., 1., 0., 0., 1., 0., 0., 1., 0.,
        0., 1., 0., 0., 1., 0., 0., 1., 0., 0., 1., 0., 0., 1.])]
[tensor([0., 1., 0., 0., 0., 0., 0., 1., 0., 0., 1., 0., 0., 0., 0., 0., 1., 0.,
        0., 1., 0., 0., 0., 0., 0., 1., 0., 0., 0., 0., 0., 1.]), tensor([0., 0., 0., 0., 0., 0., 0., 1., 0., 0., 1., 0., 0., 0., 0., 0., 1., 0.,
        0., 1., 0., 0., 0., 0., 0., 1., 0., 0., 1., 0., 0., 1.]), tensor([0., 0., 0., 0., 1., 0., 0., 0., 0., 0., 1., 0., 0., 1., 0., 0., 0., 0.,
        0., 1., 0., 0., 0., 0., 0., 0., 0., 0., 1., 0., 0., 1.]), tensor([0., 1., 0., 0., 1., 0., 0., 0., 0., 0., 1., 0., 0., 0., 0., 0., 1., 0.,
        0., 1., 0., 0., 0., 0., 0., 0., 0., 0., 1., 0., 0., 0.]), tensor([0., 0., 0., 0., 1., 0., 0., 0., 0., 0., 0., 0., 0., 1., 0., 0., 1., 0.,
        0., 1., 0., 0., 1., 0., 0., 1., 0., 0., 0., 0., 0., 0.]), tensor([0., 0., 0., 1., 0., 0., 1., 0., 0., 0., 0., 0., 1., 0., 0., 0., 0., 0.,
        0., 0., 0., 0., 0., 0., 1., 0., 0., 0., 0., 0., 1., 0.]), tensor([1., 0., 0., 1., 0., 0., 1., 0., 0., 1., 0., 0., 0., 0., 0., 1., 0., 0.,
        1., 0., 0., 1., 0., 0., 0., 0., 0., 1., 0., 0., 0., 0.]), tensor([0., 0., 0., 0., 0., 0., 0., 0., 0., 0., 0., 0., 0., 0., 0., 0., 0., 0.,
        1., 0., 0., 0., 0., 0., 0., 0., 0., 0., 0., 0., 0., 0.]), tensor([0., 0., 0., 0., 0., 0., 0., 0., 1., 0., 0., 0., 0., 0., 1., 0., 0., 1.,
        0., 0., 0., 0., 0., 1., 0., 0., 0., 0., 0., 1., 0., 0.]), tensor([0., 0., 0., 0., 0., 1., 0., 0., 0., 0., 0., 1., 0., 0., 0., 0., 0., 0.,
        0., 0., 0., 0., 0., 0., 0., 0., 1., 0., 0., 0., 0., 0.]), tensor([0., 0., 1., 0., 0., 1., 0., 0., 1., 0., 0., 1., 0., 0., 0., 0., 0., 0.,
        0., 0., 1., 0., 0., 0., 0., 0., 0., 0., 0., 0., 0., 0.]), tensor([0., 0., 0., 0., 0., 1., 0., 0., 0., 0., 0., 1., 0., 0., 0., 0., 0., 0.,
        0., 0., 0., 0., 0., 0., 0., 0., 1., 0., 0., 0., 0., 0.]), tensor([1., 1., 0., 1., 1., 1., 1., 1., 0., 1., 1., 0., 1., 1., 1., 1., 0., 0.,
        1., 1., 0., 0., 1., 0., 1., 1., 1., 0., 0., 1., 0., 0.]), tensor([1., 1., 0., 0., 1., 1., 1., 1., 1., 0., 1., 1., 1., 1., 0., 1., 1., 1.,
        0., 1., 1., 0., 1., 0., 0., 1., 0., 0., 1., 1., 1., 0.]), tensor([0., 0., 0., 1., 1., 0., 1., 0., 1., 0., 0., 0., 0., 1., 1., 1., 1., 0.,
        0., 1., 0., 0., 1., 0., 1., 1., 0., 0., 0., 1., 0., 0.]), tensor([0., 1., 0., 0., 1., 0., 0., 0., 0., 0., 1., 0., 0., 0., 0., 0., 1., 0.,
        0., 1., 0., 0., 0., 0., 0., 0., 0., 0., 1., 0., 0., 0.]), tensor([0., 0., 0., 1., 0., 0., 1., 0., 0., 0., 0., 0., 1., 0., 0., 0., 0., 0.,
        0., 0., 0., 0., 0., 0., 1., 0., 0., 0., 0., 0., 1., 0.]), tensor([0., 0., 0., 0., 1., 0., 0., 0., 1., 0., 1., 0., 0., 1., 0., 0., 0., 0.,
        0., 1., 0., 1., 0., 0., 0., 1., 0., 0., 1., 0., 0., 1.]), tensor([0., 0., 0., 0., 1., 0., 0., 1., 0., 1., 0., 0., 1., 1., 0., 0., 1., 0.,
        1., 1., 0., 1., 1., 0., 0., 1., 0., 1., 1., 0., 1., 1.]), tensor([1., 0., 0., 1., 0., 0., 1., 0., 0., 1., 0., 0., 0., 1., 0., 1., 1., 0.,
        1., 0., 0., 1., 0., 0., 0., 0., 0., 1., 0., 0., 0., 0.]), tensor([1., 0., 0., 1., 0., 0., 1., 0., 0., 1., 0., 0., 0., 1., 0., 1., 1., 0.,
        1., 0., 0., 1., 0., 0., 0., 0., 0., 1., 0., 0., 0., 0.]), tensor([0., 0., 0., 0., 0., 0., 0., 1., 0., 0., 0., 0., 0., 0., 0., 0., 1., 0.,
        0., 1., 0., 0., 0., 0., 0., 0., 0., 0., 0., 0., 0., 1.]), tensor([0., 0., 0., 0., 0., 0., 0., 1., 0., 0., 1., 0., 0., 0., 0., 0., 1., 0.,
        0., 1., 0., 0., 0., 0., 0., 1., 0., 0., 1., 0., 0., 1.]), tensor([0., 1., 0., 0., 0., 0., 0., 0., 0., 0., 1., 0., 0., 0., 0., 0., 0., 0.,
        0., 0., 0., 0., 0., 0., 0., 1., 0., 0., 0., 0., 0., 0.]), tensor([0., 0., 1., 0., 0., 1., 0., 0., 1., 0., 0., 1., 0., 1., 0., 0., 0., 0.,
        0., 0., 1., 0., 1., 0., 0., 0., 0., 0., 0., 1., 0., 0.]), tensor([0., 0., 1., 0., 0., 1., 0., 0., 1., 0., 1., 1., 0., 0., 1., 0., 0., 0.,
        0., 0., 1., 0., 0., 1., 0., 0., 1., 0., 0., 0., 0., 0.]), tensor([0., 0., 0., 0., 0., 0., 0., 0., 1., 0., 0., 0., 0., 0., 1., 0., 0., 1.,
        0., 0., 0., 0., 0., 1., 0., 0., 0., 0., 0., 1., 0., 0.]), tensor([0., 0., 0., 0., 1., 1., 1., 0., 0., 1., 0., 1., 1., 1., 0., 0., 0., 0.,
        0., 1., 0., 0., 0., 0., 0., 0., 1., 0., 0., 0., 0., 1.]), tensor([0., 1., 0., 0., 0., 0., 0., 0., 0., 0., 1., 0., 0., 0., 0., 0., 0., 0.,
        1., 0., 0., 0., 1., 0., 0., 0., 0., 0., 1., 0., 1., 0.]), tensor([1., 0., 0., 1., 0., 0., 1., 0., 0., 1., 0., 0., 1., 0., 0., 1., 0., 0.,
        1., 0., 0., 1., 0., 0., 1., 0., 0., 1., 0., 0., 1., 0.]), tensor([0., 1., 0., 0., 1., 0., 0., 1., 0., 0., 1., 0., 0., 1., 0., 0., 1., 0.,
        0., 1., 0., 0., 1., 0., 0., 1., 0., 0., 1., 0., 0., 1.]), tensor([0., 0., 1., 0., 0., 1., 0., 0., 1., 0., 0., 1., 0., 0., 1., 0., 0., 1.,
        0., 0., 1., 0., 0., 1., 0., 0., 1., 0., 0., 1., 0., 0.])]
[tensor([0., 0., 1., 0., 0., 1., 0., 0., 1., 0., 0., 0., 0., 0., 0., 0., 0., 1.,
        0., 0., 1., 0., 0., 1., 0., 0., 1., 0., 0., 1., 0., 0.]), tensor([0., 0., 0., 0., 0., 1., 0., 0., 0., 0., 0., 0., 0., 0., 1., 0., 0., 1.,
        0., 0., 0., 0., 0., 1., 0., 0., 0., 0., 0., 0., 0., 0.]), tensor([0., 0., 0., 0., 0., 0., 0., 0., 1., 0., 0., 1., 0., 0., 0., 0., 0., 0.,
        0., 0., 1., 0., 0., 1., 0., 0., 1., 0., 0., 1., 0., 0.]), tensor([0., 0., 1., 0., 0., 1., 0., 0., 0., 0., 0., 1., 0., 0., 1., 0., 0., 1.,
        0., 0., 0., 0., 0., 1., 0., 0., 1., 0., 0., 0., 0., 0.]), tensor([0., 0., 1., 0., 0., 0., 0., 0., 0., 0., 0., 0., 0., 0., 0., 0., 0., 1.,
        0., 0., 1., 0., 0., 0., 0., 0., 1., 0., 0., 0., 0., 0.]), tensor([0., 0., 0., 0., 1., 0., 0., 1., 0., 0., 1., 0., 0., 1., 0., 0., 1., 0.,
        0., 1., 0., 0., 1., 0., 0., 1., 0., 0., 0., 0., 0., 1.]), tensor([0., 1., 0., 0., 0., 0., 0., 1., 0., 0., 1., 0., 0., 1., 0., 0., 1., 0.,
        0., 1., 0., 0., 1., 0., 0., 0., 0., 0., 1., 0., 0., 0.]), tensor([0., 0., 0., 0., 0., 0., 0., 0., 0., 0., 0., 0., 0., 0., 0., 0., 0., 0., 0., 0., 0., 0., 0., 0.,
        0., 0., 0., 0., 0., 0., 0., 0.]), tensor([0., 0., 0., 0., 0., 0., 0., 0., 0., 0., 0., 0., 0., 0., 0., 1., 0., 0.,
        1., 0., 0., 1., 0., 0., 0., 0., 0., 0., 0., 0., 0., 0.]), tensor([0., 0., 0., 1., 0., 0., 0., 0., 0., 1., 0., 0., 0., 0., 0., 0., 0., 0.,
        0., 0., 0., 0., 0., 0., 0., 0., 0., 0., 0., 0., 1., 0.]), tensor([0., 0., 0., 0., 0., 0., 1., 0., 0., 1., 0., 0., 1., 0., 0., 1., 0., 0.,
        0., 0., 0., 0., 0., 0., 1., 0., 0., 1., 0., 0., 1., 0.]), tensor([1., 0., 0., 0., 0., 0., 1., 0., 0., 1., 0., 0., 0., 0., 0., 0., 0., 0.,
        0., 0., 0., 0., 0., 0., 0., 0., 0., 1., 0., 0., 1., 0.]), tensor([1., 0., 1., 1., 1., 0., 1., 1., 0., 0., 0., 1., 1., 0., 1., 1., 1., 1.,
        0., 1., 1., 1., 0., 0., 1., 1., 1., 1., 1., 1., 0., 1.]), tensor([1., 1., 1., 1., 0., 1., 0., 1., 1., 0., 1., 1., 1., 0., 0., 1., 1., 0.,
        1., 0., 0., 0., 1., 1., 1., 1., 1., 1., 1., 1., 0., 1.]), tensor([1., 0., 1., 0., 0., 1., 1., 0., 0., 0., 1., 1., 1., 0., 1., 1., 0., 1.,
        0., 0., 1., 0., 0., 1., 0., 0., 1., 1., 1., 1., 0., 0.]), tensor([0., 0., 1., 0., 0., 1., 0., 0., 0., 0., 0., 1., 0., 0., 1., 0., 0., 1.,
        0., 0., 0., 0., 0., 1., 0., 0., 1., 0., 0., 0., 0., 0.]), tensor([0., 0., 0., 0., 1., 0., 0., 1., 0., 0., 1., 0., 0., 1., 0., 0., 1., 0.,
        0., 1., 0., 0., 1., 0., 0., 1., 0., 0., 0., 0., 0., 1.]), tensor([0., 0., 1., 0., 0., 1., 0., 0., 1., 0., 0., 1., 0., 0., 0., 0., 0., 1.,
        1., 0., 1., 0., 0., 1., 0., 0., 1., 0., 0., 1., 0., 0.]), tensor([0., 0., 1., 0., 1., 0., 0., 0., 1., 0., 0., 0., 0., 1., 0., 0., 1., 1.,
        0., 1., 1., 0., 1., 0., 0., 0., 1., 0., 0., 0., 0., 0.]), tensor([0., 1., 0., 0., 0., 0., 0., 1., 0., 0., 1., 0., 0., 1., 0., 0., 1., 1.,
        0., 1., 0., 0., 1., 0., 0., 0., 0., 0., 1., 0., 0., 0.]), tensor([0., 1., 0., 0., 0., 0., 0., 1., 0., 0., 1., 0., 0., 1., 0., 0., 1., 0.,
        0., 1., 0., 0., 1., 0., 0., 0., 0., 0., 1., 0., 0., 0.]), tensor([0., 0., 1., 0., 0., 1., 0., 0., 1., 0., 0., 0., 0., 0., 0., 0., 0., 1.,
        0., 0., 0., 0., 0., 1., 0., 0., 1., 0., 0., 1., 0., 0.]), tensor([0., 0., 0., 0., 0., 1., 0., 0., 0., 0., 0., 0., 0., 0., 1., 0., 0., 1.,
        0., 0., 0., 0., 0., 1., 0., 0., 0., 0., 0., 0., 0., 0.]), tensor([0., 0., 0., 0., 0., 0., 0., 0., 0., 0., 0., 0., 0., 0., 0., 0., 0., 1.,
        0., 0., 1., 0., 0., 0., 0., 0., 0., 0., 0., 0., 0., 0.]), tensor([0., 0., 0., 0., 0., 0., 1., 0., 1., 1., 0., 0., 1., 0., 0., 1., 0., 0.,
        0., 0., 0., 1., 0., 1., 1., 0., 1., 1., 0., 0., 1., 0.]), tensor([1., 0., 0., 0., 0., 0., 1., 0., 0., 1., 0., 0., 1., 0., 1., 1., 0., 0.,
        1., 0., 0., 0., 0., 0., 1., 0., 0., 1., 0., 0., 1., 0.]), tensor([0., 0., 0., 0., 0., 0., 0., 0., 0., 0., 0., 0., 0., 0., 0., 1., 0., 0.,
        1., 0., 0., 1., 0., 0., 0., 0., 0., 0., 0., 0., 0., 0.]), tensor([1., 0., 0., 1., 1., 0., 1., 0., 0., 1., 0., 1., 0., 0., 0., 0., 0., 0.,
        0., 0., 1., 0., 0., 1., 0., 0., 0., 1., 1., 1., 1., 0.]), tensor([0., 0., 0., 0., 0., 0., 0., 0., 1., 0., 0., 0., 1., 0., 1., 0., 0., 0.,
        0., 0., 0., 0., 0., 0., 0., 1., 1., 0., 0., 0., 0., 0.]), tensor([0., 1., 0., 0., 1., 0., 0., 1., 0., 0., 1., 0., 0., 1., 0., 0., 1., 0.,
        0., 1., 0., 0., 1., 0., 0., 1., 0., 0., 1., 0., 0., 1.]), tensor([0., 0., 1., 0., 0., 1., 0., 0., 1., 0., 0., 1., 0., 0., 1., 0., 0., 1.,
        0., 0., 1., 0., 0., 1., 0., 0., 1., 0., 0., 1., 0., 0.]), tensor([1., 0., 0., 1., 0., 0., 1., 0., 0., 1., 0., 0., 1., 0., 0., 1., 0., 0.,
        1., 0., 0., 1., 0., 0., 1., 0., 0., 1., 0., 0., 1., 0.])]
[tensor([1., 0., 0., 1., 0., 0., 1., 0., 0., 0., 0., 0., 1., 0., 0., 1., 0., 0.,
        1., 0., 0., 1., 0., 0., 0., 0., 0., 0., 0., 0., 1., 0.]), tensor([1., 0., 0., 0., 0., 0., 1., 0., 0., 0., 0., 0., 1., 0., 0., 1., 0., 0.,
        1., 0., 0., 0., 0., 0., 1., 0., 0., 1., 0., 0., 0., 0.]), tensor([0., 0., 0., 0., 0., 0., 1., 0., 0., 0., 0., 0., 1., 0., 0., 0., 0., 0.,
        0., 0., 0., 1., 0., 0., 0., 0., 0., 1., 0., 0., 1., 0.]), tensor([1., 0., 0., 1., 0., 0., 1., 0., 0., 0., 0., 0., 1., 0., 0., 1., 0., 0.,
        1., 0., 0., 0., 0., 0., 1., 0., 0., 1., 0., 0., 1., 0.]), tensor([1., 0., 0., 1., 0., 0., 1., 0., 0., 1., 0., 0., 1., 0., 0., 1., 0., 0.,
        0., 0., 0., 1., 0., 0., 0., 0., 0., 1., 0., 0., 0., 0.]), tensor([0., 0., 1., 0., 0., 1., 0., 0., 1., 0., 0., 1., 0., 0., 0., 0., 0., 0.,
        0., 0., 1., 0., 0., 0., 0., 0., 1., 0., 0., 1., 0., 0.]), tensor([0., 0., 1., 0., 0., 1., 0., 0., 1., 0., 0., 1., 0., 0., 1., 0., 0., 1.,
        0., 0., 1., 0., 0., 1., 0., 0., 1., 0., 0., 1., 0., 0.]), tensor([0., 0., 0., 0., 0., 1., 0., 0., 1., 0., 0., 1., 0., 0., 1., 0., 0., 1.,
        0., 0., 0., 0., 0., 1., 0., 0., 1., 0., 0., 1., 0., 0.]), tensor([0., 1., 0., 0., 0., 0., 0., 0., 0., 0., 0., 0., 0., 0., 0., 0., 1., 0.,
        0., 0., 0., 0., 0., 0., 0., 0., 0., 0., 1., 0., 0., 0.]), tensor([0., 0., 0., 0., 1., 0., 0., 1., 0., 0., 1., 0., 0., 0., 0., 0., 0., 0.,
        0., 1., 0., 0., 1., 0., 0., 1., 0., 0., 0., 0., 0., 1.]), tensor([0., 0., 0., 0., 0., 0., 0., 0., 0., 0., 0., 0., 0., 1., 0., 0., 1., 0.,
        0., 0., 0., 0., 0., 0., 0., 1., 0., 0., 0., 0., 0., 0.]), tensor([0., 0., 0., 0., 1., 0., 0., 1., 0., 0., 0., 0., 0., 0., 0., 0., 0., 0.,
        0., 1., 0., 0., 0., 0., 0., 1., 0., 0., 0., 0., 0., 1.]), tensor([1., 0., 1., 1., 1., 1., 1., 0., 1., 0., 0., 1., 1., 1., 0., 0., 1., 1.,
        0., 0., 1., 0., 1., 0., 1., 1., 1., 0., 1., 1., 0., 0.]), tensor([0., 0., 1., 1., 1., 0., 0., 0., 0., 1., 0., 0., 1., 1., 1., 1., 0., 1.,
        1., 1., 0., 1., 1., 1., 1., 1., 0., 1., 0., 1., 1., 1.]), tensor([1., 0., 0., 1., 0., 1., 1., 0., 0., 1., 0., 0., 1., 1., 0., 1., 1., 0.,
        0., 0., 0., 1., 0., 1., 0., 0., 0., 1., 0., 1., 0., 0.]), tensor([1., 0., 0., 1., 0., 0., 1., 0., 0., 0., 0., 0., 1., 0., 0., 1., 0., 0.,
        1., 0., 0., 0., 0., 0., 1., 0., 0., 1., 0., 0., 1., 0.]), tensor([0., 0., 1., 0., 0., 1., 0., 0., 1., 0., 0., 1., 0., 0., 0., 0., 0., 0.,
        0., 0., 1., 0., 0., 0., 0., 0., 1., 0., 0., 1., 0., 0.]), tensor([1., 0., 0., 1., 0., 0., 1., 0., 0., 1., 0., 0., 1., 0., 0., 1., 1., 0.,
        0., 0., 0., 1., 0., 0., 0., 0., 0., 1., 1., 0., 1., 0.]), tensor([1., 0., 0., 1., 0., 0., 1., 0., 0., 1., 0., 0., 1., 0., 0., 1., 0., 0.,
        0., 0., 1., 1., 0., 0., 0., 0., 0., 1., 0., 0., 1., 0.]), tensor([1., 0., 1., 0., 0., 1., 0., 0., 1., 0., 0., 1., 0., 0., 1., 0., 0., 1.,
        0., 0., 1., 0., 0., 1., 0., 0., 1., 0., 0., 1., 0., 0.]), tensor([0., 0., 1., 0., 0., 1., 0., 0., 1., 0., 0., 1., 0., 0., 1., 0., 0., 1.,
        0., 0., 1., 0., 0., 1., 0., 0., 1., 0., 0., 1., 0., 0.]), tensor([0., 0., 0., 1., 0., 0., 1., 0., 0., 0., 0., 0., 1., 0., 0., 1., 0., 0.,
        1., 0., 0., 1., 0., 0., 0., 0., 0., 0., 0., 0., 1., 0.]), tensor([1., 0., 0., 0., 0., 0., 1., 0., 0., 0., 0., 0., 1., 0., 0., 1., 0., 0.,
        1., 0., 0., 0., 0., 0., 1., 0., 0., 1., 0., 0., 0., 0.]), tensor([1., 0., 0., 1., 0., 0., 0., 0., 0., 0., 0., 0., 0., 0., 0., 0., 0., 0.,
        0., 0., 0., 1., 0., 0., 0., 0., 0., 0., 0., 0., 0., 0.]), tensor([0., 1., 0., 0., 0., 0., 0., 0., 0., 0., 1., 0., 0., 1., 0., 1., 1., 0.,
        0., 0., 0., 0., 1., 0., 1., 1., 0., 1., 0., 0., 1., 0.]), tensor([0., 0., 0., 0., 1., 0., 1., 1., 0., 0., 0., 0., 0., 1., 0., 0., 1., 0.,
        0., 1., 0., 1., 0., 0., 0., 1., 0., 0., 1., 0., 0., 1.]), tensor([0., 1., 0., 0., 0., 0., 0., 0., 0., 0., 0., 0., 0., 0., 0., 0., 1., 0.,
        0., 0., 0., 0., 0., 0., 0., 0., 0., 0., 1., 0., 0., 0.]), tensor([0., 0., 0., 0., 1., 0., 0., 1., 0., 0., 1., 0., 1., 0., 0., 0., 0., 0.,
        0., 1., 0., 0., 1., 0., 0., 1., 0., 0., 0., 0., 0., 1.]), tensor([0., 0., 0., 0., 0., 1., 1., 0., 1., 0., 0., 1., 0., 0., 1., 0., 0., 1.,
        0., 0., 0., 1., 0., 1., 1., 0., 1., 1., 0., 1., 1., 0.]), tensor([0., 0., 1., 0., 0., 1., 0., 0., 1., 0., 0., 1., 0., 0., 1., 0., 0., 1.,
        0., 0., 1., 0., 0., 1., 0., 0., 1., 0., 0., 1., 0., 0.]), tensor([1., 0., 0., 1., 0., 0., 1., 0., 0., 1., 0., 0., 1., 0., 0., 1., 0., 0.,
        1., 0., 0., 1., 0., 0., 1., 0., 0., 1., 0., 0., 1., 0.]), tensor([0., 1., 0., 0., 1., 0., 0., 1., 0., 0., 1., 0., 0., 1., 0., 0., 1., 0.,
        0., 1., 0., 0., 1., 0., 0., 1., 0., 0., 1., 0., 0., 1.])]
[tensor([0., 1., 0., 0., 1., 0., 0., 1., 0., 0., 0., 0., 0., 1., 0., 0., 1., 0.,
        0., 1., 0., 0., 1., 0., 0., 0., 0., 0., 0., 0., 0., 1.]), tensor([0., 1., 0., 0., 1., 0., 0., 1., 0., 0., 0., 0., 0., 1., 0., 0., 0., 0.,
        0., 1., 0., 0., 1., 0., 0., 0., 0., 0., 0., 0., 0., 0.]), tensor([0., 1., 0., 0., 1., 0., 0., 0., 0., 0., 0., 0., 0., 0., 0., 0., 0., 0.,
        0., 1., 0., 0., 0., 0., 0., 1., 0., 0., 1., 0., 0., 0.]), tensor([0., 0., 0., 0., 1., 0., 0., 1., 0., 0., 1., 0., 0., 0., 0., 0., 1., 0.,
        0., 1., 0., 0., 0., 0., 0., 0., 0., 0., 1., 0., 0., 0.]), tensor([0., 0., 0., 0., 0., 0., 0., 0., 0., 0., 0., 0., 0., 1., 0., 0., 1., 0.,
        0., 0., 0., 0., 1., 0., 0., 1., 0., 0., 0., 0., 0., 1.]), tensor([0., 0., 0., 1., 0., 0., 1., 0., 0., 1., 0., 0., 1., 0., 0., 1., 0., 0.,
        0., 0., 0., 1., 0., 0., 1., 0., 0., 1., 0., 0., 1., 0.]), tensor([1., 0., 0., 0., 0., 0., 1., 0., 0., 1., 0., 0., 0., 0., 0., 0., 0., 0.,
        1., 0., 0., 0., 0., 0., 1., 0., 0., 1., 0., 0., 1., 0.]), tensor([1., 0., 0., 0., 0., 0., 0., 0., 0., 0., 0., 0., 0., 0., 0., 0., 0., 0.,
        0., 0., 0., 0., 0., 0., 0., 0., 0., 0., 0., 0., 0., 0.]), tensor([0., 0., 0., 0., 0., 0., 0., 0., 1., 0., 0., 1., 0., 0., 0., 0., 0., 0.,
        0., 0., 0., 0., 0., 0., 0., 0., 0., 0., 0., 0., 0., 0.]), tensor([0., 0., 1., 0., 0., 1., 0., 0., 0., 0., 0., 0., 0., 0., 1., 0., 0., 1.,
        0., 0., 1., 0., 0., 0., 0., 0., 1., 0., 0., 1., 0., 0.]), tensor([0., 0., 1., 0., 0., 0., 0., 0., 1., 0., 0., 0., 0., 0., 0., 0., 0., 0.,
        0., 0., 0., 0., 0., 1., 0., 0., 0., 0., 0., 0., 0., 0.]), tensor([0., 0., 1., 0., 0., 1., 0., 0., 0., 0., 0., 0., 0., 0., 1., 0., 0., 0.,
        0., 0., 0., 0., 0., 0., 0., 0., 0., 0., 0., 1., 0., 0.]), tensor([0., 1., 1., 1., 1., 0., 1., 0., 0., 1., 1., 1., 1., 1., 1., 0., 1., 1.,
        1., 1., 1., 1., 1., 0., 0., 1., 0., 1., 1., 1., 1., 1.]), tensor([1., 0., 1., 1., 1., 1., 1., 1., 1., 1., 1., 1., 0., 1., 1., 1., 1., 0.,
        1., 1., 0., 1., 1., 0., 1., 1., 0., 1., 1., 1., 1., 1.]), tensor([1., 0., 0., 0., 0., 0., 1., 0., 0., 1., 0., 0., 1., 1., 0., 1., 1., 0.,
        0., 1., 0., 0., 1., 0., 1., 1., 0., 0., 1., 0., 1., 1.]), tensor([0., 0., 0., 0., 1., 0., 0., 1., 0., 0., 1., 0., 0., 0., 0., 0., 1., 0.,
        0., 1., 0., 0., 0., 0., 0., 0., 0., 0., 1., 0., 0., 0.]), tensor([0., 0., 0., 1., 0., 0., 1., 0., 0., 1., 0., 0., 1., 0., 0., 1., 0., 0.,
        0., 0., 0., 1., 0., 0., 1., 0., 0., 1., 0., 0., 1., 0.]), tensor([0., 1., 0., 0., 1., 0., 0., 0., 1., 0., 1., 1., 0., 0., 0., 0., 0., 0.,
        0., 1., 0., 0., 1., 0., 0., 1., 0., 0., 1., 0., 0., 0.]), tensor([0., 1., 0., 1., 1., 0., 0., 1., 0., 0., 0., 0., 0., 1., 0., 0., 1., 0.,
        0., 0., 0., 0., 1., 0., 0., 1., 0., 1., 0., 0., 0., 1.]), tensor([1., 0., 0., 0., 0., 0., 1., 0., 0., 1., 0., 0., 0., 1., 0., 0., 1., 0.,
        1., 0., 0., 0., 1., 0., 1., 0., 0., 1., 0., 0., 1., 0.]), tensor([1., 0., 0., 0., 0., 0., 1., 0., 0., 1., 0., 0., 0., 1., 0., 0., 0., 0.,
        1., 0., 0., 0., 1., 0., 1., 0., 0., 1., 0., 0., 1., 0.]), tensor([0., 0., 0., 0., 1., 0., 0., 1., 0., 0., 0., 0., 0., 1., 0., 0., 1., 0.,
        0., 0., 0., 0., 1., 0., 0., 0., 0., 0., 0., 0., 0., 1.]), tensor([0., 1., 0., 0., 1., 0., 0., 1., 0., 0., 0., 0., 0., 1., 0., 0., 0., 0.,
        0., 1., 0., 0., 1., 0., 0., 0., 0., 0., 0., 0., 0., 0.]), tensor([0., 1., 0., 0., 0., 0., 0., 0., 0., 0., 0., 0., 0., 0., 0., 0., 1., 0.,
        0., 1., 0., 0., 0., 0., 0., 0., 0., 0., 0., 0., 0., 0.]), tensor([0., 0., 1., 0., 1., 0., 0., 1., 1., 0., 0., 1., 0., 0., 0., 0., 0., 0.,
        0., 0., 0., 0., 0., 1., 0., 1., 0., 0., 0., 0., 0., 0.]), tensor([0., 1., 1., 0., 0., 1., 0., 0., 1., 0., 1., 0., 0., 0., 1., 0., 0., 0.,
        0., 1., 0., 0., 0., 1., 0., 0., 0., 0., 1., 1., 0., 0.]), tensor([0., 0., 0., 0., 0., 0., 0., 0., 1., 0., 0., 1., 0., 0., 0., 0., 0., 0.,
        0., 0., 0., 0., 0., 0., 0., 0., 0., 0., 0., 0., 0., 0.]), tensor([0., 0., 1., 0., 0., 1., 1., 0., 0., 1., 0., 0., 1., 0., 1., 0., 0., 1.,
        0., 0., 1., 0., 0., 0., 1., 1., 1., 1., 0., 1., 0., 0.]), tensor([1., 1., 0., 0., 1., 0., 0., 0., 0., 0., 0., 0., 0., 0., 0., 1., 0., 0.,
        0., 1., 0., 0., 0., 0., 0., 0., 0., 0., 1., 0., 0., 0.]), tensor([1., 0., 0., 1., 0., 0., 1., 0., 0., 1., 0., 0., 1., 0., 0., 1., 0., 0.,
        1., 0., 0., 1., 0., 0., 1., 0., 0., 1., 0., 0., 1., 0.]), tensor([0., 1., 0., 0., 1., 0., 0., 1., 0., 0., 1., 0., 0., 1., 0., 0., 1., 0.,
        0., 1., 0., 0., 1., 0., 0., 1., 0., 0., 1., 0., 0., 1.]), tensor([0., 0., 1., 0., 0., 1., 0., 0., 1., 0., 0., 1., 0., 0., 1., 0., 0., 1.,
        0., 0., 1., 0., 0., 1., 0., 0., 1., 0., 0., 1., 0., 0.])]
[tensor([0., 0., 1., 0., 0., 0., 0., 0., 0., 0., 0., 0., 0., 0., 1., 0., 0., 1.,
        0., 0., 0., 0., 0., 1., 0., 0., 1., 0., 0., 0., 0., 0.]), tensor([0., 0., 1., 0., 0., 0., 0., 0., 1., 0., 0., 0., 0., 0., 1., 0., 0., 1.,
        0., 0., 0., 0., 0., 0., 0., 0., 1., 0., 0., 0., 0., 0.]), tensor([0., 0., 0., 0., 0., 1., 0., 0., 0., 0., 0., 1., 0., 0., 1., 0., 0., 0.,
        0., 0., 1., 0., 0., 0., 0., 0., 1., 0., 0., 0., 0., 0.]), tensor([0., 0., 1., 0., 0., 1., 0., 0., 1., 0., 0., 1., 0., 0., 0., 0., 0., 1.,
        0., 0., 1., 0., 0., 1., 0., 0., 1., 0., 0., 1., 0., 0.]), tensor([0., 0., 1., 0., 0., 0., 0., 0., 1., 0., 0., 0., 0., 0., 1., 0., 0., 0.,
        0., 0., 1., 0., 0., 1., 0., 0., 0., 0., 0., 0., 0., 0.]), tensor([0., 1., 0., 0., 1., 0., 0., 0., 0., 0., 1., 0., 0., 1., 0., 0., 0., 0.,
        0., 0., 0., 0., 1., 0., 0., 1., 0., 0., 1., 0., 0., 0.]), tensor([0., 0., 0., 0., 1., 0., 0., 1., 0., 0., 0., 0., 0., 1., 0., 0., 1., 0.,
        0., 1., 0., 0., 1., 0., 0., 1., 0., 0., 1., 0., 0., 1.]), tensor([0., 0., 0., 0., 1., 0., 0., 1., 0., 0., 0., 0., 0., 0., 0., 0., 1., 0.,
        0., 1., 0., 0., 0., 0., 0., 1., 0., 0., 1., 0., 0., 1.]), tensor([0., 0., 0., 0., 0., 0., 0., 0., 0., 0., 0., 0., 1., 0., 0., 0., 0., 0.,
        0., 0., 0., 0., 0., 0., 0., 0., 0., 0., 0., 0., 1., 0.]), tensor([1., 0., 0., 1., 0., 0., 0., 0., 0., 0., 0., 0., 0., 0., 0., 0., 0., 0.,
        0., 0., 0., 0., 0., 0., 1., 0., 0., 1., 0., 0., 0., 0.]), tensor([0., 0., 0., 0., 0., 0., 1., 0., 0., 1., 0., 0., 0., 0., 0., 1., 0., 0.,
        1., 0., 0., 0., 0., 0., 0., 0., 0., 1., 0., 0., 0., 0.]), tensor([0., 0., 0., 0., 0., 0., 0., 0., 0., 0., 0., 0., 0., 0., 0., 1., 0., 0.,
        0., 0., 0., 1., 0., 0., 1., 0., 0., 1., 0., 0., 0., 0.]), tensor([1., 1., 1., 0., 1., 1., 0., 1., 0., 1., 1., 1., 0., 0., 0., 1., 1., 1.,
        1., 1., 0., 0., 0., 1., 0., 1., 1., 0., 1., 1., 1., 1.]), tensor([0., 1., 1., 0., 0., 1., 1., 0., 1., 1., 0., 1., 1., 1., 1., 1., 1., 1.,
        0., 1., 1., 1., 1., 1., 0., 1., 1., 1., 1., 1., 0., 0.]), tensor([0., 0., 1., 0., 0., 1., 1., 0., 1., 1., 0., 0., 1., 0., 1., 1., 1., 0.,
        1., 1., 1., 1., 0., 1., 0., 1., 0., 0., 0., 0., 0., 1.]), tensor([0., 0., 1., 0., 0., 1., 0., 0., 1., 0., 0., 1., 0., 0., 0., 0., 0., 1.,
        0., 0., 1., 0., 0., 1., 0., 0., 1., 0., 0., 1., 0., 0.]), tensor([0., 1., 0., 0., 1., 0., 0., 0., 0., 0., 1., 0., 0., 1., 0., 0., 0., 0.,
        0., 0., 0., 0., 1., 0., 0., 1., 0., 0., 1., 0., 0., 0.]), tensor([0., 0., 0., 0., 0., 1., 0., 0., 1., 0., 1., 1., 1., 0., 1., 0., 0., 1.,
        0., 0., 1., 0., 0., 0., 0., 0., 1., 0., 0., 0., 1., 0.]), tensor([0., 1., 1., 0., 0., 0., 0., 0., 1., 0., 1., 1., 0., 1., 1., 0., 0., 1.,
        0., 0., 1., 0., 1., 1., 0., 0., 0., 0., 1., 0., 0., 0.]), tensor([0., 0., 0., 0., 1., 0., 0., 1., 0., 0., 0., 0., 0., 1., 0., 0., 1., 0.,
        0., 1., 0., 0., 1., 1., 0., 1., 0., 0., 1., 0., 0., 1.]), tensor([0., 0., 0., 0., 1., 0., 0., 1., 0., 0., 0., 0., 0., 1., 0., 0., 1., 0.,
        0., 1., 0., 0., 1., 0., 0., 1., 0., 0., 1., 0., 0., 1.]), tensor([0., 0., 1., 0., 0., 0., 0., 0., 0., 0., 0., 0., 0., 0., 0., 0., 0., 1.,
        0., 0., 0., 0., 0., 1., 0., 0., 1., 0., 0., 0., 0., 0.]), tensor([0., 0., 1., 0., 0., 0., 0., 0., 1., 0., 0., 0., 0., 0., 1., 0., 0., 1.,
        0., 0., 0., 0., 0., 0., 0., 0., 1., 0., 0., 0., 0., 0.]), tensor([0., 0., 0., 0., 0., 0., 0., 0., 0., 0., 0., 0., 0., 0., 1., 0., 0., 0.,
        0., 0., 0., 0., 0., 1., 0., 0., 1., 0., 0., 0., 0., 0.]), tensor([1., 0., 0., 1., 0., 0., 1., 0., 0., 1., 0., 1., 0., 0., 0., 1., 0., 1.,
        1., 0., 0., 0., 0., 0., 0., 0., 0., 1., 0., 1., 1., 0.]), tensor([0., 0., 1., 0., 0., 0., 1., 0., 0., 1., 0., 0., 0., 0., 0., 1., 0., 0.,
        1., 0., 0., 1., 0., 1., 1., 0., 0., 1., 0., 0., 0., 0.]), tensor([0., 0., 0., 0., 0., 0., 0., 0., 0., 0., 0., 0., 1., 0., 0., 0., 0., 0.,
        0., 0., 0., 0., 0., 0., 0., 0., 0., 0., 0., 0., 1., 0.]), tensor([1., 0., 0., 1., 0., 0., 0., 0., 0., 0., 0., 0., 0., 0., 1., 1., 0., 0.,
        0., 0., 0., 1., 1., 0., 1., 0., 0., 1., 0., 0., 0., 0.]), tensor([0., 1., 0., 0., 1., 1., 0., 1., 0., 0., 0., 1., 0., 0., 0., 0., 1., 0.,
        0., 1., 1., 0., 0., 0., 0., 1., 1., 0., 1., 0., 0., 1.]), tensor([0., 1., 0., 0., 1., 0., 0., 1., 0., 0., 1., 0., 0., 1., 0., 0., 1., 0.,
        0., 1., 0., 0., 1., 0., 0., 1., 0., 0., 1., 0., 0., 1.]), tensor([0., 0., 1., 0., 0., 1., 0., 0., 1., 0., 0., 1., 0., 0., 1., 0., 0., 1.,
        0., 0., 1., 0., 0., 1., 0., 0., 1., 0., 0., 1., 0., 0.]), tensor([1., 0., 0., 1., 0., 0., 1., 0., 0., 1., 0., 0., 1., 0., 0., 1., 0., 0.,
        1., 0., 0., 1., 0., 0., 1., 0., 0., 1., 0., 0., 1., 0.])]
[tensor([0., 0., 0., 0., 0., 0., 1., 0., 0., 1., 0., 0., 0., 0., 0., 1., 0., 0.,
        1., 0., 0., 1., 0., 0., 1., 0., 0., 1., 0., 0., 1., 0.]), tensor([0., 0., 0., 1., 0., 0., 1., 0., 0., 1., 0., 0., 1., 0., 0., 1., 0., 0.,
        1., 0., 0., 0., 0., 0., 1., 0., 0., 1., 0., 0., 0., 0.]), tensor([1., 0., 0., 0., 0., 0., 0., 0., 0., 0., 0., 0., 1., 0., 0., 0., 0., 0.,
        0., 0., 0., 0., 0., 0., 0., 0., 0., 0., 0., 0., 0., 0.]), tensor([0., 0., 0., 0., 0., 0., 0., 0., 0., 1., 0., 0., 0., 0., 0., 1., 0., 0.,
        1., 0., 0., 1., 0., 0., 0., 0., 0., 0., 0., 0., 1., 0.]), tensor([1., 0., 0., 1., 0., 0., 1., 0., 0., 1., 0., 0., 0., 0., 0., 0., 0., 0.,
        0., 0., 0., 1., 0., 0., 0., 0., 0., 1., 0., 0., 0., 0.]), tensor([0., 0., 1., 0., 0., 1., 0., 0., 1., 0., 0., 0., 0., 0., 1., 0., 0., 0.,
        0., 0., 0., 0., 0., 1., 0., 0., 0., 0., 0., 0., 0., 0.]), tensor([0., 0., 1., 0., 0., 1., 0., 0., 1., 0., 0., 1., 0., 0., 0., 0., 0., 1.,
        0., 0., 1., 0., 0., 1., 0., 0., 1., 0., 0., 1., 0., 0.]), tensor([0., 0., 1., 0., 0., 1., 0., 0., 1., 0., 0., 1., 0., 0., 0., 0., 0., 1.,
        0., 0., 1., 0., 0., 1., 0., 0., 0., 0., 0., 0., 0., 0.]), tensor([0., 1., 0., 0., 1., 0., 0., 1., 0., 0., 0., 0., 0., 0., 0., 0., 0., 0.,
        0., 0., 0., 0., 0., 0., 0., 1., 0., 0., 0., 0., 0., 0.]), tensor([0., 0., 0., 0., 0., 0., 0., 0., 0., 0., 0., 0., 0., 1., 0., 0., 1., 0.,
        0., 0., 0., 0., 0., 0., 0., 0., 0., 0., 0., 0., 0., 0.]), tensor([0., 1., 0., 0., 1., 0., 0., 0., 0., 0., 0., 0., 0., 0., 0., 0., 1., 0.,
        0., 1., 0., 0., 1., 0., 0., 0., 0., 0., 1., 0., 0., 0.]), tensor([0., 0., 0., 0., 0., 0., 0., 0., 0., 0., 1., 0., 0., 1., 0., 0., 1., 0.,
        0., 0., 0., 0., 0., 0., 0., 0., 0., 0., 0., 0., 0., 1.]), tensor([0., 1., 0., 0., 1., 0., 0., 0., 1., 1., 1., 1., 1., 1., 0., 0., 1., 0.,
        1., 1., 1., 1., 1., 1., 1., 1., 1., 1., 0., 0., 1., 1.]), tensor([1., 0., 1., 1., 1., 1., 1., 1., 1., 1., 1., 1., 0., 1., 1., 0., 1., 0.,
        1., 0., 1., 0., 1., 0., 1., 0., 0., 0., 1., 1., 1., 1.]), tensor([1., 0., 0., 1., 0., 1., 1., 0., 0., 1., 1., 1., 0., 0., 0., 0., 0., 0.,
        0., 0., 1., 1., 0., 0., 0., 1., 1., 1., 0., 0., 0., 1.]), tensor([0., 0., 0., 0., 0., 0., 0., 0., 0., 1., 0., 0., 0., 0., 0., 1., 0., 0.,
        1., 0., 0., 1., 0., 0., 0., 0., 0., 0., 0., 0., 1., 0.]), tensor([0., 0., 1., 0., 0., 1., 0., 0., 1., 0., 0., 0., 0., 0., 1., 0., 0., 0.,
        0., 0., 0., 0., 0., 1., 0., 0., 0., 0., 0., 0., 0., 0.]), tensor([1., 0., 0., 0., 1., 0., 0., 1., 0., 1., 0., 0., 1., 0., 0., 0., 0., 0.,
        1., 0., 0., 0., 0., 0., 0., 0., 1., 0., 0., 0., 0., 0.]), tensor([1., 0., 0., 1., 0., 0., 1., 0., 0., 1., 0., 0., 1., 0., 1., 1., 0., 1.,
        0., 0., 0., 1., 0., 0., 1., 0., 0., 1., 0., 1., 0., 0.]), tensor([1., 0., 1., 0., 0., 1., 1., 0., 1., 1., 0., 1., 0., 0., 0., 0., 0., 1.,
        0., 0., 1., 0., 0., 1., 0., 0., 1., 1., 0., 1., 0., 0.]), tensor([1., 0., 1., 0., 0., 1., 1., 0., 1., 0., 0., 1., 0., 0., 0., 0., 0., 1.,
        0., 0., 1., 0., 0., 1., 0., 0., 1., 1., 0., 1., 0., 0.]), tensor([0., 0., 0., 0., 0., 0., 1., 0., 0., 0., 0., 0., 0., 0., 0., 0., 0., 0.,
        1., 0., 0., 1., 0., 0., 1., 0., 0., 1., 0., 0., 1., 0.]), tensor([0., 0., 0., 1., 0., 0., 1., 0., 0., 1., 0., 0., 1., 0., 0., 1., 0., 0.,
        1., 0., 0., 0., 0., 0., 1., 0., 0., 1., 0., 0., 0., 0.]), tensor([0., 0., 0., 0., 0., 0., 0., 0., 0., 1., 0., 0., 0., 0., 0., 1., 0., 0.,
        0., 0., 0., 0., 0., 0., 1., 0., 0., 0., 0., 0., 1., 0.]), tensor([0., 1., 0., 1., 1., 0., 0., 0., 0., 0., 0., 0., 1., 0., 0., 0., 1., 0.,
        0., 1., 0., 1., 1., 0., 0., 1., 0., 0., 1., 0., 0., 0.]), tensor([0., 1., 0., 0., 1., 0., 0., 0., 0., 0., 1., 0., 0., 1., 0., 0., 1., 0.,
        1., 1., 0., 0., 1., 0., 0., 0., 0., 0., 1., 0., 1., 1.]), tensor([0., 1., 0., 0., 1., 0., 0., 1., 0., 0., 0., 0., 0., 0., 0., 0., 0., 0.,
        0., 0., 0., 0., 0., 0., 0., 1., 0., 0., 0., 0., 0., 0.]), tensor([1., 0., 0., 0., 0., 0., 0., 0., 0., 0., 1., 0., 0., 1., 1., 0., 1., 0.,
        0., 0., 0., 1., 0., 0., 0., 0., 0., 0., 0., 0., 0., 1.]), tensor([0., 0., 1., 1., 0., 1., 0., 0., 1., 0., 0., 1., 1., 0., 0., 0., 0., 1.,
        0., 0., 1., 0., 1., 1., 1., 0., 0., 0., 0., 0., 1., 0.]), tensor([0., 0., 1., 0., 0., 1., 0., 0., 1., 0., 0., 1., 0., 0., 1., 0., 0., 1.,
        0., 0., 1., 0., 0., 1., 0., 0., 1., 0., 0., 1., 0., 0.]), tensor([1., 0., 0., 1., 0., 0., 1., 0., 0., 1., 0., 0., 1., 0., 0., 1., 0., 0.,
        1., 0., 0., 1., 0., 0., 1., 0., 0., 1., 0., 0., 1., 0.]), tensor([0., 1., 0., 0., 1., 0., 0., 1., 0., 0., 1., 0., 0., 1., 0., 0., 1., 0.,
        0., 1., 0., 0., 1., 0., 0., 1., 0., 0., 1., 0., 0., 1.])]
[tensor([0., 1., 0., 0., 0., 0., 0., 1., 0., 0., 0., 0., 0., 0., 0., 0., 1., 0.,
        0., 1., 0., 0., 1., 0., 0., 1., 0., 0., 0., 0., 0., 1.]), tensor([0., 1., 0., 0., 1., 0., 0., 0., 0., 0., 1., 0., 0., 0., 0., 0., 1., 0.,
        0., 0., 0., 0., 1., 0., 0., 1., 0., 0., 1., 0., 0., 1.]), tensor([0., 1., 0., 0., 0., 0., 0., 1., 0., 0., 0., 0., 0., 0., 0., 0., 1., 0.,
        0., 0., 0., 0., 0., 0., 0., 0., 0., 0., 1., 0., 0., 0.]), tensor([0., 1., 0., 0., 1., 0., 0., 0., 0., 0., 1., 0., 0., 1., 0., 0., 1., 0.,
        0., 1., 0., 0., 0., 0., 0., 0., 0., 0., 1., 0., 0., 1.]), tensor([0., 0., 0., 0., 1., 0., 0., 1., 0., 0., 1., 0., 0., 1., 0., 0., 1., 0.,
        0., 1., 0., 0., 0., 0., 0., 1., 0., 0., 0., 0., 0., 0.]), tensor([0., 0., 0., 1., 0., 0., 1., 0., 0., 1., 0., 0., 1., 0., 0., 1., 0., 0.,
        1., 0., 0., 1., 0., 0., 1., 0., 0., 1., 0., 0., 0., 0.]), tensor([1., 0., 0., 1., 0., 0., 1., 0., 0., 1., 0., 0., 0., 0., 0., 0., 0., 0.,
        1., 0., 0., 0., 0., 0., 1., 0., 0., 1., 0., 0., 1., 0.]), tensor([0., 0., 0., 0., 0., 0., 1., 0., 0., 0., 0., 0., 0., 0., 0., 0., 0., 0.,
        0., 0., 0., 0., 0., 0., 0., 0., 0., 1., 0., 0., 0., 0.]), tensor([0., 0., 1., 0., 0., 1., 0., 0., 0., 0., 0., 0., 0., 0., 0., 0., 0., 0.,
        0., 0., 0., 0., 0., 0., 0., 0., 0., 0., 0., 0., 0., 0.]), tensor([0., 0., 0., 0., 0., 0., 0., 0., 0., 0., 0., 1., 0., 0., 1., 0., 0., 1.,
        0., 0., 1., 0., 0., 0., 0., 0., 1., 0., 0., 1., 0., 0.]), tensor([0., 0., 1., 0., 0., 0., 0., 0., 1., 0., 0., 0., 0., 0., 0., 0., 0., 1.,
        0., 0., 0., 0., 0., 1., 0., 0., 0., 0., 0., 0., 0., 0.]), tensor([0., 0., 0., 0., 0., 0., 0., 0., 0., 0., 0., 1., 0., 0., 0., 0., 0., 1.,
        0., 0., 1., 0., 0., 0., 0., 0., 1., 0., 0., 1., 0., 0.]), tensor([0., 1., 1., 1., 0., 1., 0., 1., 1., 1., 1., 1., 0., 1., 0., 1., 1., 1.,
        1., 1., 0., 1., 0., 0., 0., 0., 1., 0., 0., 0., 1., 0.]), tensor([1., 1., 1., 1., 1., 0., 1., 1., 1., 1., 1., 1., 1., 0., 1., 1., 1., 0.,
        0., 1., 1., 0., 0., 1., 1., 1., 0., 1., 1., 1., 0., 1.]), tensor([1., 0., 0., 1., 1., 0., 0., 1., 1., 0., 1., 0., 1., 1., 0., 1., 1., 0.,
        1., 1., 0., 0., 0., 0., 1., 1., 0., 0., 0., 0., 0., 0.]), tensor([0., 1., 0., 0., 1., 0., 0., 0., 0., 0., 1., 0., 0., 1., 0., 0., 1., 0.,
        0., 1., 0., 0., 0., 0., 0., 0., 0., 0., 1., 0., 0., 1.]), tensor([0., 0., 0., 1., 0., 0., 1., 0., 0., 1., 0., 0., 1., 0., 0., 1., 0., 0.,
        1., 0., 0., 1., 0., 0., 1., 0., 0., 1., 0., 0., 0., 0.]), tensor([0., 1., 1., 0., 1., 1., 0., 1., 0., 0., 1., 0., 0., 0., 0., 0., 1., 0.,
        0., 1., 0., 0., 0., 0., 1., 0., 0., 0., 1., 0., 1., 0.]), tensor([0., 1., 0., 0., 1., 0., 1., 1., 0., 1., 1., 0., 0., 1., 0., 0., 1., 0.,
        0., 1., 0., 1., 0., 0., 0., 1., 0., 1., 1., 0., 0., 1.]), tensor([1., 0., 0., 1., 1., 0., 1., 0., 0., 1., 1., 0., 0., 0., 0., 0., 0., 0.,
        1., 1., 0., 0., 0., 0., 1., 1., 0., 1., 0., 0., 1., 0.]), tensor([1., 0., 0., 1., 1., 0., 1., 0., 0., 1., 1., 0., 0., 0., 0., 0., 0., 0.,
        1., 0., 0., 0., 0., 0., 1., 0., 0., 1., 0., 0., 1., 0.]), tensor([0., 1., 0., 0., 0., 0., 0., 1., 0., 0., 0., 0., 0., 0., 0., 0., 1., 0.,
        0., 0., 0., 0., 1., 0., 0., 1., 0., 0., 0., 0., 0., 1.]), tensor([0., 1., 0., 0., 1., 0., 0., 0., 0., 0., 1., 0., 0., 0., 0., 0., 1., 0.,
        0., 0., 0., 0., 1., 0., 0., 1., 0., 0., 1., 0., 0., 1.]), tensor([0., 0., 0., 0., 0., 0., 0., 1., 0., 0., 0., 0., 0., 0., 0., 0., 0., 0.,
        0., 1., 0., 0., 0., 0., 0., 1., 0., 0., 0., 0., 0., 0.]), tensor([0., 1., 1., 0., 0., 0., 0., 0., 1., 0., 0., 0., 0., 1., 1., 0., 0., 1.,
        0., 0., 0., 0., 0., 1., 0., 0., 0., 0., 0., 0., 0., 1.]), tensor([0., 0., 1., 0., 0., 1., 0., 1., 1., 0., 1., 1., 0., 0., 0., 0., 0., 1.,
        0., 1., 1., 0., 1., 1., 0., 1., 1., 0., 0., 1., 0., 0.]), tensor([0., 0., 1., 0., 0., 1., 0., 0., 0., 0., 0., 0., 0., 0., 0., 0., 0., 0.,
        0., 0., 0., 0., 0., 0., 0., 0., 0., 0., 0., 0., 0., 0.]), tensor([0., 0., 0., 1., 0., 0., 0., 0., 0., 0., 0., 1., 0., 0., 1., 0., 0., 1.,
        1., 0., 1., 0., 0., 0., 0., 0., 1., 0., 1., 1., 0., 0.]), tensor([0., 1., 0., 0., 0., 0., 1., 1., 0., 0., 0., 0., 0., 0., 0., 0., 1., 0.,
        0., 0., 0., 1., 1., 1., 0., 0., 0., 1., 0., 0., 0., 0.]), tensor([1., 0., 0., 1., 0., 0., 1., 0., 0., 1., 0., 0., 1., 0., 0., 1., 0., 0.,
        1., 0., 0., 1., 0., 0., 1., 0., 0., 1., 0., 0., 1., 0.]), tensor([0., 1., 0., 0., 1., 0., 0., 1., 0., 0., 1., 0., 0., 1., 0., 0., 1., 0.,
        0., 1., 0., 0., 1., 0., 0., 1., 0., 0., 1., 0., 0., 1.]), tensor([0., 0., 1., 0., 0., 1., 0., 0., 1., 0., 0., 1., 0., 0., 1., 0., 0., 1.,
        0., 0., 1., 0., 0., 1., 0., 0., 1., 0., 0., 1., 0., 0.])]
[tensor([0., 0., 1., 0., 0., 0., 0., 0., 1., 0., 0., 1., 0., 0., 1., 0., 0., 0.,
        0., 0., 1., 0., 0., 0., 0., 0., 1., 0., 0., 1., 0., 0.]), tensor([0., 0., 0., 0., 0., 0., 0., 0., 1., 0., 0., 1., 0., 0., 1., 0., 0., 0.,
        0., 0., 1., 0., 0., 1., 0., 0., 1., 0., 0., 0., 0., 0.]), tensor([0., 0., 1., 0., 0., 1., 0., 0., 1., 0., 0., 1., 0., 0., 1., 0., 0., 0.,
        0., 0., 1., 0., 0., 0., 0., 0., 0., 0., 0., 0., 0., 0.]), tensor([0., 0., 0., 0., 0., 1., 0., 0., 1., 0., 0., 1., 0., 0., 0., 0., 0., 1.,
        0., 0., 0., 0., 0., 0., 0., 0., 1., 0., 0., 1., 0., 0.]), tensor([0., 0., 1., 0., 0., 0., 0., 0., 0., 0., 0., 0., 0., 0., 0., 0., 0., 1.,
        0., 0., 1., 0., 0., 1., 0., 0., 0., 0., 0., 1., 0., 0.]), tensor([0., 1., 0., 0., 1., 0., 0., 1., 0., 0., 0., 0., 0., 1., 0., 0., 1., 0.,
        0., 1., 0., 0., 1., 0., 0., 0., 0., 0., 1., 0., 0., 1.]), tensor([0., 1., 0., 0., 1., 0., 0., 1., 0., 0., 1., 0., 0., 1., 0., 0., 1., 0.,
        0., 1., 0., 0., 1., 0., 0., 1., 0., 0., 1., 0., 0., 0.]), tensor([0., 0., 0., 0., 1., 0., 0., 0., 0., 0., 1., 0., 0., 1., 0., 0., 1., 0.,
        0., 0., 0., 0., 1., 0., 0., 0., 0., 0., 1., 0., 0., 0.]), tensor([1., 0., 0., 0., 0., 0., 0., 0., 0., 0., 0., 0., 0., 0., 0., 0., 0., 0.,
        0., 0., 0., 0., 0., 0., 0., 0., 0., 1., 0., 0., 0., 0.]), tensor([0., 0., 0., 1., 0., 0., 1., 0., 0., 1., 0., 0., 1., 0., 0., 0., 0., 0.,
        1., 0., 0., 1., 0., 0., 0., 0., 0., 0., 0., 0., 0., 0.]), tensor([0., 0., 0., 1., 0., 0., 0., 0., 0., 0., 0., 0., 1., 0., 0., 0., 0., 0.,
        1., 0., 0., 1., 0., 0., 0., 0., 0., 0., 0., 0., 1., 0.]), tensor([0., 0., 0., 1., 0., 0., 0., 0., 0., 0., 0., 0., 1., 0., 0., 1., 0., 0.,
        1., 0., 0., 1., 0., 0., 1., 0., 0., 0., 0., 0., 0., 0.]), tensor([1., 1., 0., 0., 1., 1., 0., 0., 0., 0., 1., 0., 1., 1., 1., 1., 1., 1.,
        1., 1., 1., 1., 0., 1., 1., 0., 1., 0., 1., 1., 0., 1.]), tensor([0., 0., 1., 1., 0., 0., 0., 1., 1., 0., 1., 0., 0., 0., 1., 0., 1., 1.,
        0., 1., 1., 1., 1., 1., 0., 1., 1., 0., 1., 1., 1., 1.]), tensor([0., 1., 1., 0., 1., 0., 0., 0., 1., 0., 1., 0., 0., 0., 1., 1., 1., 1.,
        0., 1., 1., 0., 0., 1., 1., 1., 0., 0., 0., 1., 0., 0.]), tensor([0., 0., 0., 0., 0., 1., 0., 0., 1., 0., 0., 1., 0., 0., 0., 0., 0., 1.,
        0., 0., 0., 0., 0., 0., 0., 0., 1., 0., 0., 1., 0., 0.]), tensor([0., 1., 0., 0., 1., 0., 0., 1., 0., 0., 0., 0., 0., 1., 0., 0., 1., 0.,
        0., 1., 0., 0., 1., 0., 0., 0., 0., 0., 1., 0., 0., 1.]), tensor([1., 0., 1., 0., 0., 1., 0., 0., 1., 0., 0., 1., 0., 0., 1., 0., 0., 0.,
        0., 0., 1., 0., 0., 0., 0., 1., 0., 0., 0., 1., 0., 0.]), tensor([0., 0., 1., 0., 0., 1., 0., 1., 0., 0., 0., 0., 0., 0., 0., 0., 0., 1.,
        0., 0., 1., 0., 0., 1., 0., 0., 0., 0., 1., 1., 0., 0.]), tensor([0., 1., 1., 0., 1., 0., 0., 1., 0., 0., 1., 0., 0., 1., 0., 0., 1., 0.,
        0., 1., 0., 0., 1., 1., 0., 1., 0., 0., 1., 0., 0., 0.]), tensor([0., 1., 1., 0., 1., 0., 0., 1., 0., 0., 1., 0., 0., 1., 0., 0., 1., 0.,
        0., 1., 0., 0., 1., 1., 0., 1., 0., 0., 1., 0., 0., 0.]), tensor([0., 0., 1., 0., 0., 0., 0., 0., 1., 0., 0., 1., 0., 0., 1., 0., 0., 0.,
        0., 0., 1., 0., 0., 0., 0., 0., 1., 0., 0., 1., 0., 0.]), tensor([0., 0., 0., 0., 0., 0., 0., 0., 1., 0., 0., 1., 0., 0., 1., 0., 0., 0.,
        0., 0., 1., 0., 0., 1., 0., 0., 1., 0., 0., 0., 0., 0.]), tensor([0., 0., 0., 0., 0., 0., 0., 0., 0., 0., 0., 0., 0., 0., 0., 0., 0., 0.,
        0., 0., 0., 0., 0., 0., 0., 0., 1., 0., 0., 0., 0., 0.]), tensor([0., 0., 0., 1., 0., 0., 1., 0., 1., 0., 0., 0., 1., 0., 0., 0., 0., 0.,
        1., 0., 0., 1., 0., 0., 0., 0., 0., 0., 0., 1., 1., 0.]), tensor([0., 0., 0., 1., 0., 1., 0., 0., 0., 0., 0., 0., 1., 0., 0., 1., 0., 0.,
        1., 0., 0., 1., 0., 0., 1., 0., 0., 1., 0., 0., 1., 0.]), tensor([1., 0., 0., 0., 0., 0., 0., 0., 0., 0., 0., 0., 0., 0., 0., 0., 0., 0.,
        0., 0., 0., 0., 0., 0., 0., 0., 0., 1., 0., 0., 0., 0.]), tensor([0., 1., 1., 1., 0., 0., 1., 0., 0., 1., 0., 0., 1., 0., 0., 1., 0., 0.,
        1., 0., 1., 1., 0., 1., 1., 0., 0., 0., 0., 0., 0., 0.]), tensor([0., 0., 0., 0., 1., 1., 0., 0., 1., 0., 1., 1., 0., 1., 1., 0., 1., 0.,
        0., 0., 0., 0., 1., 0., 0., 0., 1., 0., 1., 0., 0., 1.]), tensor([0., 1., 0., 0., 1., 0., 0., 1., 0., 0., 1., 0., 0., 1., 0., 0., 1., 0.,
        0., 1., 0., 0., 1., 0., 0., 1., 0., 0., 1., 0., 0., 1.]), tensor([0., 0., 1., 0., 0., 1., 0., 0., 1., 0., 0., 1., 0., 0., 1., 0., 0., 1.,
        0., 0., 1., 0., 0., 1., 0., 0., 1., 0., 0., 1., 0., 0.]), tensor([1., 0., 0., 1., 0., 0., 1., 0., 0., 1., 0., 0., 1., 0., 0., 1., 0., 0.,
        1., 0., 0., 1., 0., 0., 1., 0., 0., 1., 0., 0., 1., 0.])]
[tensor([0., 0., 0., 1., 0., 0., 1., 0., 0., 1., 0., 0., 1., 0., 0., 1., 0., 0.,
        1., 0., 0., 0., 0., 0., 1., 0., 0., 0., 0., 0., 1., 0.]), tensor([1., 0., 0., 1., 0., 0., 0., 0., 0., 0., 0., 0., 0., 0., 0., 1., 0., 0.,
        1., 0., 0., 1., 0., 0., 0., 0., 0., 1., 0., 0., 1., 0.]), tensor([1., 0., 0., 1., 0., 0., 1., 0., 0., 1., 0., 0., 1., 0., 0., 1., 0., 0.,
        0., 0., 0., 0., 0., 0., 0., 0., 0., 0., 0., 0., 1., 0.]), tensor([1., 0., 0., 1., 0., 0., 0., 0., 0., 1., 0., 0., 1., 0., 0., 1., 0., 0.,
        0., 0., 0., 0., 0., 0., 1., 0., 0., 0., 0., 0., 0., 0.]), tensor([1., 0., 0., 0., 0., 0., 0., 0., 0., 0., 0., 0., 0., 0., 0., 1., 0., 0.,
        1., 0., 0., 1., 0., 0., 1., 0., 0., 1., 0., 0., 0., 0.]), tensor([0., 0., 0., 0., 0., 1., 0., 0., 1., 0., 0., 1., 0., 0., 0., 0., 0., 0.,
        0., 0., 1., 0., 0., 1., 0., 0., 0., 0., 0., 0., 0., 0.]), tensor([0., 0., 1., 0., 0., 0., 0., 0., 1., 0., 0., 1., 0., 0., 1., 0., 0., 1.,
        0., 0., 1., 0., 0., 1., 0., 0., 1., 0., 0., 1., 0., 0.]), tensor([0., 0., 0., 0., 0., 0., 0., 0., 0., 0., 0., 1., 0., 0., 0., 0., 0., 0.,
        0., 0., 0., 0., 0., 0., 0., 0., 1., 0., 0., 0., 0., 0.]), tensor([0., 0., 0., 0., 1., 0., 0., 1., 0., 0., 1., 0., 0., 0., 0., 0., 0., 0.,
        0., 0., 0., 0., 0., 0., 0., 1., 0., 0., 0., 0., 0., 0.]), tensor([0., 0., 0., 0., 0., 0., 0., 0., 0., 0., 0., 0., 0., 1., 0., 0., 1., 0.,
        0., 1., 0., 0., 0., 0., 0., 0., 0., 0., 1., 0., 0., 1.]), tensor([0., 1., 0., 0., 0., 0., 0., 0., 0., 0., 0., 0., 0., 1., 0., 0., 0., 0.,
        0., 0., 0., 0., 1., 0., 0., 0., 0., 0., 0., 0., 0., 0.]), tensor([0., 0., 0., 0., 0., 0., 0., 0., 0., 0., 0., 0., 0., 1., 0., 0., 0., 0.,
        0., 0., 0., 0., 1., 0., 0., 0., 0., 0., 0., 0., 0., 0.]), tensor([0., 1., 0., 1., 0., 0., 1., 1., 1., 1., 0., 1., 1., 0., 1., 0., 0., 0.,
        1., 0., 0., 1., 1., 1., 0., 1., 0., 1., 0., 1., 0., 1.]), tensor([1., 0., 1., 1., 1., 0., 0., 0., 0., 0., 0., 0., 0., 0., 1., 1., 1., 1.,
        1., 1., 0., 0., 1., 0., 1., 1., 0., 1., 0., 1., 0., 1.]), tensor([1., 0., 0., 1., 0., 0., 0., 0., 1., 0., 0., 1., 0., 0., 0., 1., 0., 1.,
        1., 0., 0., 1., 1., 0., 1., 1., 0., 1., 0., 1., 0., 0.]), tensor([1., 0., 0., 1., 0., 0., 0., 0., 0., 1., 0., 0., 1., 0., 0., 1., 0., 0.,
        0., 0., 0., 0., 0., 0., 1., 0., 0., 0., 0., 0., 0., 0.]), tensor([0., 0., 0., 0., 0., 1., 0., 0., 1., 0., 0., 1., 0., 0., 0., 0., 0., 0.,
        0., 0., 1., 0., 0., 1., 0., 0., 0., 0., 0., 0., 0., 0.]), tensor([1., 0., 0., 1., 1., 0., 1., 1., 1., 1., 1., 0., 1., 0., 1., 1., 0., 0.,
        0., 0., 0., 0., 0., 0., 1., 1., 0., 0., 0., 0., 1., 0.]), tensor([1., 0., 1., 0., 0., 1., 1., 0., 0., 0., 0., 0., 1., 0., 0., 1., 0., 0.,
        1., 0., 1., 1., 0., 0., 1., 0., 1., 1., 0., 0., 1., 0.]), tensor([0., 0., 1., 0., 0., 0., 0., 0., 1., 0., 0., 1., 0., 0., 1., 0., 0., 1.,
        1., 0., 1., 0., 0., 1., 0., 0., 1., 1., 0., 1., 0., 0.]), tensor([0., 0., 1., 0., 0., 0., 0., 0., 1., 0., 0., 1., 0., 0., 1., 0., 0., 1.,
        1., 0., 1., 0., 0., 1., 0., 0., 1., 1., 0., 1., 0., 0.]), tensor([0., 0., 0., 1., 0., 0., 0., 0., 0., 1., 0., 0., 1., 0., 0., 0., 0., 0.,
        1., 0., 0., 0., 0., 0., 1., 0., 0., 0., 0., 0., 0., 0.]), tensor([1., 0., 0., 1., 0., 0., 0., 0., 0., 0., 0., 0., 0., 0., 0., 1., 0., 0.,
        1., 0., 0., 1., 0., 0., 0., 0., 0., 1., 0., 0., 1., 0.]), tensor([0., 0., 0., 1., 0., 0., 1., 0., 0., 0., 0., 0., 0., 0., 0., 1., 0., 0.,
        0., 0., 0., 0., 0., 0., 1., 0., 0., 0., 0., 0., 1., 0.]), tensor([0., 1., 0., 0., 0., 0., 0., 0., 0., 0., 1., 0., 0., 1., 0., 0., 0., 0.,
        1., 1., 0., 0., 1., 0., 0., 0., 0., 0., 1., 0., 0., 0.]), tensor([0., 1., 0., 0., 0., 0., 0., 0., 0., 1., 0., 0., 0., 1., 0., 0., 0., 0.,
        0., 0., 0., 0., 1., 0., 0., 1., 0., 1., 0., 0., 0., 0.]), tensor([0., 0., 0., 0., 1., 0., 0., 1., 0., 0., 1., 0., 0., 0., 0., 0., 0., 0.,
        0., 0., 0., 0., 0., 0., 0., 1., 0., 0., 0., 0., 0., 0.]), tensor([1., 0., 0., 0., 0., 1., 1., 0., 0., 0., 0., 0., 1., 1., 0., 1., 1., 0.,
        1., 1., 1., 0., 1., 0., 0., 0., 0., 0., 1., 1., 1., 1.]), tensor([0., 0., 0., 1., 0., 0., 0., 0., 0., 1., 0., 1., 0., 0., 0., 0., 0., 0.,
        0., 0., 0., 0., 0., 0., 0., 0., 1., 0., 0., 0., 0., 0.]), tensor([0., 0., 1., 0., 0., 1., 0., 0., 1., 0., 0., 1., 0., 0., 1., 0., 0., 1.,
        0., 0., 1., 0., 0., 1., 0., 0., 1., 0., 0., 1., 0., 0.]), tensor([1., 0., 0., 1., 0., 0., 1., 0., 0., 1., 0., 0., 1., 0., 0., 1., 0., 0.,
        1., 0., 0., 1., 0., 0., 1., 0., 0., 1., 0., 0., 1., 0.]), tensor([0., 1., 0., 0., 1., 0., 0., 1., 0., 0., 1., 0., 0., 1., 0., 0., 1., 0.,
        0., 1., 0., 0., 1., 0., 0., 1., 0., 0., 1., 0., 0., 1.])]
[tensor([0., 0., 0., 0., 1., 0., 0., 1., 0., 0., 0., 0., 0., 1., 0., 0., 1., 0.,
        0., 1., 0., 0., 1., 0., 0., 1., 0., 0., 1., 0., 0., 1.]), tensor([0., 1., 0., 0., 0., 0., 0., 0., 0., 0., 0., 0., 0., 0., 0., 0., 0., 0.,
        0., 1., 0., 0., 0., 0., 0., 1., 0., 0., 0., 0., 0., 0.]), tensor([0., 1., 0., 0., 0., 0., 0., 1., 0., 0., 0., 0., 0., 0., 0., 0., 1., 0.,
        0., 1., 0., 0., 0., 0., 0., 0., 0., 0., 0., 0., 0., 0.]), tensor([0., 1., 0., 0., 1., 0., 0., 1., 0., 0., 1., 0., 0., 1., 0., 0., 1., 0.,
        0., 0., 0., 0., 1., 0., 0., 0., 0., 0., 1., 0., 0., 1.]), tensor([0., 1., 0., 0., 1., 0., 0., 1., 0., 0., 0., 0., 0., 1., 0., 0., 1., 0.,
        0., 1., 0., 0., 1., 0., 0., 1., 0., 0., 1., 0., 0., 1.]), tensor([1., 0., 0., 1., 0., 0., 1., 0., 0., 1., 0., 0., 0., 0., 0., 1., 0., 0.,
        0., 0., 0., 1., 0., 0., 1., 0., 0., 1., 0., 0., 1., 0.]), tensor([0., 0., 0., 1., 0., 0., 1., 0., 0., 1., 0., 0., 1., 0., 0., 1., 0., 0.,
        1., 0., 0., 0., 0., 0., 0., 0., 0., 1., 0., 0., 0., 0.]), tensor([0., 0., 0., 0., 0., 0., 0., 0., 0., 0., 0., 0., 1., 0., 0., 1., 0., 0.,
        1., 0., 0., 0., 0., 0., 0., 0., 0., 1., 0., 0., 0., 0.]), tensor([0., 0., 0., 0., 0., 0., 0., 0., 0., 0., 0., 0., 0., 0., 1., 0., 0., 0.,
        0., 0., 0., 0., 0., 0., 0., 0., 0., 0., 0., 0., 0., 0.]), tensor([0., 0., 1., 0., 0., 1., 0., 0., 1., 0., 0., 1., 0., 0., 0., 0., 0., 1.,
        0., 0., 0., 0., 0., 1., 0., 0., 0., 0., 0., 1., 0., 0.]), tensor([0., 0., 0., 0., 0., 1., 0., 0., 0., 0., 0., 0., 0., 0., 1., 0., 0., 1.,
        0., 0., 1., 0., 0., 1., 0., 0., 1., 0., 0., 0., 0., 0.]), tensor([0., 0., 0., 0., 0., 1., 0., 0., 1., 0., 0., 0., 0., 0., 0., 0., 0., 1.,
        0., 0., 1., 0., 0., 1., 0., 0., 0., 0., 0., 0., 0., 0.]), tensor([1., 1., 1., 1., 1., 1., 1., 0., 0., 1., 1., 1., 1., 0., 1., 1., 1., 0.,
        1., 1., 0., 0., 1., 0., 1., 1., 0., 1., 1., 0., 0., 1.]), tensor([1., 1., 1., 0., 1., 1., 1., 1., 0., 1., 0., 1., 1., 1., 1., 0., 0., 0.,
        0., 1., 1., 1., 0., 1., 1., 0., 0., 1., 0., 1., 0., 1.]), tensor([1., 1., 0., 1., 1., 0., 0., 1., 0., 1., 0., 0., 0., 1., 0., 0., 1., 0.,
        1., 1., 1., 0., 1., 0., 0., 1., 0., 1., 1., 0., 0., 1.]), tensor([0., 1., 0., 0., 1., 0., 0., 1., 0., 0., 1., 0., 0., 1., 0., 0., 1., 0.,
        0., 0., 0., 0., 1., 0., 0., 0., 0., 0., 1., 0., 0., 1.]), tensor([1., 0., 0., 1., 0., 0., 1., 0., 0., 1., 0., 0., 0., 0., 0., 1., 0., 0.,
        0., 0., 0., 1., 0., 0., 1., 0., 0., 1., 0., 0., 1., 0.]), tensor([0., 1., 0., 0., 1., 0., 0., 1., 0., 0., 1., 0., 0., 0., 1., 0., 1., 0.,
        0., 1., 0., 1., 0., 0., 0., 0., 0., 0., 1., 0., 0., 1.]), tensor([0., 1., 0., 0., 1., 0., 0., 1., 0., 0., 1., 0., 1., 1., 0., 0., 1., 0.,
        0., 1., 0., 0., 1., 0., 0., 1., 0., 0., 1., 0., 1., 1.]), tensor([0., 0., 0., 1., 0., 0., 1., 1., 0., 1., 0., 0., 1., 1., 0., 1., 1., 0.,
        1., 0., 0., 0., 0., 0., 0., 1., 0., 1., 0., 0., 0., 0.]), tensor([0., 0., 0., 1., 0., 0., 1., 0., 0., 1., 0., 0., 1., 0., 0., 1., 0., 0.,
        1., 0., 0., 0., 0., 0., 0., 1., 0., 1., 0., 0., 0., 0.]), tensor([0., 0., 0., 0., 1., 0., 0., 1., 0., 0., 0., 0., 0., 1., 0., 0., 1., 0.,
        0., 0., 0., 0., 1., 0., 0., 1., 0., 0., 1., 0., 0., 1.]), tensor([0., 1., 0., 0., 0., 0., 0., 0., 0., 0., 0., 0., 0., 0., 0., 0., 0., 0.,
        0., 1., 0., 0., 0., 0., 0., 1., 0., 0., 0., 0., 0., 0.]), tensor([0., 0., 0., 0., 0., 0., 0., 1., 0., 0., 0., 0., 0., 1., 0., 0., 1., 0.,
        0., 1., 0., 0., 1., 0., 0., 0., 0., 0., 0., 0., 0., 1.]), tensor([0., 1., 0., 0., 0., 1., 0., 0., 0., 0., 0., 1., 0., 0., 1., 0., 0., 1.,
        0., 0., 1., 0., 0., 1., 0., 0., 1., 0., 1., 1., 0., 0.]), tensor([0., 0., 0., 0., 0., 1., 0., 0., 1., 0., 0., 0., 0., 0., 1., 0., 0., 1.,
        0., 0., 1., 0., 0., 1., 0., 0., 1., 0., 0., 0., 0., 0.]), tensor([0., 0., 0., 0., 0., 0., 0., 0., 0., 0., 0., 0., 0., 0., 1., 0., 0., 0.,
        0., 0., 0., 0., 0., 0., 0., 0., 0., 0., 0., 0., 0., 0.]), tensor([1., 1., 1., 0., 0., 1., 0., 1., 1., 0., 0., 1., 0., 0., 0., 0., 1., 1.,
        0., 0., 1., 0., 0., 1., 0., 0., 0., 0., 0., 1., 0., 0.]), tensor([0., 0., 0., 0., 0., 0., 0., 0., 0., 0., 0., 0., 1., 0., 0., 1., 0., 0.,
        1., 1., 0., 0., 0., 0., 0., 0., 0., 1., 0., 0., 0., 0.]), tensor([1., 0., 0., 1., 0., 0., 1., 0., 0., 1., 0., 0., 1., 0., 0., 1., 0., 0.,
        1., 0., 0., 1., 0., 0., 1., 0., 0., 1., 0., 0., 1., 0.]), tensor([0., 1., 0., 0., 1., 0., 0., 1., 0., 0., 1., 0., 0., 1., 0., 0., 1., 0.,
        0., 1., 0., 0., 1., 0., 0., 1., 0., 0., 1., 0., 0., 1.]), tensor([0., 0., 1., 0., 0., 1., 0., 0., 1., 0., 0., 1., 0., 0., 1., 0., 0., 1.,
        0., 0., 1., 0., 0., 1., 0., 0., 1., 0., 0., 1., 0., 0.])]
[tensor([0., 0., 1., 0., 0., 1., 0., 0., 1., 0., 0., 1., 0., 0., 1., 0., 0., 0.,
        0., 0., 1., 0., 0., 1., 0., 0., 0., 0., 0., 0., 0., 0.]), tensor([0., 0., 0., 0., 0., 1., 0., 0., 0., 0., 0., 1., 0., 0., 0., 0., 0., 1.,
        0., 0., 0., 0., 0., 0., 0., 0., 1., 0., 0., 1., 0., 0.]), tensor([0., 0., 0., 0., 0., 0., 0., 0., 0., 0., 0., 1., 0., 0., 0., 0., 0., 0.,
        0., 0., 0., 0., 0., 0., 0., 0., 1., 0., 0., 1., 0., 0.]), tensor([0., 0., 1., 0., 0., 0., 0., 0., 1., 0., 0., 0., 0., 0., 0., 0., 0., 0.,
        0., 0., 1., 0., 0., 1., 0., 0., 1., 0., 0., 1., 0., 0.]), tensor([0., 0., 0., 0., 0., 1., 0., 0., 1., 0., 0., 0., 0., 0., 1., 0., 0., 1.,
        0., 0., 1., 0., 0., 1., 0., 0., 1., 0., 0., 0., 0., 0.]), tensor([0., 1., 0., 0., 1., 0., 0., 0., 0., 0., 1., 0., 0., 1., 0., 0., 0., 0.,
        0., 0., 0., 0., 1., 0., 0., 0., 0., 0., 1., 0., 0., 0.]), tensor([0., 0., 0., 0., 0., 0., 0., 1., 0., 0., 1., 0., 0., 1., 0., 0., 1., 0.,
        0., 1., 0., 0., 1., 0., 0., 1., 0., 0., 1., 0., 0., 1.]), tensor([0., 0., 0., 0., 0., 0., 0., 0., 0., 0., 0., 0., 0., 1., 0., 0., 0., 0.,
        0., 1., 0., 0., 1., 0., 0., 0., 0., 0., 0., 0., 0., 0.]), tensor([0., 0., 0., 0., 0., 0., 0., 0., 0., 0., 0., 0., 0., 0., 0., 0., 0., 0., 0., 0., 0., 0., 0., 0.,
        0., 0., 0., 0., 0., 0., 0., 0.]), tensor([0., 0., 0., 1., 0., 0., 1., 0., 0., 1., 0., 0., 0., 0., 0., 0., 0., 0.,
        1., 0., 0., 0., 0., 0., 1., 0., 0., 0., 0., 0., 1., 0.]), tensor([1., 0., 0., 0., 0., 0., 0., 0., 0., 1., 0., 0., 1., 0., 0., 1., 0., 0.,
        0., 0., 0., 1., 0., 0., 0., 0., 0., 0., 0., 0., 0., 0.]), tensor([0., 0., 0., 1., 0., 0., 0., 0., 0., 1., 0., 0., 0., 0., 0., 0., 0., 0.,
        1., 0., 0., 0., 0., 0., 1., 0., 0., 1., 0., 0., 0., 0.]), tensor([1., 1., 0., 1., 1., 0., 0., 0., 1., 0., 1., 0., 1., 1., 1., 0., 0., 1.,
        1., 1., 1., 1., 1., 0., 1., 0., 0., 1., 0., 0., 1., 0.]), tensor([0., 0., 1., 1., 1., 1., 0., 1., 0., 1., 1., 0., 1., 0., 1., 1., 1., 1.,
        1., 1., 0., 0., 0., 1., 0., 0., 1., 1., 1., 1., 1., 0.]), tensor([1., 1., 1., 0., 1., 1., 0., 0., 1., 0., 0., 0., 1., 0., 1., 0., 1., 1.,
        0., 0., 1., 0., 0., 1., 0., 0., 1., 1., 0., 0., 0., 0.]), tensor([0., 0., 1., 0., 0., 0., 0., 0., 1., 0., 0., 0., 0., 0., 0., 0., 0., 0.,
        0., 0., 1., 0., 0., 1., 0., 0., 1., 0., 0., 1., 0., 0.]), tensor([0., 1., 0., 0., 1., 0., 0., 0., 0., 0., 1., 0., 0., 1., 0., 0., 0., 0.,
        0., 0., 0., 0., 1., 0., 0., 0., 0., 0., 1., 0., 0., 0.]), tensor([0., 0., 0., 0., 0., 0., 0., 0., 1., 0., 0., 1., 0., 0., 1., 0., 0., 0.,
        0., 0., 0., 0., 0., 0., 0., 0., 1., 0., 1., 1., 0., 0.]), tensor([0., 0., 0., 0., 0., 1., 0., 1., 1., 0., 0., 1., 0., 0., 1., 0., 0., 1.,
        0., 0., 1., 0., 0., 1., 0., 1., 1., 0., 0., 0., 0., 1.]), tensor([0., 0., 0., 0., 0., 0., 0., 1., 1., 0., 1., 0., 0., 1., 0., 0., 1., 0.,
        0., 1., 0., 0., 1., 1., 0., 1., 0., 0., 1., 0., 0., 1.]), tensor([0., 0., 0., 0., 0., 0., 0., 1., 1., 0., 1., 0., 0., 1., 0., 0., 1., 0.,
        0., 1., 0., 0., 1., 0., 0., 1., 0., 0., 1., 0., 0., 1.]), tensor([0., 0., 1., 0., 0., 1., 0., 0., 1., 0., 0., 1., 0., 0., 1., 0., 0., 0.,
        0., 0., 1., 0., 0., 1., 0., 0., 0., 0., 0., 0., 0., 0.]), tensor([0., 0., 0., 0., 0., 1., 0., 0., 0., 0., 0., 1., 0., 0., 0., 0., 0., 1.,
        0., 0., 0., 0., 0., 0., 0., 0., 1., 0., 0., 1., 0., 0.]), tensor([0., 0., 0., 0., 0., 0., 0., 0., 0., 0., 0., 0., 0., 0., 0., 0., 0., 0.,
        0., 0., 0., 0., 0., 1., 0., 0., 0., 0., 0., 0., 0., 0.]), tensor([1., 0., 0., 0., 0., 1., 0., 0., 0., 1., 0., 0., 1., 0., 0., 1., 0., 0.,
        0., 0., 1., 1., 0., 0., 0., 0., 1., 0., 0., 0., 0., 0.]), tensor([1., 0., 0., 1., 0., 0., 0., 0., 0., 1., 0., 1., 1., 0., 0., 1., 0., 0.,
        1., 0., 0., 1., 0., 0., 1., 0., 0., 1., 0., 0., 0., 0.]), tensor([0., 0., 0., 0., 0., 0., 0., 0., 0., 0., 0., 0., 0., 0., 0., 0., 0., 0., 0., 0., 0., 0., 0., 0.,
        0., 0., 0., 0., 0., 0., 0., 0.]), tensor([0., 1., 1., 1., 0., 0., 1., 1., 0., 1., 0., 0., 0., 0., 0., 0., 1., 0.,
        1., 0., 0., 0., 0., 0., 1., 1., 0., 1., 0., 0., 1., 0.]), tensor([0., 0., 0., 0., 0., 0., 0., 0., 0., 0., 0., 1., 1., 1., 0., 0., 0., 0.,
        0., 1., 0., 1., 1., 0., 0., 0., 1., 0., 0., 1., 0., 0.]), tensor([0., 1., 0., 0., 1., 0., 0., 1., 0., 0., 1., 0., 0., 1., 0., 0., 1., 0.,
        0., 1., 0., 0., 1., 0., 0., 1., 0., 0., 1., 0., 0., 1.]), tensor([0., 0., 1., 0., 0., 1., 0., 0., 1., 0., 0., 1., 0., 0., 1., 0., 0., 1.,
        0., 0., 1., 0., 0., 1., 0., 0., 1., 0., 0., 1., 0., 0.]), tensor([1., 0., 0., 1., 0., 0., 1., 0., 0., 1., 0., 0., 1., 0., 0., 1., 0., 0.,
        1., 0., 0., 1., 0., 0., 1., 0., 0., 1., 0., 0., 1., 0.])]
[tensor([0., 0., 0., 1., 0., 0., 1., 0., 0., 0., 0., 0., 1., 0., 0., 1., 0., 0.,
        1., 0., 0., 0., 0., 0., 1., 0., 0., 1., 0., 0., 1., 0.]), tensor([1., 0., 0., 0., 0., 0., 0., 0., 0., 1., 0., 0., 0., 0., 0., 0., 0., 0.,
        1., 0., 0., 0., 0., 0., 0., 0., 0., 1., 0., 0., 1., 0.]), tensor([0., 0., 0., 0., 0., 0., 0., 0., 0., 0., 0., 0., 1., 0., 0., 0., 0., 0.,
        0., 0., 0., 1., 0., 0., 0., 0., 0., 0., 0., 0., 1., 0.]), tensor([1., 0., 0., 0., 0., 0., 0., 0., 0., 0., 0., 0., 0., 0., 0., 1., 0., 0.,
        0., 0., 0., 1., 0., 0., 1., 0., 0., 0., 0., 0., 0., 0.]), tensor([0., 0., 0., 0., 0., 0., 1., 0., 0., 1., 0., 0., 1., 0., 0., 0., 0., 0.,
        1., 0., 0., 1., 0., 0., 1., 0., 0., 1., 0., 0., 1., 0.]), tensor([0., 0., 1., 0., 0., 0., 0., 0., 1., 0., 0., 1., 0., 0., 0., 0., 0., 1.,
        0., 0., 0., 0., 0., 0., 0., 0., 1., 0., 0., 1., 0., 0.]), tensor([0., 0., 0., 0., 0., 1., 0., 0., 1., 0., 0., 1., 0., 0., 1., 0., 0., 1.,
        0., 0., 1., 0., 0., 1., 0., 0., 0., 0., 0., 1., 0., 0.]), tensor([0., 0., 0., 0., 0., 1., 0., 0., 0., 0., 0., 0., 0., 0., 1., 0., 0., 0.,
        0., 0., 0., 0., 0., 0., 0., 0., 0., 0., 0., 0., 0., 0.]), tensor([0., 0., 0., 0., 0., 0., 0., 0., 0., 0., 1., 0., 0., 1., 0., 0., 0., 0.,
        0., 0., 0., 0., 1., 0., 0., 1., 0., 0., 0., 0., 0., 0.]), tensor([0., 1., 0., 0., 0., 0., 0., 1., 0., 0., 0., 0., 0., 0., 0., 0., 1., 0.,
        0., 1., 0., 0., 0., 0., 0., 0., 0., 0., 1., 0., 0., 0.]), tensor([0., 1., 0., 0., 1., 0., 0., 0., 0., 0., 0., 0., 0., 1., 0., 0., 1., 0.,
        0., 1., 0., 0., 0., 0., 0., 0., 0., 0., 1., 0., 0., 1.]), tensor([0., 1., 0., 0., 1., 0., 0., 1., 0., 0., 0., 0., 0., 0., 0., 0., 1., 0.,
        0., 1., 0., 0., 0., 0., 0., 0., 0., 0., 1., 0., 0., 0.]), tensor([1., 0., 1., 1., 0., 1., 0., 1., 0., 1., 1., 1., 1., 1., 0., 1., 0., 0.,
        1., 0., 1., 0., 0., 1., 1., 1., 1., 1., 0., 0., 0., 1.]), tensor([1., 0., 0., 1., 1., 1., 1., 0., 1., 0., 1., 0., 0., 1., 1., 1., 1., 1.,
        0., 1., 1., 1., 1., 1., 1., 1., 0., 0., 1., 0., 1., 0.]), tensor([0., 0., 1., 0., 1., 0., 1., 0., 0., 1., 1., 0., 1., 0., 0., 0., 0., 0.,
        1., 0., 0., 1., 1., 1., 1., 0., 1., 1., 0., 0., 1., 0.]), tensor([1., 0., 0., 0., 0., 0., 0., 0., 0., 0., 0., 0., 0., 0., 0., 1., 0., 0.,
        0., 0., 0., 1., 0., 0., 1., 0., 0., 0., 0., 0., 0., 0.]), tensor([0., 0., 1., 0., 0., 0., 0., 0., 1., 0., 0., 1., 0., 0., 0., 0., 0., 1.,
        0., 0., 0., 0., 0., 0., 0., 0., 1., 0., 0., 1., 0., 0.]), tensor([1., 0., 0., 0., 0., 0., 1., 0., 0., 0., 1., 0., 1., 0., 0., 0., 0., 0.,
        1., 0., 0., 1., 1., 0., 1., 1., 0., 1., 0., 0., 1., 0.]), tensor([0., 0., 0., 0., 0., 1., 1., 0., 0., 1., 0., 1., 1., 0., 0., 1., 0., 0.,
        1., 0., 1., 1., 0., 0., 1., 0., 0., 1., 0., 1., 1., 0.]), tensor([0., 0., 0., 0., 0., 1., 1., 0., 1., 0., 0., 1., 1., 0., 1., 0., 0., 1.,
        1., 0., 1., 0., 0., 1., 0., 0., 0., 0., 0., 1., 0., 0.]), tensor([0., 0., 0., 0., 0., 1., 1., 0., 1., 0., 0., 1., 1., 0., 1., 0., 0., 1.,
        1., 0., 1., 0., 0., 1., 0., 0., 0., 0., 0., 1., 0., 0.]), tensor([0., 0., 0., 1., 0., 0., 1., 0., 0., 0., 0., 0., 1., 0., 0., 1., 0., 0.,
        1., 0., 0., 0., 0., 0., 1., 0., 0., 1., 0., 0., 1., 0.]), tensor([1., 0., 0., 0., 0., 0., 0., 0., 0., 1., 0., 0., 0., 0., 0., 0., 0., 0.,
        1., 0., 0., 0., 0., 0., 0., 0., 0., 1., 0., 0., 1., 0.]), tensor([0., 0., 0., 1., 0., 0., 0., 0., 0., 0., 0., 0., 0., 0., 0., 1., 0., 0.,
        0., 0., 0., 0., 0., 0., 0., 0., 0., 0., 0., 0., 1., 0.]), tensor([1., 1., 0., 0., 1., 0., 0., 0., 0., 1., 0., 0., 0., 1., 0., 0., 1., 0.,
        0., 1., 0., 0., 0., 0., 0., 0., 0., 0., 1., 0., 0., 1.]), tensor([0., 1., 0., 1., 1., 0., 1., 1., 0., 0., 0., 0., 0., 1., 0., 0., 1., 0.,
        0., 1., 0., 0., 0., 0., 0., 1., 0., 0., 1., 0., 0., 1.]), tensor([0., 0., 0., 0., 0., 0., 0., 0., 0., 0., 1., 0., 0., 1., 0., 0., 0., 0.,
        0., 0., 0., 0., 1., 0., 0., 1., 0., 0., 0., 0., 0., 0.]), tensor([0., 1., 0., 0., 1., 0., 0., 1., 0., 0., 0., 0., 1., 0., 0., 0., 1., 0.,
        0., 1., 1., 1., 0., 0., 0., 0., 0., 0., 1., 0., 1., 0.]), tensor([0., 0., 0., 0., 0., 1., 0., 0., 0., 0., 0., 0., 0., 0., 1., 0., 0., 0.,
        0., 0., 0., 0., 0., 0., 0., 0., 0., 0., 0., 0., 0., 0.]), tensor([0., 0., 1., 0., 0., 1., 0., 0., 1., 0., 0., 1., 0., 0., 1., 0., 0., 1.,
        0., 0., 1., 0., 0., 1., 0., 0., 1., 0., 0., 1., 0., 0.]), tensor([1., 0., 0., 1., 0., 0., 1., 0., 0., 1., 0., 0., 1., 0., 0., 1., 0., 0.,
        1., 0., 0., 1., 0., 0., 1., 0., 0., 1., 0., 0., 1., 0.]), tensor([0., 1., 0., 0., 1., 0., 0., 1., 0., 0., 1., 0., 0., 1., 0., 0., 1., 0.,
        0., 1., 0., 0., 1., 0., 0., 1., 0., 0., 1., 0., 0., 1.])]
[tensor([0., 1., 0., 0., 0., 0., 0., 1., 0., 0., 1., 0., 0., 0., 0., 0., 1., 0.,
        0., 1., 0., 0., 1., 0., 0., 1., 0., 0., 1., 0., 0., 1.]), tensor([0., 1., 0., 0., 1., 0., 0., 0., 0., 0., 0., 0., 0., 1., 0., 0., 1., 0.,
        0., 0., 0., 0., 1., 0., 0., 0., 0., 0., 1., 0., 0., 1.]), tensor([0., 0., 0., 0., 0., 0., 0., 1., 0., 0., 0., 0., 0., 0., 0., 0., 1., 0.,
        0., 0., 0., 0., 0., 0., 0., 1., 0., 0., 0., 0., 0., 0.]), tensor([0., 0., 0., 0., 1., 0., 0., 1., 0., 0., 1., 0., 0., 0., 0., 0., 1., 0.,
        0., 1., 0., 0., 1., 0., 0., 1., 0., 0., 0., 0., 0., 1.]), tensor([0., 0., 0., 0., 0., 0., 0., 0., 0., 0., 1., 0., 0., 1., 0., 0., 0., 0.,
        0., 0., 0., 0., 1., 0., 0., 1., 0., 0., 0., 0., 0., 0.]), tensor([1., 0., 0., 1., 0., 0., 1., 0., 0., 1., 0., 0., 1., 0., 0., 1., 0., 0.,
        0., 0., 0., 1., 0., 0., 0., 0., 0., 1., 0., 0., 1., 0.]), tensor([1., 0., 0., 1., 0., 0., 0., 0., 0., 0., 0., 0., 1., 0., 0., 1., 0., 0.,
        1., 0., 0., 0., 0., 0., 1., 0., 0., 0., 0., 0., 1., 0.]), tensor([1., 0., 0., 1., 0., 0., 0., 0., 0., 0., 0., 0., 0., 0., 0., 1., 0., 0.,
        1., 0., 0., 0., 0., 0., 1., 0., 0., 0., 0., 0., 0., 0.]), tensor([0., 0., 0., 0., 0., 1., 0., 0., 0., 0., 0., 1., 0., 0., 0., 0., 0., 1.,
        0., 0., 1., 0., 0., 0., 0., 0., 1., 0., 0., 0., 0., 0.]), tensor([0., 0., 1., 0., 0., 0., 0., 0., 0., 0., 0., 0., 0., 0., 0., 0., 0., 0.,
        0., 0., 0., 0., 0., 0., 0., 0., 0., 0., 0., 1., 0., 0.]), tensor([0., 0., 0., 0., 0., 0., 0., 0., 1., 0., 0., 0., 0., 0., 1., 0., 0., 1.,
        0., 0., 0., 0., 0., 1., 0., 0., 1., 0., 0., 1., 0., 0.]), tensor([0., 0., 1., 0., 0., 0., 0., 0., 0., 0., 0., 0., 0., 0., 1., 0., 0., 0.,
        0., 0., 0., 0., 0., 1., 0., 0., 0., 0., 0., 1., 0., 0.]), tensor([1., 1., 1., 0., 0., 1., 1., 1., 1., 0., 1., 1., 1., 0., 1., 1., 1., 1.,
        0., 1., 1., 1., 1., 1., 1., 0., 1., 1., 0., 1., 1., 0.]), tensor([1., 1., 1., 0., 1., 1., 1., 1., 1., 1., 1., 1., 1., 1., 1., 1., 1., 0.,
        0., 1., 1., 0., 1., 1., 1., 1., 1., 1., 1., 1., 0., 1.]), tensor([1., 0., 0., 0., 0., 0., 0., 0., 0., 0., 1., 1., 1., 1., 1., 1., 0., 0.,
        0., 1., 1., 1., 1., 1., 0., 1., 0., 0., 0., 0., 0., 0.]), tensor([0., 0., 0., 0., 1., 0., 0., 1., 0., 0., 1., 0., 0., 0., 0., 0., 1., 0.,
        0., 1., 0., 0., 1., 0., 0., 1., 0., 0., 0., 0., 0., 1.]), tensor([1., 0., 0., 1., 0., 0., 1., 0., 0., 1., 0., 0., 1., 0., 0., 1., 0., 0.,
        0., 0., 0., 1., 0., 0., 0., 0., 0., 1., 0., 0., 1., 0.]), tensor([0., 1., 0., 0., 0., 1., 0., 1., 0., 0., 0., 0., 0., 1., 0., 0., 1., 0.,
        0., 0., 0., 0., 0., 0., 0., 1., 1., 0., 1., 0., 1., 0.]), tensor([0., 0., 0., 0., 1., 0., 0., 1., 0., 0., 1., 0., 0., 1., 0., 0., 0., 0.,
        0., 0., 0., 0., 1., 0., 1., 1., 0., 0., 0., 0., 0., 0.]), tensor([1., 0., 0., 1., 0., 0., 0., 0., 0., 0., 1., 0., 1., 0., 0., 1., 0., 0.,
        1., 0., 0., 0., 0., 0., 1., 0., 0., 0., 0., 0., 1., 0.]), tensor([1., 0., 0., 1., 0., 0., 0., 0., 0., 0., 0., 0., 1., 0., 0., 1., 0., 0.,
        1., 0., 0., 0., 0., 0., 1., 0., 0., 0., 0., 0., 1., 0.]), tensor([0., 1., 0., 0., 0., 0., 0., 0., 0., 0., 1., 0., 0., 0., 0., 0., 1., 0.,
        0., 1., 0., 0., 1., 0., 0., 1., 0., 0., 1., 0., 0., 1.]), tensor([0., 1., 0., 0., 1., 0., 0., 0., 0., 0., 0., 0., 0., 1., 0., 0., 1., 0.,
        0., 0., 0., 0., 1., 0., 0., 0., 0., 0., 1., 0., 0., 1.]), tensor([0., 0., 0., 0., 0., 0., 0., 1., 0., 0., 1., 0., 0., 0., 0., 0., 0., 0.,
        0., 0., 0., 0., 0., 0., 0., 1., 0., 0., 0., 0., 0., 0.]), tensor([0., 0., 0., 0., 0., 1., 0., 0., 1., 0., 0., 0., 0., 0., 1., 0., 0., 1.,
        0., 0., 0., 0., 0., 1., 0., 0., 1., 0., 0., 1., 0., 0.]), tensor([0., 0., 1., 0., 1., 0., 0., 0., 1., 0., 0., 1., 0., 0., 1., 0., 0., 1.,
        0., 0., 1., 0., 0., 1., 0., 0., 1., 0., 0., 1., 0., 0.]), tensor([0., 0., 0., 0., 0., 1., 0., 0., 0., 0., 0., 1., 0., 0., 0., 0., 0., 1.,
        0., 0., 1., 0., 0., 0., 0., 0., 1., 0., 0., 0., 0., 0.]), tensor([0., 0., 1., 0., 0., 0., 0., 0., 0., 0., 0., 0., 0., 0., 1., 0., 0., 0.,
        0., 0., 0., 0., 1., 1., 0., 0., 0., 0., 0., 1., 0., 0.]), tensor([1., 0., 0., 1., 0., 0., 1., 1., 1., 1., 0., 0., 0., 0., 0., 1., 1., 0.,
        1., 1., 0., 0., 0., 0., 1., 1., 0., 0., 0., 0., 0., 1.]), tensor([1., 0., 0., 1., 0., 0., 1., 0., 0., 1., 0., 0., 1., 0., 0., 1., 0., 0.,
        1., 0., 0., 1., 0., 0., 1., 0., 0., 1., 0., 0., 1., 0.]), tensor([0., 1., 0., 0., 1., 0., 0., 1., 0., 0., 1., 0., 0., 1., 0., 0., 1., 0.,
        0., 1., 0., 0., 1., 0., 0., 1., 0., 0., 1., 0., 0., 1.]), tensor([0., 0., 1., 0., 0., 1., 0., 0., 1., 0., 0., 1., 0., 0., 1., 0., 0., 1.,
        0., 0., 1., 0., 0., 1., 0., 0., 1., 0., 0., 1., 0., 0.])]
[tensor([0., 0., 0., 0., 0., 0., 0., 0., 1., 0., 0., 1., 0., 0., 1., 0., 0., 1.,
        0., 0., 0., 0., 0., 0., 0., 0., 1., 0., 0., 0., 0., 0.]), tensor([0., 0., 1., 0., 0., 1., 0., 0., 0., 0., 0., 1., 0., 0., 1., 0., 0., 0.,
        0., 0., 1., 0., 0., 1., 0., 0., 0., 0., 0., 1., 0., 0.]), tensor([0., 0., 1., 0., 0., 0., 0., 0., 1., 0., 0., 1., 0., 0., 0., 0., 0., 0.,
        0., 0., 1., 0., 0., 0., 0., 0., 1., 0., 0., 0., 0., 0.]), tensor([0., 0., 1., 0., 0., 0., 0., 0., 1., 0., 0., 1., 0., 0., 1., 0., 0., 0.,
        0., 0., 0., 0., 0., 1., 0., 0., 1., 0., 0., 1., 0., 0.]), tensor([0., 0., 1., 0., 0., 0., 0., 0., 0., 0., 0., 1., 0., 0., 1., 0., 0., 1.,
        0., 0., 0., 0., 0., 1., 0., 0., 1., 0., 0., 0., 0., 0.]), tensor([0., 1., 0., 0., 1., 0., 0., 1., 0., 0., 1., 0., 0., 1., 0., 0., 1., 0.,
        0., 0., 0., 0., 1., 0., 0., 0., 0., 0., 1., 0., 0., 0.]), tensor([0., 1., 0., 0., 1., 0., 0., 1., 0., 0., 1., 0., 0., 1., 0., 0., 1., 0.,
        0., 1., 0., 0., 1., 0., 0., 1., 0., 0., 1., 0., 0., 1.]), tensor([0., 1., 0., 0., 1., 0., 0., 0., 0., 0., 1., 0., 0., 1., 0., 0., 1., 0.,
        0., 1., 0., 0., 1., 0., 0., 1., 0., 0., 1., 0., 0., 0.]), tensor([0., 0., 0., 0., 0., 0., 0., 0., 0., 1., 0., 0., 0., 0., 0., 0., 0., 0.,
        1., 0., 0., 1., 0., 0., 0., 0., 0., 0., 0., 0., 0., 0.]), tensor([1., 0., 0., 1., 0., 0., 1., 0., 0., 0., 0., 0., 1., 0., 0., 1., 0., 0.,
        0., 0., 0., 0., 0., 0., 1., 0., 0., 0., 0., 0., 0., 0.]), tensor([1., 0., 0., 0., 0., 0., 0., 0., 0., 0., 0., 0., 0., 0., 0., 1., 0., 0.,
        0., 0., 0., 0., 0., 0., 0., 0., 0., 1., 0., 0., 1., 0.]), tensor([1., 0., 0., 1., 0., 0., 0., 0., 0., 0., 0., 0., 1., 0., 0., 1., 0., 0.,
        0., 0., 0., 0., 0., 0., 0., 0., 0., 0., 0., 0., 1., 0.]), tensor([1., 0., 1., 0., 1., 0., 0., 1., 1., 1., 1., 1., 0., 0., 1., 0., 1., 0.,
        1., 1., 1., 0., 0., 1., 1., 1., 1., 1., 0., 0., 1., 0.]), tensor([0., 1., 0., 0., 1., 1., 0., 1., 0., 0., 1., 1., 0., 1., 1., 1., 1., 1.,
        0., 1., 1., 1., 0., 1., 0., 1., 1., 0., 0., 0., 1., 1.]), tensor([0., 0., 1., 0., 0., 0., 0., 0., 0., 0., 0., 1., 0., 0., 1., 0., 0., 1.,
        0., 0., 0., 0., 0., 1., 0., 0., 1., 0., 0., 0., 1., 1.]), tensor([0., 0., 1., 0., 0., 0., 0., 0., 1., 0., 0., 1., 0., 0., 1., 0., 0., 0.,
        0., 0., 0., 0., 0., 1., 0., 0., 1., 0., 0., 1., 0., 0.]), tensor([0., 1., 0., 0., 1., 0., 0., 1., 0., 0., 1., 0., 0., 1., 0., 0., 1., 0.,
        0., 0., 0., 0., 1., 0., 0., 0., 0., 0., 1., 0., 0., 0.]), tensor([0., 0., 1., 0., 0., 0., 0., 0., 1., 1., 0., 1., 0., 0., 1., 0., 0., 0.,
        0., 0., 1., 1., 0., 0., 0., 0., 1., 0., 0., 1., 0., 0.]), tensor([0., 0., 1., 0., 0., 1., 0., 0., 1., 0., 0., 1., 0., 0., 1., 0., 1., 1.,
        0., 0., 1., 0., 0., 1., 0., 0., 1., 0., 0., 1., 0., 0.]), tensor([0., 1., 0., 0., 1., 0., 0., 1., 0., 0., 1., 0., 0., 1., 1., 0., 1., 0.,
        0., 1., 0., 0., 1., 0., 0., 1., 1., 0., 1., 0., 0., 1.]), tensor([0., 1., 0., 0., 1., 0., 0., 1., 0., 0., 1., 0., 0., 1., 0., 0., 1., 0.,
        0., 1., 0., 0., 1., 0., 0., 1., 0., 0., 1., 0., 0., 1.]), tensor([0., 0., 0., 0., 0., 0., 0., 0., 1., 0., 0., 1., 0., 0., 0., 0., 0., 1.,
        0., 0., 0., 0., 0., 0., 0., 0., 1., 0., 0., 0., 0., 0.]), tensor([0., 0., 1., 0., 0., 1., 0., 0., 0., 0., 0., 1., 0., 0., 1., 0., 0., 0.,
        0., 0., 1., 0., 0., 1., 0., 0., 0., 0., 0., 1., 0., 0.]), tensor([0., 0., 0., 0., 0., 0., 0., 0., 1., 0., 0., 0., 0., 0., 1., 0., 0., 0.,
        0., 0., 0., 0., 0., 0., 0., 0., 1., 0., 0., 0., 0., 0.]), tensor([1., 0., 0., 0., 0., 0., 1., 0., 0., 0., 0., 0., 0., 0., 0., 1., 0., 1.,
        1., 0., 0., 0., 0., 0., 1., 0., 0., 1., 0., 1., 1., 0.]), tensor([1., 0., 0., 1., 0., 0., 0., 0., 0., 0., 0., 0., 1., 0., 1., 1., 0., 0.,
        0., 0., 0., 1., 0., 0., 0., 0., 0., 1., 0., 0., 1., 0.]), tensor([0., 0., 0., 0., 0., 0., 0., 0., 0., 1., 0., 0., 0., 0., 0., 0., 0., 0.,
        1., 0., 0., 1., 0., 0., 0., 0., 0., 0., 0., 0., 0., 0.]), tensor([1., 0., 1., 1., 0., 0., 1., 0., 1., 0., 0., 0., 1., 0., 0., 1., 0., 0.,
        0., 0., 0., 0., 0., 0., 1., 0., 1., 0., 0., 0., 1., 1.]), tensor([0., 1., 0., 0., 1., 1., 0., 0., 0., 0., 1., 1., 0., 1., 0., 0., 1., 0.,
        0., 1., 1., 0., 1., 1., 0., 1., 0., 0., 1., 0., 0., 0.]), tensor([0., 1., 0., 0., 1., 0., 0., 1., 0., 0., 1., 0., 0., 1., 0., 0., 1., 0.,
        0., 1., 0., 0., 1., 0., 0., 1., 0., 0., 1., 0., 0., 1.]), tensor([0., 0., 1., 0., 0., 1., 0., 0., 1., 0., 0., 1., 0., 0., 1., 0., 0., 1.,
        0., 0., 1., 0., 0., 1., 0., 0., 1., 0., 0., 1., 0., 0.]), tensor([1., 0., 0., 1., 0., 0., 1., 0., 0., 1., 0., 0., 1., 0., 0., 1., 0., 0.,
        1., 0., 0., 1., 0., 0., 1., 0., 0., 1., 0., 0., 1., 0.])]
[tensor([0., 0., 0., 1., 0., 0., 0., 0., 0., 0., 0., 0., 1., 0., 0., 1., 0., 0.,
        1., 0., 0., 1., 0., 0., 1., 0., 0., 0., 0., 0., 1., 0.]), tensor([1., 0., 0., 0., 0., 0., 0., 0., 0., 1., 0., 0., 1., 0., 0., 0., 0., 0.,
        0., 0., 0., 1., 0., 0., 1., 0., 0., 0., 0., 0., 1., 0.]), tensor([1., 0., 0., 0., 0., 0., 1., 0., 0., 1., 0., 0., 0., 0., 0., 0., 0., 0.,
        0., 0., 0., 0., 0., 0., 0., 0., 0., 0., 0., 0., 1., 0.]), tensor([0., 0., 0., 1., 0., 0., 0., 0., 0., 1., 0., 0., 1., 0., 0., 1., 0., 0.,
        0., 0., 0., 0., 0., 0., 0., 0., 0., 1., 0., 0., 0., 0.]), tensor([0., 0., 0., 1., 0., 0., 1., 0., 0., 0., 0., 0., 1., 0., 0., 0., 0., 0.,
        0., 0., 0., 0., 0., 0., 1., 0., 0., 1., 0., 0., 0., 0.]), tensor([0., 0., 1., 0., 0., 0., 0., 0., 1., 0., 0., 1., 0., 0., 1., 0., 0., 1.,
        0., 0., 0., 0., 0., 1., 0., 0., 1., 0., 0., 1., 0., 0.]), tensor([0., 0., 1., 0., 0., 1., 0., 0., 1., 0., 0., 0., 0., 0., 1., 0., 0., 0.,
        0., 0., 1., 0., 0., 1., 0., 0., 1., 0., 0., 0., 0., 0.]), tensor([0., 0., 1., 0., 0., 1., 0., 0., 1., 0., 0., 0., 0., 0., 0., 0., 0., 0.,
        0., 0., 1., 0., 0., 0., 0., 0., 0., 0., 0., 0., 0., 0.]), tensor([0., 1., 0., 0., 0., 0., 0., 0., 0., 0., 0., 0., 0., 1., 0., 0., 0., 0.,
        0., 1., 0., 0., 0., 0., 0., 0., 0., 0., 1., 0., 0., 0.]), tensor([0., 0., 0., 0., 1., 0., 0., 1., 0., 0., 1., 0., 0., 0., 0., 0., 1., 0.,
        0., 0., 0., 0., 1., 0., 0., 1., 0., 0., 0., 0., 0., 1.]), tensor([0., 0., 0., 0., 0., 0., 0., 0., 0., 0., 0., 0., 0., 0., 0., 0., 0., 0.,
        0., 0., 0., 0., 1., 0., 0., 1., 0., 0., 1., 0., 0., 1.]), tensor([0., 0., 0., 0., 1., 0., 0., 0., 0., 0., 1., 0., 0., 0., 0., 0., 1., 0.,
        0., 0., 0., 0., 1., 0., 0., 1., 0., 0., 0., 0., 0., 1.]), tensor([1., 1., 1., 1., 1., 0., 1., 1., 1., 1., 1., 1., 1., 1., 1., 1., 0., 0.,
        1., 0., 1., 1., 0., 1., 1., 0., 1., 0., 1., 1., 1., 0.]), tensor([1., 1., 0., 0., 0., 1., 0., 0., 0., 1., 1., 1., 1., 1., 1., 1., 0., 0.,
        1., 0., 1., 0., 1., 1., 1., 1., 1., 1., 1., 1., 0., 0.]), tensor([1., 0., 0., 1., 0., 0., 1., 0., 0., 1., 0., 0., 1., 1., 1., 1., 0., 0.,
        1., 0., 1., 1., 0., 0., 1., 0., 1., 1., 0., 1., 1., 0.]), tensor([0., 0., 0., 1., 0., 0., 0., 0., 0., 1., 0., 0., 1., 0., 0., 1., 0., 0.,
        0., 0., 0., 0., 0., 0., 0., 0., 0., 1., 0., 0., 0., 0.]), tensor([0., 0., 1., 0., 0., 0., 0., 0., 1., 0., 0., 1., 0., 0., 1., 0., 0., 1.,
        0., 0., 0., 0., 0., 1., 0., 0., 1., 0., 0., 1., 0., 0.]), tensor([1., 1., 0., 0., 0., 0., 1., 0., 0., 1., 0., 0., 1., 0., 0., 0., 0., 1.,
        1., 0., 0., 0., 0., 1., 1., 0., 0., 1., 1., 0., 1., 0.]), tensor([0., 0., 0., 1., 0., 0., 1., 0., 0., 0., 0., 0., 1., 0., 0., 0., 0., 0.,
        0., 0., 0., 0., 0., 0., 1., 0., 0., 1., 0., 0., 0., 0.]), tensor([0., 0., 1., 0., 0., 1., 0., 0., 1., 0., 0., 0., 0., 0., 1., 0., 0., 0.,
        0., 0., 1., 0., 0., 1., 0., 0., 1., 0., 0., 0., 0., 0.]), tensor([0., 0., 1., 0., 0., 1., 0., 0., 1., 0., 0., 0., 0., 0., 1., 0., 0., 0.,
        0., 0., 1., 0., 0., 1., 0., 0., 1., 0., 0., 0., 0., 0.]), tensor([0., 0., 0., 0., 0., 0., 0., 0., 0., 0., 0., 0., 1., 0., 0., 1., 0., 0.,
        1., 0., 0., 1., 0., 0., 1., 0., 0., 0., 0., 0., 1., 0.]), tensor([1., 0., 0., 0., 0., 0., 0., 0., 0., 1., 0., 0., 1., 0., 0., 0., 0., 0.,
        0., 0., 0., 1., 0., 0., 1., 0., 0., 0., 0., 0., 1., 0.]), tensor([0., 0., 0., 1., 0., 0., 0., 0., 0., 0., 0., 0., 0., 0., 0., 0., 0., 0.,
        0., 0., 0., 1., 0., 0., 0., 0., 0., 0., 0., 0., 1., 0.]), tensor([0., 0., 0., 0., 0., 0., 0., 0., 0., 0., 0., 0., 0., 0., 0., 0., 0., 0.,
        1., 0., 0., 0., 1., 0., 0., 1., 0., 0., 1., 0., 0., 1.]), tensor([0., 0., 0., 0., 1., 0., 0., 0., 0., 0., 1., 0., 0., 0., 0., 0., 1., 0.,
        0., 1., 0., 0., 1., 0., 0., 1., 0., 1., 1., 0., 0., 1.]), tensor([0., 1., 0., 0., 0., 0., 0., 0., 0., 0., 0., 0., 0., 1., 0., 0., 0., 0.,
        0., 1., 0., 0., 0., 0., 0., 0., 0., 0., 1., 0., 0., 0.]), tensor([1., 0., 0., 0., 1., 0., 0., 1., 0., 1., 1., 0., 0., 0., 0., 0., 1., 0.,
        0., 0., 0., 0., 1., 0., 0., 1., 0., 0., 0., 1., 0., 1.]), tensor([0., 0., 1., 1., 0., 1., 1., 0., 1., 0., 0., 1., 0., 0., 0., 0., 0., 0.,
        0., 0., 1., 0., 0., 0., 0., 0., 0., 0., 0., 0., 1., 0.]), tensor([0., 0., 1., 0., 0., 1., 0., 0., 1., 0., 0., 1., 0., 0., 1., 0., 0., 1.,
        0., 0., 1., 0., 0., 1., 0., 0., 1., 0., 0., 1., 0., 0.]), tensor([1., 0., 0., 1., 0., 0., 1., 0., 0., 1., 0., 0., 1., 0., 0., 1., 0., 0.,
        1., 0., 0., 1., 0., 0., 1., 0., 0., 1., 0., 0., 1., 0.]), tensor([0., 1., 0., 0., 1., 0., 0., 1., 0., 0., 1., 0., 0., 1., 0., 0., 1., 0.,
        0., 1., 0., 0., 1., 0., 0., 1., 0., 0., 1., 0., 0., 1.])]
[tensor([0., 1., 0., 0., 1., 0., 0., 1., 0., 0., 0., 0., 0., 1., 0., 0., 1., 0.,
        0., 1., 0., 0., 0., 0., 0., 1., 0., 0., 1., 0., 0., 1.]), tensor([0., 1., 0., 0., 0., 0., 0., 0., 0., 0., 1., 0., 0., 1., 0., 0., 0., 0.,
        0., 1., 0., 0., 0., 0., 0., 1., 0., 0., 1., 0., 0., 1.]), tensor([0., 1., 0., 0., 1., 0., 0., 1., 0., 0., 0., 0., 0., 0., 0., 0., 1., 0.,
        0., 1., 0., 0., 1., 0., 0., 1., 0., 0., 0., 0., 0., 0.]), tensor([0., 1., 0., 0., 0., 0., 0., 1., 0., 0., 0., 0., 0., 1., 0., 0., 0., 0.,
        0., 1., 0., 0., 1., 0., 0., 0., 0., 0., 1., 0., 0., 0.]), tensor([0., 1., 0., 0., 1., 0., 0., 0., 0., 0., 1., 0., 0., 1., 0., 0., 1., 0.,
        0., 1., 0., 0., 0., 0., 0., 1., 0., 0., 1., 0., 0., 0.]), tensor([1., 0., 0., 1., 0., 0., 0., 0., 0., 1., 0., 0., 1., 0., 0., 1., 0., 0.,
        0., 0., 0., 0., 0., 0., 1., 0., 0., 0., 0., 0., 1., 0.]), tensor([1., 0., 0., 1., 0., 0., 1., 0., 0., 1., 0., 0., 1., 0., 0., 0., 0., 0.,
        1., 0., 0., 1., 0., 0., 1., 0., 0., 1., 0., 0., 1., 0.]), tensor([0., 0., 0., 0., 0., 0., 0., 0., 0., 1., 0., 0., 0., 0., 0., 0., 0., 0.,
        0., 0., 0., 1., 0., 0., 0., 0., 0., 1., 0., 0., 1., 0.]), tensor([0., 0., 0., 0., 0., 0., 0., 0., 1., 0., 0., 0., 0., 0., 0., 0., 0., 0.,
        0., 0., 0., 0., 0., 0., 0., 0., 1., 0., 0., 1., 0., 0.]), tensor([0., 0., 1., 0., 0., 1., 0., 0., 0., 0., 0., 1., 0., 0., 1., 0., 0., 1.,
        0., 0., 1., 0., 0., 1., 0., 0., 0., 0., 0., 0., 0., 0.]), tensor([0., 0., 1., 0., 0., 0., 0., 0., 0., 0., 0., 1., 0., 0., 0., 0., 0., 1.,
        0., 0., 0., 0., 0., 0., 0., 0., 1., 0., 0., 0., 0., 0.]), tensor([0., 0., 1., 0., 0., 0., 0., 0., 0., 0., 0., 1., 0., 0., 0., 0., 0., 1.,
        0., 0., 1., 0., 0., 1., 0., 0., 0., 0., 0., 0., 0., 0.]), tensor([0., 0., 0., 1., 1., 1., 0., 1., 1., 1., 0., 1., 1., 1., 1., 0., 1., 0.,
        0., 1., 1., 1., 1., 1., 1., 1., 1., 1., 1., 0., 0., 1.]), tensor([0., 1., 1., 1., 1., 1., 1., 0., 1., 0., 1., 0., 1., 0., 1., 1., 1., 1.,
        1., 0., 0., 0., 1., 0., 1., 1., 0., 1., 1., 1., 0., 1.]), tensor([0., 1., 0., 1., 1., 0., 1., 0., 1., 1., 1., 0., 1., 1., 0., 0., 1., 0.,
        0., 1., 0., 0., 1., 0., 1., 1., 0., 0., 1., 0., 0., 0.]), tensor([0., 1., 0., 0., 0., 0., 0., 1., 0., 0., 0., 0., 0., 1., 0., 0., 0., 0.,
        0., 1., 0., 0., 1., 0., 0., 0., 0., 0., 1., 0., 0., 0.]), tensor([1., 0., 0., 1., 0., 0., 0., 0., 0., 1., 0., 0., 1., 0., 0., 1., 0., 0.,
        0., 0., 0., 0., 0., 0., 1., 0., 0., 0., 0., 0., 1., 0.]), tensor([0., 1., 0., 0., 1., 0., 0., 1., 1., 0., 0., 0., 0., 0., 0., 0., 1., 0.,
        0., 1., 0., 0., 1., 0., 0., 1., 0., 0., 0., 0., 0., 0.]), tensor([1., 1., 0., 0., 1., 0., 0., 1., 0., 0., 1., 0., 0., 1., 0., 1., 1., 0.,
        1., 1., 0., 0., 0., 0., 0., 1., 0., 0., 1., 0., 0., 1.]), tensor([1., 0., 0., 1., 1., 0., 1., 0., 0., 1., 0., 0., 1., 0., 0., 0., 0., 0.,
        1., 1., 0., 1., 0., 0., 1., 0., 0., 1., 0., 0., 1., 0.]), tensor([1., 0., 0., 1., 0., 0., 1., 0., 0., 1., 0., 0., 1., 0., 0., 0., 0., 0.,
        1., 1., 0., 1., 0., 0., 1., 0., 0., 1., 0., 0., 1., 0.]), tensor([0., 1., 0., 0., 0., 0., 0., 1., 0., 0., 0., 0., 0., 1., 0., 0., 1., 0.,
        0., 1., 0., 0., 0., 0., 0., 1., 0., 0., 1., 0., 0., 1.]), tensor([0., 1., 0., 0., 0., 0., 0., 0., 0., 0., 1., 0., 0., 1., 0., 0., 0., 0.,
        0., 1., 0., 0., 0., 0., 0., 1., 0., 0., 1., 0., 0., 1.]), tensor([0., 0., 0., 0., 1., 0., 0., 1., 0., 0., 0., 0., 0., 0., 0., 0., 0., 0.,
        0., 0., 0., 0., 0., 0., 0., 1., 0., 0., 0., 0., 0., 1.]), tensor([0., 0., 1., 0., 0., 0., 0., 0., 0., 0., 0., 1., 0., 0., 1., 0., 1., 1.,
        0., 1., 0., 0., 1., 0., 0., 0., 1., 0., 0., 0., 0., 0.]), tensor([0., 0., 1., 0., 0., 0., 0., 0., 1., 0., 0., 1., 0., 0., 0., 0., 0., 1.,
        0., 0., 1., 0., 0., 1., 0., 0., 1., 0., 1., 1., 0., 0.]), tensor([0., 0., 0., 0., 0., 0., 0., 0., 1., 0., 0., 0., 0., 0., 0., 0., 0., 0.,
        0., 0., 0., 0., 0., 0., 0., 0., 1., 0., 0., 1., 0., 0.]), tensor([0., 1., 1., 0., 1., 1., 0., 1., 0., 0., 0., 1., 0., 1., 1., 1., 0., 1.,
        1., 1., 1., 0., 1., 1., 0., 1., 0., 0., 0., 0., 0., 1.]), tensor([0., 0., 0., 0., 0., 0., 0., 0., 0., 1., 0., 0., 0., 0., 0., 0., 1., 0.,
        0., 0., 0., 1., 0., 0., 0., 0., 0., 1., 0., 0., 1., 0.]), tensor([1., 0., 0., 1., 0., 0., 1., 0., 0., 1., 0., 0., 1., 0., 0., 1., 0., 0.,
        1., 0., 0., 1., 0., 0., 1., 0., 0., 1., 0., 0., 1., 0.]), tensor([0., 1., 0., 0., 1., 0., 0., 1., 0., 0., 1., 0., 0., 1., 0., 0., 1., 0.,
        0., 1., 0., 0., 1., 0., 0., 1., 0., 0., 1., 0., 0., 1.]), tensor([0., 0., 1., 0., 0., 1., 0., 0., 1., 0., 0., 1., 0., 0., 1., 0., 0., 1.,
        0., 0., 1., 0., 0., 1., 0., 0., 1., 0., 0., 1., 0., 0.])]
[tensor([0., 0., 1., 0., 0., 0., 0., 0., 0., 0., 0., 1., 0., 0., 1., 0., 0., 0.,
        0., 0., 1., 0., 0., 0., 0., 0., 1., 0., 0., 0., 0., 0.]), tensor([0., 0., 1., 0., 0., 0., 0., 0., 1., 0., 0., 0., 0., 0., 1., 0., 0., 1.,
        0., 0., 0., 0., 0., 1., 0., 0., 0., 0., 0., 0., 0., 0.]), tensor([0., 0., 0., 0., 0., 0., 0., 0., 0., 0., 0., 0., 0., 0., 1., 0., 0., 1.,
        0., 0., 0., 0., 0., 1., 0., 0., 0., 0., 0., 1., 0., 0.]), tensor([0., 0., 1., 0., 0., 1., 0., 0., 0., 0., 0., 1., 0., 0., 1., 0., 0., 1.,
        0., 0., 1., 0., 0., 1., 0., 0., 1., 0., 0., 1., 0., 0.]), tensor([0., 0., 1., 0., 0., 1., 0., 0., 1., 0., 0., 1., 0., 0., 1., 0., 0., 1.,
        0., 0., 1., 0., 0., 1., 0., 0., 1., 0., 0., 1., 0., 0.]), tensor([0., 0., 0., 0., 0., 0., 0., 0., 0., 0., 1., 0., 0., 0., 0., 0., 1., 0.,
        0., 1., 0., 0., 1., 0., 0., 0., 0., 0., 1., 0., 0., 1.]), tensor([0., 1., 0., 0., 1., 0., 0., 1., 0., 0., 1., 0., 0., 1., 0., 0., 1., 0.,
        0., 0., 0., 0., 1., 0., 0., 1., 0., 0., 1., 0., 0., 1.]), tensor([0., 1., 0., 0., 1., 0., 0., 1., 0., 0., 0., 0., 0., 1., 0., 0., 1., 0.,
        0., 0., 0., 0., 0., 0., 0., 1., 0., 0., 0., 0., 0., 1.]), tensor([0., 0., 0., 0., 0., 0., 0., 0., 0., 1., 0., 0., 0., 0., 0., 0., 0., 0.,
        0., 0., 0., 0., 0., 0., 0., 0., 0., 0., 0., 0., 0., 0.]), tensor([1., 0., 0., 1., 0., 0., 0., 0., 0., 0., 0., 0., 1., 0., 0., 1., 0., 0.,
        0., 0., 0., 0., 0., 0., 1., 0., 0., 1., 0., 0., 1., 0.]), tensor([1., 0., 0., 0., 0., 0., 1., 0., 0., 1., 0., 0., 0., 0., 0., 0., 0., 0.,
        1., 0., 0., 1., 0., 0., 1., 0., 0., 1., 0., 0., 1., 0.]), tensor([1., 0., 0., 0., 0., 0., 0., 0., 0., 0., 0., 0., 1., 0., 0., 1., 0., 0.,
        1., 0., 0., 0., 0., 0., 1., 0., 0., 1., 0., 0., 1., 0.]), tensor([1., 0., 1., 1., 0., 1., 1., 0., 1., 0., 0., 1., 0., 1., 1., 0., 1., 1.,
        1., 1., 1., 0., 1., 1., 0., 1., 1., 1., 0., 1., 1., 0.]), tensor([1., 1., 0., 0., 1., 0., 0., 1., 1., 0., 0., 1., 1., 1., 0., 1., 0., 0.,
        1., 0., 1., 0., 0., 1., 1., 1., 0., 0., 1., 1., 1., 0.]), tensor([0., 1., 1., 0., 0., 1., 1., 1., 1., 0., 0., 1., 0., 1., 1., 0., 1., 1.,
        1., 1., 1., 0., 0., 1., 0., 0., 1., 0., 0., 1., 0., 0.]), tensor([0., 0., 1., 0., 0., 1., 0., 0., 0., 0., 0., 1., 0., 0., 1., 0., 0., 1.,
        0., 0., 1., 0., 0., 1., 0., 0., 1., 0., 0., 1., 0., 0.]), tensor([0., 0., 0., 0., 0., 0., 0., 0., 0., 0., 1., 0., 0., 0., 0., 0., 1., 0.,
        0., 1., 0., 0., 1., 0., 0., 0., 0., 0., 1., 0., 0., 1.]), tensor([0., 0., 1., 0., 0., 1., 0., 0., 0., 1., 0., 1., 0., 0., 1., 0., 0., 1.,
        0., 0., 0., 0., 0., 1., 0., 0., 0., 0., 1., 1., 0., 0.]), tensor([0., 0., 1., 0., 0., 1., 0., 0., 1., 0., 1., 1., 0., 0., 1., 0., 0., 1.,
        0., 0., 1., 0., 1., 1., 0., 1., 1., 0., 0., 1., 0., 0.]), tensor([0., 1., 0., 0., 1., 0., 0., 1., 0., 0., 1., 0., 0., 1., 0., 0., 1., 0.,
        0., 0., 0., 0., 1., 0., 0., 1., 0., 0., 1., 0., 0., 1.]), tensor([0., 1., 0., 0., 1., 0., 0., 1., 0., 0., 1., 0., 0., 1., 0., 0., 1., 0.,
        0., 0., 0., 0., 1., 0., 0., 1., 0., 0., 1., 0., 0., 1.]), tensor([0., 0., 1., 0., 0., 0., 0., 0., 0., 0., 0., 1., 0., 0., 0., 0., 0., 0.,
        0., 0., 1., 0., 0., 0., 0., 0., 1., 0., 0., 0., 0., 0.]), tensor([0., 0., 1., 0., 0., 0., 0., 0., 1., 0., 0., 0., 0., 0., 1., 0., 0., 1.,
        0., 0., 0., 0., 0., 1., 0., 0., 0., 0., 0., 0., 0., 0.]), tensor([0., 0., 0., 0., 0., 0., 0., 0., 0., 0., 0., 0., 0., 0., 1., 0., 0., 0.,
        0., 0., 1., 0., 0., 0., 0., 0., 0., 0., 0., 0., 0., 0.]), tensor([1., 0., 0., 0., 0., 0., 1., 0., 0., 1., 0., 1., 0., 0., 0., 0., 0., 0.,
        1., 0., 0., 1., 0., 0., 1., 0., 0., 1., 0., 1., 1., 0.]), tensor([1., 0., 0., 0., 0., 0., 1., 0., 1., 1., 0., 0., 1., 0., 0., 1., 0., 0.,
        1., 0., 1., 1., 0., 1., 1., 0., 0., 1., 0., 0., 1., 0.]), tensor([0., 0., 0., 0., 0., 0., 0., 0., 0., 1., 0., 0., 0., 0., 0., 0., 0., 0.,
        0., 0., 0., 0., 0., 0., 0., 0., 0., 0., 0., 0., 0., 0.]), tensor([1., 0., 0., 1., 0., 0., 0., 0., 0., 0., 1., 0., 1., 0., 1., 1., 0., 1.,
        1., 0., 0., 0., 0., 0., 1., 0., 0., 1., 0., 1., 1., 0.]), tensor([0., 1., 0., 0., 1., 0., 1., 1., 1., 0., 0., 0., 0., 1., 0., 0., 1., 0.,
        0., 1., 0., 0., 0., 1., 0., 1., 0., 0., 0., 0., 0., 1.]), tensor([0., 1., 0., 0., 1., 0., 0., 1., 0., 0., 1., 0., 0., 1., 0., 0., 1., 0.,
        0., 1., 0., 0., 1., 0., 0., 1., 0., 0., 1., 0., 0., 1.]), tensor([0., 0., 1., 0., 0., 1., 0., 0., 1., 0., 0., 1., 0., 0., 1., 0., 0., 1.,
        0., 0., 1., 0., 0., 1., 0., 0., 1., 0., 0., 1., 0., 0.]), tensor([1., 0., 0., 1., 0., 0., 1., 0., 0., 1., 0., 0., 1., 0., 0., 1., 0., 0.,
        1., 0., 0., 1., 0., 0., 1., 0., 0., 1., 0., 0., 1., 0.])]
[tensor([1., 0., 0., 0., 0., 0., 1., 0., 0., 0., 0., 0., 0., 0., 0., 0., 0., 0.,
        1., 0., 0., 0., 0., 0., 1., 0., 0., 1., 0., 0., 1., 0.]), tensor([0., 0., 0., 1., 0., 0., 0., 0., 0., 0., 0., 0., 0., 0., 0., 0., 0., 0.,
        1., 0., 0., 1., 0., 0., 0., 0., 0., 1., 0., 0., 1., 0.]), tensor([0., 0., 0., 0., 0., 0., 0., 0., 0., 0., 0., 0., 0., 0., 0., 0., 0., 0.,
        0., 0., 0., 1., 0., 0., 0., 0., 0., 1., 0., 0., 0., 0.]), tensor([1., 0., 0., 1., 0., 0., 1., 0., 0., 1., 0., 0., 1., 0., 0., 0., 0., 0.,
        1., 0., 0., 1., 0., 0., 1., 0., 0., 1., 0., 0., 0., 0.]), tensor([1., 0., 0., 0., 0., 0., 1., 0., 0., 1., 0., 0., 1., 0., 0., 1., 0., 0.,
        1., 0., 0., 1., 0., 0., 1., 0., 0., 0., 0., 0., 1., 0.]), tensor([0., 0., 1., 0., 0., 1., 0., 0., 0., 0., 0., 1., 0., 0., 1., 0., 0., 1.,
        0., 0., 1., 0., 0., 1., 0., 0., 0., 0., 0., 1., 0., 0.]), tensor([0., 0., 1., 0., 0., 1., 0., 0., 1., 0., 0., 0., 0., 0., 1., 0., 0., 0.,
        0., 0., 0., 0., 0., 0., 0., 0., 1., 0., 0., 1., 0., 0.]), tensor([0., 0., 0., 0., 0., 1., 0., 0., 0., 0., 0., 0., 0., 0., 1., 0., 0., 0.,
        0., 0., 0., 0., 0., 0., 0., 0., 1., 0., 0., 1., 0., 0.]), tensor([0., 0., 0., 0., 0., 0., 0., 1., 0., 0., 0., 0., 0., 0., 0., 0., 1., 0.,
        0., 1., 0., 0., 0., 0., 0., 0., 0., 0., 0., 0., 0., 0.]), tensor([0., 1., 0., 0., 0., 0., 0., 0., 0., 0., 1., 0., 0., 1., 0., 0., 0., 0.,
        0., 0., 0., 0., 0., 0., 0., 1., 0., 0., 0., 0., 0., 0.]), tensor([0., 1., 0., 0., 0., 0., 0., 0., 0., 0., 0., 0., 0., 1., 0., 0., 0., 0.,
        0., 0., 0., 0., 1., 0., 0., 1., 0., 0., 0., 0., 0., 1.]), tensor([0., 1., 0., 0., 1., 0., 0., 0., 0., 0., 1., 0., 0., 1., 0., 0., 0., 0.,
        0., 0., 0., 0., 0., 0., 0., 1., 0., 0., 1., 0., 0., 0.]), tensor([0., 1., 1., 0., 1., 1., 1., 0., 0., 1., 0., 1., 0., 1., 1., 1., 0., 1.,
        0., 1., 1., 1., 1., 1., 1., 0., 1., 0., 1., 1., 1., 1.]), tensor([1., 0., 0., 1., 1., 0., 0., 1., 1., 1., 0., 0., 1., 1., 1., 1., 0., 0.,
        1., 1., 0., 0., 0., 1., 1., 1., 1., 1., 1., 0., 0., 1.]), tensor([1., 0., 1., 1., 1., 0., 1., 0., 0., 1., 0., 1., 1., 0., 0., 1., 0., 0.,
        1., 1., 0., 1., 1., 0., 1., 0., 1., 1., 1., 0., 1., 0.]), tensor([1., 0., 0., 1., 0., 0., 1., 0., 0., 1., 0., 0., 1., 0., 0., 0., 0., 0.,
        1., 0., 0., 1., 0., 0., 1., 0., 0., 1., 0., 0., 0., 0.]), tensor([0., 0., 1., 0., 0., 1., 0., 0., 0., 0., 0., 1., 0., 0., 1., 0., 0., 1.,
        0., 0., 1., 0., 0., 1., 0., 0., 0., 0., 0., 1., 0., 0.]), tensor([0., 0., 0., 1., 0., 0., 1., 1., 1., 0., 0., 0., 0., 0., 0., 0., 1., 0.,
        1., 1., 0., 1., 0., 0., 1., 0., 0., 1., 0., 0., 1., 0.]), tensor([1., 0., 0., 0., 0., 0., 1., 0., 1., 1., 0., 0., 1., 0., 0., 1., 0., 0.,
        1., 0., 1., 1., 0., 0., 1., 0., 0., 0., 0., 0., 1., 0.]), tensor([0., 0., 1., 0., 0., 1., 0., 0., 1., 1., 0., 0., 0., 0., 1., 1., 0., 0.,
        1., 0., 0., 0., 0., 0., 1., 0., 1., 0., 0., 1., 1., 0.]), tensor([0., 0., 1., 0., 0., 1., 0., 0., 1., 1., 0., 0., 0., 0., 1., 1., 0., 0.,
        0., 0., 0., 0., 0., 0., 0., 0., 1., 0., 0., 1., 1., 0.]), tensor([1., 0., 0., 0., 0., 0., 1., 0., 0., 0., 0., 0., 0., 0., 0., 0., 0., 0.,
        1., 0., 0., 0., 0., 0., 0., 0., 0., 0., 0., 0., 1., 0.]), tensor([0., 0., 0., 1., 0., 0., 0., 0., 0., 0., 0., 0., 0., 0., 0., 0., 0., 0.,
        1., 0., 0., 1., 0., 0., 0., 0., 0., 1., 0., 0., 1., 0.]), tensor([0., 0., 0., 0., 0., 0., 0., 0., 0., 0., 0., 0., 0., 0., 0., 0., 0., 0.,
        1., 0., 0., 0., 0., 0., 1., 0., 0., 1., 0., 0., 0., 0.]), tensor([1., 1., 0., 0., 0., 0., 1., 1., 0., 0., 0., 0., 0., 1., 0., 0., 0., 0.,
        0., 0., 0., 0., 1., 0., 0., 1., 0., 0., 0., 0., 0., 1.]), tensor([0., 1., 0., 0., 1., 0., 0., 0., 0., 1., 1., 0., 0., 1., 0., 0., 1., 0.,
        1., 1., 0., 0., 1., 0., 1., 1., 0., 1., 1., 0., 1., 1.]), tensor([0., 0., 0., 0., 0., 0., 0., 1., 0., 0., 0., 0., 0., 0., 0., 0., 1., 0.,
        0., 1., 0., 0., 0., 0., 0., 0., 0., 0., 0., 0., 0., 0.]), tensor([0., 1., 0., 0., 1., 0., 0., 0., 0., 0., 1., 1., 1., 1., 0., 0., 0., 0.,
        0., 0., 0., 0., 0., 0., 0., 1., 0., 0., 1., 0., 0., 0.]), tensor([0., 0., 0., 0., 0., 1., 0., 0., 0., 0., 0., 0., 0., 0., 1., 0., 0., 1.,
        0., 0., 0., 1., 0., 0., 0., 0., 1., 1., 0., 1., 0., 0.]), tensor([0., 0., 1., 0., 0., 1., 0., 0., 1., 0., 0., 1., 0., 0., 1., 0., 0., 1.,
        0., 0., 1., 0., 0., 1., 0., 0., 1., 0., 0., 1., 0., 0.]), tensor([1., 0., 0., 1., 0., 0., 1., 0., 0., 1., 0., 0., 1., 0., 0., 1., 0., 0.,
        1., 0., 0., 1., 0., 0., 1., 0., 0., 1., 0., 0., 1., 0.]), tensor([0., 1., 0., 0., 1., 0., 0., 1., 0., 0., 1., 0., 0., 1., 0., 0., 1., 0.,
        0., 1., 0., 0., 1., 0., 0., 1., 0., 0., 1., 0., 0., 1.])]
[tensor([0., 1., 0., 0., 0., 0., 0., 0., 0., 0., 1., 0., 0., 1., 0., 0., 0., 0.,
        0., 0., 0., 0., 1., 0., 0., 1., 0., 0., 1., 0., 0., 0.]), tensor([0., 0., 0., 0., 0., 0., 0., 1., 0., 0., 0., 0., 0., 1., 0., 0., 0., 0.,
        0., 1., 0., 0., 1., 0., 0., 0., 0., 0., 1., 0., 0., 1.]), tensor([0., 0., 0., 0., 1., 0., 0., 0., 0., 0., 0., 0., 0., 0., 0., 0., 1., 0.,
        0., 0., 0., 0., 1., 0., 0., 0., 0., 0., 0., 0., 0., 1.]), tensor([0., 1., 0., 0., 1., 0., 0., 0., 0., 0., 0., 0., 0., 0., 0., 0., 0., 0.,
        0., 0., 0., 0., 1., 0., 0., 0., 0., 0., 1., 0., 0., 0.]), tensor([0., 1., 0., 0., 0., 0., 0., 1., 0., 0., 1., 0., 0., 1., 0., 0., 0., 0.,
        0., 1., 0., 0., 1., 0., 0., 1., 0., 0., 1., 0., 0., 0.]), tensor([0., 0., 0., 1., 0., 0., 1., 0., 0., 0., 0., 0., 0., 0., 0., 1., 0., 0.,
        1., 0., 0., 1., 0., 0., 1., 0., 0., 1., 0., 0., 0., 0.]), tensor([1., 0., 0., 0., 0., 0., 0., 0., 0., 1., 0., 0., 1., 0., 0., 1., 0., 0.,
        0., 0., 0., 1., 0., 0., 1., 0., 0., 1., 0., 0., 1., 0.]), tensor([1., 0., 0., 0., 0., 0., 0., 0., 0., 1., 0., 0., 0., 0., 0., 0., 0., 0.,
        0., 0., 0., 0., 0., 0., 0., 0., 0., 0., 0., 0., 0., 0.]), tensor([0., 0., 0., 0., 0., 0., 0., 0., 0., 0., 0., 0., 0., 0., 1., 0., 0., 0.,
        0., 0., 0., 0., 0., 0., 0., 0., 0., 0., 0., 0., 0., 0.]), tensor([0., 0., 1., 0., 0., 1., 0., 0., 1., 0., 0., 0., 0., 0., 0., 0., 0., 0.,
        0., 0., 1., 0., 0., 0., 0., 0., 1., 0., 0., 1., 0., 0.]), tensor([0., 0., 1., 0., 0., 1., 0., 0., 1., 0., 0., 1., 0., 0., 0., 0., 0., 1.,
        0., 0., 0., 0., 0., 1., 0., 0., 0., 0., 0., 0., 0., 0.]), tensor([0., 0., 1., 0., 0., 1., 0., 0., 1., 0., 0., 0., 0., 0., 0., 0., 0., 1.,
        0., 0., 1., 0., 0., 0., 0., 0., 0., 0., 0., 1., 0., 0.]), tensor([1., 1., 0., 1., 1., 0., 0., 1., 1., 1., 0., 1., 1., 1., 1., 0., 0., 0.,
        0., 1., 0., 1., 1., 0., 1., 1., 0., 1., 1., 0., 0., 1.]), tensor([1., 1., 0., 1., 1., 1., 1., 1., 1., 1., 1., 0., 1., 1., 1., 1., 0., 1.,
        1., 1., 1., 1., 0., 0., 1., 1., 1., 0., 1., 1., 1., 1.]), tensor([0., 1., 0., 1., 0., 0., 1., 1., 0., 0., 1., 1., 0., 1., 1., 0., 0., 1.,
        1., 1., 0., 0., 1., 0., 1., 1., 0., 1., 1., 0., 0., 1.]), tensor([0., 1., 0., 0., 1., 0., 0., 0., 0., 0., 0., 0., 0., 0., 0., 0., 0., 0.,
        0., 0., 0., 0., 1., 0., 0., 0., 0., 0., 1., 0., 0., 0.]), tensor([0., 0., 0., 1., 0., 0., 1., 0., 0., 0., 0., 0., 0., 0., 0., 1., 0., 0.,
        1., 0., 0., 1., 0., 0., 1., 0., 0., 1., 0., 0., 0., 0.]), tensor([0., 1., 0., 0., 1., 0., 1., 0., 0., 0., 1., 0., 0., 1., 1., 0., 1., 0.,
        0., 0., 0., 0., 1., 0., 0., 0., 0., 0., 0., 0., 1., 1.]), tensor([0., 1., 0., 0., 0., 0., 0., 1., 0., 1., 1., 0., 0., 1., 0., 0., 1., 0.,
        0., 1., 0., 1., 1., 0., 0., 1., 0., 0., 1., 0., 0., 0.]), tensor([1., 0., 0., 0., 0., 0., 0., 0., 0., 1., 0., 0., 1., 0., 0., 1., 0., 0.,
        0., 0., 0., 1., 0., 0., 1., 1., 0., 1., 1., 0., 1., 0.]), tensor([1., 0., 0., 0., 0., 0., 0., 0., 0., 1., 0., 0., 1., 0., 0., 1., 0., 0.,
        0., 0., 0., 1., 0., 0., 1., 0., 0., 1., 0., 0., 1., 0.]), tensor([0., 1., 0., 0., 0., 0., 0., 0., 0., 0., 1., 0., 0., 1., 0., 0., 0., 0.,
        0., 0., 0., 0., 1., 0., 0., 0., 0., 0., 0., 0., 0., 0.]), tensor([0., 0., 0., 0., 0., 0., 0., 1., 0., 0., 0., 0., 0., 1., 0., 0., 0., 0.,
        0., 1., 0., 0., 1., 0., 0., 0., 0., 0., 1., 0., 0., 1.]), tensor([0., 1., 0., 0., 0., 0., 0., 0., 0., 0., 0., 0., 0., 0., 0., 0., 0., 0.,
        0., 0., 0., 0., 0., 0., 0., 1., 0., 0., 1., 0., 0., 0.]), tensor([0., 0., 1., 0., 0., 1., 0., 0., 1., 0., 0., 1., 0., 1., 0., 0., 1., 1.,
        0., 0., 0., 0., 0., 1., 0., 0., 1., 0., 0., 0., 0., 1.]), tensor([0., 0., 1., 0., 0., 1., 0., 0., 1., 0., 1., 1., 0., 0., 0., 0., 0., 1.,
        0., 0., 1., 0., 0., 1., 0., 0., 0., 0., 0., 1., 0., 0.]), tensor([0., 0., 0., 0., 0., 0., 0., 0., 0., 0., 0., 0., 0., 0., 1., 0., 0., 0.,
        0., 0., 0., 0., 0., 0., 0., 0., 0., 0., 0., 0., 0., 0.]), tensor([0., 0., 1., 0., 0., 1., 0., 0., 1., 0., 0., 0., 0., 0., 0., 0., 0., 1.,
        0., 0., 1., 0., 1., 0., 1., 0., 1., 1., 0., 1., 0., 0.]), tensor([1., 0., 0., 0., 1., 0., 0., 0., 0., 1., 0., 0., 0., 0., 0., 0., 1., 0.,
        1., 0., 0., 0., 0., 1., 0., 0., 0., 0., 0., 0., 0., 1.]), tensor([1., 0., 0., 1., 0., 0., 1., 0., 0., 1., 0., 0., 1., 0., 0., 1., 0., 0.,
        1., 0., 0., 1., 0., 0., 1., 0., 0., 1., 0., 0., 1., 0.]), tensor([0., 1., 0., 0., 1., 0., 0., 1., 0., 0., 1., 0., 0., 1., 0., 0., 1., 0.,
        0., 1., 0., 0., 1., 0., 0., 1., 0., 0., 1., 0., 0., 1.]), tensor([0., 0., 1., 0., 0., 1., 0., 0., 1., 0., 0., 1., 0., 0., 1., 0., 0., 1.,
        0., 0., 1., 0., 0., 1., 0., 0., 1., 0., 0., 1., 0., 0.])]
[tensor([0., 0., 1., 0., 0., 1., 0., 0., 1., 0., 0., 1., 0., 0., 0., 0., 0., 1.,
        0., 0., 0., 0., 0., 1., 0., 0., 1., 0., 0., 1., 0., 0.]), tensor([0., 0., 1., 0., 0., 1., 0., 0., 0., 0., 0., 1., 0., 0., 1., 0., 0., 1.,
        0., 0., 1., 0., 0., 0., 0., 0., 0., 0., 0., 1., 0., 0.]), tensor([0., 0., 0., 0., 0., 0., 0., 0., 1., 0., 0., 1., 0., 0., 0., 0., 0., 0.,
        0., 0., 1., 0., 0., 0., 0., 0., 0., 0., 0., 0., 0., 0.]), tensor([0., 0., 1., 0., 0., 0., 0., 0., 1., 0., 0., 1., 0., 0., 1., 0., 0., 1.,
        0., 0., 1., 0., 0., 0., 0., 0., 0., 0., 0., 0., 0., 0.]), tensor([0., 0., 0., 0., 0., 1., 0., 0., 1., 0., 0., 1., 0., 0., 1., 0., 0., 0.,
        0., 0., 1., 0., 0., 1., 0., 0., 1., 0., 0., 1., 0., 0.]), tensor([0., 1., 0., 0., 0., 0., 0., 1., 0., 0., 0., 0., 0., 0., 0., 0., 1., 0.,
        0., 0., 0., 0., 1., 0., 0., 1., 0., 0., 1., 0., 0., 0.]), tensor([0., 1., 0., 0., 1., 0., 0., 0., 0., 0., 1., 0., 0., 1., 0., 0., 1., 0.,
        0., 1., 0., 0., 1., 0., 0., 1., 0., 0., 0., 0., 0., 1.]), tensor([0., 0., 0., 0., 0., 0., 0., 0., 0., 0., 0., 0., 0., 0., 0., 0., 0., 0.,
        0., 1., 0., 0., 0., 0., 0., 0., 0., 0., 0., 0., 0., 1.]), tensor([0., 0., 0., 0., 0., 0., 1., 0., 0., 0., 0., 0., 0., 0., 0., 1., 0., 0.,
        0., 0., 0., 0., 0., 0., 1., 0., 0., 0., 0., 0., 1., 0.]), tensor([0., 0., 0., 1., 0., 0., 0., 0., 0., 1., 0., 0., 1., 0., 0., 0., 0., 0.,
        0., 0., 0., 1., 0., 0., 0., 0., 0., 1., 0., 0., 0., 0.]), tensor([1., 0., 0., 1., 0., 0., 0., 0., 0., 0., 0., 0., 0., 0., 0., 0., 0., 0.,
        1., 0., 0., 0., 0., 0., 0., 0., 0., 0., 0., 0., 0., 0.]), tensor([0., 0., 0., 1., 0., 0., 0., 0., 0., 0., 0., 0., 0., 0., 0., 0., 0., 0.,
        0., 0., 0., 1., 0., 0., 0., 0., 0., 1., 0., 0., 0., 0.]), tensor([1., 0., 0., 1., 1., 1., 0., 1., 0., 0., 1., 1., 1., 1., 0., 1., 0., 1.,
        1., 1., 1., 0., 1., 1., 0., 0., 1., 0., 1., 1., 0., 0.]), tensor([1., 1., 1., 1., 0., 1., 1., 1., 1., 1., 0., 1., 1., 0., 1., 0., 1., 0.,
        1., 0., 1., 1., 1., 1., 1., 1., 0., 0., 1., 0., 1., 1.]), tensor([0., 0., 0., 0., 1., 1., 1., 0., 1., 0., 0., 1., 0., 1., 1., 1., 0., 0.,
        1., 0., 1., 0., 1., 1., 1., 1., 1., 0., 0., 1., 0., 1.]), tensor([0., 0., 1., 0., 0., 0., 0., 0., 1., 0., 0., 1., 0., 0., 1., 0., 0., 1.,
        0., 0., 1., 0., 0., 0., 0., 0., 0., 0., 0., 0., 0., 0.]), tensor([0., 1., 0., 0., 0., 0., 0., 1., 0., 0., 0., 0., 0., 0., 0., 0., 1., 0.,
        0., 0., 0., 0., 1., 0., 0., 1., 0., 0., 1., 0., 0., 0.]), tensor([0., 0., 1., 0., 0., 1., 0., 0., 1., 0., 0., 1., 0., 0., 0., 1., 0., 0.,
        1., 0., 1., 0., 0., 1., 0., 0., 0., 0., 0., 0., 1., 0.]), tensor([0., 0., 0., 0., 0., 1., 0., 0., 1., 0., 1., 1., 0., 0., 1., 0., 0., 1.,
        0., 0., 1., 0., 0., 1., 0., 0., 1., 0., 1., 1., 0., 0.]), tensor([0., 1., 0., 0., 1., 0., 0., 0., 0., 0., 1., 0., 0., 1., 0., 0., 1., 0.,
        0., 1., 0., 0., 1., 0., 0., 1., 0., 0., 0., 1., 0., 1.]), tensor([0., 1., 0., 0., 1., 0., 0., 0., 0., 0., 1., 0., 0., 1., 0., 0., 1., 0.,
        0., 1., 0., 0., 1., 0., 0., 1., 0., 0., 0., 1., 0., 1.]), tensor([0., 0., 1., 0., 0., 1., 0., 0., 1., 0., 0., 1., 0., 0., 0., 0., 0., 0.,
        0., 0., 0., 0., 0., 1., 0., 0., 1., 0., 0., 1., 0., 0.]), tensor([0., 0., 1., 0., 0., 1., 0., 0., 0., 0., 0., 1., 0., 0., 1., 0., 0., 1.,
        0., 0., 1., 0., 0., 0., 0., 0., 0., 0., 0., 1., 0., 0.]), tensor([0., 0., 0., 0., 0., 1., 0., 0., 1., 0., 0., 0., 0., 0., 0., 0., 0., 1.,
        0., 0., 0., 0., 0., 0., 0., 0., 0., 0., 0., 0., 0., 0.]), tensor([1., 0., 0., 1., 0., 0., 0., 0., 0., 1., 0., 0., 1., 0., 0., 0., 0., 0.,
        1., 0., 0., 0., 0., 0., 0., 0., 0., 0., 0., 0., 0., 0.]), tensor([1., 0., 1., 1., 0., 1., 0., 0., 1., 0., 0., 0., 0., 0., 0., 0., 0., 0.,
        1., 0., 0., 1., 0., 0., 0., 0., 1., 1., 0., 1., 0., 0.]), tensor([0., 0., 0., 0., 0., 0., 1., 0., 0., 0., 0., 0., 0., 0., 0., 1., 0., 0.,
        0., 0., 0., 0., 0., 0., 1., 0., 0., 0., 0., 0., 1., 0.]), tensor([0., 0., 0., 1., 0., 0., 0., 0., 0., 1., 0., 0., 1., 1., 1., 0., 0., 0.,
        0., 0., 1., 1., 0., 0., 0., 0., 0., 1., 0., 0., 0., 0.]), tensor([1., 0., 0., 0., 0., 0., 0., 0., 1., 0., 0., 1., 0., 0., 0., 0., 0., 0.,
        0., 1., 0., 0., 0., 0., 0., 0., 0., 0., 1., 0., 0., 1.]), tensor([0., 1., 0., 0., 1., 0., 0., 1., 0., 0., 1., 0., 0., 1., 0., 0., 1., 0.,
        0., 1., 0., 0., 1., 0., 0., 1., 0., 0., 1., 0., 0., 1.]), tensor([0., 0., 1., 0., 0., 1., 0., 0., 1., 0., 0., 1., 0., 0., 1., 0., 0., 1.,
        0., 0., 1., 0., 0., 1., 0., 0., 1., 0., 0., 1., 0., 0.]), tensor([1., 0., 0., 1., 0., 0., 1., 0., 0., 1., 0., 0., 1., 0., 0., 1., 0., 0.,
        1., 0., 0., 1., 0., 0., 1., 0., 0., 1., 0., 0., 1., 0.])]
[tensor([1., 0., 0., 1., 0., 0., 1., 0., 0., 1., 0., 0., 0., 0., 0., 0., 0., 0.,
        1., 0., 0., 0., 0., 0., 1., 0., 0., 1., 0., 0., 1., 0.]), tensor([1., 0., 0., 1., 0., 0., 1., 0., 0., 1., 0., 0., 0., 0., 0., 1., 0., 0.,
        1., 0., 0., 0., 0., 0., 1., 0., 0., 0., 0., 0., 1., 0.]), tensor([1., 0., 0., 1., 0., 0., 0., 0., 0., 0., 0., 0., 1., 0., 0., 0., 0., 0.,
        0., 0., 0., 0., 0., 0., 0., 0., 0., 0., 0., 0., 0., 0.]), tensor([0., 0., 0., 1., 0., 0., 1., 0., 0., 1., 0., 0., 1., 0., 0., 1., 0., 0.,
        0., 0., 0., 0., 0., 0., 1., 0., 0., 1., 0., 0., 0., 0.]), tensor([0., 0., 0., 1., 0., 0., 0., 0., 0., 1., 0., 0., 1., 0., 0., 1., 0., 0.,
        1., 0., 0., 1., 0., 0., 0., 0., 0., 1., 0., 0., 1., 0.]), tensor([0., 0., 1., 0., 0., 1., 0., 0., 1., 0., 0., 1., 0., 0., 0., 0., 0., 0.,
        0., 0., 1., 0., 0., 1., 0., 0., 1., 0., 0., 1., 0., 0.]), tensor([0., 0., 1., 0., 0., 1., 0., 0., 1., 0., 0., 1., 0., 0., 1., 0., 0., 1.,
        0., 0., 1., 0., 0., 1., 0., 0., 1., 0., 0., 1., 0., 0.]), tensor([0., 0., 1., 0., 0., 1., 0., 0., 1., 0., 0., 0., 0., 0., 1., 0., 0., 1.,
        0., 0., 1., 0., 0., 0., 0., 0., 1., 0., 0., 0., 0., 0.]), tensor([0., 0., 0., 0., 1., 0., 0., 0., 0., 0., 1., 0., 0., 0., 0., 0., 0., 0.,
        0., 1., 0., 0., 1., 0., 0., 0., 0., 0., 0., 0., 0., 0.]), tensor([0., 0., 0., 0., 0., 0., 0., 1., 0., 0., 0., 0., 0., 1., 0., 0., 0., 0.,
        0., 0., 0., 0., 0., 0., 0., 0., 0., 0., 0., 0., 0., 1.]), tensor([0., 1., 0., 0., 1., 0., 0., 0., 0., 0., 0., 0., 0., 1., 0., 0., 0., 0.,
        0., 0., 0., 0., 0., 0., 0., 1., 0., 0., 1., 0., 0., 0.]), tensor([0., 0., 0., 0., 0., 0., 0., 0., 0., 0., 0., 0., 0., 1., 0., 0., 1., 0.,
        0., 0., 0., 0., 0., 0., 0., 0., 0., 0., 1., 0., 0., 0.]), tensor([1., 1., 1., 1., 0., 0., 1., 1., 1., 1., 1., 1., 0., 0., 1., 1., 1., 1.,
        0., 1., 1., 1., 1., 1., 1., 1., 1., 1., 1., 1., 1., 1.]), tensor([0., 1., 1., 0., 1., 1., 1., 1., 0., 1., 1., 1., 1., 0., 1., 0., 1., 0.,
        1., 0., 0., 0., 1., 1., 0., 1., 1., 1., 1., 1., 0., 0.]), tensor([0., 0., 0., 1., 0., 0., 1., 0., 0., 1., 0., 1., 1., 0., 0., 1., 1., 0.,
        1., 1., 0., 1., 0., 1., 0., 1., 0., 1., 1., 0., 1., 0.]), tensor([0., 0., 0., 1., 0., 0., 1., 0., 0., 1., 0., 0., 1., 0., 0., 1., 0., 0.,
        0., 0., 0., 0., 0., 0., 1., 0., 0., 1., 0., 0., 0., 0.]), tensor([0., 0., 1., 0., 0., 1., 0., 0., 1., 0., 0., 1., 0., 0., 0., 0., 0., 0.,
        0., 0., 1., 0., 0., 1., 0., 0., 1., 0., 0., 1., 0., 0.]), tensor([1., 0., 0., 1., 0., 0., 0., 0., 0., 0., 0., 0., 1., 0., 0., 0., 0., 0.,
        0., 0., 0., 0., 1., 0., 0., 0., 0., 0., 0., 1., 0., 0.]), tensor([0., 0., 0., 1., 0., 0., 0., 0., 1., 1., 0., 0., 1., 0., 0., 1., 0., 0.,
        1., 0., 0., 1., 0., 0., 1., 0., 0., 1., 0., 0., 1., 0.]), tensor([0., 0., 1., 1., 0., 1., 0., 0., 1., 0., 0., 1., 0., 0., 1., 1., 0., 1.,
        0., 0., 1., 1., 0., 1., 0., 0., 1., 1., 0., 1., 0., 0.]), tensor([0., 0., 1., 1., 0., 1., 0., 0., 1., 0., 0., 1., 0., 0., 1., 1., 0., 1.,
        0., 0., 1., 1., 0., 1., 0., 0., 1., 1., 0., 1., 0., 0.]), tensor([1., 0., 0., 1., 0., 0., 1., 0., 0., 1., 0., 0., 0., 0., 0., 0., 0., 0.,
        1., 0., 0., 0., 0., 0., 0., 0., 0., 1., 0., 0., 1., 0.]), tensor([1., 0., 0., 1., 0., 0., 1., 0., 0., 1., 0., 0., 0., 0., 0., 1., 0., 0.,
        1., 0., 0., 0., 0., 0., 1., 0., 0., 0., 0., 0., 1., 0.]), tensor([1., 0., 0., 0., 0., 0., 1., 0., 0., 0., 0., 0., 0., 0., 0., 0., 0., 0.,
        1., 0., 0., 0., 0., 0., 1., 0., 0., 0., 0., 0., 0., 0.]), tensor([0., 1., 0., 0., 1., 0., 0., 1., 0., 0., 0., 0., 0., 1., 0., 0., 0., 0.,
        0., 1., 0., 0., 0., 0., 0., 1., 0., 0., 1., 0., 1., 1.]), tensor([0., 1., 0., 0., 1., 0., 1., 0., 0., 0., 0., 0., 0., 1., 0., 1., 1., 0.,
        1., 0., 0., 0., 1., 0., 0., 1., 0., 0., 1., 0., 0., 0.]), tensor([0., 0., 0., 0., 1., 0., 0., 0., 0., 0., 1., 0., 0., 0., 0., 0., 0., 0.,
        0., 1., 0., 0., 1., 0., 0., 0., 0., 0., 0., 0., 0., 0.]), tensor([0., 0., 0., 1., 0., 0., 0., 1., 0., 1., 0., 0., 1., 1., 0., 0., 1., 0.,
        0., 0., 0., 0., 0., 0., 0., 0., 0., 1., 1., 0., 1., 1.]), tensor([1., 0., 1., 0., 0., 1., 0., 0., 1., 0., 0., 0., 0., 0., 1., 0., 0., 1.,
        1., 0., 1., 0., 0., 0., 1., 0., 1., 0., 0., 0., 0., 0.]), tensor([0., 0., 1., 0., 0., 1., 0., 0., 1., 0., 0., 1., 0., 0., 1., 0., 0., 1.,
        0., 0., 1., 0., 0., 1., 0., 0., 1., 0., 0., 1., 0., 0.]), tensor([1., 0., 0., 1., 0., 0., 1., 0., 0., 1., 0., 0., 1., 0., 0., 1., 0., 0.,
        1., 0., 0., 1., 0., 0., 1., 0., 0., 1., 0., 0., 1., 0.]), tensor([0., 1., 0., 0., 1., 0., 0., 1., 0., 0., 1., 0., 0., 1., 0., 0., 1., 0.,
        0., 1., 0., 0., 1., 0., 0., 1., 0., 0., 1., 0., 0., 1.])]