       Unnamed: 0     id  Residential  Commercial  Industrial  Cafe  Hotel  Restaurant  Store  MiscCommercial  Suburban  MiscResidential  CountryHouse  ConstructionSite  MiscIndustrial  PowerPlant  WaterTreatment  Door  Window  Awning  Billboard  Porch  Sign  Table  TiledRoof  TiledRoofTop  TiledRoofBottom  VendingMachine  WallSign  Statue  Chimney  Pipe  Machine  Truck  Car
27             27     27            0           1           0     0      1           1      1               0         0                0             0                 0               0           0               0     1       0       0          1      0     1      1          0             0                0               0         1       0        0     1        0      0    1
42             42     42            0           1           0     1      1           0      1               1         0                0             0                 0               0           0               0     0       1       1          1      0     1      1          0             0                0               1         1       1        0     1        0      0    0
75             75     75            0           1           0     1      0           0      1               1         0                0             0                 0               0           0               0     0       1       1          1      0     1      1          1             1                1               1         0       0        0     1        0      0    0
78             78     78            0           1           0     1      0           0      1               1         0                0             0                 0               0           0               0     0       1       1          1      0     0      1          0             0                0               1         0       0        0     1        0      0    0
108           108    108            0           1           0     0      1           1      1               0         0                0             0                 0               0           0               0     1       1       0          1      0     1      1          0             0                0               0         1       0        0     1        0      0    1
126           126    126            0           1           0     0      1           0      0               1         0                0             0                 0               0           0               0     1       0       1          0      0     0      1          0             0                0               0         1       0        0     1        0      0    0
135           135    135            0           1           0     0      0           1      1               1         0                0             0                 0               0           0               0     1       0       1          1      0     1      1          0             0                0               0         0       0        0     1        0      0    1
165           165    165            0           1           0     1      1           0      1               1         0                0             0                 0               0           0               0     1       1       1          1      0     1      1          1             0                1               0         1       1        0     1        0      0    0
213           213    213            0           1           0     1      1           0      1               0         0                0             0                 0               0           0               0     1       1       0          1      0     1      1          0             0                0               1         1       0        0     1        0      0    0
219           219    219            0           1           0     1      1           0      1               0         0                0             0                 0               0           0               0     1       1       0          1      0     0      1          0             0                0               1         1       1        0     1        0      0    0
267           267    267            0           1           0     1      1           0      1               1         0                0             0                 0               0           0               0     1       1       1          1      0     0      1          0             0                0               1         1       1        0     1        0      0    0
270           270    270            0           1           0     1      1           0      1               1         0                0             0                 0               0           0               0     1       1       1          1      0     1      1          0             0                0               1         1       0        0     1        0      0    0
291           291    291            0           1           0     0      1           1      0               1         0                0             0                 0               0           0               0     1       1       1          0      0     1      1          0             0                0               0         1       0        0     1        0      0    1
294           294    294            0           1           0     1      1           1      1               0         0                0             0                 0               0           0               0     1       1       0          1      0     1      0          0             0                0               1         1       1        0     1        0      0    1
366           366    366            0           1           0     1      0           1      1               0         0                0             0                 0               0           0               0     1       1       0          1      0     1      1          0             0                0               1         0       0        0     1        0      0    1
369           369    369            0           1           0     0      0           0      0               1         0                0             0                 0               0           0               0     1       1       1          0      0     1      1          0             0                0               0         0       0        0     1        0      0    0
375           375    375            0           1           0     1      1           0      1               1         0                0             0                 0               0           0               0     1       0       1          1      0     1      1          1             1                1               1         1       0        0     1        0      0    0
408           408    408            0           1           0     1      0           0      0               0         0                0             0                 0               0           0               0     1       0       1          0      0     0      0          0             0                0               1         0       1        0     1        0      0    0
414           414    414            0           1           0     1      1           1      1               1         0                0             0                 0               0           0               0     1       0       1          1      0     1      1          0             0                0               1         1       1        0     1        0      0    1
492           492    492            0           1           0     0      0           0      1               1         0                0             0                 0               0           0               0     0       1       1          1      0     1      1          1             1                1               0         0       0        0     1        0      0    0
498           498    498            0           1           0     0      0           0      1               1         0                0             0                 0               0           0               0     1       0       1          1      0     0      1          1             1                1               0         0       0        0     1        0      0    0
504           504    504            0           1           0     0      1           0      1               1         0                0             0                 0               0           0               0     1       1       1          1      0     0      1          0             0                0               0         1       0        0     1        0      0    0
543           543    543            0           1           0     1      1           0      1               0         0                0             0                 0               0           0               0     1       1       0          1      0     0      1          0             0                0               1         1       1        0     1        0      0    0
588           588    588            0           1           0     0      1           0      0               1         0                0             0                 0               0           0               0     1       1       1          0      0     0      1          0             0                0               0         1       0        0     1        0      0    0
606           606    606            0           1           0     1      0           0      1               1         0                0             0                 0               0           0               0     1       1       1          1      0     1      1          0             0                0               1         0       1        0     1        0      0    0
630           630    630            0           1           0     1      0           0      0               0         0                0             0                 0               0           0               0     1       1       0          0      0     1      1          0             0                0               1         0       0        0     1        0      0    0
639           639    639            0           1           0     0      1           0      1               0         0                0             0                 0               0           0               0     1       0       0          1      0     0      1          0             0                0               0         1       0        0     1        0      0    1
696           696    696            0           1           0     1      0           0      0               1         0                0             0                 0               0           0               0     0       1       1          0      0     1      1          0             0                0               1         0       1        0     1        0      0    0
732           732    732            0           1           0     1      1           0      1               0         0                0             0                 0               0           0               0     0       1       0          1      0     0      0          0             0                0               1         1       0        0     1        0      0    1
744           744    744            0           1           0     0      1           0      1               1         0                0             0                 0               0           0               0     1       1       1          1      0     0      1          1             1                1               0         1       0        0     1        0      0    0
768           768    768            0           1           0     0      0           0      1               0         0                0             0                 0               0           0               0     0       0       0          1      0     1      0          0             0                0               0         0       0        0     1        0      0    0
798           798    798            0           1           0     1      1           0      1               0         0                0             0                 0               0           0               0     1       0       0          1      0     0      0          0             0                0               1         1       0        0     1        0      0    0
813           813    813            0           1           0     1      1           0      1               1         0                0             0                 0               0           0               0     0       1       1          1      0     0      1          0             0                0               1         1       1        0     1        0      0    1
840           840    840            0           1           0     1      0           0      0               0         0                0             0                 0               0           0               0     1       0       1          0      0     0      0          0             0                0               1         0       1        0     1        0      0    0
846           846    846            0           1           0     1      0           0      0               1         0                0             0                 0               0           0               0     1       1       1          0      0     1      1          1             1                1               1         0       0        0     1        0      0    0
861           861    861            0           1           0     0      1           0      1               0         0                0             0                 0               0           0               0     1       1       0          1      0     0      1          0             0                0               0         1       0        0     1        0      0    1
894           894    894            0           1           0     1      1           0      1               1         0                0             0                 0               0           0               0     1       1       1          1      0     0      1          0             0                0               1         1       1        0     1        0      0    0
921           921    921            0           1           0     1      0           1      0               0         0                0             0                 0               0           0               0     0       0       0          0      0     1      0          0             0                0               1         0       0        0     1        0      0    1
930           930    930            0           1           0     1      1           0      1               0         0                0             0                 0               0           0               0     1       1       1          1      0     0      0          0             0                0               1         1       1        0     1        0      0    0
948           948    948            0           1           0     1      1           0      0               1         0                0             0                 0               0           0               0     1       0       1          0      0     0      1          0             0                0               1         1       0        0     1        0      0    0
969           969    969            0           1           0     1      0           0      1               1         0                0             0                 0               0           0               0     1       0       1          1      0     0      1          0             0                0               1         0       0        0     1        0      0    0
975           975    975            0           1           0     1      1           0      0               0         0                0             0                 0               0           0               0     1       1       0          0      0     1      0          0             0                0               0         1       1        0     1        0      0    0
1008         1008   1008            0           1           0     1      1           1      1               0         0                0             0                 0               0           0               0     0       1       0          1      0     1      0          0             0                0               1         1       0        0     1        0      0    1
1059         1059   1059            0           1           0     1      1           0      0               1         0                0             0                 0               0           0               0     1       1       1          0      0     0      1          1             0                1               0         1       1        0     1        0      0    0
1071         1071   1071            0           1           0     0      1           0      1               1         0                0             0                 0               0           0               0     1       1       1          1      0     0      1          0             0                0               0         1       0        0     1        0      0    1
1143         1143   1143            0           1           0     1      0           1      0               0         0                0             0                 0               0           0               0     1       1       0          0      0     1      0          0             0                0               1         0       0        0     1        0      0    1
1146         1146   1146            0           1           0     1      1           0      1               0         0                0             0                 0               0           0               0     1       1       0          1      0     0      1          0             0                0               1         1       1        0     1        0      0    1
1179         1179   1179            0           1           0     0      0           0      1               1         0                0             0                 0               0           0               0     0       1       1          1      0     1      1          0             0                0               0         0       0        0     1        0      0    0
1191         1191   1191            0           1           0     1      0           0      1               1         0                0             0                 0               0           0               0     0       1       1          1      0     1      1          1             0                1               1         0       1        0     1        0      0    0
1194         1194   1194            0           1           0     0      0           1      0               0         0                0             0                 0               0           0               0     1       0       0          0      0     1      0          0             0                0               0         0       0        0     1        0      0    1
1233         1233   1233            0           1           0     1      1           0      1               0         0                0             0                 0               0           0               0     1       0       0          1      0     0      1          0             0                0               1         1       0        0     1        0      0    1
1269         1269   1269            0           1           0     0      1           0      0               1         0                0             0                 0               0           0               0     1       1       1          0      0     0      1          0             0                0               0         1       0        0     1        0      0    0
1296         1296   1296            0           1           0     1      0           1      0               0         0                0             0                 0               0           0               0     1       1       0          0      0     1      1          0             0                0               0         0       1        0     1        0      0    1
1302         1302   1302            0           1           0     1      1           0      1               1         0                0             0                 0               0           0               0     1       1       1          1      0     0      1          0             0                0               1         1       1        0     1        0      0    0
1314         1314   1314            0           1           0     1      1           0      0               1         0                0             0                 0               0           0               0     1       1       1          0      0     0      1          0             0                0               1         1       0        0     1        0      0    0
1323         1323   1323            0           1           0     0      0           0      1               1         0                0             0                 0               0           0               0     1       1       1          1      0     0      1          0             0                0               0         0       0        0     1        0      0    0
1329         1329   1329            0           1           0     1      1           0      0               1         0                0             0                 0               0           0               0     1       1       1          0      0     1      1          0             0                0               0         1       1        0     1        0      0    0
1368         1368   1368            0           1           0     1      1           1      1               0         0                0             0                 0               0           0               0     1       1       0          1      0     1      1          0             0                0               0         1       1        0     1        0      0    1
1383         1383   1383            0           1           0     1      0           0      0               1         0                0             0                 0               0           0               0     0       1       1          0      0     1      1          0             0                0               1         0       1        0     1        0      0    0
1392         1392   1392            0           1           0     0      1           0      0               1         0                0             0                 0               0           0               0     1       1       1          0      0     0      1          1             1                1               0         1       0        0     1        0      0    0
1419         1419   1419            0           1           0     1      0           0      1               1         0                0             0                 0               0           0               0     1       1       1          1      0     0      1          1             0                1               1         0       1        0     1        0      0    0
1422         1422   1422            0           1           0     1      0           1      1               1         0                0             0                 0               0           0               0     0       1       1          1      0     1      1          0             0                0               1         0       1        0     1        0      0    1
1425         1425   1425            0           1           0     1      0           0      1               1         0                0             0                 0               0           0               0     1       1       1          1      0     0      1          1             0                1               1         0       1        0     1        0      0    0
1434         1434   1434            0           1           0     1      0           0      0               0         0                0             0                 0               0           0               0     1       1       0          0      0     1      0          0             0                0               1         0       1        0     1        0      0    0
1467         1467   1467            0           1           0     1      1           1      1               0         0                0             0                 0               0           0               0     1       0       0          1      0     1      0          0             0                0               1         1       0        0     1        0      0    1
1542         1542   1542            0           1           0     1      1           1      1               0         0                0             0                 0               0           0               0     0       1       0          1      0     1      0          0             0                0               1         1       0        0     1        0      0    1
1545         1545   1545            0           1           0     1      0           1      0               1         0                0             0                 0               0           0               0     1       1       1          0      0     1      1          0             0                0               0         0       1        0     1        0      0    1
1554         1554   1554            0           1           0     1      1           1      1               0         0                0             0                 0               0           0               0     1       0       0          1      0     1      1          0             0                0               1         1       0        0     1        0      0    1
1590         1590   1590            0           1           0     1      1           0      0               1         0                0             0                 0               0           0               0     1       0       1          0      0     1      1          0             0                0               1         1       1        0     1        0      0    0
1617         1617   1617            0           1           0     0      1           0      1               0         0                0             0                 0               0           0               0     1       0       1          1      0     0      0          0             0                0               0         1       0        0     1        0      0    1
1632         1632   1632            0           1           0     1      0           0      0               0         0                0             0                 0               0           0               0     1       0       0          0      0     1      1          0             0                0               1         0       0        0     1        0      0    0
1641         1641   1641            0           1           0     1      1           0      1               1         0                0             0                 0               0           0               0     1       1       1          1      0     1      1          0             0                0               1         1       1        0     1        0      0    0
1644         1644   1644            0           1           0     1      0           0      0               1         0                0             0                 0               0           0               0     1       1       1          0      0     0      1          0             0                0               1         0       0        0     1        0      0    1
1650         1650   1650            0           1           0     0      0           1      0               0         0                0             0                 0               0           0               0     0       1       0          0      0     1      0          0             0                0               0         0       0        0     1        0      0    1
1656         1656   1656            0           1           0     1      1           0      1               1         0                0             0                 0               0           0               0     1       1       1          1      0     0      1          0             0                0               1         1       0        0     1        0      0    0
1665         1665   1665            0           1           0     1      1           1      1               0         0                0             0                 0               0           0               0     0       1       0          1      0     1      1          0             0                0               1         1       1        0     1        0      0    1
1692         1692   1692            0           1           0     1      0           0      1               0         0                0             0                 0               0           0               0     0       1       0          1      0     1      1          0             0                0               1         0       0        0     1        0      0    0
1704         1704   1704            0           1           0     1      0           0      1               0         0                0             0                 0               0           0               0     1       1       0          1      0     0      1          0             0                0               1         0       0        0     1        0      0    0
1731         1731   1731            0           1           0     1      1           1      0               0         0                0             0                 0               0           0               0     0       1       0          0      0     1      1          0             0                0               1         1       1        0     1        0      0    1
1737         1737   1737            0           1           0     1      0           0      1               0         0                0             0                 0               0           0               0     0       1       1          1      0     0      0          0             0                0               1         0       1        0     1        0      0    1
1746         1746   1746            0           1           0     0      0           1      1               1         0                0             0                 0               0           0               0     1       1       1          1      0     1      1          0             0                0               0         0       0        0     1        0      0    1
1755         1755   1755            0           1           0     0      0           1      0               1         0                0             0                 0               0           0               0     1       1       1          0      0     1      1          0             0                0               0         0       0        0     1        0      0    1
1761         1761   1761            0           1           0     1      1           0      0               0         0                0             0                 0               0           0               0     1       1       1          0      0     1      0          0             0                0               1         1       1        0     1        0      0    0
1770         1770   1770            0           1           0     1      1           0      0               1         0                0             0                 0               0           0               0     1       1       1          0      0     1      1          1             1                1               1         1       0        0     1        0      0    0
1803         1803   1803            0           1           0     0      0           0      0               1         0                0             0                 0               0           0               0     0       1       1          0      0     1      1          1             1                1               0         0       0        0     1        0      0    0
1851         1851   1851            0           1           0     1      0           1      1               1         0                0             0                 0               0           0               0     0       1       1          1      0     1      1          0             0                0               1         0       1        0     1        0      0    1
1857         1857   1857            0           1           0     1      0           1      1               1         0                0             0                 0               0           0               0     0       1       1          1      0     1      1          0             0                0               1         0       1        0     1        0      0    1
1890         1890   1890            0           1           0     1      0           0      0               1         0                0             0                 0               0           0               0     1       0       1          0      0     1      1          0             0                0               1         0       1        0     1        0      0    0
1905         1905   1905            0           1           0     1      1           0      0               0         0                0             0                 0               0           0               0     0       1       0          0      0     0      0          0             0                0               0         1       1        0     1        0      0    0
1938         1938   1938            0           1           0     1      0           1      1               1         0                0             0                 0               0           0               0     1       0       1          1      0     1      1          0             0                0               1         0       0        0     1        0      0    1
1971         1971   1971            0           1           0     1      1           0      1               0         0                0             0                 0               0           0               0     1       1       0          1      0     0      0          0             0                0               0         1       1        0     1        0      0    0
1977         1977   1977            0           1           0     1      0           0      1               1         0                0             0                 0               0           0               0     0       1       1          1      0     0      1          1             0                1               1         0       1        0     1        0      0    0
1995         1995   1995            0           1           0     1      1           0      0               0         0                0             0                 0               0           0               0     1       0       0          0      0     1      1          0             0                0               1         1       1        0     1        0      0    0
2016         2016   2016            0           1           0     1      0           0      1               1         0                0             0                 0               0           0               0     1       1       1          1      0     1      1          0             0                0               0         0       1        0     1        0      0    0
2031         2031   2031            0           1           0     1      1           1      0               0         0                0             0                 0               0           0               0     0       1       0          0      0     1      0          0             0                0               0         1       1        0     1        0      0    1
2037         2037   2037            0           1           0     1      1           0      1               1         0                0             0                 0               0           0               0     1       1       1          1      0     0      1          0             0                0               0         1       1        0     1        0      0    0
2049         2049   2049            0           1           0     1      1           0      0               0         0                0             0                 0               0           0               0     1       1       0          0      0     0      0          0             0                0               0         1       1        0     1        0      0    0
2067         2067   2067            0           1           0     1      1           0      0               0         0                0             0                 0               0           0               0     0       1       0          0      0     0      0          0             0                0               1         1       1        0     1        0      0    0
2079         2079   2079            0           1           0     1      1           0      1               0         0                0             0                 0               0           0               0     1       0       0          1      0     0      0          0             0                0               1         1       0        0     1        0      0    0
2094         2094   2094            0           1           0     1      0           0      0               0         0                0             0                 0               0           0               0     1       0       0          0      0     1      0          0             0                0               1         0       1        0     1        0      0    0
2124         2124   2124            0           1           0     1      1           0      1               1         0                0             0                 0               0           0               0     0       1       1          1      0     0      1          0             0                0               0         1       1        0     1        0      0    0
2139         2139   2139            0           1           0     1      0           0      0               0         0                0             0                 0               0           0               0     0       1       0          0      0     1      1          0             0                0               1         0       0        0     1        0      0    0
2151         2151   2151            0           1           0     0      1           0      1               1         0                0             0                 0               0           0               0     1       1       1          1      0     0      1          0             0                0               0         1       0        0     1        0      0    0
2181         2181   2181            0           1           0     1      0           0      1               1         0                0             0                 0               0           0               0     1       0       1          1      0     0      1          0             0                0               1         0       1        0     1        0      0    1
2205         2205   2205            0           1           0     1      0           0      1               1         0                0             0                 0               0           0               0     0       1       1          1      0     0      1          1             0                1               0         0       1        0     1        0      0    0
2211         2211   2211            0           1           0     0      0           1      1               0         0                0             0                 0               0           0               0     1       1       0          1      0     1      1          0             0                0               0         0       0        0     1        0      0    1
2232         2232   2232            0           1           0     1      1           0      0               0         0                0             0                 0               0           0               0     0       1       0          0      0     0      1          0             0                0               0         1       1        0     1        0      0    0
2241         2241   2241            0           1           0     1      0           0      1               1         0                0             0                 0               0           0               0     0       1       1          1      0     1      1          0             0                0               0         0       1        0     1        0      0    0
2250         2250   2250            0           1           0     1      0           1      0               1         0                0             0                 0               0           0               0     1       1       1          0      0     1      1          0             0                0               0         0       1        0     1        0      0    1
2259         2259   2259            0           1           0     1      1           1      1               0         0                0             0                 0               0           0               0     1       0       0          1      0     1      1          0             0                0               0         1       1        0     1        0      0    1
2265         2265   2265            0           1           0     1      1           0      1               0         0                0             0                 0               0           0               0     1       1       0          1      0     0      0          0             0                0               0         1       1        0     1        0      0    0
2268         2268   2268            0           1           0     0      1           0      1               1         0                0             0                 0               0           0               0     1       1       1          1      0     1      1          0             0                0               0         1       0        0     1        0      0    0
2271         2271   2271            0           1           0     1      1           1      0               0         0                0             0                 0               0           0               0     1       0       0          0      0     1      0          0             0                0               1         1       0        0     1        0      0    1
2280         2280   2280            0           1           0     1      1           0      0               0         0                0             0                 0               0           0               0     0       1       0          0      0     1      1          0             0                0               1         1       1        0     1        0      0    0
2286         2286   2286            0           1           0     0      1           0      0               1         0                0             0                 0               0           0               0     1       1       1          0      0     0      1          0             0                0               0         1       0        0     1        0      0    0
2292         2292   2292            0           1           0     1      1           1      1               0         0                0             0                 0               0           0               0     1       1       0          1      0     1      0          0             0                0               1         1       1        0     1        0      0    1
2337         2337   2337            0           1           0     1      1           0      1               1         0                0             0                 0               0           0               0     1       1       1          1      0     1      1          1             0                1               1         1       1        0     1        0      0    0
2367         2367   2367            0           1           0     1      1           0      1               0         0                0             0                 0               0           0               0     1       1       0          1      0     1      0          0             0                0               0         1       1        0     1        0      0    0
2373         2373   2373            0           1           0     1      1           0      0               1         0                0             0                 0               0           0               0     1       1       1          0      0     0      1          0             0                0               1         1       0        0     1        0      0    1
2391         2391   2391            0           1           0     1      1           0      0               0         0                0             0                 0               0           0               0     1       0       0          0      0     0      1          0             0                0               1         1       1        0     1        0      0    1
2394         2394   2394            0           1           0     1      0           0      1               0         0                0             0                 0               0           0               0     0       0       0          1      0     0      0          0             0                0               1         0       1        0     1        0      0    1
2397         2397   2397            0           1           0     0      1           0      1               1         0                0             0                 0               0           0               0     0       1       1          1      0     1      1          0             0                0               0         1       0        0     1        0      0    0
2400         2400   2400            0           1           0     0      0           0      1               1         0                0             0                 0               0           0               0     1       0       1          1      0     1      1          0             0                0               0         0       0        0     1        0      0    0
2406         2406   2406            0           1           0     1      1           0      1               0         0                0             0                 0               0           0               0     1       1       0          1      0     1      0          0             0                0               1         1       0        0     1        0      0    0
2415         2415   2415            0           1           0     1      1           0      1               1         0                0             0                 0               0           0               0     1       0       1          1      0     1      1          0             0                0               1         1       0        0     1        0      0    0
2424         2424   2424            0           1           0     1      1           0      0               1         0                0             0                 0               0           0               0     0       1       1          0      0     0      1          0             0                0               0         1       1        0     1        0      0    0
2430         2430   2430            0           1           0     1      1           1      0               0         0                0             0                 0               0           0               0     1       1       1          0      0     1      0          0             0                0               1         1       0        0     1        0      0    1
2460         2460   2460            0           1           0     1      1           1      0               0         0                0             0                 0               0           0               0     0       1       0          0      0     1      0          0             0                0               1         1       1        0     1        0      0    1
2463         2463   2463            0           1           0     1      0           0      0               1         0                0             0                 0               0           0               0     1       1       1          0      0     1      1          0             0                0               0         0       1        0     1        0      0    0
2490         2490   2490            0           1           0     1      1           0      0               1         0                0             0                 0               0           0               0     0       1       1          0      0     0      1          0             0                0               0         1       1        0     1        0      0    0
2502         2502   2502            0           1           0     1      0           0      0               1         0                0             0                 0               0           0               0     1       0       1          0      0     1      1          0             0                0               1         0       1        0     1        0      0    0
2523         2523   2523            0           1           0     1      0           0      0               0         0                0             0                 0               0           0               0     0       1       0          0      0     1      0          0             0                0               1         0       1        0     1        0      0    0
2538         2538   2538            0           1           0     1      1           0      0               1         0                0             0                 0               0           0               0     0       1       1          0      0     1      1          0             0                0               1         1       1        0     1        0      0    0
2568         2568   2568            0           1           0     0      0           1      0               0         0                0             0                 0               0           0               0     1       0       0          0      0     1      1          0             0                0               0         0       0        0     1        0      0    1
2571         2571   2571            0           1           0     1      0           1      1               1         0                0             0                 0               0           0               0     1       1       1          1      0     1      1          0             0                0               1         0       0        0     1        0      0    1
2577         2577   2577            0           1           0     1      0           0      1               1         0                0             0                 0               0           0               0     1       1       1          1      0     1      1          1             0                1               1         0       1        0     1        0      0    0
2598         2598   2598            0           1           0     1      1           0      1               1         0                0             0                 0               0           0               0     0       1       1          1      0     0      1          1             0                1               1         1       1        0     1        0      0    0
2616         2616   2616            0           1           0     1      1           0      0               1         0                0             0                 0               0           0               0     1       1       1          0      0     1      1          1             0                1               1         1       1        0     1        0      0    0
2640         2640   2640            0           1           0     0      1           0      1               1         0                0             0                 0               0           0               0     1       0       1          1      0     1      1          1             1                1               0         1       0        0     1        0      0    0
2679         2679   2679            0           1           0     1      0           0      1               1         0                0             0                 0               0           0               0     1       1       1          1      0     1      1          1             1                1               1         0       0        0     1        0      0    0
2688         2688   2688            0           1           0     1      1           0      0               0         0                0             0                 0               0           0               0     1       1       0          0      0     0      0          0             0                0               1         1       1        0     1        0      0    0
2694         2694   2694            0           1           0     0      0           0      1               1         0                0             0                 0               0           0               0     1       1       1          1      0     1      1          0             0                0               0         0       0        0     1        0      0    0
2700         2700   2700            0           1           0     1      1           0      1               1         0                0             0                 0               0           0               0     0       1       1          1      0     0      1          0             0                0               0         1       1        0     1        0      0    0
2772         2772   2772            0           1           0     1      0           0      1               1         0                0             0                 0               0           0               0     0       1       1          1      0     0      1          1             1                1               1         0       0        0     1        0      0    0
2802         2802   2802            0           1           0     1      0           0      0               1         0                0             0                 0               0           0               0     1       0       1          0      0     1      1          0             0                0               0         0       1        0     1        0      0    0
2805         2805   2805            0           1           0     0      0           1      0               0         0                0             0                 0               0           0               0     1       0       0          0      0     1      1          0             0                0               0         0       0        0     1        0      0    1
2817         2817   2817            0           1           0     0      1           0      1               0         0                0             0                 0               0           0               0     1       1       0          1      0     1      1          0             0                0               0         1       0        0     1        0      0    0
2829         2829   2829            0           1           0     0      0           0      0               1         0                0             0                 0               0           0               0     1       1       1          0      0     1      1          1             1                1               0         0       0        0     1        0      0    0
2832         2832   2832            0           1           0     1      1           0      1               0         0                0             0                 0               0           0               0     1       1       0          1      0     1      1          0             0                0               1         1       0        0     1        0      0    0
2874         2874   2874            0           1           0     1      0           0      0               0         0                0             0                 0               0           0               0     0       0       0          0      0     0      0          0             0                0               0         0       1        0     1        0      0    0
2895         2895   2895            0           1           0     1      1           0      0               1         0                0             0                 0               0           0               0     1       1       1          0      0     1      1          0             0                0               0         1       1        0     1        0      0    0
2898         2898   2898            0           1           0     1      1           0      0               0         0                0             0                 0               0           0               0     1       0       0          0      0     0      0          0             0                0               1         1       1        0     1        0      0    1
2904         2904   2904            0           1           0     1      1           0      1               1         0                0             0                 0               0           0               0     0       1       1          1      0     0      1          1             0                1               0         1       1        0     1        0      0    0
2910         2910   2910            0           1           0     1      1           0      0               0         0                0             0                 0               0           0               0     1       0       0          0      0     1      0          0             0                0               0         1       1        0     1        0      0    0
2916         2916   2916            0           1           0     1      0           0      1               1         0                0             0                 0               0           0               0     0       1       1          1      0     1      1          1             0                1               1         0       1        0     1        0      0    0
2958         2958   2958            0           1           0     1      1           0      0               1         0                0             0                 0               0           0               0     1       0       1          0      0     0      1          0             0                0               1         1       1        0     1        0      0    1
2976         2976   2976            0           1           0     0      0           0      1               1         0                0             0                 0               0           0               0     0       1       1          1      0     1      1          1             1                1               0         0       0        0     1        0      0    0
3003         3003   3003            0           1           0     1      0           0      0               0         0                0             0                 0               0           0               0     0       1       0          0      0     0      0          0             0                0               1         0       0        0     1        0      0    1
3036         3036   3036            0           1           0     0      1           1      1               1         0                0             0                 0               0           0               0     1       1       1          1      0     1      1          0             0                0               0         1       0        0     1        0      0    1
3045         3045   3045            0           1           0     1      0           0      0               1         0                0             0                 0               0           0               0     0       1       1          0      0     1      1          1             0                1               0         0       1        0     1        0      0    0
3048         3048   3048            0           1           0     1      1           0      1               1         0                0             0                 0               0           0               0     0       1       1          1      0     0      1          1             0                1               1         1       1        0     1        0      0    0
3057         3057   3057            0           1           0     1      0           1      1               1         0                0             0                 0               0           0               0     1       1       1          1      0     1      1          0             0                0               1         0       0        0     1        0      0    1
3069         3069   3069            0           1           0     1      0           0      1               1         0                0             0                 0               0           0               0     1       1       1          1      0     0      1          0             0                0               1         0       1        0     1        0      0    1
3093         3093   3093            0           1           0     1      0           1      1               0         0                0             0                 0               0           0               0     1       1       1          1      0     1      0          0             0                0               1         0       0        0     1        0      0    1
3117         3117   3117            0           1           0     0      0           0      1               0         0                0             0                 0               0           0               0     1       0       1          1      0     0      0          0             0                0               0         0       0        0     1        0      0    0
3141         3141   3141            0           1           0     1      0           0      1               1         0                0             0                 0               0           0               0     1       1       1          1      0     1      1          0             0                0               0         0       1        0     1        0      0    0
3147         3147   3147            0           1           0     0      1           0      0               0         0                0             0                 0               0           0               0     1       1       1          0      0     0      0          0             0                0               0         1       0        0     1        0      0    1
3150         3150   3150            0           1           0     1      1           0      1               0         0                0             0                 0               0           0               0     1       1       0          1      0     0      1          0             0                0               0         1       1        0     1        0      0    0
3159         3159   3159            0           1           0     1      0           0      1               1         0                0             0                 0               0           0               0     1       0       1          1      0     1      1          0             0                0               0         0       1        0     1        0      0    0
3162         3162   3162            0           1           0     1      0           0      1               1         0                0             0                 0               0           0               0     0       1       1          1      0     0      1          0             0                0               1         0       1        0     1        0      0    0
3171         3171   3171            0           1           0     0      0           1      1               0         0                0             0                 0               0           0               0     0       1       0          1      0     1      1          0             0                0               0         0       0        0     1        0      0    1
3186         3186   3186            0           1           0     0      1           0      0               1         0                0             0                 0               0           0               0     0       1       1          0      0     0      1          0             0                0               0         1       0        0     1        0      0    0
3195         3195   3195            0           1           0     1      1           0      0               1         0                0             0                 0               0           0               0     1       1       1          0      0     1      1          0             0                0               1         1       1        0     1        0      0    0
3210         3210   3210            0           1           0     1      1           0      0               1         0                0             0                 0               0           0               0     1       1       1          0      0     1      1          0             0                0               1         1       0        0     1        0      0    0
3213         3213   3213            0           1           0     1      0           0      0               0         0                0             0                 0               0           0               0     0       1       0          0      0     0      1          0             0                0               1         0       1        0     1        0      0    0
3222         3222   3222            0           1           0     0      1           0      0               1         0                0             0                 0               0           0               0     1       0       1          0      0     0      1          1             1                1               0         1       0        0     1        0      0    0
3228         3228   3228            0           1           0     1      1           0      0               0         0                0             0                 0               0           0               0     1       1       0          0      0     0      1          0             0                0               1         1       1        0     1        0      0    1
3231         3231   3231            0           1           0     1      1           0      0               1         0                0             0                 0               0           0               0     0       1       1          0      0     0      1          1             0                1               0         1       1        0     1        0      0    0
3249         3249   3249            0           1           0     0      0           1      0               0         0                0             0                 0               0           0               0     0       1       0          0      0     1      1          0             0                0               0         0       0        0     1        0      0    1
3273         3273   3273            0           1           0     0      1           0      1               1         0                0             0                 0               0           0               0     1       1       1          1      0     0      1          1             1                1               0         1       0        0     1        0      0    0
3339         3339   3339            0           1           0     1      0           0      1               1         0                0             0                 0               0           0               0     0       1       1          1      0     0      1          0             0                0               1         0       1        0     1        0      0    0
3345         3345   3345            0           1           0     1      1           1      1               0         0                0             0                 0               0           0               0     1       1       0          1      0     1      0          0             0                0               1         1       0        0     1        0      0    1
3378         3378   3378            0           1           0     0      1           0      0               1         0                0             0                 0               0           0               0     1       0       1          0      0     0      1          0             0                0               0         1       0        0     1        0      0    0
3387         3387   3387            0           1           0     0      1           0      1               1         0                0             0                 0               0           0               0     1       1       1          1      0     0      1          0             0                0               0         1       0        0     1        0      0    0
3426         3426   3426            0           1           0     1      0           1      0               0         0                0             0                 0               0           0               0     1       1       0          0      0     1      1          0             0                0               1         0       1        0     1        0      0    1
3429         3429   3429            0           1           0     1      1           0      0               0         0                0             0                 0               0           0               0     1       1       0          0      0     0      1          0             0                0               0         1       1        0     1        0      0    1
3438         3438   3438            0           1           0     1      1           0      0               1         0                0             0                 0               0           0               0     0       1       1          0      0     0      1          0             0                0               0         1       1        0     1        0      0    0
3447         3447   3447            0           1           0     1      1           0      1               1         0                0             0                 0               0           0               0     1       1       1          1      0     1      1          0             0                0               1         1       1        0     1        0      0    0
3453         3453   3453            0           1           0     0      0           0      1               0         0                0             0                 0               0           0               0     1       1       0          1      0     1      1          0             0                0               0         0       0        0     1        0      0    0
3471         3471   3471            0           1           0     1      1           0      0               1         0                0             0                 0               0           0               0     1       0       1          0      0     0      1          0             0                0               1         1       1        0     1        0      0    0
3486         3486   3486            0           1           0     1      1           0      0               1         0                0             0                 0               0           0               0     1       1       1          0      0     1      1          0             0                0               1         1       0        0     1        0      0    0
3492         3492   3492            0           1           0     1      1           1      1               0         0                0             0                 0               0           0               0     1       1       0          1      0     1      1          0             0                0               1         1       0        0     1        0      0    1
3495         3495   3495            0           1           0     0      1           0      1               1         0                0             0                 0               0           0               0     0       1       1          1      0     1      1          0             0                0               0         1       0        0     1        0      0    0
3522         3522   3522            0           1           0     0      1           0      1               0         0                0             0                 0               0           0               0     0       1       0          1      0     0      0          0             0                0               0         1       0        0     1        0      0    0
3570         3570   3570            0           1           0     1      0           0      1               1         0                0             0                 0               0           0               0     1       1       1          1      0     0      1          0             0                0               1         0       0        0     1        0      0    0
3576         3576   3576            0           1           0     1      1           1      0               0         0                0             0                 0               0           0               0     0       1       1          0      0     1      0          0             0                0               1         1       1        0     1        0      0    1
3591         3591   3591            0           1           0     1      1           0      1               1         0                0             0                 0               0           0               0     0       1       1          1      0     0      1          0             0                0               1         1       1        0     1        0      0    0
3600         3600   3600            0           1           0     0      1           0      1               1         0                0             0                 0               0           0               0     1       1       1          1      0     1      1          1             1                1               0         1       0        0     1        0      0    0
3609         3609   3609            0           1           0     1      0           0      0               1         0                0             0                 0               0           0               0     1       0       1          0      0     0      1          0             0                0               1         0       1        0     1        0      0    1
3618         3618   3618            0           1           0     1      0           0      1               1         0                0             0                 0               0           0               0     1       1       1          1      0     1      1          1             1                1               1         0       0        0     1        0      0    0
3630         3630   3630            0           1           0     1      1           0      0               1         0                0             0                 0               0           0               0     1       1       1          0      0     0      1          0             0                0               0         1       1        0     1        0      0    0
3639         3639   3639            0           1           0     1      0           0      0               1         0                0             0                 0               0           0               0     0       1       1          0      0     0      1          1             0                1               0         0       1        0     1        0      0    0
3666         3666   3666            0           1           0     1      1           0      1               0         0                0             0                 0               0           0               0     1       0       1          1      0     0      0          0             0                0               1         1       1        0     1        0      0    0
3669         3669   3669            0           1           0     1      1           0      0               1         0                0             0                 0               0           0               0     1       0       1          0      0     0      1          0             0                0               1         1       1        0     1        0      0    1
3690         3690   3690            0           1           0     1      1           1      1               0         0                0             0                 0               0           0               0     1       0       0          1      0     1      1          0             0                0               0         1       1        0     1        0      0    1
3693         3693   3693            0           1           0     1      1           1      0               0         0                0             0                 0               0           0               0     0       0       0          0      0     1      1          0             0                0               0         1       1        0     1        0      0    1
3708         3708   3708            0           1           0     1      0           0      1               1         0                0             0                 0               0           0               0     1       0       1          1      0     0      1          1             0                1               1         0       1        0     1        0      0    0
3756         3756   3756            0           1           0     1      1           0      1               1         0                0             0                 0               0           0               0     1       1       1          1      0     1      1          1             1                1               1         1       0        0     1        0      0    0
3762         3762   3762            0           1           0     1      1           0      1               0         0                0             0                 0               0           0               0     0       1       1          1      0     0      0          0             0                0               0         1       1        0     1        0      0    0
3795         3795   3795            0           1           0     1      1           0      0               0         0                0             0                 0               0           0               0     1       1       0          0      0     0      0          0             0                0               1         1       1        0     1        0      0    0
3819         3819   3819            0           1           0     1      1           0      0               1         0                0             0                 0               0           0               0     0       1       1          0      0     0      1          0             0                0               0         1       1        0     1        0      0    1
3822         3822   3822            0           1           0     1      1           1      0               0         0                0             0                 0               0           0               0     1       1       0          0      0     1      1          0             0                0               1         1       0        0     1        0      0    1
3852         3852   3852            0           1           0     1      0           0      0               1         0                0             0                 0               0           0               0     1       1       1          0      0     1      1          0             0                0               1         0       1        0     1        0      0    0
3861         3861   3861            0           1           0     1      0           0      1               1         0                0             0                 0               0           0               0     0       1       1          1      0     1      1          1             1                1               1         0       0        0     1        0      0    0
3870         3870   3870            0           1           0     1      1           0      0               1         0                0             0                 0               0           0               0     1       1       1          0      0     0      1          0             0                0               1         1       0        0     1        0      0    1
3873         3873   3873            0           1           0     1      0           0      1               1         0                0             0                 0               0           0               0     1       1       1          1      0     1      1          0             0                0               1         0       0        0     1        0      0    0
3933         3933   3933            0           1           0     1      0           0      1               0         0                0             0                 0               0           0               0     1       1       0          1      0     1      0          0             0                0               1         0       1        0     1        0      0    0
3957         3957   3957            0           1           0     1      1           0      0               1         0                0             0                 0               0           0               0     0       1       1          0      0     1      1          1             0                1               1         1       1        0     1        0      0    0
4002         4002   4002            0           1           0     1      0           0      1               1         0                0             0                 0               0           0               0     1       1       1          1      0     0      1          0             0                0               0         0       1        0     1        0      0    0
4014         4014   4014            0           1           0     1      1           1      0               1         0                0             0                 0               0           0               0     1       1       1          0      0     1      1          0             0                0               1         1       0        0     1        0      0    1
4017         4017   4017            0           1           0     0      0           0      0               1         0                0             0                 0               0           0               0     1       1       1          0      0     1      1          0             0                0               0         0       0        0     1        0      0    0
4038         4038   4038            0           1           0     1      0           0      1               1         0                0             0                 0               0           0               0     0       1       1          1      0     1      1          1             1                1               1         0       0        0     1        0      0    0
4068         4068   4068            0           1           0     0      1           1      1               0         0                0             0                 0               0           0               0     1       1       0          1      0     1      1          0             0                0               0         1       0        0     1        0      0    1
4122         4122   4122            0           1           0     1      0           0      1               1         0                0             0                 0               0           0               0     1       0       1          1      0     0      1          0             0                0               1         0       1        0     1        0      0    1
4137         4137   4137            0           1           0     1      0           1      0               1         0                0             0                 0               0           0               0     1       0       1          0      0     1      1          0             0                0               1         0       1        0     1        0      0    1
4140         4140   4140            0           1           0     1      1           0      0               1         0                0             0                 0               0           0               0     0       1       1          0      0     0      1          0             0                0               1         1       1        0     1        0      0    0
4161         4161   4161            0           1           0     1      1           1      1               0         0                0             0                 0               0           0               0     1       0       0          1      0     1      0          0             0                0               1         1       1        0     1        0      0    1
4182         4182   4182            0           1           0     1      0           1      0               0         0                0             0                 0               0           0               0     0       1       0          0      0     1      0          0             0                0               1         0       0        0     1        0      0    1
4242         4242   4242            0           1           0     1      1           0      1               0         0                0             0                 0               0           0               0     0       1       0          1      0     1      0          0             0                0               1         1       0        0     1        0      0    0
4263         4263   4263            0           1           0     1      1           0      0               1         0                0             0                 0               0           0               0     0       1       1          0      0     0      1          1             0                1               1         1       1        0     1        0      0    0
4275         4275   4275            0           1           0     1      0           0      1               1         0                0             0                 0               0           0               0     0       1       1          1      0     0      1          0             0                0               1         0       1        0     1        0      0    1
4278         4278   4278            0           1           0     1      1           0      0               1         0                0             0                 0               0           0               0     1       1       1          0      0     0      1          0             0                0               0         1       1        0     1        0      0    0
4284         4284   4284            0           1           0     1      0           0      1               0         0                0             0                 0               0           0               0     1       1       1          1      0     0      0          0             0                0               1         0       1        0     1        0      0    0
4317         4317   4317            0           1           0     1      1           0      0               1         0                0             0                 0               0           0               0     1       1       1          0      0     0      1          0             0                0               1         1       1        0     1        0      0    0
4362         4362   4362            0           1           0     1      1           1      1               0         0                0             0                 0               0           0               0     0       1       1          1      0     1      0          0             0                0               0         1       1        0     1        0      0    1
4371         4371   4371            0           1           0     1      1           1      1               0         0                0             0                 0               0           0               0     1       1       0          1      0     1      1          0             0                0               0         1       1        0     1        0      0    1
4380         4380   4380            0           1           0     1      1           0      1               1         0                0             0                 0               0           0               0     1       0       1          1      0     0      1          0             0                0               1         1       1        0     1        0      0    0
4395         4395   4395            0           1           0     1      0           0      1               0         0                0             0                 0               0           0               0     0       1       1          1      0     0      0          0             0                0               1         0       0        0     1        0      0    1
4407         4407   4407            0           1           0     1      1           0      1               1         0                0             0                 0               0           0               0     1       0       1          1      0     0      1          1             0                1               1         1       1        0     1        0      0    0
4425         4425   4425            0           1           0     1      1           0      1               0         0                0             0                 0               0           0               0     0       0       0          1      0     1      0          0             0                0               0         1       1        0     1        0      0    0
4428         4428   4428            0           1           0     1      0           0      1               1         0                0             0                 0               0           0               0     1       0       1          1      0     1      1          0             0                0               1         0       1        0     1        0      0    0
4449         4449   4449            0           1           0     1      0           0      1               0         0                0             0                 0               0           0               0     1       0       1          1      0     0      0          0             0                0               1         0       1        0     1        0      0    1
4464         4464   4464            0           1           0     1      1           0      0               1         0                0             0                 0               0           0               0     1       1       1          0      0     0      1          0             0                0               0         1       1        0     1        0      0    1
4482         4482   4482            0           1           0     1      1           0      1               0         0                0             0                 0               0           0               0     1       1       0          1      0     0      0          0             0                0               1         1       1        0     1        0      0    1
4485         4485   4485            0           1           0     1      1           0      1               1         0                0             0                 0               0           0               0     1       0       1          1      0     0      1          0             0                0               0         1       1        0     1        0      0    0
4548         4548   4548            0           1           0     1      1           0      1               1         0                0             0                 0               0           0               0     1       0       1          1      0     0      1          0             0                0               1         1       1        0     1        0      0    0
4587         4587   4587            0           1           0     1      1           0      1               1         0                0             0                 0               0           0               0     0       1       1          1      0     0      1          0             0                0               1         1       0        0     1        0      0    0
4644         4644   4644            0           1           0     1      1           1      1               0         0                0             0                 0               0           0               0     1       1       0          1      0     1      1          0             0                0               0         1       1        0     1        0      0    1
4674         4674   4674            0           1           0     1      0           0      1               0         0                0             0                 0               0           0               0     1       0       0          1      0     1      1          0             0                0               1         0       1        0     1        0      0    0
4707         4707   4707            0           1           0     1      1           0      0               1         0                0             0                 0               0           0               0     1       1       1          0      0     1      1          0             0                0               1         1       1        0     1        0      0    0
4728         4728   4728            0           1           0     1      1           0      1               1         0                0             0                 0               0           0               0     1       0       1          1      0     1      1          0             0                0               1         1       0        0     1        0      0    0
4743         4743   4743            0           1           0     1      1           0      1               1         0                0             0                 0               0           0               0     1       1       1          1      0     1      1          1             0                1               0         1       1        0     1        0      0    0
4758         4758   4758            0           1           0     1      0           1      1               0         0                0             0                 0               0           0               0     0       1       1          1      0     1      0          0             0                0               1         0       1        0     1        0      0    1
4767         4767   4767            0           1           0     1      1           1      0               0         0                0             0                 0               0           0               0     1       1       0          0      0     1      0          0             0                0               1         1       1        0     1        0      0    1
4779         4779   4779            0           1           0     1      0           0      1               0         0                0             0                 0               0           0               0     0       1       1          1      0     0      0          0             0                0               1         0       1        0     1        0      0    0
4782         4782   4782            0           1           0     1      1           1      1               0         0                0             0                 0               0           0               0     0       1       0          1      0     1      1          0             0                0               0         1       1        0     1        0      0    1
4797         4797   4797            0           1           0     1      0           0      1               1         0                0             0                 0               0           0               0     1       0       1          1      0     1      1          0             0                0               0         0       1        0     1        0      0    0
4809         4809   4809            0           1           0     1      0           0      0               1         0                0             0                 0               0           0               0     1       1       1          0      0     1      1          0             0                0               1         0       1        0     1        0      0    0
4821         4821   4821            0           1           0     1      0           0      0               0         0                0             0                 0               0           0               0     0       0       0          0      0     0      0          0             0                0               1         0       0        0     1        0      0    0
4830         4830   4830            0           1           0     1      1           0      0               1         0                0             0                 0               0           0               0     1       0       1          0      0     0      1          0             0                0               1         1       1        0     1        0      0    1
4836         4836   4836            0           1           0     1      0           1      1               0         0                0             0                 0               0           0               0     0       1       0          1      0     1      1          0             0                0               0         0       1        0     1        0      0    1
4887         4887   4887            0           1           0     1      1           0      0               1         0                0             0                 0               0           0               0     0       1       1          0      0     1      1          1             0                1               1         1       1        0     1        0      0    0
4896         4896   4896            0           1           0     0      1           0      0               1         0                0             0                 0               0           0               0     1       1       1          0      0     1      1          1             1                1               0         1       0        0     1        0      0    0
4911         4911   4911            0           1           0     0      1           0      1               1         0                0             0                 0               0           0               0     1       1       1          1      0     1      1          1             1                1               0         1       0        0     1        0      0    0
4932         4932   4932            0           1           0     0      1           0      0               0         0                0             0                 0               0           0               0     0       1       1          0      0     0      0          0             0                0               0         1       0        0     1        0      0    1
4938         4938   4938            0           1           0     1      1           0      1               0         0                0             0                 0               0           0               0     0       0       0          1      0     0      1          0             0                0               0         1       1        0     1        0      0    0
4974         4974   4974            0           1           0     1      0           0      1               0         0                0             0                 0               0           0               0     1       0       0          1      0     1      1          0             0                0               0         0       1        0     1        0      0    0
4992         4992   4992            0           1           0     1      0           1      0               0         0                0             0                 0               0           0               0     1       0       0          0      0     1      0          0             0                0               1         0       1        0     1        0      0    1
4998         4998   4998            0           1           0     1      0           0      1               1         0                0             0                 0               0           0               0     1       1       1          1      0     0      1          0             0                0               1         0       0        0     1        0      0    0
5010         5010   5010            0           1           0     1      1           0      0               0         0                0             0                 0               0           0               0     0       1       0          0      0     0      0          0             0                0               0         1       1        0     1        0      0    0
5043         5043   5043            0           1           0     1      0           0      0               1         0                0             0                 0               0           0               0     1       1       1          0      0     0      1          1             0                1               1         0       1        0     1        0      0    0
5049         5049   5049            0           1           0     1      1           1      0               0         0                0             0                 0               0           0               0     1       1       0          0      0     1      0          0             0                0               0         1       1        0     1        0      0    1
5052         5052   5052            0           1           0     1      1           0      0               1         0                0             0                 0               0           0               0     1       0       1          0      0     1      1          0             0                0               0         1       1        0     1        0      0    0
5109         5109   5109            0           1           0     1      0           0      1               0         0                0             0                 0               0           0               0     1       1       0          1      0     0      1          0             0                0               0         0       1        0     1        0      0    0
5118         5118   5118            0           1           0     1      1           0      0               1         0                0             0                 0               0           0               0     0       1       1          0      0     1      1          0             0                0               1         1       0        0     1        0      0    0
5166         5166   5166            0           1           0     1      1           0      1               0         0                0             0                 0               0           0               0     1       1       1          1      0     0      0          0             0                0               1         1       0        0     1        0      0    1
5169         5169   5169            0           1           0     1      1           0      1               0         0                0             0                 0               0           0               0     1       1       0          1      0     0      0          0             0                0               1         1       1        0     1        0      0    1
5181         5181   5181            0           1           0     0      0           0      1               1         0                0             0                 0               0           0               0     1       1       1          1      0     0      1          0             0                0               0         0       0        0     1        0      0    0
5223         5223   5223            0           1           0     1      0           0      1               1         0                0             0                 0               0           0               0     1       0       1          1      0     0      1          0             0                0               1         0       0        0     1        0      0    0
5229         5229   5229            0           1           0     0      1           0      0               1         0                0             0                 0               0           0               0     1       0       1          0      0     0      1          0             0                0               0         1       0        0     1        0      0    0
5241         5241   5241            0           1           0     1      1           0      1               1         0                0             0                 0               0           0               0     1       0       1          1      0     0      1          1             1                1               1         1       0        0     1        0      0    0
5253         5253   5253            0           1           0     1      0           0      1               1         0                0             0                 0               0           0               0     1       1       1          1      0     1      1          0             0                0               1         0       0        0     1        0      0    0
5256         5256   5256            0           1           0     1      1           0      1               0         0                0             0                 0               0           0               0     1       0       1          1      0     1      0          0             0                0               0         1       1        0     1        0      0    0
5268         5268   5268            0           1           0     1      0           1      0               1         0                0             0                 0               0           0               0     1       1       1          0      0     1      1          0             0                0               1         0       0        0     1        0      0    1
5271         5271   5271            0           1           0     0      1           0      1               0         0                0             0                 0               0           0               0     1       1       0          1      0     0      0          0             0                0               0         1       0        0     1        0      0    1
5286         5286   5286            0           1           0     1      1           0      1               1         0                0             0                 0               0           0               0     1       1       1          1      0     1      1          0             0                0               1         1       0        0     1        0      0    0
5289         5289   5289            0           1           0     1      0           0      1               0         0                0             0                 0               0           0               0     0       0       0          1      0     0      0          0             0                0               0         0       1        0     1        0      0    0
5310         5310   5310            0           1           0     1      1           0      1               1         0                0             0                 0               0           0               0     0       1       1          1      0     1      1          1             0                1               0         1       1        0     1        0      0    0
5319         5319   5319            0           1           0     1      0           1      1               0         0                0             0                 0               0           0               0     1       1       1          1      0     1      0          0             0                0               1         0       0        0     1        0      0    1
5334         5334   5334            0           1           0     1      0           0      1               1         0                0             0                 0               0           0               0     1       0       1          1      0     0      1          0             0                0               1         0       0        0     1        0      0    0
5337         5337   5337            0           1           0     1      1           0      0               1         0                0             0                 0               0           0               0     1       1       1          0      0     1      1          1             0                1               1         1       1        0     1        0      0    0
5367         5367   5367            0           1           0     1      1           0      0               1         0                0             0                 0               0           0               0     1       1       1          0      0     1      1          0             0                0               1         1       0        0     1        0      0    0
5370         5370   5370            0           1           0     1      1           0      0               1         0                0             0                 0               0           0               0     1       1       1          0      0     1      1          0             0                0               0         1       1        0     1        0      0    0
5424         5424   5424            0           1           0     1      1           1      0               1         0                0             0                 0               0           0               0     0       1       1          0      0     1      1          0             0                0               0         1       1        0     1        0      0    1
5445         5445   5445            0           1           0     0      1           0      0               1         0                0             0                 0               0           0               0     1       1       1          0      0     1      1          1             1                1               0         1       0        0     1        0      0    0
5451         5451   5451            0           1           0     0      1           0      0               1         0                0             0                 0               0           0               0     1       1       1          0      0     1      1          1             1                1               0         1       0        0     1        0      0    0
5541         5541   5541            0           1           0     1      0           0      1               0         0                0             0                 0               0           0               0     1       0       0          1      0     0      0          0             0                0               1         0       1        0     1        0      0    1
5556         5556   5556            0           1           0     1      1           0      1               1         0                0             0                 0               0           0               0     1       1       1          1      0     1      1          1             0                1               1         1       1        0     1        0      0    0
5559         5559   5559            0           1           0     1      0           1      1               0         0                0             0                 0               0           0               0     1       0       0          1      0     1      0          0             0                0               0         0       1        0     1        0      0    1
5565         5565   5565            0           1           0     1      1           1      0               0         0                0             0                 0               0           0               0     1       1       0          0      0     1      1          0             0                0               1         1       1        0     1        0      0    1
5598         5598   5598            0           1           0     1      1           0      1               1         0                0             0                 0               0           0               0     1       1       1          1      0     1      1          1             0                1               1         1       1        0     1        0      0    0
5610         5610   5610            0           1           0     1      0           0      0               1         0                0             0                 0               0           0               0     0       1       1          0      0     1      1          0             0                0               1         0       0        0     1        0      0    0
5631         5631   5631            0           1           0     1      0           0      0               0         0                0             0                 0               0           0               0     1       1       0          0      0     0      1          0             0                0               0         0       1        0     1        0      0    0
5640         5640   5640            0           1           0     1      1           0      1               1         0                0             0                 0               0           0               0     0       1       1          1      0     0      1          1             0                1               0         1       1        0     1        0      0    0
5685         5685   5685            0           1           0     1      0           0      1               0         0                0             0                 0               0           0               0     1       0       0          1      0     1      1          0             0                0               1         0       1        0     1        0      0    0
5691         5691   5691            0           1           0     1      0           0      1               1         0                0             0                 0               0           0               0     1       0       1          1      0     0      1          0             0                0               0         0       1        0     1        0      0    0
5700         5700   5700            0           1           0     1      1           1      0               0         0                0             0                 0               0           0               0     0       0       0          0      0     1      0          0             0                0               1         1       1        0     1        0      0    1
5727         5727   5727            0           1           0     1      0           0      0               0         0                0             0                 0               0           0               0     1       1       1          0      0     1      0          0             0                0               0         0       1        0     1        0      0    0
5742         5742   5742            0           1           0     1      0           0      1               1         0                0             0                 0               0           0               0     1       1       1          1      0     1      1          1             0                1               1         0       1        0     1        0      0    0
5760         5760   5760            0           1           0     0      1           0      0               1         0                0             0                 0               0           0               0     1       1       1          0      0     0      1          0             0                0               0         1       0        0     1        0      0    1
5766         5766   5766            0           1           0     0      1           0      1               1         0                0             0                 0               0           0               0     0       1       1          1      0     0      1          1             1                1               0         1       0        0     1        0      0    0
5826         5826   5826            0           1           0     1      1           0      1               1         0                0             0                 0               0           0               0     0       1       1          1      0     1      1          0             0                0               1         1       1        0     1        0      0    0
5829         5829   5829            0           1           0     0      1           0      0               1         0                0             0                 0               0           0               0     1       1       1          0      0     1      1          0             0                0               0         1       0        0     1        0      0    0
5835         5835   5835            0           1           0     1      0           0      0               1         0                0             0                 0               0           0               0     1       1       1          0      0     0      1          0             0                0               0         0       1        0     1        0      0    0
5841         5841   5841            0           1           0     1      1           0      1               0         0                0             0                 0               0           0               0     1       1       0          1      0     0      0          0             0                0               1         1       1        0     1        0      0    0
5844         5844   5844            0           1           0     1      1           0      1               0         0                0             0                 0               0           0               0     1       0       0          1      0     0      0          0             0                0               0         1       1        0     1        0      0    0
5871         5871   5871            0           1           0     1      1           1      0               1         0                0             0                 0               0           0               0     1       1       1          0      0     1      1          0             0                0               1         1       0        0     1        0      0    1
5874         5874   5874            0           1           0     1      1           0      0               1         0                0             0                 0               0           0               0     1       1       1          0      0     1      1          1             0                1               0         1       1        0     1        0      0    0
5907         5907   5907            0           1           0     1      1           1      1               1         0                0             0                 0               0           0               0     0       1       1          1      0     1      1          0             0                0               0         1       1        0     1        0      0    1
5916         5916   5916            0           1           0     1      0           0      1               1         0                0             0                 0               0           0               0     1       1       1          1      0     1      1          0             0                0               0         0       1        0     1        0      0    0
5940         5940   5940            0           1           0     1      0           0      1               0         0                0             0                 0               0           0               0     1       1       0          1      0     1      1          0             0                0               1         0       0        0     1        0      0    0
5952         5952   5952            0           1           0     1      1           0      0               0         0                0             0                 0               0           0               0     0       1       0          0      0     0      1          0             0                0               1         1       1        0     1        0      0    1
5958         5958   5958            0           1           0     1      1           0      1               0         0                0             0                 0               0           0               0     1       0       0          1      0     0      1          0             0                0               0         1       1        0     1        0      0    1
6075         6075   6075            0           1           0     1      0           0      0               1         0                0             0                 0               0           0               0     1       1       1          0      0     1      1          0             0                0               1         0       1        0     1        0      0    0
6081         6081   6081            0           1           0     1      0           1      1               1         0                0             0                 0               0           0               0     1       1       1          1      0     1      1          0             0                0               1         0       1        0     1        0      0    1
6087         6087   6087            0           1           0     0      1           1      0               1         0                0             0                 0               0           0               0     1       1       1          0      0     1      1          0             0                0               0         1       0        0     1        0      0    1
6096         6096   6096            0           1           0     1      1           1      1               0         0                0             0                 0               0           0               0     0       1       0          1      0     1      0          0             0                0               1         1       0        0     1        0      0    1
6144         6144   6144            0           1           0     1      1           0      1               1         0                0             0                 0               0           0               0     1       0       1          1      0     1      1          0             0                0               0         1       1        0     1        0      0    0
6153         6153   6153            0           1           0     0      1           0      1               1         0                0             0                 0               0           0               0     1       1       1          1      0     1      1          0             0                0               0         1       0        0     1        0      0    0
6168         6168   6168            0           1           0     0      1           0      1               0         0                0             0                 0               0           0               0     1       1       0          1      0     0      0          0             0                0               0         1       0        0     1        0      0    1
6171         6171   6171            0           1           0     1      0           0      1               1         0                0             0                 0               0           0               0     0       1       1          1      0     0      1          1             0                1               0         0       1        0     1        0      0    0
6204         6204   6204            0           1           0     1      1           0      0               1         0                0             0                 0               0           0               0     1       1       1          0      0     0      1          0             0                0               1         1       0        0     1        0      0    0
6207         6207   6207            0           1           0     1      0           0      1               0         0                0             0                 0               0           0               0     1       1       0          1      0     0      0          0             0                0               1         0       0        0     1        0      0    1
6210         6210   6210            0           1           0     1      1           0      1               1         0                0             0                 0               0           0               0     1       0       1          1      0     1      1          0             0                0               1         1       1        0     1        0      0    0
6234         6234   6234            0           1           0     1      0           0      1               0         0                0             0                 0               0           0               0     1       1       0          1      0     0      1          0             0                0               1         0       1        0     1        0      0    0
6264         6264   6264            0           1           0     1      1           1      0               1         0                0             0                 0               0           0               0     1       0       1          0      0     1      1          0             0                0               1         1       1        0     1        0      0    1
6267         6267   6267            0           1           0     1      1           1      1               0         0                0             0                 0               0           0               0     0       0       0          1      0     1      1          0             0                0               1         1       1        0     1        0      0    1
6276         6276   6276            0           1           0     1      1           0      0               1         0                0             0                 0               0           0               0     1       1       1          0      0     1      1          1             0                1               1         1       1        0     1        0      0    0
6291         6291   6291            0           1           0     1      1           0      0               1         0                0             0                 0               0           0               0     1       1       1          0      0     0      1          1             1                1               1         1       0        0     1        0      0    0
6318         6318   6318            0           1           0     1      1           0      0               0         0                0             0                 0               0           0               0     1       0       0          0      0     0      0          0             0                0               1         1       0        0     1        0      0    0
6333         6333   6333            0           1           0     1      0           0      1               1         0                0             0                 0               0           0               0     1       1       1          1      0     1      1          1             0                1               0         0       1        0     1        0      0    0
6345         6345   6345            0           1           0     1      1           1      1               0         0                0             0                 0               0           0               0     1       0       0          1      0     1      1          0             0                0               0         1       1        0     1        0      0    1
6357         6357   6357            0           1           0     1      1           1      1               0         0                0             0                 0               0           0               0     1       1       0          1      0     1      0          0             0                0               1         1       0        0     1        0      0    1
6360         6360   6360            0           1           0     1      1           1      0               0         0                0             0                 0               0           0               0     0       0       0          0      0     1      0          0             0                0               1         1       1        0     1        0      0    1
6363         6363   6363            0           1           0     1      0           0      1               1         0                0             0                 0               0           0               0     1       1       1          1      0     0      1          0             0                0               1         0       0        0     1        0      0    0
6381         6381   6381            0           1           0     1      1           0      0               1         0                0             0                 0               0           0               0     0       1       1          0      0     0      1          0             0                0               1         1       1        0     1        0      0    1
6387         6387   6387            0           1           0     0      1           0      1               0         0                0             0                 0               0           0               0     0       0       0          1      0     0      0          0             0                0               0         1       0        0     1        0      0    1
6414         6414   6414            0           1           0     0      0           1      0               0         0                0             0                 0               0           0               0     1       1       1          0      0     1      0          0             0                0               0         0       0        0     1        0      0    1
6465         6465   6465            0           1           0     1      0           0      1               1         0                0             0                 0               0           0               0     1       1       1          1      0     1      1          0             0                0               1         0       0        0     1        0      0    0
6471         6471   6471            0           1           0     1      0           0      1               1         0                0             0                 0               0           0               0     1       0       1          1      0     1      1          0             0                0               1         0       1        0     1        0      0    0
6477         6477   6477            0           1           0     0      1           0      1               1         0                0             0                 0               0           0               0     0       1       1          1      0     1      1          1             1                1               0         1       0        0     1        0      0    0
6516         6516   6516            0           1           0     1      0           0      0               1         0                0             0                 0               0           0               0     1       0       1          0      0     1      1          1             0                1               1         0       1        0     1        0      0    0
6522         6522   6522            0           1           0     1      0           1      0               1         0                0             0                 0               0           0               0     0       1       1          0      0     1      1          0             0                0               1         0       0        0     1        0      0    1
6594         6594   6594            0           1           0     1      1           1      1               0         0                0             0                 0               0           0               0     0       1       0          1      0     1      0          0             0                0               1         1       0        0     1        0      0    1
6597         6597   6597            0           1           0     1      1           0      1               0         0                0             0                 0               0           0               0     1       1       0          1      0     0      1          0             0                0               0         1       1        0     1        0      0    1
6606         6606   6606            0           1           0     1      0           0      1               1         0                0             0                 0               0           0               0     1       1       1          1      0     0      1          0             0                0               1         0       0        0     1        0      0    0
6711         6711   6711            0           1           0     1      0           0      1               0         0                0             0                 0               0           0               0     1       0       1          1      0     0      0          0             0                0               0         0       1        0     1        0      0    0
6732         6732   6732            0           1           0     1      1           0      1               0         0                0             0                 0               0           0               0     0       1       0          1      0     0      0          0             0                0               1         1       1        0     1        0      0    1
6744         6744   6744            0           1           0     1      1           0      1               1         0                0             0                 0               0           0               0     1       1       1          1      0     0      1          0             0                0               0         1       1        0     1        0      0    0
6756         6756   6756            0           1           0     0      1           0      1               1         0                0             0                 0               0           0               0     1       0       1          1      0     1      1          0             0                0               0         1       0        0     1        0      0    0
6768         6768   6768            0           1           0     1      0           1      0               0         0                0             0                 0               0           0               0     1       0       0          0      0     1      1          0             0                0               0         0       1        0     1        0      0    1
6792         6792   6792            0           1           0     1      1           1      1               0         0                0             0                 0               0           0               0     1       0       0          1      0     1      0          0             0                0               0         1       1        0     1        0      0    1
6807         6807   6807            0           1           0     1      0           0      1               1         0                0             0                 0               0           0               0     1       1       1          1      0     1      1          1             0                1               1         0       1        0     1        0      0    0
6810         6810   6810            0           1           0     1      0           0      0               1         0                0             0                 0               0           0               0     1       1       1          0      0     0      1          0             0                0               0         0       1        0     1        0      0    0
6816         6816   6816            0           1           0     1      1           0      1               0         0                0             0                 0               0           0               0     1       1       1          1      0     1      0          0             0                0               0         1       1        0     1        0      0    0
6819         6819   6819            0           1           0     0      1           0      0               1         0                0             0                 0               0           0               0     1       0       1          0      0     0      1          0             0                0               0         1       0        0     1        0      0    0
6840         6840   6840            0           1           0     1      0           0      0               1         0                0             0                 0               0           0               0     1       1       1          0      0     0      1          0             0                0               1         0       0        0     1        0      0    0
6852         6852   6852            0           1           0     1      1           0      0               1         0                0             0                 0               0           0               0     1       0       1          0      0     1      1          0             0                0               1         1       1        0     1        0      0    0
6864         6864   6864            0           1           0     1      1           0      1               1         0                0             0                 0               0           0               0     1       0       1          1      0     0      1          0             0                0               1         1       1        0     1        0      0    0
6876         6876   6876            0           1           0     1      0           0      0               0         0                0             0                 0               0           0               0     0       1       1          0      0     0      0          0             0                0               0         0       1        0     1        0      0    1
6879         6879   6879            0           1           0     0      0           1      0               1         0                0             0                 0               0           0               0     1       1       1          0      0     1      1          0             0                0               0         0       0        0     1        0      0    1
6885         6885   6885            0           1           0     0      0           1      1               0         0                0             0                 0               0           0               0     1       1       0          1      0     1      0          0             0                0               0         0       0        0     1        0      0    1
6897         6897   6897            0           1           0     1      0           0      1               1         0                0             0                 0               0           0               0     1       0       1          1      0     1      1          0             0                0               0         0       1        0     1        0      0    0
6921         6921   6921            0           1           0     0      0           0      1               1         0                0             0                 0               0           0               0     1       0       1          1      0     1      1          0             0                0               0         0       0        0     1        0      0    0
6954         6954   6954            0           1           0     0      1           1      0               0         0                0             0                 0               0           0               0     0       0       0          0      0     1      1          0             0                0               0         1       0        0     1        0      0    1
6975         6975   6975            0           1           0     0      0           1      1               0         0                0             0                 0               0           0               0     1       1       0          1      0     1      0          0             0                0               0         0       0        0     1        0      0    1
7035         7035   7035            0           1           0     1      1           0      0               1         0                0             0                 0               0           0               0     1       1       1          0      0     0      1          0             0                0               1         1       1        0     1        0      0    1
7059         7059   7059            0           1           0     0      1           0      0               0         0                0             0                 0               0           0               0     1       0       0          0      0     0      0          0             0                0               0         1       0        0     1        0      0    0
7068         7068   7068            0           1           0     1      1           0      1               0         0                0             0                 0               0           0               0     0       1       1          1      0     1      0          0             0                0               0         1       1        0     1        0      0    0
7077         7077   7077            0           1           0     1      0           0      0               1         0                0             0                 0               0           0               0     1       1       1          0      0     1      1          1             0                1               0         0       1        0     1        0      0    0
7080         7080   7080            0           1           0     1      1           1      0               0         0                0             0                 0               0           0               0     0       1       0          0      0     1      0          0             0                0               1         1       1        0     1        0      0    1
7110         7110   7110            0           1           0     1      0           1      0               1         0                0             0                 0               0           0               0     0       1       1          0      0     1      1          0             0                0               1         0       0        0     1        0      0    1
7113         7113   7113            0           1           0     1      1           0      1               1         0                0             0                 0               0           0               0     1       1       1          1      0     1      1          0             0                0               0         1       1        0     1        0      0    0
7119         7119   7119            0           1           0     1      0           0      0               1         0                0             0                 0               0           0               0     0       1       1          0      0     0      1          0             0                0               1         0       0        0     1        0      0    0
7140         7140   7140            0           1           0     0      0           1      1               0         0                0             0                 0               0           0               0     0       0       0          1      0     1      0          0             0                0               0         0       0        0     1        0      0    1
7158         7158   7158            0           1           0     1      1           1      0               0         0                0             0                 0               0           0               0     1       1       0          0      0     1      1          0             0                0               0         1       1        0     1        0      0    1
7182         7182   7182            0           1           0     1      0           0      0               1         0                0             0                 0               0           0               0     1       0       1          0      0     1      1          1             0                1               1         0       1        0     1        0      0    0
7209         7209   7209            0           1           0     1      0           0      0               1         0                0             0                 0               0           0               0     0       1       1          0      0     0      1          0             0                0               1         0       0        0     1        0      0    0
7230         7230   7230            0           1           0     1      1           0      1               0         0                0             0                 0               0           0               0     1       0       0          1      0     1      1          0             0                0               1         1       0        0     1        0      0    0
7239         7239   7239            0           1           0     1      0           0      1               1         0                0             0                 0               0           0               0     0       1       1          1      0     1      1          0             0                0               1         0       1        0     1        0      0    0
7251         7251   7251            0           1           0     1      0           0      0               1         0                0             0                 0               0           0               0     1       0       1          0      0     0      1          1             0                1               1         0       1        0     1        0      0    0
7254         7254   7254            0           1           0     1      1           1      1               1         0                0             0                 0               0           0               0     1       0       1          1      0     1      1          0             0                0               1         1       0        0     1        0      0    1
7296         7296   7296            0           1           0     0      1           1      1               0         0                0             0                 0               0           0               0     1       1       0          1      0     1      1          0             0                0               0         1       0        0     1        0      0    1
7308         7308   7308            0           1           0     0      0           0      1               1         0                0             0                 0               0           0               0     0       1       1          1      0     1      1          0             0                0               0         0       0        0     1        0      0    0
7314         7314   7314            0           1           0     0      1           0      1               0         0                0             0                 0               0           0               0     1       1       0          1      0     1      1          0             0                0               0         1       0        0     1        0      0    0
7320         7320   7320            0           1           0     1      1           0      1               1         0                0             0                 0               0           0               0     0       1       1          1      0     1      1          0             0                0               1         1       1        0     1        0      0    0
7326         7326   7326            0           1           0     1      1           0      1               0         0                0             0                 0               0           0               0     1       1       0          1      0     1      1          0             0                0               1         1       0        0     1        0      0    0
7353         7353   7353            0           1           0     1      0           0      1               1         0                0             0                 0               0           0               0     0       1       1          1      0     1      1          1             1                1               1         0       0        0     1        0      0    0
7386         7386   7386            0           1           0     1      1           0      1               1         0                0             0                 0               0           0               0     1       0       1          1      0     0      1          0             0                0               1         1       0        0     1        0      0    0
7428         7428   7428            0           1           0     1      1           1      0               0         0                0             0                 0               0           0               0     1       1       0          0      0     1      1          0             0                0               0         1       1        0     1        0      0    1
7482         7482   7482            0           1           0     1      0           1      1               0         0                0             0                 0               0           0               0     1       1       0          1      0     1      1          0             0                0               0         0       1        0     1        0      0    1
7488         7488   7488            0           1           0     1      0           0      1               1         0                0             0                 0               0           0               0     0       1       1          1      0     0      1          0             0                0               1         0       1        0     1        0      0    1
7497         7497   7497            0           1           0     1      0           0      1               1         0                0             0                 0               0           0               0     1       0       1          1      0     0      1          1             0                1               0         0       1        0     1        0      0    0
7500         7500   7500            0           1           0     1      1           0      1               0         0                0             0                 0               0           0               0     0       1       0          1      0     0      0          0             0                0               1         1       0        0     1        0      0    0
7509         7509   7509            0           1           0     1      1           1      1               0         0                0             0                 0               0           0               0     0       1       1          1      0     1      0          0             0                0               0         1       1        0     1        0      0    1
7524         7524   7524            0           1           0     0      1           0      0               1         0                0             0                 0               0           0               0     1       1       1          0      0     1      1          0             0                0               0         1       0        0     1        0      0    0
7551         7551   7551            0           1           0     1      1           0      1               1         0                0             0                 0               0           0               0     1       1       1          1      0     0      1          1             0                1               1         1       1        0     1        0      0    0
7584         7584   7584            0           1           0     1      1           1      1               0         0                0             0                 0               0           0               0     1       1       0          1      0     1      0          0             0                0               1         1       0        0     1        0      0    1
7593         7593   7593            0           1           0     1      0           1      0               0         0                0             0                 0               0           0               0     0       1       0          0      0     1      1          0             0                0               1         0       1        0     1        0      0    1
7617         7617   7617            0           1           0     1      0           1      0               0         0                0             0                 0               0           0               0     1       1       0          0      0     1      0          0             0                0               1         0       1        0     1        0      0    1
7620         7620   7620            0           1           0     1      0           1      1               0         0                0             0                 0               0           0               0     1       1       0          1      0     1      0          0             0                0               1         0       1        0     1        0      0    1
7626         7626   7626            0           1           0     1      1           0      0               1         0                0             0                 0               0           0               0     1       1       1          0      0     1      1          0             0                0               1         1       0        0     1        0      0    0
7641         7641   7641            0           1           0     0      1           0      0               0         0                0             0                 0               0           0               0     1       1       0          0      0     1      0          0             0                0               0         1       0        0     1        0      0    0
7692         7692   7692            0           1           0     1      0           0      1               1         0                0             0                 0               0           0               0     1       1       1          1      0     0      1          0             0                0               1         0       1        0     1        0      0    0
7713         7713   7713            0           1           0     1      0           1      0               1         0                0             0                 0               0           0               0     1       0       1          0      0     1      1          0             0                0               0         0       1        0     1        0      0    1
7764         7764   7764            0           1           0     1      0           0      1               1         0                0             0                 0               0           0               0     1       1       1          1      0     1      1          0             0                0               0         0       1        0     1        0      0    0
7791         7791   7791            0           1           0     0      1           0      1               0         0                0             0                 0               0           0               0     0       0       0          1      0     0      1          0             0                0               0         1       0        0     1        0      0    0
7794         7794   7794            0           1           0     0      1           1      1               0         0                0             0                 0               0           0               0     1       1       1          1      0     1      0          0             0                0               0         1       0        0     1        0      0    1
7833         7833   7833            0           1           0     1      0           1      0               1         0                0             0                 0               0           0               0     1       1       1          0      0     1      1          0             0                0               0         0       1        0     1        0      0    1
7869         7869   7869            0           1           0     1      1           0      1               1         0                0             0                 0               0           0               0     1       0       1          1      0     0      1          0             0                0               1         1       1        0     1        0      0    0
7887         7887   7887            0           1           0     1      0           0      0               1         0                0             0                 0               0           0               0     1       1       1          0      0     1      1          1             0                1               1         0       1        0     1        0      0    0
7899         7899   7899            0           1           0     1      0           1      0               0         0                0             0                 0               0           0               0     1       0       0          0      0     1      0          0             0                0               1         0       1        0     1        0      0    1
7908         7908   7908            0           1           0     1      1           0      0               1         0                0             0                 0               0           0               0     1       1       1          0      0     0      1          1             0                1               1         1       1        0     1        0      0    0
7959         7959   7959            0           1           0     1      0           0      0               1         0                0             0                 0               0           0               0     1       1       1          0      0     1      1          0             0                0               1         0       1        0     1        0      0    0
7983         7983   7983            0           1           0     0      0           1      0               0         0                0             0                 0               0           0               0     1       1       1          0      0     1      0          0             0                0               0         0       0        0     1        0      0    1
7995         7995   7995            0           1           0     1      0           0      0               1         0                0             0                 0               0           0               0     1       1       1          0      0     0      1          1             0                1               1         0       1        0     1        0      0    0
8013         8013   8013            0           1           0     1      0           0      1               0         0                0             0                 0               0           0               0     1       1       1          1      0     0      0          0             0                0               1         0       0        0     1        0      0    0
8025         8025   8025            0           1           0     1      1           0      0               0         0                0             0                 0               0           0               0     1       1       0          0      0     0      0          0             0                0               1         1       1        0     1        0      0    1
8031         8031   8031            0           1           0     0      0           0      0               1         0                0             0                 0               0           0               0     1       0       1          0      0     0      1          0             0                0               0         0       0        0     1        0      0    0
8037         8037   8037            0           1           0     1      0           1      1               0         0                0             0                 0               0           0               0     1       0       1          1      0     1      0          0             0                0               1         0       1        0     1        0      0    1
8052         8052   8052            0           1           0     1      1           1      0               0         0                0             0                 0               0           0               0     1       1       1          0      0     1      0          0             0                0               1         1       1        0     1        0      0    1
8064         8064   8064            0           1           0     1      0           0      0               1         0                0             0                 0               0           0               0     1       1       1          0      0     1      1          0             0                0               1         0       1        0     1        0      0    0
8067         8067   8067            0           1           0     1      1           0      1               0         0                0             0                 0               0           0               0     1       1       1          1      0     1      0          0             0                0               1         1       0        0     1        0      0    0
8082         8082   8082            0           1           0     1      1           0      0               1         0                0             0                 0               0           0               0     1       0       1          0      0     0      1          1             0                1               0         1       1        0     1        0      0    0
8094         8094   8094            0           1           0     0      0           0      1               1         0                0             0                 0               0           0               0     1       0       1          1      0     1      1          1             1                1               0         0       0        0     1        0      0    0
8118         8118   8118            0           1           0     1      1           1      0               0         0                0             0                 0               0           0               0     0       0       0          0      0     1      0          0             0                0               1         1       0        0     1        0      0    1
8157         8157   8157            0           1           0     0      0           0      1               1         0                0             0                 0               0           0               0     1       1       1          1      0     1      1          0             0                0               0         0       0        0     1        0      0    0
8166         8166   8166            0           1           0     1      1           1      0               0         0                0             0                 0               0           0               0     0       1       0          0      0     1      0          0             0                0               1         1       0        0     1        0      0    1
8196         8196   8196            0           1           0     1      1           0      1               0         0                0             0                 0               0           0               0     1       0       0          1      0     1      1          0             0                0               1         1       1        0     1        0      0    0
8250         8250   8250            0           1           0     1      1           0      1               0         0                0             0                 0               0           0               0     0       1       1          1      0     1      0          0             0                0               1         1       1        0     1        0      0    0
8256         8256   8256            0           1           0     1      1           0      1               1         0                0             0                 0               0           0               0     1       1       1          1      0     0      1          0             0                0               0         1       1        0     1        0      0    0
8274         8274   8274            0           1           0     1      1           1      0               0         0                0             0                 0               0           0               0     0       0       0          0      0     1      0          0             0                0               1         1       1        0     1        0      0    1
8286         8286   8286            0           1           0     0      0           0      0               1         0                0             0                 0               0           0               0     1       1       1          0      0     0      1          0             0                0               0         0       0        0     1        0      0    0
8298         8298   8298            0           1           0     1      1           1      0               1         0                0             0                 0               0           0               0     1       1       1          0      0     1      1          0             0                0               0         1       1        0     1        0      0    1
8310         8310   8310            0           1           0     1      1           0      0               0         0                0             0                 0               0           0               0     1       0       0          0      0     0      0          0             0                0               1         1       0        0     1        0      0    1
8349         8349   8349            0           1           0     1      1           0      1               1         0                0             0                 0               0           0               0     1       1       1          1      0     0      1          1             0                1               0         1       1        0     1        0      0    0
8370         8370   8370            0           1           0     1      1           0      0               1         0                0             0                 0               0           0               0     1       0       1          0      0     1      1          0             0                0               1         1       1        0     1        0      0    0
8400         8400   8400            0           1           0     1      1           0      1               1         0                0             0                 0               0           0               0     1       0       1          1      0     1      1          1             0                1               0         1       1        0     1        0      0    0
8403         8403   8403            0           1           0     1      1           0      0               0         0                0             0                 0               0           0               0     1       1       0          0      0     0      1          0             0                0               0         1       1        0     1        0      0    0
8406         8406   8406            0           1           0     1      1           0      0               0         0                0             0                 0               0           0               0     1       1       0          0      0     1      1          0             0                0               1         1       1        0     1        0      0    0
8412         8412   8412            0           1           0     1      0           0      0               0         0                0             0                 0               0           0               0     1       1       1          0      0     0      0          0             0                0               1         0       1        0     1        0      0    0
8454         8454   8454            0           1           0     1      1           0      0               0         0                0             0                 0               0           0               0     1       0       0          0      0     0      1          0             0                0               1         1       1        0     1        0      0    1
8457         8457   8457            0           1           0     1      0           0      1               1         0                0             0                 0               0           0               0     1       1       1          1      0     0      1          0             0                0               1         0       1        0     1        0      0    1
8472         8472   8472            0           1           0     1      1           0      0               1         0                0             0                 0               0           0               0     1       1       1          0      0     1      1          0             0                0               1         1       1        0     1        0      0    0
8478         8478   8478            0           1           0     1      1           1      1               1         0                0             0                 0               0           0               0     1       0       1          1      0     1      1          0             0                0               0         1       1        0     1        0      0    1
8490         8490   8490            0           1           0     1      0           0      1               1         0                0             0                 0               0           0               0     1       1       1          1      0     0      1          1             0                1               0         0       1        0     1        0      0    0
8523         8523   8523            0           1           0     1      1           1      1               0         0                0             0                 0               0           0               0     1       0       1          1      0     1      0          0             0                0               1         1       1        0     1        0      0    1
8532         8532   8532            0           1           0     1      0           0      0               1         0                0             0                 0               0           0               0     1       1       1          0      0     0      1          0             0                0               0         0       1        0     1        0      0    0
8553         8553   8553            0           1           0     1      0           1      0               0         0                0             0                 0               0           0               0     1       0       0          0      0     1      1          0             0                0               0         0       1        0     1        0      0    1
8604         8604   8604            0           1           0     0      0           0      0               1         0                0             0                 0               0           0               0     1       1       1          0      0     1      1          0             0                0               0         0       0        0     1        0      0    0
8607         8607   8607            0           1           0     1      1           1      1               1         0                0             0                 0               0           0               0     1       1       1          1      0     1      1          0             0                0               0         1       1        0     1        0      0    1
8610         8610   8610            0           1           0     1      0           0      1               1         0                0             0                 0               0           0               0     1       1       1          1      0     1      1          0             0                0               0         0       1        0     1        0      0    0
8616         8616   8616            0           1           0     1      1           0      0               1         0                0             0                 0               0           0               0     0       1       1          0      0     0      1          0             0                0               1         1       0        0     1        0      0    0
8664         8664   8664            0           1           0     1      1           1      1               0         0                0             0                 0               0           0               0     1       1       1          1      0     1      0          0             0                0               1         1       1        0     1        0      0    1
8667         8667   8667            0           1           0     1      1           0      1               0         0                0             0                 0               0           0               0     1       0       0          1      0     1      1          0             0                0               1         1       0        0     1        0      0    0
8676         8676   8676            0           1           0     1      0           1      1               0         0                0             0                 0               0           0               0     1       0       0          1      0     1      0          0             0                0               0         0       1        0     1        0      0    1
8691         8691   8691            0           1           0     0      1           0      0               1         0                0             0                 0               0           0               0     1       1       1          0      0     1      1          1             1                1               0         1       0        0     1        0      0    0
8718         8718   8718            0           1           0     1      1           0      0               0         0                0             0                 0               0           0               0     1       1       1          0      0     0      0          0             0                0               1         1       0        0     1        0      0    0
8745         8745   8745            0           1           0     1      1           0      1               1         0                0             0                 0               0           0               0     1       0       1          1      0     0      1          0             0                0               1         1       1        0     1        0      0    0
8766         8766   8766            0           1           0     1      0           0      1               0         0                0             0                 0               0           0               0     1       0       0          1      0     0      0          0             0                0               1         0       0        0     1        0      0    0
8802         8802   8802            0           1           0     1      0           0      1               1         0                0             0                 0               0           0               0     0       1       1          1      0     0      1          0             0                0               1         0       1        0     1        0      0    0
8805         8805   8805            0           1           0     0      0           0      1               0         0                0             0                 0               0           0               0     1       0       1          1      0     0      0          0             0                0               0         0       0        0     1        0      0    1
8817         8817   8817            0           1           0     1      0           0      1               1         0                0             0                 0               0           0               0     0       1       1          1      0     0      1          1             1                1               1         0       0        0     1        0      0    0
8832         8832   8832            0           1           0     1      1           0      0               1         0                0             0                 0               0           0               0     1       1       1          0      0     1      1          1             0                1               0         1       1        0     1        0      0    0
8835         8835   8835            0           1           0     1      0           1      1               0         0                0             0                 0               0           0               0     1       1       0          1      0     1      0          0             0                0               1         0       0        0     1        0      0    1
8844         8844   8844            0           1           0     1      1           0      0               1         0                0             0                 0               0           0               0     0       1       1          0      0     1      1          1             0                1               1         1       1        0     1        0      0    0
8850         8850   8850            0           1           0     1      1           0      1               1         0                0             0                 0               0           0               0     1       1       1          1      0     0      1          0             0                0               1         1       1        0     1        0      0    0
8859         8859   8859            0           1           0     1      1           0      0               0         0                0             0                 0               0           0               0     1       1       1          0      0     0      0          0             0                0               1         1       0        0     1        0      0    1
8874         8874   8874            0           1           0     0      0           0      1               0         0                0             0                 0               0           0               0     1       0       0          1      0     0      1          0             0                0               0         0       0        0     1        0      0    0
8883         8883   8883            0           1           0     1      1           0      0               1         0                0             0                 0               0           0               0     1       1       1          0      0     1      1          1             0                1               0         1       1        0     1        0      0    0
8886         8886   8886            0           1           0     1      0           0      1               1         0                0             0                 0               0           0               0     1       1       1          1      0     0      1          1             0                1               0         0       1        0     1        0      0    0
8904         8904   8904            0           1           0     0      1           0      1               1         0                0             0                 0               0           0               0     1       0       1          1      0     0      1          1             1                1               0         1       0        0     1        0      0    0
8916         8916   8916            0           1           0     1      1           1      0               0         0                0             0                 0               0           0               0     1       1       1          0      0     1      0          0             0                0               1         1       1        0     1        0      0    1
8958         8958   8958            0           1           0     1      0           0      0               1         0                0             0                 0               0           0               0     1       1       1          0      0     1      1          1             0                1               1         0       1        0     1        0      0    0
8982         8982   8982            0           1           0     1      1           0      0               0         0                0             0                 0               0           0               0     1       0       0          0      0     1      1          0             0                0               1         1       1        0     1        0      0    0
8994         8994   8994            0           1           0     0      1           0      1               1         0                0             0                 0               0           0               0     1       1       1          1      0     0      1          0             0                0               0         1       0        0     1        0      0    1
9000         9000   9000            0           1           0     1      0           0      0               1         0                0             0                 0               0           0               0     0       1       1          0      0     0      1          0             0                0               1         0       1        0     1        0      0    0
9045         9045   9045            0           1           0     0      1           1      0               0         0                0             0                 0               0           0               0     1       1       0          0      0     1      0          0             0                0               0         1       0        0     1        0      0    1
9057         9057   9057            0           1           0     1      1           1      0               0         0                0             0                 0               0           0               0     1       0       0          0      0     1      1          0             0                0               0         1       1        0     1        0      0    1
9078         9078   9078            0           1           0     1      1           0      0               1         0                0             0                 0               0           0               0     1       1       1          0      0     0      1          1             0                1               1         1       1        0     1        0      0    0
9114         9114   9114            0           1           0     0      1           1      0               0         0                0             0                 0               0           0               0     1       0       1          0      0     1      0          0             0                0               0         1       0        0     1        0      0    1
9174         9174   9174            0           1           0     0      1           0      1               1         0                0             0                 0               0           0               0     1       1       1          1      0     0      1          0             0                0               0         1       0        0     1        0      0    0
9177         9177   9177            0           1           0     1      0           0      1               0         0                0             0                 0               0           0               0     1       1       0          1      0     0      1          0             0                0               0         0       1        0     1        0      0    1
9183         9183   9183            0           1           0     0      0           0      0               1         0                0             0                 0               0           0               0     0       1       1          0      0     1      1          0             0                0               0         0       0        0     1        0      0    0
9192         9192   9192            0           1           0     1      0           0      1               1         0                0             0                 0               0           0               0     1       1       1          1      0     0      1          0             0                0               1         0       1        0     1        0      0    1
9201         9201   9201            0           1           0     1      1           0      1               0         0                0             0                 0               0           0               0     1       0       0          1      0     1      1          0             0                0               0         1       1        0     1        0      0    0
9216         9216   9216            0           1           0     1      1           0      0               1         0                0             0                 0               0           0               0     0       1       1          0      0     1      1          0             0                0               1         1       0        0     1        0      0    0
9234         9234   9234            0           1           0     1      1           0      0               1         0                0             0                 0               0           0               0     0       1       1          0      0     1      1          1             0                1               0         1       1        0     1        0      0    0
9264         9264   9264            0           1           0     1      0           0      1               1         0                0             0                 0               0           0               0     1       0       1          1      0     1      1          0             0                0               0         0       1        0     1        0      0    0
9297         9297   9297            0           1           0     0      0           0      1               1         0                0             0                 0               0           0               0     1       0       1          1      0     0      1          0             0                0               0         0       0        0     1        0      0    0
9300         9300   9300            0           1           0     0      1           0      0               0         0                0             0                 0               0           0               0     0       1       0          0      0     0      0          0             0                0               0         1       0        0     1        0      0    1
9312         9312   9312            0           1           0     1      1           0      0               1         0                0             0                 0               0           0               0     1       1       1          0      0     0      1          0             0                0               1         1       0        0     1        0      0    0
9327         9327   9327            0           1           0     1      1           0      1               0         0                0             0                 0               0           0               0     1       0       1          1      0     1      0          0             0                0               1         1       1        0     1        0      0    0
9333         9333   9333            0           1           0     0      1           1      0               1         0                0             0                 0               0           0               0     0       1       1          0      0     1      1          0             0                0               0         1       0        0     1        0      0    1
9336         9336   9336            0           1           0     1      0           0      0               1         0                0             0                 0               0           0               0     1       1       1          0      0     0      1          1             0                1               0         0       1        0     1        0      0    0
9354         9354   9354            0           1           0     1      1           0      1               1         0                0             0                 0               0           0               0     1       1       1          1      0     1      1          0             0                0               1         1       0        0     1        0      0    0
9360         9360   9360            0           1           0     1      1           0      1               1         0                0             0                 0               0           0               0     1       0       1          1      0     1      1          1             0                1               1         1       1        0     1        0      0    0
9369         9369   9369            0           1           0     1      1           0      0               1         0                0             0                 0               0           0               0     1       1       1          0      0     0      1          1             0                1               0         1       1        0     1        0      0    0
9375         9375   9375            0           1           0     1      1           0      0               1         0                0             0                 0               0           0               0     1       1       1          0      0     0      1          0             0                0               1         1       1        0     1        0      0    0
9378         9378   9378            0           1           0     1      0           0      1               1         0                0             0                 0               0           0               0     1       1       1          1      0     0      1          0             0                0               0         0       1        0     1        0      0    0
9384         9384   9384            0           1           0     1      1           0      0               1         0                0             0                 0               0           0               0     1       0       1          0      0     0      1          0             0                0               1         1       1        0     1        0      0    1
9399         9399   9399            0           1           0     1      1           0      1               1         0                0             0                 0               0           0               0     1       0       1          1      0     0      1          0             0                0               0         1       1        0     1        0      0    0
9402         9402   9402            0           1           0     1      1           1      0               0         0                0             0                 0               0           0               0     1       1       0          0      0     1      1          0             0                0               1         1       1        0     1        0      0    1
9408         9408   9408            0           1           0     1      0           0      0               0         0                0             0                 0               0           0               0     1       1       1          0      0     1      0          0             0                0               1         0       1        0     1        0      0    0
9438         9438   9438            0           1           0     1      0           0      0               1         0                0             0                 0               0           0               0     1       1       1          0      0     1      1          1             0                1               0         0       1        0     1        0      0    0
9450         9450   9450            0           1           0     1      0           0      0               0         0                0             0                 0               0           0               0     1       1       0          0      0     0      1          0             0                0               1         0       1        0     1        0      0    0
9453         9453   9453            0           1           0     1      1           0      0               0         0                0             0                 0               0           0               0     1       0       0          0      0     0      1          0             0                0               1         1       1        0     1        0      0    0
9465         9465   9465            0           1           0     1      0           1      1               0         0                0             0                 0               0           0               0     1       1       0          1      0     1      0          0             0                0               1         0       0        0     1        0      0    1
9483         9483   9483            0           1           0     1      1           0      1               0         0                0             0                 0               0           0               0     1       1       0          1      0     1      0          0             0                0               0         1       1        0     1        0      0    0
9498         9498   9498            0           1           0     1      1           0      1               1         0                0             0                 0               0           0               0     1       1       1          1      0     1      1          0             0                0               0         1       1        0     1        0      0    0
9513         9513   9513            0           1           0     1      1           0      0               0         0                0             0                 0               0           0               0     0       1       0          0      0     0      0          0             0                0               1         1       1        0     1        0      0    0
9537         9537   9537            0           1           0     1      0           0      1               1         0                0             0                 0               0           0               0     0       1       1          1      0     0      1          0             0                0               0         0       1        0     1        0      0    0
9540         9540   9540            0           1           0     1      1           0      1               0         0                0             0                 0               0           0               0     0       1       1          1      0     1      0          0             0                0               1         1       0        0     1        0      0    0
9567         9567   9567            0           1           0     0      1           0      1               0         0                0             0                 0               0           0               0     1       0       0          1      0     1      1          0             0                0               0         1       0        0     1        0      0    0
9630         9630   9630            0           1           0     1      1           1      1               1         0                0             0                 0               0           0               0     1       1       1          1      0     1      1          0             0                0               1         1       1        0     1        0      0    1
9636         9636   9636            0           1           0     1      1           1      1               1         0                0             0                 0               0           0               0     1       1       1          1      0     1      1          0             0                0               0         1       1        0     1        0      0    1
9651         9651   9651            0           1           0     1      0           0      1               1         0                0             0                 0               0           0               0     1       1       1          1      0     1      1          0             0                0               0         0       1        0     1        0      0    0
9723         9723   9723            0           1           0     1      1           1      1               1         0                0             0                 0               0           0               0     1       1       1          1      0     1      1          0             0                0               0         1       1        0     1        0      0    1
9726         9726   9726            0           1           0     1      1           1      1               0         0                0             0                 0               0           0               0     1       1       1          1      0     1      0          0             0                0               1         1       0        0     1        0      0    1
9771         9771   9771            0           1           0     1      1           0      1               0         0                0             0                 0               0           0               0     0       0       0          1      0     0      1          0             0                0               1         1       0        0     1        0      0    1
9801         9801   9801            0           1           0     1      0           0      1               1         0                0             0                 0               0           0               0     1       1       1          1      0     1      1          1             0                1               1         0       1        0     1        0      0    0
9813         9813   9813            0           1           0     1      1           0      1               1         0                0             0                 0               0           0               0     1       1       1          1      0     0      1          0             0                0               1         1       1        0     1        0      0    0
9822         9822   9822            0           1           0     0      1           0      0               0         0                0             0                 0               0           0               0     0       1       0          0      0     0      0          0             0                0               0         1       0        0     1        0      0    1
9831         9831   9831            0           1           0     1      0           0      1               1         0                0             0                 0               0           0               0     1       1       1          1      0     1      1          0             0                0               0         0       1        0     1        0      0    0
9840         9840   9840            0           1           0     1      0           0      1               0         0                0             0                 0               0           0               0     0       0       0          1      0     0      0          0             0                0               1         0       1        0     1        0      0    0
9858         9858   9858            0           1           0     1      1           0      1               1         0                0             0                 0               0           0               0     1       0       1          1      0     1      1          1             0                1               0         1       1        0     1        0      0    0
9891         9891   9891            0           1           0     1      1           1      0               0         0                0             0                 0               0           0               0     1       1       0          0      0     1      0          0             0                0               1         1       1        0     1        0      0    1
9924         9924   9924            0           1           0     1      0           0      0               1         0                0             0                 0               0           0               0     0       1       1          0      0     1      1          1             0                1               1         0       1        0     1        0      0    0
9942         9942   9942            0           1           0     0      1           0      1               1         0                0             0                 0               0           0               0     0       1       1          1      0     0      1          1             1                1               0         1       0        0     1        0      0    0
9963         9963   9963            0           1           0     1      1           0      1               0         0                0             0                 0               0           0               0     1       0       0          1      0     0      1          0             0                0               1         1       1        0     1        0      0    1
9987         9987   9987            0           1           0     1      1           0      0               1         0                0             0                 0               0           0               0     0       1       1          0      0     0      1          0             0                0               0         1       1        0     1        0      0    0
10002       10002  10002            0           1           0     1      1           0      1               1         0                0             0                 0               0           0               0     0       1       1          1      0     1      1          0             0                0               0         1       1        0     1        0      0    0
10020       10020  10020            0           1           0     1      1           0      0               1         0                0             0                 0               0           0               0     1       0       1          0      0     0      1          1             0                1               0         1       1        0     1        0      0    0
10026       10026  10026            0           1           0     1      1           1      0               1         0                0             0                 0               0           0               0     1       1       1          0      0     1      1          0             0                0               0         1       1        0     1        0      0    1
10080       10080  10080            0           1           0     1      1           0      1               1         0                0             0                 0               0           0               0     1       1       1          1      0     1      1          1             1                1               1         1       0        0     1        0      0    0
10089       10089  10089            0           1           0     1      1           0      0               0         0                0             0                 0               0           0               0     1       0       0          0      0     0      1          0             0                0               1         1       1        0     1        0      0    0
10122       10122  10122            0           1           0     1      1           1      0               1         0                0             0                 0               0           0               0     1       0       1          0      0     1      1          0             0                0               0         1       1        0     1        0      0    1
10134       10134  10134            0           1           0     0      1           0      0               1         0                0             0                 0               0           0               0     1       1       1          0      0     1      1          1             1                1               0         1       0        0     1        0      0    0
10176       10176  10176            0           1           0     1      0           0      1               1         0                0             0                 0               0           0               0     1       1       1          1      0     1      1          0             0                0               0         0       1        0     1        0      0    0
10179       10179  10179            0           1           0     1      0           0      1               1         0                0             0                 0               0           0               0     1       1       1          1      0     1      1          0             0                0               1         0       0        0     1        0      0    0
10206       10206  10206            0           1           0     1      1           0      1               0         0                0             0                 0               0           0               0     0       0       0          1      0     0      0          0             0                0               0         1       1        0     1        0      0    0
10215       10215  10215            0           1           0     1      1           0      1               1         0                0             0                 0               0           0               0     1       1       1          1      0     0      1          1             0                1               1         1       1        0     1        0      0    0
10251       10251  10251            0           1           0     1      1           0      0               1         0                0             0                 0               0           0               0     0       1       1          0      0     0      1          1             0                1               0         1       1        0     1        0      0    0
10314       10314  10314            0           1           0     1      1           0      1               0         0                0             0                 0               0           0               0     0       1       1          1      0     0      0          0             0                0               1         1       1        0     1        0      0    1
10320       10320  10320            0           1           0     1      1           0      1               1         0                0             0                 0               0           0               0     1       0       1          1      0     0      1          0             0                0               0         1       1        0     1        0      0    0
10335       10335  10335            0           1           0     0      1           1      1               0         0                0             0                 0               0           0               0     1       1       0          1      0     1      0          0             0                0               0         1       0        0     1        0      0    1
10341       10341  10341            0           1           0     1      0           0      0               1         0                0             0                 0               0           0               0     1       1       1          0      0     1      1          1             0                1               1         0       1        0     1        0      0    0
10344       10344  10344            0           1           0     1      1           0      1               0         0                0             0                 0               0           0               0     1       0       0          1      0     1      1          0             0                0               0         1       1        0     1        0      0    0
10395       10395  10395            0           1           0     0      1           0      1               0         0                0             0                 0               0           0               0     0       1       0          1      0     0      1          0             0                0               0         1       0        0     1        0      0    1
10401       10401  10401            0           1           0     1      1           0      1               0         0                0             0                 0               0           0               0     0       0       0          1      0     0      0          0             0                0               1         1       1        0     1        0      0    1
10440       10440  10440            0           1           0     1      1           0      1               0         0                0             0                 0               0           0               0     0       1       0          1      0     0      0          0             0                0               1         1       1        0     1        0      0    1
10467       10467  10467            0           1           0     1      1           1      1               0         0                0             0                 0               0           0               0     1       1       0          1      0     1      0          0             0                0               1         1       1        0     1        0      0    1
10473       10473  10473            0           1           0     0      1           0      1               1         0                0             0                 0               0           0               0     1       1       1          1      0     1      1          1             1                1               0         1       0        0     1        0      0    0
10482       10482  10482            0           1           0     1      0           0      1               0         0                0             0                 0               0           0               0     1       1       0          1      0     0      0          0             0                0               1         0       1        0     1        0      0    0
10491       10491  10491            0           1           0     1      0           0      1               1         0                0             0                 0               0           0               0     1       0       1          1      0     0      1          0             0                0               1         0       0        0     1        0      0    0
10503       10503  10503            0           1           0     1      1           1      1               0         0                0             0                 0               0           0               0     1       0       0          1      0     1      1          0             0                0               0         1       1        0     1        0      0    1
10506       10506  10506            0           1           0     1      1           1      0               1         0                0             0                 0               0           0               0     1       0       1          0      0     1      1          0             0                0               0         1       1        0     1        0      0    1
10536       10536  10536            0           1           0     1      0           0      1               1         0                0             0                 0               0           0               0     1       1       1          1      0     1      1          0             0                0               0         0       1        0     1        0      0    0
10545       10545  10545            0           1           0     1      1           0      1               0         0                0             0                 0               0           0               0     0       1       0          1      0     1      1          0             0                0               0         1       1        0     1        0      0    0
10551       10551  10551            0           1           0     0      0           0      0               1         0                0             0                 0               0           0               0     1       0       1          0      0     0      1          0             0                0               0         0       0        0     1        0      0    1
10566       10566  10566            0           1           0     1      0           0      0               0         0                0             0                 0               0           0               0     1       1       0          0      0     0      0          0             0                0               1         0       0        0     1        0      0    0
10602       10602  10602            0           1           0     1      0           0      0               1         0                0             0                 0               0           0               0     1       1       1          0      0     1      1          0             0                0               1         0       1        0     1        0      0    0
10608       10608  10608            0           1           0     1      0           0      0               1         0                0             0                 0               0           0               0     1       0       1          0      0     1      1          0             0                0               1         0       1        0     1        0      0    0
10620       10620  10620            0           1           0     1      0           0      0               1         0                0             0                 0               0           0               0     1       0       1          0      0     1      1          1             1                1               1         0       0        0     1        0      0    0
10677       10677  10677            0           1           0     0      0           0      0               1         0                0             0                 0               0           0               0     1       1       1          0      0     1      1          0             0                0               0         0       0        0     1        0      0    0
10686       10686  10686            0           1           0     0      1           1      0               0         0                0             0                 0               0           0               0     1       1       1          0      0     1      0          0             0                0               0         1       0        0     1        0      0    1
10719       10719  10719            0           1           0     1      1           0      1               0         0                0             0                 0               0           0               0     1       1       1          1      0     0      0          0             0                0               1         1       0        0     1        0      0    0
10731       10731  10731            0           1           0     1      1           1      0               0         0                0             0                 0               0           0               0     0       1       0          0      0     1      1          0             0                0               1         1       0        0     1        0      0    1
10740       10740  10740            0           1           0     0      1           0      1               1         0                0             0                 0               0           0               0     0       1       1          1      0     1      1          0             0                0               0         1       0        0     1        0      0    0
10761       10761  10761            0           1           0     0      0           0      1               1         0                0             0                 0               0           0               0     1       0       1          1      0     0      1          0             0                0               0         0       0        0     1        0      0    1
10779       10779  10779            0           1           0     1      0           1      0               0         0                0             0                 0               0           0               0     1       1       0          0      0     1      0          0             0                0               1         0       0        0     1        0      0    1
10782       10782  10782            0           1           0     1      1           0      1               0         0                0             0                 0               0           0               0     1       0       0          1      0     0      0          0             0                0               1         1       1        0     1        0      0    1
10809       10809  10809            0           1           0     1      1           0      0               1         0                0             0                 0               0           0               0     1       1       1          0      0     1      1          0             0                0               1         1       1        0     1        0      0    0
10815       10815  10815            0           1           0     1      1           0      1               0         0                0             0                 0               0           0               0     1       1       0          1      0     1      1          0             0                0               1         1       0        0     1        0      0    0
10836       10836  10836            0           1           0     1      0           0      0               1         0                0             0                 0               0           0               0     1       1       1          0      0     0      1          0             0                0               1         0       1        0     1        0      0    0
10848       10848  10848            0           1           0     0      1           0      1               1         0                0             0                 0               0           0               0     0       1       1          1      0     0      1          1             1                1               0         1       0        0     1        0      0    0
10851       10851  10851            0           1           0     1      1           0      0               0         0                0             0                 0               0           0               0     1       1       1          0      0     0      0          0             0                0               1         1       0        0     1        0      0    1
10857       10857  10857            0           1           0     1      1           0      0               1         0                0             0                 0               0           0               0     1       0       1          0      0     1      1          0             0                0               1         1       0        0     1        0      0    0
10860       10860  10860            0           1           0     1      1           0      0               1         0                0             0                 0               0           0               0     0       1       1          0      0     1      1          0             0                0               1         1       1        0     1        0      0    0
10983       10983  10983            0           1           0     1      1           1      0               0         0                0             0                 0               0           0               0     0       1       0          0      0     1      1          0             0                0               1         1       0        0     1        0      0    1
10992       10992  10992            0           1           0     1      1           1      1               0         0                0             0                 0               0           0               0     1       1       1          1      0     1      0          0             0                0               0         1       1        0     1        0      0    1
11004       11004  11004            0           1           0     1      1           0      1               0         0                0             0                 0               0           0               0     1       1       0          1      0     0      0          0             0                0               1         1       1        0     1        0      0    0
11025       11025  11025            0           1           0     1      1           0      0               1         0                0             0                 0               0           0               0     1       1       1          0      0     0      1          0             0                0               1         1       0        0     1        0      0    1
11028       11028  11028            0           1           0     1      0           0      0               0         0                0             0                 0               0           0               0     0       1       1          0      0     1      0          0             0                0               1         0       0        0     1        0      0    0
11034       11034  11034            0           1           0     1      0           0      1               1         0                0             0                 0               0           0               0     0       1       1          1      0     1      1          0             0                0               0         0       1        0     1        0      0    0
11037       11037  11037            0           1           0     1      1           0      1               1         0                0             0                 0               0           0               0     1       1       1          1      0     1      1          1             0                1               0         1       1        0     1        0      0    0
11049       11049  11049            0           1           0     1      1           0      1               0         0                0             0                 0               0           0               0     1       0       0          1      0     0      0          0             0                0               1         1       1        0     1        0      0    0
11064       11064  11064            0           1           0     0      0           1      1               0         0                0             0                 0               0           0               0     1       1       0          1      0     1      1          0             0                0               0         0       0        0     1        0      0    1
11067       11067  11067            0           1           0     1      0           1      0               0         0                0             0                 0               0           0               0     0       1       0          0      0     1      0          0             0                0               0         0       1        0     1        0      0    1
11073       11073  11073            0           1           0     1      1           0      1               1         0                0             0                 0               0           0               0     0       1       1          1      0     1      1          1             0                1               1         1       1        0     1        0      0    0
11076       11076  11076            0           1           0     1      0           1      0               0         0                0             0                 0               0           0               0     1       1       0          0      0     1      1          0             0                0               1         0       0        0     1        0      0    1
11079       11079  11079            0           1           0     1      0           0      1               0         0                0             0                 0               0           0               0     0       1       0          1      0     0      1          0             0                0               0         0       1        0     1        0      0    1
11100       11100  11100            0           1           0     1      1           1      1               0         0                0             0                 0               0           0               0     1       0       0          1      0     1      0          0             0                0               0         1       1        0     1        0      0    1
11106       11106  11106            0           1           0     1      0           0      0               1         0                0             0                 0               0           0               0     1       1       1          0      0     0      1          0             0                0               1         0       0        0     1        0      0    0
11121       11121  11121            0           1           0     1      1           0      1               1         0                0             0                 0               0           0               0     1       0       1          1      0     0      1          0             0                0               1         1       0        0     1        0      0    0
11142       11142  11142            0           1           0     1      1           0      1               1         0                0             0                 0               0           0               0     0       1       1          1      0     0      1          0             0                0               1         1       0        0     1        0      0    0
11145       11145  11145            0           1           0     1      1           0      1               0         0                0             0                 0               0           0               0     0       1       0          1      0     1      1          0             0                0               1         1       0        0     1        0      0    0
11157       11157  11157            0           1           0     1      1           1      1               0         0                0             0                 0               0           0               0     0       1       0          1      0     1      0          0             0                0               1         1       1        0     1        0      0    1
11178       11178  11178            0           1           0     1      1           0      0               0         0                0             0                 0               0           0               0     1       0       1          0      0     0      0          0             0                0               0         1       1        0     1        0      0    1
11220       11220  11220            0           1           0     1      1           1      0               0         0                0             0                 0               0           0               0     1       1       0          0      0     1      1          0             0                0               1         1       0        0     1        0      0    1
11232       11232  11232            0           1           0     1      0           0      1               0         0                0             0                 0               0           0               0     0       1       0          1      0     1      0          0             0                0               0         0       1        0     1        0      0    0
11238       11238  11238            0           1           0     1      1           0      1               1         0                0             0                 0               0           0               0     1       1       1          1      0     0      1          0             0                0               1         1       1        0     1        0      0    0
11244       11244  11244            0           1           0     1      1           1      1               0         0                0             0                 0               0           0               0     1       1       1          1      0     1      0          0             0                0               1         1       0        0     1        0      0    1
11289       11289  11289            0           1           0     0      1           0      1               1         0                0             0                 0               0           0               0     1       1       1          1      0     0      1          0             0                0               0         1       0        0     1        0      0    0
11316       11316  11316            0           1           0     1      1           0      1               1         0                0             0                 0               0           0               0     1       0       1          1      0     0      1          0             0                0               1         1       0        0     1        0      0    1
11334       11334  11334            0           1           0     0      1           0      0               1         0                0             0                 0               0           0               0     0       1       1          0      0     0      1          1             1                1               0         1       0        0     1        0      0    0
11358       11358  11358            0           1           0     1      0           0      1               0         0                0             0                 0               0           0               0     1       1       0          1      0     0      0          0             0                0               1         0       1        0     1        0      0    1
11370       11370  11370            0           1           0     1      1           0      1               0         0                0             0                 0               0           0               0     1       1       0          1      0     0      1          0             0                0               1         1       1        0     1        0      0    0
11373       11373  11373            0           1           0     1      0           0      0               1         0                0             0                 0               0           0               0     1       1       1          0      0     1      1          1             0                1               1         0       1        0     1        0      0    0
11376       11376  11376            0           1           0     0      1           0      1               1         0                0             0                 0               0           0               0     0       1       1          1      0     0      1          1             1                1               0         1       0        0     1        0      0    0
11397       11397  11397            0           1           0     1      1           0      1               0         0                0             0                 0               0           0               0     1       1       0          1      0     0      1          0             0                0               0         1       1        0     1        0      0    1
11400       11400  11400            0           1           0     1      1           1      1               0         0                0             0                 0               0           0               0     0       0       0          1      0     1      1          0             0                0               1         1       1        0     1        0      0    1
11406       11406  11406            0           1           0     1      0           1      0               0         0                0             0                 0               0           0               0     1       0       0          0      0     1      1          0             0                0               1         0       0        0     1        0      0    1
11415       11415  11415            0           1           0     1      0           0      1               1         0                0             0                 0               0           0               0     1       1       1          1      0     1      1          0             0                0               1         0       1        0     1        0      0    0
11427       11427  11427            0           1           0     1      0           1      1               0         0                0             0                 0               0           0               0     0       1       0          1      0     1      1          0             0                0               1         0       1        0     1        0      0    1
11436       11436  11436            0           1           0     1      1           1      0               0         0                0             0                 0               0           0               0     0       1       1          0      0     1      0          0             0                0               0         1       1        0     1        0      0    1
11439       11439  11439            0           1           0     1      0           0      0               1         0                0             0                 0               0           0               0     1       1       1          0      0     1      1          0             0                0               1         0       0        0     1        0      0    0
11442       11442  11442            0           1           0     1      1           0      1               1         0                0             0                 0               0           0               0     1       1       1          1      0     0      1          1             0                1               1         1       1        0     1        0      0    0
11460       11460  11460            0           1           0     1      0           0      1               1         0                0             0                 0               0           0               0     0       1       1          1      0     1      1          1             0                1               1         0       1        0     1        0      0    0
11472       11472  11472            0           1           0     1      1           1      0               0         0                0             0                 0               0           0               0     1       0       0          0      0     1      0          0             0                0               1         1       1        0     1        0      0    1
11502       11502  11502            0           1           0     1      0           1      1               0         0                0             0                 0               0           0               0     1       1       0          1      0     1      1          0             0                0               1         0       1        0     1        0      0    1
11592       11592  11592            0           1           0     1      0           0      1               1         0                0             0                 0               0           0               0     0       1       1          1      0     0      1          0             0                0               1         0       0        0     1        0      0    1
11598       11598  11598            0           1           0     1      1           1      1               0         0                0             0                 0               0           0               0     1       0       0          1      0     1      0          0             0                0               1         1       1        0     1        0      0    1
11628       11628  11628            0           1           0     1      0           0      1               1         0                0             0                 0               0           0               0     1       1       1          1      0     1      1          0             0                0               1         0       0        0     1        0      0    0
11631       11631  11631            0           1           0     1      0           1      0               1         0                0             0                 0               0           0               0     0       1       1          0      0     1      1          0             0                0               1         0       0        0     1        0      0    1
11667       11667  11667            0           1           0     0      0           0      1               1         0                0             0                 0               0           0               0     1       1       1          1      0     1      1          0             0                0               0         0       0        0     1        0      0    0
11688       11688  11688            0           1           0     1      1           1      0               1         0                0             0                 0               0           0               0     1       1       1          0      0     1      1          0             0                0               0         1       1        0     1        0      0    1
11691       11691  11691            0           1           0     0      1           0      1               0         0                0             0                 0               0           0               0     0       1       1          1      0     0      0          0             0                0               0         1       0        0     1        0      0    1
11700       11700  11700            0           1           0     1      1           1      0               0         0                0             0                 0               0           0               0     0       1       0          0      0     1      1          0             0                0               1         1       1        0     1        0      0    1
11703       11703  11703            0           1           0     1      1           0      0               1         0                0             0                 0               0           0               0     1       0       1          0      0     0      1          0             0                0               1         1       1        0     1        0      0    0
11733       11733  11733            0           1           0     1      1           0      1               1         0                0             0                 0               0           0               0     1       1       1          1      0     0      1          1             0                1               1         1       1        0     1        0      0    0
11742       11742  11742            0           1           0     1      0           1      0               1         0                0             0                 0               0           0               0     0       1       1          0      0     1      1          0             0                0               1         0       1        0     1        0      0    1
11808       11808  11808            0           1           0     0      1           1      1               0         0                0             0                 0               0           0               0     1       1       1          1      0     1      0          0             0                0               0         1       0        0     1        0      0    1
11817       11817  11817            0           1           0     0      1           1      0               0         0                0             0                 0               0           0               0     0       1       0          0      0     1      1          0             0                0               0         1       0        0     1        0      0    1
11835       11835  11835            0           1           0     1      0           0      0               1         0                0             0                 0               0           0               0     1       1       1          0      0     1      1          0             0                0               1         0       1        0     1        0      0    0
11850       11850  11850            0           1           0     1      0           1      0               1         0                0             0                 0               0           0               0     1       0       1          0      0     1      1          0             0                0               0         0       1        0     1        0      0    1
11898       11898  11898            0           1           0     1      1           0      1               1         0                0             0                 0               0           0               0     1       0       1          1      0     0      1          1             0                1               1         1       1        0     1        0      0    0
11907       11907  11907            0           1           0     1      1           0      0               1         0                0             0                 0               0           0               0     1       1       1          0      0     0      1          0             0                0               1         1       1        0     1        0      0    0
11934       11934  11934            0           1           0     1      1           0      0               1         0                0             0                 0               0           0               0     1       1       1          0      0     1      1          0             0                0               1         1       1        0     1        0      0    0
11940       11940  11940            0           1           0     1      1           1      1               1         0                0             0                 0               0           0               0     1       1       1          1      0     1      1          0             0                0               1         1       1        0     1        0      0    1
11958       11958  11958            0           1           0     1      1           0      0               1         0                0             0                 0               0           0               0     0       1       1          0      0     1      1          0             0                0               1         1       1        0     1        0      0    0
11961       11961  11961            0           1           0     1      1           0      0               0         0                0             0                 0               0           0               0     1       0       0          0      0     0      1          0             0                0               1         1       0        0     1        0      0    1
12015       12015  12015            0           1           0     1      1           1      1               0         0                0             0                 0               0           0               0     1       1       0          1      0     1      1          0             0                0               1         1       0        0     1        0      0    1
12030       12030  12030            0           1           0     1      0           0      1               0         0                0             0                 0               0           0               0     0       0       0          1      0     0      0          0             0                0               1         0       0        0     1        0      0    0
12036       12036  12036            0           1           0     1      1           0      1               1         0                0             0                 0               0           0               0     1       1       1          1      0     0      1          0             0                0               1         1       1        0     1        0      0    1
12039       12039  12039            0           1           0     1      0           0      0               1         0                0             0                 0               0           0               0     1       0       1          0      0     0      1          0             0                0               1         0       0        0     1        0      0    1
12048       12048  12048            0           1           0     1      1           0      0               1         0                0             0                 0               0           0               0     1       1       1          0      0     0      1          0             0                0               1         1       1        0     1        0      0    0
12063       12063  12063            0           1           0     1      0           1      1               0         0                0             0                 0               0           0               0     1       1       0          1      0     1      1          0             0                0               1         0       1        0     1        0      0    1
12066       12066  12066            0           1           0     1      1           0      1               1         0                0             0                 0               0           0               0     1       1       1          1      0     1      1          0             0                0               0         1       1        0     1        0      0    0
12087       12087  12087            0           1           0     1      1           0      1               1         0                0             0                 0               0           0               0     1       1       1          1      0     1      1          0             0                0               1         1       0        0     1        0      0    0
12114       12114  12114            0           1           0     1      1           1      0               0         0                0             0                 0               0           0               0     1       1       0          0      0     1      0          0             0                0               1         1       1        0     1        0      0    1
12129       12129  12129            0           1           0     1      0           0      1               0         0                0             0                 0               0           0               0     1       1       0          1      0     1      1          0             0                0               0         0       1        0     1        0      0    0
12147       12147  12147            0           1           0     1      1           0      0               1         0                0             0                 0               0           0               0     1       1       1          0      0     1      1          1             0                1               1         1       1        0     1        0      0    0
12165       12165  12165            0           1           0     1      1           0      1               1         0                0             0                 0               0           0               0     1       1       1          1      0     0      1          1             0                1               0         1       1        0     1        0      0    0
12171       12171  12171            0           1           0     1      1           0      1               1         0                0             0                 0               0           0               0     1       1       1          1      0     0      1          1             0                1               1         1       1        0     1        0      0    0
12177       12177  12177            0           1           0     1      1           0      0               1         0                0             0                 0               0           0               0     0       1       1          0      0     1      1          1             0                1               1         1       1        0     1        0      0    0
12213       12213  12213            0           1           0     1      0           0      0               1         0                0             0                 0               0           0               0     1       1       1          0      0     1      1          1             0                1               1         0       1        0     1        0      0    0
12219       12219  12219            0           1           0     0      1           0      0               1         0                0             0                 0               0           0               0     0       1       1          0      0     1      1          0             0                0               0         1       0        0     1        0      0    0
12234       12234  12234            0           1           0     1      0           0      0               0         0                0             0                 0               0           0               0     0       1       1          0      0     1      0          0             0                0               1         0       1        0     1        0      0    0
12252       12252  12252            0           1           0     1      1           0      0               0         0                0             0                 0               0           0               0     0       1       1          0      0     0      0          0             0                0               0         1       1        0     1        0      0    0
12255       12255  12255            0           1           0     1      0           0      1               1         0                0             0                 0               0           0               0     0       1       1          1      0     1      1          0             0                0               0         0       1        0     1        0      0    0
12261       12261  12261            0           1           0     0      1           1      0               0         0                0             0                 0               0           0               0     1       1       1          0      0     1      0          0             0                0               0         1       0        0     1        0      0    1
12270       12270  12270            0           1           0     1      1           0      1               1         0                0             0                 0               0           0               0     0       1       1          1      0     1      1          0             0                0               1         1       0        0     1        0      0    0
12324       12324  12324            0           1           0     1      0           1      1               0         0                0             0                 0               0           0               0     0       1       0          1      0     1      0          0             0                0               1         0       1        0     1        0      0    1
12327       12327  12327            0           1           0     1      1           1      0               0         0                0             0                 0               0           0               0     1       0       0          0      0     1      1          0             0                0               0         1       1        0     1        0      0    1
12330       12330  12330            0           1           0     0      0           1      0               1         0                0             0                 0               0           0               0     1       1       1          0      0     1      1          0             0                0               0         0       0        0     1        0      0    1
12348       12348  12348            0           1           0     0      0           0      0               1         0                0             0                 0               0           0               0     1       0       1          0      0     0      1          0             0                0               0         0       0        0     1        0      0    0
12396       12396  12396            0           1           0     0      1           0      1               0         0                0             0                 0               0           0               0     1       1       1          1      0     1      0          0             0                0               0         1       0        0     1        0      0    0
12417       12417  12417            0           1           0     1      0           1      1               1         0                0             0                 0               0           0               0     1       1       1          1      0     1      1          0             0                0               1         0       0        0     1        0      0    1
12441       12441  12441            0           1           0     0      1           0      1               1         0                0             0                 0               0           0               0     1       1       1          1      0     0      1          0             0                0               0         1       0        0     1        0      0    1
12447       12447  12447            0           1           0     1      1           0      1               1         0                0             0                 0               0           0               0     1       0       1          1      0     0      1          1             1                1               1         1       0        0     1        0      0    0
12450       12450  12450            0           1           0     1      0           0      1               0         0                0             0                 0               0           0               0     1       1       0          1      0     0      0          0             0                0               1         0       1        0     1        0      0    0
12459       12459  12459            0           1           0     0      1           0      0               1         0                0             0                 0               0           0               0     1       1       1          0      0     1      1          0             0                0               0         1       0        0     1        0      0    0
12492       12492  12492            0           1           0     0      0           0      0               1         0                0             0                 0               0           0               0     1       1       1          0      0     1      1          1             1                1               0         0       0        0     1        0      0    0
12513       12513  12513            0           1           0     1      0           0      1               0         0                0             0                 0               0           0               0     1       1       0          1      0     0      1          0             0                0               1         0       0        0     1        0      0    1
12528       12528  12528            0           1           0     0      0           0      0               1         0                0             0                 0               0           0               0     1       0       1          0      0     0      1          1             1                1               0         0       0        0     1        0      0    0
12552       12552  12552            0           1           0     0      1           0      1               0         0                0             0                 0               0           0               0     1       1       0          1      0     0      1          0             0                0               0         1       0        0     1        0      0    0
12564       12564  12564            0           1           0     1      1           1      0               0         0                0             0                 0               0           0               0     1       0       1          0      0     1      0          0             0                0               0         1       1        0     1        0      0    1
12600       12600  12600            0           1           0     0      0           0      0               1         0                0             0                 0               0           0               0     1       1       1          0      0     0      1          0             0                0               0         0       0        0     1        0      0    0
12621       12621  12621            0           1           0     1      1           0      0               1         0                0             0                 0               0           0               0     1       1       1          0      0     0      1          1             1                1               1         1       0        0     1        0      0    0
12642       12642  12642            0           1           0     1      1           0      1               0         0                0             0                 0               0           0               0     0       1       0          1      0     0      1          0             0                0               1         1       0        0     1        0      0    1
12663       12663  12663            0           1           0     1      0           0      1               1         0                0             0                 0               0           0               0     1       1       1          1      0     0      1          0             0                0               1         0       1        0     1        0      0    1
12672       12672  12672            0           1           0     1      0           1      0               0         0                0             0                 0               0           0               0     1       1       0          0      0     1      0          0             0                0               1         0       0        0     1        0      0    1
12690       12690  12690            0           1           0     1      0           0      1               0         0                0             0                 0               0           0               0     1       0       1          1      0     0      0          0             0                0               1         0       1        0     1        0      0    1
12699       12699  12699            0           1           0     1      1           0      0               1         0                0             0                 0               0           0               0     1       1       1          0      0     1      1          1             1                1               1         1       0        0     1        0      0    0
12708       12708  12708            0           1           0     1      0           0      0               1         0                0             0                 0               0           0               0     1       0       1          0      0     1      1          0             0                0               1         0       0        0     1        0      0    0
12714       12714  12714            0           1           0     1      1           1      0               0         0                0             0                 0               0           0               0     1       0       1          0      0     1      0          0             0                0               0         1       1        0     1        0      0    1
12717       12717  12717            0           1           0     1      0           0      0               1         0                0             0                 0               0           0               0     0       1       1          0      0     1      1          1             0                1               1         0       1        0     1        0      0    0
12741       12741  12741            0           1           0     1      1           1      1               0         0                0             0                 0               0           0               0     0       0       0          1      0     1      0          0             0                0               1         1       0        0     1        0      0    1
12744       12744  12744            0           1           0     1      1           0      1               0         0                0             0                 0               0           0               0     0       0       0          1      0     0      1          0             0                0               0         1       1        0     1        0      0    0
12780       12780  12780            0           1           0     1      1           0      1               0         0                0             0                 0               0           0               0     1       0       0          1      0     0      0          0             0                0               0         1       1        0     1        0      0    0
12813       12813  12813            0           1           0     1      0           0      1               0         0                0             0                 0               0           0               0     1       0       0          1      0     0      1          0             0                0               1         0       0        0     1        0      0    1
12819       12819  12819            0           1           0     1      1           0      1               0         0                0             0                 0               0           0               0     1       1       0          1      0     0      1          0             0                0               1         1       0        0     1        0      0    0
12831       12831  12831            0           1           0     1      1           0      1               1         0                0             0                 0               0           0               0     1       1       1          1      0     1      1          0             0                0               0         1       1        0     1        0      0    0
12849       12849  12849            0           1           0     1      1           0      0               1         0                0             0                 0               0           0               0     1       0       1          0      0     0      1          0             0                0               0         1       1        0     1        0      0    1
12852       12852  12852            0           1           0     0      1           0      1               1         0                0             0                 0               0           0               0     1       0       1          1      0     0      1          0             0                0               0         1       0        0     1        0      0    0
12900       12900  12900            0           1           0     1      1           0      1               1         0                0             0                 0               0           0               0     1       1       1          1      0     1      1          1             1                1               1         1       0        0     1        0      0    0
12951       12951  12951            0           1           0     1      1           0      1               1         0                0             0                 0               0           0               0     0       1       1          1      0     1      1          1             0                1               0         1       1        0     1        0      0    0
12960       12960  12960            0           1           0     1      0           1      0               1         0                0             0                 0               0           0               0     1       1       1          0      0     1      1          0             0                0               1         0       0        0     1        0      0    1
12966       12966  12966            0           1           0     1      1           0      1               1         0                0             0                 0               0           0               0     1       1       1          1      0     1      1          0             0                0               1         1       0        0     1        0      0    0
12996       12996  12996            0           1           0     1      1           0      0               1         0                0             0                 0               0           0               0     0       1       1          0      0     1      1          0             0                0               1         1       0        0     1        0      0    0
13002       13002  13002            0           1           0     1      0           1      1               0         0                0             0                 0               0           0               0     1       1       0          1      0     1      1          0             0                0               0         0       1        0     1        0      0    1
13038       13038  13038            0           1           0     1      1           0      1               1         0                0             0                 0               0           0               0     1       1       1          1      0     0      1          1             1                1               1         1       0        0     1        0      0    0
13086       13086  13086            0           1           0     1      1           0      0               0         0                0             0                 0               0           0               0     1       1       0          0      0     1      1          0             0                0               1         1       0        0     1        0      0    0
13140       13140  13140            0           1           0     1      0           0      1               0         0                0             0                 0               0           0               0     0       0       0          1      0     0      1          0             0                0               1         0       0        0     1        0      0    1
13182       13182  13182            0           1           0     0      0           0      1               0         0                0             0                 0               0           0               0     0       1       0          1      0     0      0          0             0                0               0         0       0        0     1        0      0    1
13191       13191  13191            0           1           0     1      0           1      1               0         0                0             0                 0               0           0               0     1       1       1          1      0     1      0          0             0                0               0         0       1        0     1        0      0    1
13206       13206  13206            0           1           0     0      1           0      1               1         0                0             0                 0               0           0               0     1       1       1          1      0     1      1          0             0                0               0         1       0        0     1        0      0    0
13254       13254  13254            0           1           0     1      0           0      1               1         0                0             0                 0               0           0               0     1       1       1          1      0     0      1          1             0                1               0         0       1        0     1        0      0    0
13278       13278  13278            0           1           0     1      1           1      0               0         0                0             0                 0               0           0               0     0       1       1          0      0     1      0          0             0                0               1         1       1        0     1        0      0    1
13284       13284  13284            0           1           0     1      1           1      0               0         0                0             0                 0               0           0               0     1       1       0          0      0     1      0          0             0                0               1         1       1        0     1        0      0    1
13287       13287  13287            0           1           0     1      0           0      1               1         0                0             0                 0               0           0               0     0       1       1          1      0     1      1          1             1                1               1         0       0        0     1        0      0    0
13374       13374  13374            0           1           0     1      0           0      1               0         0                0             0                 0               0           0               0     0       1       0          1      0     0      1          0             0                0               0         0       1        0     1        0      0    1
13413       13413  13413            0           1           0     1      1           0      0               1         0                0             0                 0               0           0               0     1       0       1          0      0     0      1          1             0                1               0         1       1        0     1        0      0    0
13419       13419  13419            0           1           0     1      0           0      1               0         0                0             0                 0               0           0               0     1       1       0          1      0     0      1          0             0                0               0         0       1        0     1        0      0    0
13422       13422  13422            0           1           0     1      1           0      1               1         0                0             0                 0               0           0               0     1       1       1          1      0     1      1          0             0                0               0         1       1        0     1        0      0    0
13425       13425  13425            0           1           0     1      0           1      0               0         0                0             0                 0               0           0               0     1       1       0          0      0     1      1          0             0                0               0         0       1        0     1        0      0    1
13431       13431  13431            0           1           0     1      0           0      1               0         0                0             0                 0               0           0               0     1       1       0          1      0     0      1          0             0                0               1         0       0        0     1        0      0    1
13440       13440  13440            0           1           0     1      1           1      1               0         0                0             0                 0               0           0               0     0       1       0          1      0     1      0          0             0                0               1         1       0        0     1        0      0    1
13443       13443  13443            0           1           0     1      1           0      0               1         0                0             0                 0               0           0               0     0       1       1          0      0     1      1          0             0                0               0         1       1        0     1        0      0    0
13461       13461  13461            0           1           0     1      1           0      1               1         0                0             0                 0               0           0               0     0       1       1          1      0     0      1          1             0                1               1         1       1        0     1        0      0    0
13467       13467  13467            0           1           0     1      1           0      0               1         0                0             0                 0               0           0               0     1       1       1          0      0     0      1          1             0                1               0         1       1        0     1        0      0    0
13488       13488  13488            0           1           0     1      0           0      1               0         0                0             0                 0               0           0               0     1       1       0          1      0     0      0          0             0                0               0         0       1        0     1        0      0    1
13512       13512  13512            0           1           0     1      0           0      0               0         0                0             0                 0               0           0               0     1       0       0          0      0     0      0          0             0                0               0         0       1        0     1        0      0    1
13524       13524  13524            0           1           0     1      1           1      0               0         0                0             0                 0               0           0               0     1       0       1          0      0     1      0          0             0                0               1         1       1        0     1        0      0    1
13539       13539  13539            0           1           0     1      1           0      1               0         0                0             0                 0               0           0               0     1       1       0          1      0     0      0          0             0                0               1         1       1        0     1        0      0    0
13563       13563  13563            0           1           0     1      0           0      0               1         0                0             0                 0               0           0               0     1       1       1          0      0     1      1          1             0                1               0         0       1        0     1        0      0    0
13569       13569  13569            0           1           0     0      1           0      1               1         0                0             0                 0               0           0               0     1       1       1          1      0     0      1          0             0                0               0         1       0        0     1        0      0    0
13617       13617  13617            0           1           0     0      1           0      1               1         0                0             0                 0               0           0               0     0       1       1          1      0     0      1          0             0                0               0         1       0        0     1        0      0    0
13632       13632  13632            0           1           0     1      0           0      0               1         0                0             0                 0               0           0               0     1       1       1          0      0     1      1          1             0                1               0         0       1        0     1        0      0    0
13638       13638  13638            0           1           0     1      1           0      1               1         0                0             0                 0               0           0               0     1       0       1          1      0     0      1          0             0                0               1         1       1        0     1        0      0    1
13716       13716  13716            0           1           0     1      1           0      0               1         0                0             0                 0               0           0               0     0       1       1          0      0     0      1          0             0                0               0         1       1        0     1        0      0    0
13737       13737  13737            0           1           0     1      1           0      1               1         0                0             0                 0               0           0               0     1       1       1          1      0     1      1          0             0                0               0         1       1        0     1        0      0    0
13740       13740  13740            0           1           0     1      0           0      1               0         0                0             0                 0               0           0               0     1       1       0          1      0     0      1          0             0                0               1         0       1        0     1        0      0    0
13743       13743  13743            0           1           0     1      1           1      1               1         0                0             0                 0               0           0               0     1       1       1          1      0     1      1          0             0                0               1         1       0        0     1        0      0    1
13788       13788  13788            0           1           0     1      0           1      0               0         0                0             0                 0               0           0               0     1       0       0          0      0     1      1          0             0                0               0         0       1        0     1        0      0    1
13800       13800  13800            0           1           0     1      1           0      1               1         0                0             0                 0               0           0               0     1       0       1          1      0     0      1          0             0                0               1         1       1        0     1        0      0    0
13833       13833  13833            0           1           0     1      1           0      0               0         0                0             0                 0               0           0               0     0       1       0          0      0     0      0          0             0                0               1         1       1        0     1        0      0    1
13866       13866  13866            0           1           0     1      1           0      0               1         0                0             0                 0               0           0               0     1       0       1          0      0     1      1          0             0                0               1         1       1        0     1        0      0    0
13947       13947  13947            0           1           0     1      0           1      1               0         0                0             0                 0               0           0               0     1       0       0          1      0     1      0          0             0                0               0         0       1        0     1        0      0    1
13968       13968  13968            0           1           0     0      1           0      1               1         0                0             0                 0               0           0               0     1       1       1          1      0     1      1          0             0                0               0         1       0        0     1        0      0    0
13992       13992  13992            0           1           0     1      1           0      0               1         0                0             0                 0               0           0               0     1       0       1          0      0     0      1          0             0                0               1         1       0        0     1        0      0    0
13995       13995  13995            0           1           0     1      0           0      1               0         0                0             0                 0               0           0               0     1       0       0          1      0     0      1          0             0                0               0         0       1        0     1        0      0    0
14016       14016  14016            0           1           0     1      1           0      1               0         0                0             0                 0               0           0               0     1       1       1          1      0     0      0          0             0                0               0         1       1        0     1        0      0    1
14028       14028  14028            0           1           0     0      0           0      0               1         0                0             0                 0               0           0               0     1       1       1          0      0     1      1          0             0                0               0         0       0        0     1        0      0    0
14037       14037  14037            0           1           0     0      1           0      0               1         0                0             0                 0               0           0               0     1       1       1          0      0     1      1          0             0                0               0         1       0        0     1        0      0    0
14049       14049  14049            0           1           0     1      0           0      1               1         0                0             0                 0               0           0               0     1       0       1          1      0     1      1          1             0                1               1         0       1        0     1        0      0    0
14055       14055  14055            0           1           0     1      1           1      0               0         0                0             0                 0               0           0               0     0       1       0          0      0     1      1          0             0                0               0         1       1        0     1        0      0    1
14082       14082  14082            0           1           0     1      1           0      1               0         0                0             0                 0               0           0               0     0       1       0          1      0     1      0          0             0                0               0         1       1        0     1        0      0    0
14085       14085  14085            0           1           0     0      0           1      0               1         0                0             0                 0               0           0               0     1       1       1          0      0     1      1          0             0                0               0         0       0        0     1        0      0    1
14094       14094  14094            0           1           0     1      1           0      1               0         0                0             0                 0               0           0               0     0       0       0          1      0     1      0          0             0                0               0         1       1        0     1        0      0    0
14139       14139  14139            0           1           0     0      1           1      1               0         0                0             0                 0               0           0               0     0       1       1          1      0     1      0          0             0                0               0         1       0        0     1        0      0    1
14148       14148  14148            0           1           0     1      1           1      1               0         0                0             0                 0               0           0               0     1       0       0          1      0     1      0          0             0                0               1         1       0        0     1        0      0    1
14166       14166  14166            0           1           0     0      1           0      1               0         0                0             0                 0               0           0               0     1       1       1          1      0     1      0          0             0                0               0         1       0        0     1        0      0    0
14181       14181  14181            0           1           0     1      1           0      0               1         0                0             0                 0               0           0               0     1       1       1          0      0     0      1          0             0                0               1         1       1        0     1        0      0    0
14187       14187  14187            0           1           0     1      1           1      0               0         0                0             0                 0               0           0               0     1       1       0          0      0     1      1          0             0                0               0         1       1        0     1        0      0    1
14193       14193  14193            0           1           0     1      1           0      0               0         0                0             0                 0               0           0               0     1       1       1          0      0     0      0          0             0                0               1         1       1        0     1        0      0    1
14208       14208  14208            0           1           0     1      1           0      0               0         0                0             0                 0               0           0               0     1       0       0          0      0     0      1          0             0                0               1         1       1        0     1        0      0    1
14271       14271  14271            0           1           0     1      1           0      1               0         0                0             0                 0               0           0               0     0       1       0          1      0     0      0          0             0                0               0         1       1        0     1        0      0    1
14310       14310  14310            0           1           0     1      1           0      1               1         0                0             0                 0               0           0               0     1       1       1          1      0     1      1          1             0                1               1         1       1        0     1        0      0    0
14373       14373  14373            0           1           0     0      0           1      0               0         0                0             0                 0               0           0               0     0       1       0          0      0     1      1          0             0                0               0         0       0        0     1        0      0    1
14382       14382  14382            0           1           0     1      0           0      1               1         0                0             0                 0               0           0               0     1       1       1          1      0     0      1          1             0                1               1         0       1        0     1        0      0    0
14442       14442  14442            0           1           0     1      1           0      0               1         0                0             0                 0               0           0               0     0       1       1          0      0     0      1          0             0                0               0         1       1        0     1        0      0    0
14448       14448  14448            0           1           0     1      0           0      1               0         0                0             0                 0               0           0               0     1       1       1          1      0     1      0          0             0                0               0         0       1        0     1        0      0    0
14502       14502  14502            0           1           0     1      1           1      1               1         0                0             0                 0               0           0               0     0       1       1          1      0     1      1          0             0                0               0         1       1        0     1        0      0    1
14532       14532  14532            0           1           0     1      0           0      1               1         0                0             0                 0               0           0               0     0       1       1          1      0     0      1          1             0                1               1         0       1        0     1        0      0    0
14580       14580  14580            0           1           0     1      1           0      0               1         0                0             0                 0               0           0               0     1       1       1          0      0     0      1          1             0                1               0         1       1        0     1        0      0    0
14586       14586  14586            0           1           0     1      1           0      1               0         0                0             0                 0               0           0               0     1       0       0          1      0     0      0          0             0                0               0         1       1        0     1        0      0    0
14619       14619  14619            0           1           0     1      0           1      1               0         0                0             0                 0               0           0               0     0       1       0          1      0     1      0          0             0                0               0         0       1        0     1        0      0    1
14670       14670  14670            0           1           0     1      1           1      1               0         0                0             0                 0               0           0               0     1       0       0          1      0     1      1          0             0                0               0         1       1        0     1        0      0    1
14721       14721  14721            0           1           0     1      1           0      1               1         0                0             0                 0               0           0               0     1       1       1          1      0     0      1          0             0                0               1         1       0        0     1        0      0    0
14739       14739  14739            0           1           0     1      1           0      1               1         0                0             0                 0               0           0               0     1       0       1          1      0     0      1          0             0                0               1         1       1        0     1        0      0    0
14748       14748  14748            0           1           0     1      0           0      1               1         0                0             0                 0               0           0               0     1       1       1          1      0     0      1          0             0                0               0         0       1        0     1        0      0    0
14766       14766  14766            0           1           0     1      0           0      0               1         0                0             0                 0               0           0               0     1       1       1          0      0     1      1          0             0                0               1         0       0        0     1        0      0    0
14769       14769  14769            0           1           0     1      0           0      1               0         0                0             0                 0               0           0               0     1       0       0          1      0     0      1          0             0                0               0         0       1        0     1        0      0    0
14772       14772  14772            0           1           0     1      1           0      0               1         0                0             0                 0               0           0               0     1       1       1          0      0     1      1          0             0                0               1         1       1        0     1        0      0    0
14805       14805  14805            0           1           0     1      0           0      0               1         0                0             0                 0               0           0               0     1       1       1          0      0     1      1          1             0                1               1         0       1        0     1        0      0    0
14811       14811  14811            0           1           0     1      1           0      1               0         0                0             0                 0               0           0               0     1       1       0          1      0     0      1          0             0                0               0         1       1        0     1        0      0    0
14832       14832  14832            0           1           0     1      0           0      0               1         0                0             0                 0               0           0               0     1       1       1          0      0     1      1          0             0                0               1         0       0        0     1        0      0    0
14838       14838  14838            0           1           0     1      0           0      0               1         0                0             0                 0               0           0               0     1       1       1          0      0     0      1          1             0                1               0         0       1        0     1        0      0    0
14850       14850  14850            0           1           0     1      0           0      0               1         0                0             0                 0               0           0               0     0       1       1          0      0     0      1          1             0                1               1         0       1        0     1        0      0    0
14886       14886  14886            0           1           0     1      1           0      0               1         0                0             0                 0               0           0               0     0       1       1          0      0     0      1          0             0                0               0         1       1        0     1        0      0    0
14889       14889  14889            0           1           0     0      0           0      0               1         0                0             0                 0               0           0               0     1       1       1          0      0     0      1          0             0                0               0         0       0        0     1        0      0    0
14892       14892  14892            0           1           0     1      1           0      1               1         0                0             0                 0               0           0               0     1       0       1          1      0     1      1          1             0                1               0         1       1        0     1        0      0    0
14904       14904  14904            0           1           0     1      0           0      1               1         0                0             0                 0               0           0               0     1       1       1          1      0     1      1          1             0                1               1         0       1        0     1        0      0    0
14913       14913  14913            0           1           0     1      0           0      1               1         0                0             0                 0               0           0               0     0       1       1          1      0     0      1          0             0                0               1         0       1        0     1        0      0    0
14919       14919  14919            0           1           0     1      0           1      1               0         0                0             0                 0               0           0               0     1       1       0          1      0     1      1          0             0                0               1         0       1        0     1        0      0    1
14943       14943  14943            0           1           0     1      0           0      0               1         0                0             0                 0               0           0               0     1       0       1          0      0     1      1          1             0                1               0         0       1        0     1        0      0    0
14979       14979  14979            0           1           0     1      0           0      1               1         0                0             0                 0               0           0               0     1       1       1          1      0     0      1          0             0                0               1         0       1        0     1        0      0    1
14985       14985  14985            0           1           0     1      1           0      0               1         0                0             0                 0               0           0               0     1       0       1          0      0     0      1          0             0                0               1         1       0        0     1        0      0    0
14988       14988  14988            0           1           0     0      1           0      0               1         0                0             0                 0               0           0               0     1       0       1          0      0     0      1          0             0                0               0         1       0        0     1        0      0    1
14991       14991  14991            0           1           0     1      1           1      1               0         0                0             0                 0               0           0               0     1       0       0          1      0     1      1          0             0                0               0         1       1        0     1        0      0    1
15009       15009  15009            0           1           0     1      0           1      0               1         0                0             0                 0               0           0               0     1       1       1          0      0     1      1          0             0                0               1         0       0        0     1        0      0    1
15042       15042  15042            0           1           0     1      1           1      1               0         0                0             0                 0               0           0               0     1       0       0          1      0     1      0          0             0                0               1         1       1        0     1        0      0    1
15093       15093  15093            0           1           0     1      1           0      1               1         0                0             0                 0               0           0               0     1       1       1          1      0     1      1          0             0                0               1         1       0        0     1        0      0    0
15099       15099  15099            0           1           0     1      1           0      1               1         0                0             0                 0               0           0               0     0       1       1          1      0     0      1          0             0                0               1         1       0        0     1        0      0    0
15114       15114  15114            0           1           0     0      1           0      0               1         0                0             0                 0               0           0               0     1       1       1          0      0     1      1          1             1                1               0         1       0        0     1        0      0    0
15120       15120  15120            0           1           0     0      0           1      0               1         0                0             0                 0               0           0               0     1       1       1          0      0     1      1          0             0                0               0         0       0        0     1        0      0    1
15129       15129  15129            0           1           0     0      1           0      1               1         0                0             0                 0               0           0               0     1       1       1          1      0     0      1          0             0                0               0         1       0        0     1        0      0    0
15180       15180  15180            0           1           0     1      1           1      1               1         0                0             0                 0               0           0               0     1       1       1          1      0     1      1          0             0                0               0         1       1        0     1        0      0    1
15207       15207  15207            0           1           0     1      0           0      0               1         0                0             0                 0               0           0               0     1       1       1          0      0     0      1          0             0                0               1         0       1        0     1        0      0    0
15219       15219  15219            0           1           0     1      1           1      1               0         0                0             0                 0               0           0               0     1       1       0          1      0     1      1          0             0                0               1         1       1        0     1        0      0    1
15237       15237  15237            0           1           0     1      0           0      1               1         0                0             0                 0               0           0               0     1       1       1          1      0     1      1          0             0                0               0         0       1        0     1        0      0    0
15264       15264  15264            0           1           0     1      1           0      1               1         0                0             0                 0               0           0               0     0       1       1          1      0     1      1          0             0                0               1         1       1        0     1        0      0    0
15300       15300  15300            0           1           0     1      1           0      0               1         0                0             0                 0               0           0               0     1       0       1          0      0     1      1          0             0                0               1         1       1        0     1        0      0    0
15315       15315  15315            0           1           0     1      1           1      0               1         0                0             0                 0               0           0               0     0       1       1          0      0     1      1          0             0                0               1         1       1        0     1        0      0    1
15336       15336  15336            0           1           0     1      0           0      1               1         0                0             0                 0               0           0               0     1       1       1          1      0     0      1          1             0                1               1         0       1        0     1        0      0    0
15351       15351  15351            0           1           0     1      1           0      0               1         0                0             0                 0               0           0               0     1       1       1          0      0     1      1          1             0                1               0         1       1        0     1        0      0    0
15363       15363  15363            0           1           0     1      1           0      1               0         0                0             0                 0               0           0               0     1       1       1          1      0     0      0          0             0                0               1         1       1        0     1        0      0    0
15369       15369  15369            0           1           0     1      0           1      0               1         0                0             0                 0               0           0               0     1       1       1          0      0     1      1          0             0                0               0         0       1        0     1        0      0    1
15393       15393  15393            0           1           0     1      1           1      1               0         0                0             0                 0               0           0               0     1       0       1          1      0     1      0          0             0                0               0         1       1        0     1        0      0    1
15414       15414  15414            0           1           0     1      0           1      0               0         0                0             0                 0               0           0               0     1       1       0          0      0     1      1          0             0                0               1         0       0        0     1        0      0    1
15423       15423  15423            0           1           0     1      1           1      1               0         0                0             0                 0               0           0               0     0       0       0          1      0     1      1          0             0                0               1         1       0        0     1        0      0    1
15441       15441  15441            0           1           0     1      1           0      1               0         0                0             0                 0               0           0               0     1       0       0          1      0     0      0          0             0                0               1         1       0        0     1        0      0    1
15450       15450  15450            0           1           0     1      1           0      1               0         0                0             0                 0               0           0               0     0       0       0          1      0     0      1          0             0                0               0         1       1        0     1        0      0    0
15474       15474  15474            0           1           0     1      1           0      1               0         0                0             0                 0               0           0               0     1       1       0          1      0     0      1          0             0                0               0         1       1        0     1        0      0    1
15483       15483  15483            0           1           0     1      1           0      0               0         0                0             0                 0               0           0               0     1       1       1          0      0     0      0          0             0                0               1         1       1        0     1        0      0    0
15495       15495  15495            0           1           0     1      0           0      1               1         0                0             0                 0               0           0               0     0       1       1          1      0     1      1          0             0                0               1         0       0        0     1        0      0    0
15504       15504  15504            0           1           0     0      0           0      0               1         0                0             0                 0               0           0               0     0       1       1          0      0     1      1          1             1                1               0         0       0        0     1        0      0    0
15528       15528  15528            0           1           0     1      0           0      0               1         0                0             0                 0               0           0               0     1       1       1          0      0     1      1          0             0                0               1         0       0        0     1        0      0    0
15534       15534  15534            0           1           0     1      1           0      1               1         0                0             0                 0               0           0               0     1       1       1          1      0     1      1          0             0                0               0         1       1        0     1        0      0    0
15537       15537  15537            0           1           0     1      0           0      0               1         0                0             0                 0               0           0               0     0       1       1          0      0     0      1          0             0                0               0         0       1        0     1        0      0    0
15546       15546  15546            0           1           0     1      0           0      0               1         0                0             0                 0               0           0               0     0       1       1          0      0     1      1          1             0                1               1         0       1        0     1        0      0    0
15555       15555  15555            0           1           0     1      1           0      1               1         0                0             0                 0               0           0               0     1       0       1          1      0     0      1          1             0                1               0         1       1        0     1        0      0    0
15582       15582  15582            0           1           0     1      0           0      1               1         0                0             0                 0               0           0               0     1       1       1          1      0     1      1          0             0                0               1         0       1        0     1        0      0    0
15618       15618  15618            0           1           0     1      0           0      1               0         0                0             0                 0               0           0               0     1       1       0          1      0     0      1          0             0                0               1         0       0        0     1        0      0    1
15627       15627  15627            0           1           0     1      1           0      0               1         0                0             0                 0               0           0               0     1       1       1          0      0     1      1          0             0                0               0         1       1        0     1        0      0    0
15645       15645  15645            0           1           0     1      0           1      0               0         0                0             0                 0               0           0               0     1       0       0          0      0     1      1          0             0                0               1         0       0        0     1        0      0    1
15675       15675  15675            0           1           0     1      1           0      1               0         0                0             0                 0               0           0               0     1       1       0          1      0     0      0          0             0                0               1         1       1        0     1        0      0    0
15708       15708  15708            0           1           0     0      0           1      1               0         0                0             0                 0               0           0               0     1       1       1          1      0     1      0          0             0                0               0         0       0        0     1        0      0    1
15714       15714  15714            0           1           0     1      1           0      1               0         0                0             0                 0               0           0               0     0       1       0          1      0     0      0          0             0                0               0         1       1        0     1        0      0    1
15720       15720  15720            0           1           0     1      0           0      1               1         0                0             0                 0               0           0               0     0       1       1          1      0     0      1          1             0                1               1         0       1        0     1        0      0    0
15750       15750  15750            0           1           0     1      1           0      1               1         0                0             0                 0               0           0               0     1       1       1          1      0     0      1          0             0                0               0         1       1        0     1        0      0    0
15789       15789  15789            0           1           0     1      1           0      1               1         0                0             0                 0               0           0               0     1       1       1          1      0     0      1          0             0                0               1         1       1        0     1        0      0    1
15798       15798  15798            0           1           0     1      1           1      1               0         0                0             0                 0               0           0               0     1       0       0          1      0     1      0          0             0                0               0         1       1        0     1        0      0    1
15807       15807  15807            0           1           0     1      0           0      0               0         0                0             0                 0               0           0               0     1       0       1          0      0     0      0          0             0                0               1         0       1        0     1        0      0    0
15813       15813  15813            0           1           0     0      1           1      0               1         0                0             0                 0               0           0               0     0       1       1          0      0     1      1          0             0                0               0         1       0        0     1        0      0    1
15828       15828  15828            0           1           0     0      0           1      0               0         0                0             0                 0               0           0               0     0       1       1          0      0     1      0          0             0                0               0         0       0        0     1        0      0    1
15879       15879  15879            0           1           0     1      1           0      1               0         0                0             0                 0               0           0               0     1       0       1          1      0     0      0          0             0                0               0         1       1        0     1        0      0    1
15885       15885  15885            0           1           0     0      1           0      1               1         0                0             0                 0               0           0               0     0       1       1          1      0     1      1          1             1                1               0         1       0        0     1        0      0    0
15894       15894  15894            0           1           0     0      0           0      1               1         0                0             0                 0               0           0               0     0       1       1          1      0     0      1          1             1                1               0         0       0        0     1        0      0    0
15897       15897  15897            0           1           0     1      1           1      0               0         0                0             0                 0               0           0               0     0       1       0          0      0     1      0          0             0                0               1         1       0        0     1        0      0    1
15915       15915  15915            0           1           0     0      0           0      1               1         0                0             0                 0               0           0               0     1       0       1          1      0     0      1          0             0                0               0         0       0        0     1        0      0    0
15918       15918  15918            0           1           0     0      0           0      1               1         0                0             0                 0               0           0               0     1       1       1          1      0     0      1          0             0                0               0         0       0        0     1        0      0    0
15924       15924  15924            0           1           0     1      1           0      0               0         0                0             0                 0               0           0               0     1       0       0          0      0     1      0          0             0                0               1         1       1        0     1        0      0    0
15927       15927  15927            0           1           0     1      0           0      1               1         0                0             0                 0               0           0               0     1       1       1          1      0     0      1          0             0                0               1         0       0        0     1        0      0    0
15945       15945  15945            0           1           0     1      1           1      1               1         0                0             0                 0               0           0               0     0       1       1          1      0     1      1          0             0                0               1         1       0        0     1        0      0    1
15957       15957  15957            0           1           0     1      0           0      0               1         0                0             0                 0               0           0               0     1       1       1          0      0     1      1          0             0                0               0         0       1        0     1        0      0    0
15984       15984  15984            0           1           0     1      1           1      0               0         0                0             0                 0               0           0               0     0       1       0          0      0     1      0          0             0                0               1         1       0        0     1        0      0    1
16008       16008  16008            0           1           0     1      1           0      1               0         0                0             0                 0               0           0               0     0       1       0          1      0     0      1          0             0                0               1         1       0        0     1        0      0    1
16038       16038  16038            0           1           0     1      0           0      0               0         0                0             0                 0               0           0               0     0       0       0          0      0     1      0          0             0                0               1         0       1        0     1        0      0    0
16056       16056  16056            0           1           0     1      0           1      1               0         0                0             0                 0               0           0               0     1       1       1          1      0     1      0          0             0                0               1         0       0        0     1        0      0    1
16062       16062  16062            0           1           0     1      1           1      0               0         0                0             0                 0               0           0               0     1       1       0          0      0     1      1          0             0                0               1         1       0        0     1        0      0    1
16068       16068  16068            0           1           0     1      1           1      0               1         0                0             0                 0               0           0               0     1       1       1          0      0     1      1          0             0                0               0         1       1        0     1        0      0    1
16092       16092  16092            0           1           0     1      1           0      0               1         0                0             0                 0               0           0               0     1       0       1          0      0     1      1          1             0                1               1         1       1        0     1        0      0    0
16128       16128  16128            0           1           0     1      0           0      1               1         0                0             0                 0               0           0               0     0       1       1          1      0     1      1          0             0                0               1         0       1        0     1        0      0    0
16206       16206  16206            0           1           0     0      0           1      1               1         0                0             0                 0               0           0               0     1       1       1          1      0     1      1          0             0                0               0         0       0        0     1        0      0    1
16218       16218  16218            0           1           0     1      1           0      1               0         0                0             0                 0               0           0               0     1       1       1          1      0     0      0          0             0                0               1         1       1        0     1        0      0    1
16278       16278  16278            0           1           0     0      1           0      1               1         0                0             0                 0               0           0               0     1       0       1          1      0     1      1          1             1                1               0         1       0        0     1        0      0    0
16287       16287  16287            0           1           0     1      1           0      1               1         0                0             0                 0               0           0               0     1       1       1          1      0     0      1          0             0                0               1         1       1        0     1        0      0    0
16296       16296  16296            0           1           0     1      1           0      0               0         0                0             0                 0               0           0               0     0       1       0          0      0     0      0          0             0                0               1         1       1        0     1        0      0    1
16329       16329  16329            0           1           0     1      0           1      0               1         0                0             0                 0               0           0               0     0       1       1          0      0     1      1          0             0                0               1         0       1        0     1        0      0    1
16338       16338  16338            0           1           0     0      0           0      0               1         0                0             0                 0               0           0               0     1       1       1          0      0     0      1          0             0                0               0         0       0        0     1        0      0    0
16344       16344  16344            0           1           0     0      0           1      0               0         0                0             0                 0               0           0               0     1       1       0          0      0     1      0          0             0                0               0         0       0        0     1        0      0    1
16374       16374  16374            0           1           0     1      0           0      0               1         0                0             0                 0               0           0               0     1       1       1          0      0     0      1          0             0                0               1         0       0        0     1        0      0    0
16422       16422  16422            0           1           0     1      1           0      1               0         0                0             0                 0               0           0               0     0       1       0          1      0     0      0          0             0                0               1         1       1        0     1        0      0    1
16428       16428  16428            0           1           0     1      1           0      1               1         0                0             0                 0               0           0               0     1       1       1          1      0     1      1          1             0                1               1         1       1        0     1        0      0    0
16437       16437  16437            0           1           0     1      1           1      1               0         0                0             0                 0               0           0               0     1       1       0          1      0     1      1          0             0                0               1         1       1        0     1        0      0    1
16449       16449  16449            0           1           0     1      1           0      1               0         0                0             0                 0               0           0               0     1       1       1          1      0     0      0          0             0                0               1         1       0        0     1        0      0    0
16518       16518  16518            0           1           0     1      1           0      1               1         0                0             0                 0               0           0               0     1       1       1          1      0     1      1          0             0                0               0         1       1        0     1        0      0    0
16521       16521  16521            0           1           0     0      1           0      1               1         0                0             0                 0               0           0               0     0       1       1          1      0     0      1          0             0                0               0         1       0        0     1        0      0    0
16569       16569  16569            0           1           0     1      0           1      1               0         0                0             0                 0               0           0               0     1       1       0          1      0     1      1          0             0                0               0         0       1        0     1        0      0    1
16626       16626  16626            0           1           0     1      0           0      1               1         0                0             0                 0               0           0               0     0       1       1          1      0     0      1          0             0                0               0         0       1        0     1        0      0    1
16629       16629  16629            0           1           0     1      1           1      0               0         0                0             0                 0               0           0               0     0       1       1          0      0     1      0          0             0                0               1         1       0        0     1        0      0    1
16716       16716  16716            0           1           0     1      1           1      0               1         0                0             0                 0               0           0               0     1       1       1          0      0     1      1          0             0                0               1         1       0        0     1        0      0    1
16728       16728  16728            0           1           0     1      1           0      1               1         0                0             0                 0               0           0               0     1       1       1          1      0     1      1          1             0                1               0         1       1        0     1        0      0    0
16746       16746  16746            0           1           0     1      1           0      1               1         0                0             0                 0               0           0               0     0       1       1          1      0     0      1          1             1                1               1         1       0        0     1        0      0    0
16752       16752  16752            0           1           0     1      1           1      0               0         0                0             0                 0               0           0               0     0       1       0          0      0     1      1          0             0                0               1         1       1        0     1        0      0    1
16812       16812  16812            0           1           0     0      1           0      0               1         0                0             0                 0               0           0               0     1       1       1          0      0     0      1          0             0                0               0         1       0        0     1        0      0    1
16824       16824  16824            0           1           0     1      1           1      0               1         0                0             0                 0               0           0               0     1       0       1          0      0     1      1          0             0                0               1         1       1        0     1        0      0    1
16833       16833  16833            0           1           0     1      1           1      1               1         0                0             0                 0               0           0               0     1       0       1          1      0     1      1          0             0                0               1         1       1        0     1        0      0    1
16845       16845  16845            0           1           0     1      1           1      1               1         0                0             0                 0               0           0               0     0       1       1          1      0     1      1          0             0                0               1         1       0        0     1        0      0    1
16899       16899  16899            0           1           0     1      0           1      1               1         0                0             0                 0               0           0               0     0       1       1          1      0     1      1          0             0                0               1         0       0        0     1        0      0    1
16911       16911  16911            0           1           0     1      1           0      1               1         0                0             0                 0               0           0               0     1       1       1          1      0     1      1          0             0                0               1         1       1        0     1        0      0    0
16920       16920  16920            0           1           0     1      1           0      0               1         0                0             0                 0               0           0               0     1       1       1          0      0     1      1          1             0                1               0         1       1        0     1        0      0    0
16938       16938  16938            0           1           0     1      0           0      1               1         0                0             0                 0               0           0               0     1       1       1          1      0     0      1          0             0                0               1         0       1        0     1        0      0    0
16950       16950  16950            0           1           0     1      0           0      0               0         0                0             0                 0               0           0               0     1       1       0          0      0     0      0          0             0                0               0         0       1        0     1        0      0    0
16992       16992  16992            0           1           0     1      1           0      0               1         0                0             0                 0               0           0               0     0       1       1          0      0     1      1          1             0                1               0         1       1        0     1        0      0    0
16998       16998  16998            0           1           0     1      0           0      0               0         0                0             0                 0               0           0               0     0       0       0          0      0     0      0          0             0                0               0         0       1        0     1        0      0    1
17019       17019  17019            0           1           0     1      1           1      1               0         0                0             0                 0               0           0               0     0       1       0          1      0     1      1          0             0                0               1         1       0        0     1        0      0    1
17031       17031  17031            0           1           0     0      1           0      0               1         0                0             0                 0               0           0               0     1       1       1          0      0     1      1          0             0                0               0         1       0        0     1        0      0    0
17034       17034  17034            0           1           0     0      0           0      1               1         0                0             0                 0               0           0               0     0       1       1          1      0     1      1          1             1                1               0         0       0        0     1        0      0    0
17043       17043  17043            0           1           0     1      1           0      0               0         0                0             0                 0               0           0               0     1       1       0          0      0     0      1          0             0                0               1         1       0        0     1        0      0    1
17049       17049  17049            0           1           0     1      0           1      0               0         0                0             0                 0               0           0               0     0       1       0          0      0     1      0          0             0                0               1         0       1        0     1        0      0    1
17055       17055  17055            0           1           0     1      1           0      1               0         0                0             0                 0               0           0               0     1       1       0          1      0     0      0          0             0                0               1         1       1        0     1        0      0    0
17067       17067  17067            0           1           0     1      1           0      1               1         0                0             0                 0               0           0               0     1       0       1          1      0     0      1          1             0                1               1         1       1        0     1        0      0    0
17082       17082  17082            0           1           0     1      0           0      0               1         0                0             0                 0               0           0               0     1       0       1          0      0     1      1          1             0                1               1         0       1        0     1        0      0    0
17109       17109  17109            0           1           0     1      1           0      0               1         0                0             0                 0               0           0               0     1       1       1          0      0     1      1          1             1                1               1         1       0        0     1        0      0    0
17112       17112  17112            0           1           0     1      1           0      1               1         0                0             0                 0               0           0               0     1       1       1          1      0     0      1          1             0                1               1         1       1        0     1        0      0    0
17127       17127  17127            0           1           0     1      1           1      1               0         0                0             0                 0               0           0               0     0       0       0          1      0     1      0          0             0                0               0         1       1        0     1        0      0    1
17136       17136  17136            0           1           0     0      1           0      0               1         0                0             0                 0               0           0               0     1       1       1          0      0     0      1          0             0                0               0         1       0        0     1        0      0    1
17166       17166  17166            0           1           0     0      0           0      0               1         0                0             0                 0               0           0               0     1       1       1          0      0     0      1          1             1                1               0         0       0        0     1        0      0    0
17214       17214  17214            0           1           0     1      0           1      1               0         0                0             0                 0               0           0               0     1       1       0          1      0     1      1          0             0                0               1         0       1        0     1        0      0    1
17226       17226  17226            0           1           0     1      1           0      0               1         0                0             0                 0               0           0               0     1       0       1          0      0     0      1          0             0                0               0         1       1        0     1        0      0    0
17259       17259  17259            0           1           0     1      1           1      1               0         0                0             0                 0               0           0               0     1       1       0          1      0     1      1          0             0                0               1         1       1        0     1        0      0    1
17262       17262  17262            0           1           0     1      1           0      1               1         0                0             0                 0               0           0               0     1       0       1          1      0     1      1          0             0                0               1         1       1        0     1        0      0    0
17307       17307  17307            0           1           0     1      1           0      0               1         0                0             0                 0               0           0               0     1       1       1          0      0     1      1          0             0                0               1         1       1        0     1        0      0    0
17313       17313  17313            0           1           0     1      1           0      1               1         0                0             0                 0               0           0               0     1       1       1          1      0     1      1          0             0                0               1         1       1        0     1        0      0    0
17325       17325  17325            0           1           0     1      1           1      1               0         0                0             0                 0               0           0               0     0       1       1          1      0     1      0          0             0                0               1         1       1        0     1        0      0    1
17340       17340  17340            0           1           0     1      1           0      1               1         0                0             0                 0               0           0               0     1       1       1          1      0     0      1          1             1                1               1         1       0        0     1        0      0    0
17373       17373  17373            0           1           0     0      0           1      0               0         0                0             0                 0               0           0               0     1       1       0          0      0     1      1          0             0                0               0         0       0        0     1        0      0    1
17376       17376  17376            0           1           0     1      0           0      0               1         0                0             0                 0               0           0               0     1       1       1          0      0     1      1          0             0                0               1         0       1        0     1        0      0    0
17394       17394  17394            0           1           0     1      0           1      1               0         0                0             0                 0               0           0               0     1       0       0          1      0     1      1          0             0                0               1         0       0        0     1        0      0    1
17412       17412  17412            0           1           0     0      1           0      1               0         0                0             0                 0               0           0               0     0       1       0          1      0     0      0          0             0                0               0         1       0        0     1        0      0    0
17415       17415  17415            0           1           0     1      1           1      1               1         0                0             0                 0               0           0               0     1       1       1          1      0     1      1          0             0                0               1         1       1        0     1        0      0    1
17436       17436  17436            0           1           0     1      1           0      0               1         0                0             0                 0               0           0               0     1       1       1          0      0     1      1          0             0                0               1         1       1        0     1        0      0    0
17457       17457  17457            0           1           0     1      1           0      1               1         0                0             0                 0               0           0               0     0       1       1          1      0     0      1          0             0                0               1         1       1        0     1        0      0    1
17463       17463  17463            0           1           0     0      0           0      1               1         0                0             0                 0               0           0               0     1       1       1          1      0     0      1          0             0                0               0         0       0        0     1        0      0    0
17484       17484  17484            0           1           0     1      1           1      0               1         0                0             0                 0               0           0               0     1       1       1          0      0     1      1          0             0                0               0         1       1        0     1        0      0    1
17490       17490  17490            0           1           0     1      1           0      0               1         0                0             0                 0               0           0               0     1       1       1          0      0     0      1          0             0                0               0         1       1        0     1        0      0    0
17517       17517  17517            0           1           0     1      1           0      0               0         0                0             0                 0               0           0               0     1       1       0          0      0     0      1          0             0                0               1         1       1        0     1        0      0    1
17526       17526  17526            0           1           0     1      1           0      1               0         0                0             0                 0               0           0               0     1       1       1          1      0     0      0          0             0                0               0         1       1        0     1        0      0    1
17535       17535  17535            0           1           0     0      1           0      1               1         0                0             0                 0               0           0               0     0       1       1          1      0     1      1          0             0                0               0         1       0        0     1        0      0    0
17547       17547  17547            0           1           0     1      1           1      1               1         0                0             0                 0               0           0               0     1       1       1          1      0     1      1          0             0                0               0         1       1        0     1        0      0    1
17604       17604  17604            0           1           0     0      1           0      1               1         0                0             0                 0               0           0               0     1       1       1          1      0     0      1          0             0                0               0         1       0        0     1        0      0    0
17646       17646  17646            0           1           0     1      0           0      1               1         0                0             0                 0               0           0               0     1       0       1          1      0     1      1          1             0                1               1         0       1        0     1        0      0    0
17700       17700  17700            0           1           0     1      1           0      1               1         0                0             0                 0               0           0               0     0       1       1          1      0     0      1          1             0                1               1         1       1        0     1        0      0    0
17712       17712  17712            0           1           0     1      1           0      1               1         0                0             0                 0               0           0               0     1       0       1          1      0     1      1          1             1                1               1         1       0        0     1        0      0    0
17715       17715  17715            0           1           0     0      1           1      1               0         0                0             0                 0               0           0               0     1       1       1          1      0     1      0          0             0                0               0         1       0        0     1        0      0    1
17745       17745  17745            0           1           0     1      1           0      1               0         0                0             0                 0               0           0               0     1       1       0          1      0     0      1          0             0                0               0         1       1        0     1        0      0    1
17754       17754  17754            0           1           0     1      1           0      1               0         0                0             0                 0               0           0               0     0       1       0          1      0     0      1          0             0                0               1         1       1        0     1        0      0    0
17760       17760  17760            0           1           0     1      0           0      1               1         0                0             0                 0               0           0               0     1       1       1          1      0     0      1          0             0                0               1         0       0        0     1        0      0    0
17769       17769  17769            0           1           0     1      0           1      0               1         0                0             0                 0               0           0               0     0       1       1          0      0     1      1          0             0                0               0         0       1        0     1        0      0    1
17784       17784  17784            0           1           0     1      1           1      1               0         0                0             0                 0               0           0               0     0       1       0          1      0     1      0          0             0                0               1         1       1        0     1        0      0    1
17805       17805  17805            0           1           0     1      1           1      0               0         0                0             0                 0               0           0               0     1       0       0          0      0     1      0          0             0                0               0         1       1        0     1        0      0    1
17820       17820  17820            0           1           0     0      1           0      1               1         0                0             0                 0               0           0               0     1       0       1          1      0     0      1          1             1                1               0         1       0        0     1        0      0    0
17823       17823  17823            0           1           0     0      1           0      1               1         0                0             0                 0               0           0               0     0       1       1          1      0     0      1          0             0                0               0         1       0        0     1        0      0    1
17829       17829  17829            0           1           0     1      1           0      1               1         0                0             0                 0               0           0               0     0       1       1          1      0     0      1          0             0                0               1         1       0        0     1        0      0    0
17835       17835  17835            0           1           0     1      0           0      0               0         0                0             0                 0               0           0               0     1       0       0          0      0     1      1          0             0                0               1         0       0        0     1        0      0    0
17841       17841  17841            0           1           0     1      0           0      1               0         0                0             0                 0               0           0               0     0       1       0          1      0     0      0          0             0                0               0         0       1        0     1        0      0    0
17877       17877  17877            0           1           0     0      1           0      1               1         0                0             0                 0               0           0               0     0       1       1          1      0     0      1          0             0                0               0         1       0        0     1        0      0    0
17910       17910  17910            0           1           0     1      1           1      1               0         0                0             0                 0               0           0               0     1       1       0          1      0     1      0          0             0                0               1         1       1        0     1        0      0    1
17913       17913  17913            0           1           0     1      1           0      0               0         0                0             0                 0               0           0               0     1       1       0          0      0     1      1          0             0                0               1         1       0        0     1        0      0    0
17922       17922  17922            0           1           0     1      0           0      1               1         0                0             0                 0               0           0               0     1       1       1          1      0     1      1          1             0                1               0         0       1        0     1        0      0    0
17943       17943  17943            0           1           0     1      0           0      1               1         0                0             0                 0               0           0               0     0       1       1          1      0     0      1          0             0                0               0         0       1        0     1        0      0    0
17949       17949  17949            0           1           0     0      0           1      1               0         0                0             0                 0               0           0               0     1       0       0          1      0     1      1          0             0                0               0         0       0        0     1        0      0    1
17952       17952  17952            0           1           0     1      0           1      1               0         0                0             0                 0               0           0               0     1       1       0          1      0     1      0          0             0                0               0         0       1        0     1        0      0    1
18009       18009  18009            0           1           0     1      1           0      1               0         0                0             0                 0               0           0               0     1       0       0          1      0     1      0          0             0                0               0         1       1        0     1        0      0    0
18045       18045  18045            0           1           0     1      1           0      1               1         0                0             0                 0               0           0               0     0       1       1          1      0     0      1          1             0                1               1         1       1        0     1        0      0    0
18060       18060  18060            0           1           0     0      1           0      1               1         0                0             0                 0               0           0               0     1       1       1          1      0     1      1          0             0                0               0         1       0        0     1        0      0    0
18069       18069  18069            0           1           0     1      0           0      0               1         0                0             0                 0               0           0               0     1       1       1          0      0     0      1          0             0                0               1         0       1        0     1        0      0    0
18072       18072  18072            0           1           0     0      1           0      0               1         0                0             0                 0               0           0               0     1       1       1          0      0     1      1          0             0                0               0         1       0        0     1        0      0    0
18084       18084  18084            0           1           0     1      1           0      1               1         0                0             0                 0               0           0               0     1       1       1          1      0     1      1          1             1                1               1         1       0        0     1        0      0    0
18108       18108  18108            0           1           0     1      0           0      1               1         0                0             0                 0               0           0               0     1       1       1          1      0     0      1          1             0                1               1         0       1        0     1        0      0    0
18111       18111  18111            0           1           0     1      0           1      0               1         0                0             0                 0               0           0               0     1       1       1          0      0     1      1          0             0                0               1         0       0        0     1        0      0    1
18150       18150  18150            0           1           0     1      1           0      1               1         0                0             0                 0               0           0               0     1       1       1          1      0     1      1          0             0                0               1         1       1        0     1        0      0    0
18201       18201  18201            0           1           0     1      1           0      0               0         0                0             0                 0               0           0               0     1       0       0          0      0     0      0          0             0                0               0         1       1        0     1        0      0    0
18219       18219  18219            0           1           0     1      1           1      0               0         0                0             0                 0               0           0               0     0       1       0          0      0     1      1          0             0                0               0         1       1        0     1        0      0    1
18228       18228  18228            0           1           0     1      1           1      1               1         0                0             0                 0               0           0               0     1       1       1          1      0     1      1          0             0                0               0         1       1        0     1        0      0    1
18246       18246  18246            0           1           0     1      0           1      1               1         0                0             0                 0               0           0               0     1       1       1          1      0     1      1          0             0                0               1         0       1        0     1        0      0    1
18249       18249  18249            0           1           0     1      0           1      0               0         0                0             0                 0               0           0               0     0       0       0          0      0     1      1          0             0                0               1         0       0        0     1        0      0    1
18252       18252  18252            0           1           0     0      1           0      0               0         0                0             0                 0               0           0               0     1       1       0          0      0     1      0          0             0                0               0         1       0        0     1        0      0    0
18255       18255  18255            0           1           0     1      0           1      1               1         0                0             0                 0               0           0               0     1       1       1          1      0     1      1          0             0                0               1         0       0        0     1        0      0    1
18261       18261  18261            0           1           0     1      1           0      0               1         0                0             0                 0               0           0               0     1       1       1          0      0     0      1          0             0                0               1         1       0        0     1        0      0    0
18276       18276  18276            0           1           0     1      1           0      1               1         0                0             0                 0               0           0               0     1       0       1          1      0     0      1          0             0                0               1         1       0        0     1        0      0    0
18279       18279  18279            0           1           0     1      1           0      0               0         0                0             0                 0               0           0               0     0       0       0          0      0     1      0          0             0                0               0         1       1        0     1        0      0    0
18294       18294  18294            0           1           0     0      0           0      0               1         0                0             0                 0               0           0               0     1       1       1          0      0     1      1          0             0                0               0         0       0        0     1        0      0    0
18297       18297  18297            0           1           0     1      1           0      0               1         0                0             0                 0               0           0               0     0       1       1          0      0     1      1          0             0                0               1         1       1        0     1        0      0    0
18306       18306  18306            0           1           0     1      1           0      0               0         0                0             0                 0               0           0               0     0       0       0          0      0     0      1          0             0                0               0         1       1        0     1        0      0    1
18360       18360  18360            0           1           0     1      1           0      1               1         0                0             0                 0               0           0               0     1       0       1          1      0     1      1          0             0                0               0         1       1        0     1        0      0    0
18390       18390  18390            0           1           0     1      0           0      0               0         0                0             0                 0               0           0               0     0       1       0          0      0     0      1          0             0                0               1         0       0        0     1        0      0    0
18396       18396  18396            0           1           0     1      1           0      0               0         0                0             0                 0               0           0               0     1       1       0          0      0     0      1          0             0                0               1         1       1        0     1        0      0    1
18405       18405  18405            0           1           0     1      0           0      1               0         0                0             0                 0               0           0               0     0       1       1          1      0     1      0          0             0                0               1         0       0        0     1        0      0    0
18408       18408  18408            0           1           0     1      1           0      1               1         0                0             0                 0               0           0               0     0       1       1          1      0     0      1          0             0                0               0         1       1        0     1        0      0    1
18447       18447  18447            0           1           0     1      1           0      1               1         0                0             0                 0               0           0               0     1       1       1          1      0     0      1          0             0                0               1         1       0        0     1        0      0    1
18456       18456  18456            0           1           0     1      1           0      1               1         0                0             0                 0               0           0               0     1       1       1          1      0     1      1          0             0                0               1         1       1        0     1        0      0    0
18489       18489  18489            0           1           0     1      0           0      0               1         0                0             0                 0               0           0               0     1       0       1          0      0     0      1          0             0                0               1         0       1        0     1        0      0    0
18507       18507  18507            0           1           0     1      0           0      1               1         0                0             0                 0               0           0               0     0       1       1          1      0     0      1          0             0                0               1         0       1        0     1        0      0    0
18555       18555  18555            0           1           0     1      0           1      1               0         0                0             0                 0               0           0               0     0       1       0          1      0     1      0          0             0                0               0         0       1        0     1        0      0    1
18561       18561  18561            0           1           0     0      1           0      1               1         0                0             0                 0               0           0               0     0       1       1          1      0     1      1          0             0                0               0         1       0        0     1        0      0    0
18582       18582  18582            0           1           0     0      0           0      0               1         0                0             0                 0               0           0               0     1       1       1          0      0     0      1          0             0                0               0         0       0        0     1        0      0    0
18588       18588  18588            0           1           0     1      1           0      1               1         0                0             0                 0               0           0               0     0       1       1          1      0     0      1          0             0                0               0         1       1        0     1        0      0    0
18618       18618  18618            0           1           0     1      1           1      1               0         0                0             0                 0               0           0               0     1       1       0          1      0     1      1          0             0                0               0         1       1        0     1        0      0    1
18621       18621  18621            0           1           0     1      0           0      1               1         0                0             0                 0               0           0               0     1       0       1          1      0     1      1          0             0                0               1         0       1        0     1        0      0    0
18666       18666  18666            0           1           0     1      0           0      0               1         0                0             0                 0               0           0               0     1       0       1          0      0     0      1          0             0                0               1         0       1        0     1        0      0    0
18675       18675  18675            0           1           0     1      1           0      1               1         0                0             0                 0               0           0               0     1       1       1          1      0     0      1          1             0                1               1         1       1        0     1        0      0    0
18678       18678  18678            0           1           0     1      1           0      0               1         0                0             0                 0               0           0               0     1       1       1          0      0     0      1          1             1                1               1         1       0        0     1        0      0    0
18681       18681  18681            0           1           0     1      0           1      1               0         0                0             0                 0               0           0               0     0       0       0          1      0     1      0          0             0                0               1         0       1        0     1        0      0    1
18690       18690  18690            0           1           0     1      1           0      0               1         0                0             0                 0               0           0               0     1       0       1          0      0     1      1          1             1                1               1         1       0        0     1        0      0    0
18699       18699  18699            0           1           0     1      1           0      1               1         0                0             0                 0               0           0               0     1       1       1          1      0     0      1          0             0                0               0         1       1        0     1        0      0    0
18705       18705  18705            0           1           0     1      1           0      0               0         0                0             0                 0               0           0               0     1       1       0          0      0     1      0          0             0                0               1         1       0        0     1        0      0    0
18717       18717  18717            0           1           0     1      1           0      1               1         0                0             0                 0               0           0               0     0       1       1          1      0     0      1          1             0                1               1         1       1        0     1        0      0    0
18735       18735  18735            0           1           0     1      1           0      0               0         0                0             0                 0               0           0               0     0       1       0          0      0     1      0          0             0                0               1         1       1        0     1        0      0    0
18738       18738  18738            0           1           0     1      0           1      1               0         0                0             0                 0               0           0               0     0       0       0          1      0     1      0          0             0                0               1         0       1        0     1        0      0    1
18789       18789  18789            0           1           0     1      0           0      0               1         0                0             0                 0               0           0               0     0       1       1          0      0     0      1          0             0                0               1         0       1        0     1        0      0    0
18813       18813  18813            0           1           0     1      1           1      1               0         0                0             0                 0               0           0               0     0       0       0          1      0     1      1          0             0                0               0         1       1        0     1        0      0    1
18816       18816  18816            0           1           0     1      1           0      1               1         0                0             0                 0               0           0               0     0       1       1          1      0     1      1          0             0                0               0         1       1        0     1        0      0    0
18819       18819  18819            0           1           0     1      1           0      1               0         0                0             0                 0               0           0               0     1       1       0          1      0     0      1          0             0                0               0         1       1        0     1        0      0    0
18840       18840  18840            0           1           0     0      1           1      0               0         0                0             0                 0               0           0               0     1       0       0          0      0     1      0          0             0                0               0         1       0        0     1        0      0    1
18873       18873  18873            0           1           0     1      1           0      1               1         0                0             0                 0               0           0               0     1       1       1          1      0     0      1          1             0                1               1         1       1        0     1        0      0    0
18888       18888  18888            0           1           0     1      0           0      0               1         0                0             0                 0               0           0               0     1       1       1          0      0     1      1          0             0                0               0         0       1        0     1        0      0    0
18951       18951  18951            0           1           0     1      0           0      1               1         0                0             0                 0               0           0               0     1       1       1          1      0     0      1          0             0                0               1         0       1        0     1        0      0    0
18963       18963  18963            0           1           0     1      0           0      1               0         0                0             0                 0               0           0               0     0       1       1          1      0     0      0          0             0                0               1         0       0        0     1        0      0    1
18972       18972  18972            0           1           0     1      1           1      0               1         0                0             0                 0               0           0               0     1       1       1          0      0     1      1          0             0                0               0         1       1        0     1        0      0    1
18975       18975  18975            0           1           0     1      1           0      0               0         0                0             0                 0               0           0               0     0       1       0          0      0     1      1          0             0                0               1         1       1        0     1        0      0    0
18978       18978  18978            0           1           0     1      1           0      0               0         0                0             0                 0               0           0               0     1       0       0          0      0     0      1          0             0                0               0         1       1        0     1        0      0    1
18999       18999  18999            0           1           0     1      1           0      0               0         0                0             0                 0               0           0               0     1       0       0          0      0     1      1          0             0                0               1         1       1        0     1        0      0    0
19029       19029  19029            0           1           0     1      0           0      1               1         0                0             0                 0               0           0               0     1       1       1          1      0     0      1          0             0                0               0         0       1        0     1        0      0    0
19110       19110  19110            0           1           0     1      0           1      0               0         0                0             0                 0               0           0               0     1       1       0          0      0     1      1          0             0                0               1         0       0        0     1        0      0    1
19125       19125  19125            0           1           0     1      0           0      1               1         0                0             0                 0               0           0               0     1       1       1          1      0     1      1          1             1                1               1         0       0        0     1        0      0    0
19137       19137  19137            0           1           0     1      1           0      1               1         0                0             0                 0               0           0               0     1       0       1          1      0     0      1          0             0                0               1         1       0        0     1        0      0    1
19173       19173  19173            0           1           0     0      0           1      1               0         0                0             0                 0               0           0               0     1       1       0          1      0     1      1          0             0                0               0         0       0        0     1        0      0    1
19185       19185  19185            0           1           0     1      0           0      0               1         0                0             0                 0               0           0               0     1       1       1          0      0     0      1          0             0                0               0         0       1        0     1        0      0    0
19188       19188  19188            0           1           0     1      1           0      0               0         0                0             0                 0               0           0               0     1       1       1          0      0     1      0          0             0                0               1         1       1        0     1        0      0    0
19197       19197  19197            0           1           0     1      1           0      1               0         0                0             0                 0               0           0               0     1       1       0          1      0     1      0          0             0                0               0         1       1        0     1        0      0    0
19200       19200  19200            0           1           0     1      0           0      0               1         0                0             0                 0               0           0               0     1       1       1          0      0     0      1          0             0                0               1         0       1        0     1        0      0    0
19236       19236  19236            0           1           0     1      0           0      0               1         0                0             0                 0               0           0               0     1       1       1          0      0     0      1          0             0                0               1         0       1        0     1        0      0    0
19239       19239  19239            0           1           0     1      0           1      0               0         0                0             0                 0               0           0               0     1       1       0          0      0     1      1          0             0                0               1         0       1        0     1        0      0    1
19254       19254  19254            0           1           0     1      0           0      1               1         0                0             0                 0               0           0               0     1       0       1          1      0     1      1          0             0                0               0         0       1        0     1        0      0    0
19281       19281  19281            0           1           0     1      0           0      0               1         0                0             0                 0               0           0               0     1       1       1          0      0     1      1          1             0                1               0         0       1        0     1        0      0    0
19311       19311  19311            0           1           0     1      0           0      0               1         0                0             0                 0               0           0               0     0       1       1          0      0     1      1          0             0                0               0         0       1        0     1        0      0    0
19314       19314  19314            0           1           0     1      1           1      1               0         0                0             0                 0               0           0               0     0       1       0          1      0     1      1          0             0                0               1         1       0        0     1        0      0    1
19338       19338  19338            0           1           0     1      1           1      1               0         0                0             0                 0               0           0               0     1       1       0          1      0     1      0          0             0                0               0         1       1        0     1        0      0    1
19374       19374  19374            0           1           0     0      1           0      1               0         0                0             0                 0               0           0               0     1       0       1          1      0     0      0          0             0                0               0         1       0        0     1        0      0    1
19398       19398  19398            0           1           0     1      1           1      1               1         0                0             0                 0               0           0               0     1       0       1          1      0     1      1          0             0                0               1         1       0        0     1        0      0    1
19413       19413  19413            0           1           0     1      0           1      0               1         0                0             0                 0               0           0               0     0       1       1          0      0     1      1          0             0                0               1         0       1        0     1        0      0    1
19425       19425  19425            0           1           0     1      1           1      0               0         0                0             0                 0               0           0               0     1       0       0          0      0     1      1          0             0                0               0         1       1        0     1        0      0    1
19434       19434  19434            0           1           0     0      0           0      1               0         0                0             0                 0               0           0               0     1       1       0          1      0     1      0          0             0                0               0         0       0        0     1        0      0    0
19443       19443  19443            0           1           0     1      1           1      1               0         0                0             0                 0               0           0               0     1       1       1          1      0     1      0          0             0                0               0         1       1        0     1        0      0    1
19452       19452  19452            0           1           0     0      0           1      1               0         0                0             0                 0               0           0               0     1       1       1          1      0     1      0          0             0                0               0         0       0        0     1        0      0    1
19458       19458  19458            0           1           0     1      1           0      1               1         0                0             0                 0               0           0               0     1       1       1          1      0     0      1          0             0                0               1         1       0        0     1        0      0    0
19479       19479  19479            0           1           0     1      0           0      1               1         0                0             0                 0               0           0               0     1       1       1          1      0     0      1          1             0                1               1         0       1        0     1        0      0    0
19506       19506  19506            0           1           0     1      1           0      1               0         0                0             0                 0               0           0               0     1       1       0          1      0     1      0          0             0                0               1         1       0        0     1        0      0    0
19518       19518  19518            0           1           0     1      0           0      1               0         0                0             0                 0               0           0               0     1       1       0          1      0     0      0          0             0                0               1         0       1        0     1        0      0    1
19527       19527  19527            0           1           0     1      0           1      0               1         0                0             0                 0               0           0               0     1       1       1          0      0     1      1          0             0                0               1         0       1        0     1        0      0    1
19530       19530  19530            0           1           0     0      1           0      1               1         0                0             0                 0               0           0               0     1       1       1          1      0     1      1          1             1                1               0         1       0        0     1        0      0    0
19539       19539  19539            0           1           0     1      0           0      1               1         0                0             0                 0               0           0               0     1       1       1          1      0     1      1          1             0                1               0         0       1        0     1        0      0    0
19542       19542  19542            0           1           0     1      1           0      0               0         0                0             0                 0               0           0               0     0       0       0          0      0     0      0          0             0                0               1         1       0        0     1        0      0    1
19545       19545  19545            0           1           0     1      1           0      0               1         0                0             0                 0               0           0               0     0       1       1          0      0     0      1          1             0                1               1         1       1        0     1        0      0    0
19557       19557  19557            0           1           0     0      0           1      1               0         0                0             0                 0               0           0               0     1       0       0          1      0     1      1          0             0                0               0         0       0        0     1        0      0    1
19593       19593  19593            0           1           0     1      0           1      1               0         0                0             0                 0               0           0               0     1       0       0          1      0     1      0          0             0                0               1         0       0        0     1        0      0    1
19611       19611  19611            0           1           0     0      1           0      0               1         0                0             0                 0               0           0               0     1       1       1          0      0     0      1          1             1                1               0         1       0        0     1        0      0    0
19659       19659  19659            0           1           0     1      1           1      0               0         0                0             0                 0               0           0               0     0       0       0          0      0     1      1          0             0                0               1         1       0        0     1        0      0    1
19683       19683  19683            0           1           0     1      0           0      0               0         0                0             0                 0               0           0               0     1       1       0          0      0     0      0          0             0                0               1         0       1        0     1        0      0    0
19686       19686  19686            0           1           0     1      0           0      0               1         0                0             0                 0               0           0               0     0       1       1          0      0     1      1          1             1                1               1         0       0        0     1        0      0    0
19716       19716  19716            0           1           0     0      1           0      1               0         0                0             0                 0               0           0               0     0       1       0          1      0     0      1          0             0                0               0         1       0        0     1        0      0    0
19758       19758  19758            0           1           0     1      1           0      1               1         0                0             0                 0               0           0               0     1       1       1          1      0     1      1          1             0                1               0         1       1        0     1        0      0    0
19803       19803  19803            0           1           0     0      0           0      1               1         0                0             0                 0               0           0               0     0       1       1          1      0     1      1          0             0                0               0         0       0        0     1        0      0    0
19836       19836  19836            0           1           0     1      1           0      1               1         0                0             0                 0               0           0               0     1       1       1          1      0     0      1          0             0                0               1         1       0        0     1        0      0    0
19848       19848  19848            0           1           0     0      1           0      0               1         0                0             0                 0               0           0               0     1       1       1          0      0     0      1          0             0                0               0         1       0        0     1        0      0    1
19860       19860  19860            0           1           0     1      0           0      1               1         0                0             0                 0               0           0               0     1       1       1          1      0     0      1          0             0                0               1         0       1        0     1        0      0    0
19863       19863  19863            0           1           0     0      1           1      1               1         0                0             0                 0               0           0               0     1       1       1          1      0     1      1          0             0                0               0         1       0        0     1        0      0    1
19881       19881  19881            0           1           0     0      0           0      1               1         0                0             0                 0               0           0               0     1       1       1          1      0     0      1          1             1                1               0         0       0        0     1        0      0    0
19890       19890  19890            0           1           0     1      1           0      1               1         0                0             0                 0               0           0               0     0       1       1          1      0     1      1          1             0                1               1         1       1        0     1        0      0    0
19896       19896  19896            0           1           0     1      0           0      1               1         0                0             0                 0               0           0               0     1       1       1          1      0     1      1          1             0                1               0         0       1        0     1        0      0    0
19899       19899  19899            0           1           0     1      1           1      1               0         0                0             0                 0               0           0               0     0       1       1          1      0     1      0          0             0                0               0         1       1        0     1        0      0    1
19902       19902  19902            0           1           0     1      1           0      0               1         0                0             0                 0               0           0               0     1       0       1          0      0     1      1          1             1                1               1         1       0        0     1        0      0    0
19914       19914  19914            0           1           0     1      0           0      0               1         0                0             0                 0               0           0               0     0       1       1          0      0     1      1          0             0                0               1         0       0        0     1        0      0    0
19938       19938  19938            0           1           0     1      1           0      1               0         0                0             0                 0               0           0               0     0       1       0          1      0     1      0          0             0                0               1         1       0        0     1        0      0    0
19941       19941  19941            0           1           0     1      1           0      0               1         0                0             0                 0               0           0               0     1       1       1          0      0     1      1          0             0                0               1         1       1        0     1        0      0    0
19944       19944  19944            0           1           0     1      0           1      1               1         0                0             0                 0               0           0               0     0       1       1          1      0     1      1          0             0                0               1         0       1        0     1        0      0    1
19962       19962  19962            0           1           0     1      0           0      0               1         0                0             0                 0               0           0               0     1       0       1          0      0     0      1          0             0                0               1         0       0        0     1        0      0    0
19965       19965  19965            0           1           0     1      1           0      0               1         0                0             0                 0               0           0               0     1       0       1          0      0     0      1          1             1                1               1         1       0        0     1        0      0    0
19974       19974  19974            0           1           0     1      1           0      1               0         0                0             0                 0               0           0               0     1       1       1          1      0     0      0          0             0                0               1         1       1        0     1        0      0    0
19983       19983  19983            0           1           0     0      1           0      1               1         0                0             0                 0               0           0               0     1       0       1          1      0     0      1          1             1                1               0         1       0        0     1        0      0    0
19986       19986  19986            0           1           0     1      1           0      0               1         0                0             0                 0               0           0               0     0       1       1          0      0     0      1          0             0                0               1         1       1        0     1        0      0    1