Epoch,Alpha,building_impl_complex_train_accuracy,building_no_car_truck_train_accuracy,building_no_chimney_statue_train_accuracy,building_nodoorornowindow_impl_noawning_train_accuracy,commercial_train_accuracy,hotel_train_accuracy,store_train_accuracy,misccommercial_train_accuracy,cafe_train_accuracy,restaurant_train_accuracy,industrial_train_accuracy,industrial_not_table_train_accuracy,constructionsite_train_accuracy,miscindustrial_train_accuracy,powerplant_train_accuracy,watertreatment_train_accuracy,residential_train_accuracy,suburban_train_accuracy,countryhouse_train_accuracy,miscresidential_train_accuracy,residential_no_chimney_pipe_train_accuracy,building_impl_complex_val_accuracy,building_no_car_truck_val_accuracy,building_no_chimney_statue_val_accuracy,building_nodoorornowindow_impl_noawning_val_accuracy,commercial_val_accuracy,hotel_val_accuracy,store_val_accuracy,misccommercial_val_accuracy,cafe_val_accuracy,restaurant_val_accuracy,industrial_val_accuracy,industrial_not_table_val_accuracy,constructionsite_val_accuracy,miscindustrial_val_accuracy,powerplant_val_accuracy,watertreatment_val_accuracy,residential_val_accuracy,suburban_val_accuracy,countryhouse_val_accuracy,miscresidential_val_accuracy,residential_no_chimney_pipe_val_accuracy
0,0.5,0.6231507062911987,0.7492068409919739,0.7501342296600342,0.8887916207313538,0.5810203552246094,0.562372624874115,0.5622285604476929,0.5540112257003784,0.5490341186523438,0.5558182597160339,0.5177185535430908,0.7482447624206543,0.562375545501709,0.5778839588165283,0.5603672862052917,0.5601420998573303,0.5321761965751648,0.5607761740684509,0.5544288158416748,0.5675878524780273,0.616244375705719,0.6251379251480103,0.7500478029251099,0.7502367496490479,0.8871060013771057,0.6200156211853027,0.5623627305030823,0.5615514516830444,0.5564472079277039,0.5534363985061646,0.5576052069664001,0.5175048112869263,0.7496569156646729,0.5624015927314758,0.5782696604728699,0.5629270076751709,0.5597355961799622,0.5312520265579224,0.5601426362991333,0.5540847182273865,0.5682601928710938,0.6133047938346863
1,0.5,0.6243206858634949,0.749586284160614,0.7487739324569702,0.8876097798347473,0.6555541753768921,0.562355101108551,0.5612012147903442,0.5601444840431213,0.5544698238372803,0.5601267218589783,0.517335057258606,0.7484636306762695,0.5623418688774109,0.5811911821365356,0.563417375087738,0.5573710203170776,0.5314063429832458,0.5602909326553345,0.5560199022293091,0.5686997175216675,0.6128659844398499,0.625170886516571,0.7501683831214905,0.7503513097763062,0.872992753982544,0.6500789523124695,0.5624076724052429,0.5606226325035095,0.5549314618110657,0.5535470843315125,0.561576247215271,0.5168991684913635,0.7464063763618469,0.5623964667320251,0.5725829005241394,0.564121425151825,0.5541265606880188,0.5307742357254028,0.5593218207359314,0.5525206923484802,0.5682144165039062,0.6125064492225647
2,0.5,0.6232624650001526,0.7493242025375366,0.7501572966575623,0.8772207498550415,0.6673387289047241,0.5623999238014221,0.5605502128601074,0.5561603903770447,0.555173933506012,0.5614711046218872,0.5187865495681763,0.7466979622840881,0.5623676180839539,0.5752063393592834,0.563169538974762,0.5514528155326843,0.5312772989273071,0.5584716200828552,0.5554627180099487,0.5691889524459839,0.6137070059776306,0.6252747178077698,0.7501596808433533,0.7503961324691772,0.8738844394683838,0.6670071482658386,0.5624057650566101,0.5605323314666748,0.5545885562896729,0.5537115335464478,0.560588002204895,0.516503095626831,0.7500254511833191,0.5623829364776611,0.5716751217842102,0.56077641248703,0.5530376434326172,0.5307090282440186,0.5576162934303284,0.55389404296875,0.567696213722229,0.6113026142120361
3,0.5,0.6245286464691162,0.7496012449264526,0.7503329515457153,0.8771671652793884,0.6760246157646179,0.5624005794525146,0.5606237053871155,0.5560901165008545,0.5545753836631775,0.5608231425285339,0.5206828713417053,0.7468658089637756,0.5623605251312256,0.5735740661621094,0.5607250928878784,0.5521959066390991,0.530974268913269,0.5577998757362366,0.5554381608963013,0.5683727264404297,0.61224764585495,0.6252892017364502,0.7501981854438782,0.750478208065033,0.8660569190979004,0.6940950155258179,0.5624077916145325,0.560062825679779,0.555484414100647,0.5564233064651489,0.5624826550483704,0.516376793384552,0.749984622001648,0.5623557567596436,0.569175660610199,0.5628805160522461,0.5518041849136353,0.5301013588905334,0.5579602718353271,0.5520594716072083,0.5670657157897949,0.610161542892456
4,0.5,0.624042809009552,0.7497060298919678,0.7504902482032776,0.8688327670097351,0.7035133838653564,0.5624002814292908,0.5606713891029358,0.5581414103507996,0.5571373701095581,0.5624063611030579,0.5256720185279846,0.7434245944023132,0.5623316764831543,0.5718788504600525,0.5635663866996765,0.5510616898536682,0.5304506421089172,0.5581302046775818,0.5544949173927307,0.5680672526359558,0.6120452284812927,0.6253204941749573,0.7501978874206543,0.750571608543396,0.8634508848190308,0.7005147337913513,0.5624082684516907,0.5606759786605835,0.5567705631256104,0.5557249188423157,0.5619164705276489,0.516285240650177,0.7500137090682983,0.5623558759689331,0.568013072013855,0.560893714427948,0.5526700019836426,0.5299413800239563,0.5578340888023376,0.5526950359344482,0.5663978457450867,0.6108701825141907
5,0.5,0.6251755356788635,0.7500994205474854,0.7497145533561707,0.8674161434173584,0.7168653011322021,0.5623981356620789,0.5612326860427856,0.5584530234336853,0.5550425052642822,0.5599939227104187,0.541395366191864,0.7347314953804016,0.5623095035552979,0.5727633237838745,0.5600350499153137,0.5549737811088562,0.5309101939201355,0.5570904612541199,0.5543230772018433,0.5685539841651917,0.6116658449172974,0.6255081295967102,0.7503736019134521,0.7505396604537964,0.860744833946228,0.7160921096801758,0.5624034404754639,0.5614899396896362,0.5563383102416992,0.554069995880127,0.5590320825576782,0.5564159154891968,0.7268422842025757,0.5623787641525269,0.570374071598053,0.5600801110267639,0.5557464957237244,0.5304154753684998,0.5569915771484375,0.5513251423835754,0.5680446624755859,0.6100605726242065
6,0.5,0.6254863142967224,0.7503985166549683,0.750129222869873,0.8627292513847351,0.7436339855194092,0.5623941421508789,0.5612844824790955,0.5585222840309143,0.556127667427063,0.5602482557296753,0.5646530389785767,0.7206295728683472,0.5623343586921692,0.5719311237335205,0.5616468191146851,0.5519194602966309,0.5307821035385132,0.5565209984779358,0.5557605028152466,0.5697014927864075,0.6140612363815308,0.6256941556930542,0.7504755854606628,0.7506787776947021,0.8553651571273804,0.7519115805625916,0.5623958110809326,0.5612367391586304,0.5581071376800537,0.556250810623169,0.5609011650085449,0.5688850283622742,0.71956467628479,0.5623777508735657,0.5672114491462708,0.5622983574867249,0.5539945960044861,0.5298919081687927,0.5566545128822327,0.5532795786857605,0.567802906036377,0.6115396618843079
7,0.5,0.6257376074790955,0.7502316236495972,0.7501070499420166,0.8656015396118164,0.7580380439758301,0.5623951554298401,0.5614237189292908,0.5593473315238953,0.5551374554634094,0.5606600046157837,0.5710208415985107,0.7166963815689087,0.5622833371162415,0.5685420632362366,0.5604526996612549,0.5552618503570557,0.53049236536026,0.5562198162078857,0.5557457208633423,0.5675574541091919,0.611534833908081,0.6261187195777893,0.750839352607727,0.7507030367851257,0.8533612489700317,0.7926841974258423,0.5623781681060791,0.5624091625213623,0.5584605932235718,0.5553138256072998,0.5590031147003174,0.6085633039474487,0.6963777542114258,0.5623600482940674,0.5669350028038025,0.5615005493164062,0.5529890060424805,0.5301520824432373,0.5534732937812805,0.5541577339172363,0.5691912770271301,0.6112635135650635
8,0.5,0.6261451244354248,0.7508245706558228,0.7497740387916565,0.8595091700553894,0.7898584008216858,0.562534511089325,0.5615673065185547,0.5594848990440369,0.5562514662742615,0.5608571171760559,0.6024108529090881,0.6971556544303894,0.5622860789299011,0.563969075679779,0.5615361332893372,0.5525841116905212,0.5299811959266663,0.5546329021453857,0.5554006695747375,0.5684592127799988,0.6123366355895996,0.6260476112365723,0.750845193862915,0.7507467269897461,0.8480855226516724,0.7809197902679443,0.5623520612716675,0.5621150135993958,0.5559491515159607,0.5542290210723877,0.5582022666931152,0.6253940463066101,0.6863208413124084,0.5624083280563354,0.5603477358818054,0.5623830556869507,0.5518124103546143,0.5299274921417236,0.5529888272285461,0.5522367358207703,0.5689662098884583,0.6139060854911804
9,0.5,0.626896858215332,0.7508707046508789,0.7448813319206238,0.8702228665351868,0.8264045715332031,0.564570963382721,0.5617112517356873,0.5593860149383545,0.561888575553894,0.5600810647010803,0.667705237865448,0.6533006429672241,0.5617884993553162,0.5670971870422363,0.5622299909591675,0.5550199151039124,0.5368503928184509,0.546177089214325,0.5550005435943604,0.5736064910888672,0.5948610901832581,0.629143238067627,0.7531412243843079,0.7492546439170837,0.856337308883667,0.9215449094772339,0.5877671837806702,0.55877286195755,0.5551074743270874,0.5705707669258118,0.5588718056678772,0.7291573286056519,0.6057618856430054,0.5601721405982971,0.5448067784309387,0.5591363310813904,0.5377822518348694,0.5432162284851074,0.5077316761016846,0.5599958300590515,0.5888724327087402,0.5842856764793396
10,0.5,0.6315003037452698,0.7570347189903259,0.7243019938468933,0.9404124617576599,0.9199730157852173,0.584572434425354,0.5093650221824646,0.549360454082489,0.5749064087867737,0.5654918551445007,0.6386128067970276,0.5971452593803406,0.5515667200088501,0.5777583122253418,0.5377511382102966,0.5538501739501953,0.5262607336044312,0.44206151366233826,0.6029676198959351,0.5785929560661316,0.5119129419326782,0.6390332579612732,0.7623965740203857,0.7490166425704956,0.9508442282676697,0.9142469763755798,0.5961315631866455,0.4460937976837158,0.538065493106842,0.5461345911026001,0.588371217250824,0.5326395034790039,0.6105919480323792,0.5478007197380066,0.5405136346817017,0.5058417916297913,0.523979663848877,0.45828425884246826,0.3456698954105377,0.6196835041046143,0.5524758696556091,0.4934820830821991
11,0.5,0.642555832862854,0.764362096786499,0.7492660284042358,0.9529706835746765,0.8286418318748474,0.5570291876792908,0.39983007311820984,0.5447680354118347,0.5111391544342041,0.5589010119438171,0.49236565828323364,0.6005417704582214,0.5419418811798096,0.5816234350204468,0.5326940417289734,0.5519716143608093,0.4487844407558441,0.3369530141353607,0.6138735413551331,0.5501298308372498,0.4625965654850006,0.6460918188095093,0.7681553959846497,0.7608763575553894,0.9677562117576599,0.7175737619400024,0.5553731322288513,0.31790435314178467,0.5484127402305603,0.4857374429702759,0.5585455894470215,0.43456047773361206,0.6131715178489685,0.5374420881271362,0.6144255995750427,0.5262162685394287,0.540372371673584,0.3981245458126068,0.29544535279273987,0.6009588241577148,0.5287083387374878,0.455216646194458
12,0.5,0.6478105783462524,0.7683712840080261,0.7595955729484558,0.9635014533996582,0.6907066106796265,0.5107173323631287,0.3432614207267761,0.5506489276885986,0.4596273899078369,0.5591774582862854,0.44385817646980286,0.617443323135376,0.5369182229042053,0.6092004776000977,0.5339165329933167,0.5575343370437622,0.39608997106552124,0.3058623969554901,0.6093026399612427,0.5419009327888489,0.4397575259208679,0.6495038866996765,0.7702986598014832,0.7658506035804749,0.9731091260910034,0.6263751983642578,0.5452259182929993,0.2852468192577362,0.5528697371482849,0.45917871594429016,0.5611467957496643,0.40861737728118896,0.6394208669662476,0.534757673740387,0.6011474132537842,0.5169720649719238,0.5304035544395447,0.3744625449180603,0.2839715778827667,0.5804708003997803,0.5276117920875549,0.43849220871925354
13,0.5,0.6528557538986206,0.7713802456855774,0.7624899744987488,0.9712663888931274,0.6006118059158325,0.48176735639572144,0.3089214265346527,0.5601937770843506,0.42383432388305664,0.5678139328956604,0.4001327157020569,0.6278674602508545,0.5352342128753662,0.6220245361328125,0.544080913066864,0.5645339488983154,0.3824107050895691,0.29640722274780273,0.6048332452774048,0.5409182906150818,0.43104830384254456,0.6537236571311951,0.7726091146469116,0.7652458548545837,0.9715005159378052,0.539454996585846,0.47164860367774963,0.28289124369621277,0.5681496262550354,0.41005492210388184,0.5603267550468445,0.38693612813949585,0.6443644762039185,0.5334234833717346,0.6280419826507568,0.5318493247032166,0.5560805201530457,0.3719855844974518,0.29225972294807434,0.5999422073364258,0.533768355846405,0.42994293570518494
14,0.5,0.6571282148361206,0.7736313343048096,0.7640260457992554,0.9673725962638855,0.5629536509513855,0.4491928517818451,0.29411229491233826,0.5677659511566162,0.41217273473739624,0.5602267384529114,0.3964877426624298,0.6360761523246765,0.5358027219772339,0.6375615000724792,0.5501270890235901,0.5776097178459167,0.38222625851631165,0.29954850673675537,0.604854941368103,0.5412470102310181,0.43759584426879883,0.6582439541816711,0.7750276327133179,0.7680912613868713,0.9724344611167908,0.5189071297645569,0.4624355733394623,0.2637871503829956,0.5686606764793396,0.3944157361984253,0.573799729347229,0.3806179463863373,0.6542974710464478,0.5343490839004517,0.6172976493835449,0.5534785389900208,0.5673122406005859,0.3755522072315216,0.29968369007110596,0.590345561504364,0.5296050906181335,0.4517117142677307
15,0.5,0.6625688672065735,0.7788041234016418,0.764568030834198,0.9787328243255615,0.5278244018554688,0.4352325201034546,0.283165842294693,0.576171875,0.3997887969017029,0.5686958432197571,0.3787427842617035,0.646335780620575,0.5365694761276245,0.6401097178459167,0.5588565468788147,0.5859301090240479,0.39652204513549805,0.30115702748298645,0.6115455627441406,0.5416533350944519,0.4602614939212799,0.660814642906189,0.7766958475112915,0.7657058238983154,0.9829463362693787,0.551642894744873,0.4390617907047272,0.2660292983055115,0.5772415995597839,0.41456255316734314,0.5498302578926086,0.39998820424079895,0.6615145206451416,0.534213125705719,0.6147107481956482,0.5593215227127075,0.5814090967178345,0.42009735107421875,0.2930208742618561,0.5880032181739807,0.5262863636016846,0.4899158775806427
16,0.5,0.6693390607833862,0.7822426557540894,0.7678348422050476,0.9712190628051758,0.5355294346809387,0.42928290367126465,0.2811852991580963,0.5793792009353638,0.40473946928977966,0.5672374963760376,0.38509607315063477,0.6523818373680115,0.5401201248168945,0.6342208981513977,0.5708074569702148,0.5922638773918152,0.4328088164329529,0.30463922023773193,0.6114766001701355,0.543020486831665,0.505387008190155,0.6701110601425171,0.7825444340705872,0.772195041179657,0.9768367409706116,0.5213752388954163,0.41309866309165955,0.2564133405685425,0.5855950713157654,0.4028940796852112,0.5794973969459534,0.37929144501686096,0.6639520525932312,0.5397239327430725,0.6354793906211853,0.5670406222343445,0.5937097072601318,0.44804704189300537,0.31277498602867126,0.5859978795051575,0.5307334065437317,0.5239891409873962
17,0.5,0.6737751960754395,0.785838782787323,0.7741378545761108,0.973242998123169,0.5248275399208069,0.4157508313655853,0.2693656086921692,0.5843589305877686,0.39603275060653687,0.5714283585548401,0.37976208329200745,0.6559014916419983,0.5417875647544861,0.643873929977417,0.5715317726135254,0.5999565124511719,0.4784153997898102,0.3171958923339844,0.6117352247238159,0.5479691028594971,0.5520128607749939,0.6725798845291138,0.7855995893478394,0.7742151021957397,0.9566963911056519,0.5854660868644714,0.45665833353996277,0.2864495813846588,0.5769907832145691,0.4334121644496918,0.5801714658737183,0.3453684449195862,0.650304913520813,0.5400355458259583,0.6557884812355042,0.5898944139480591,0.607338547706604,0.5013641715049744,0.33646318316459656,0.5903347730636597,0.5377897024154663,0.5700841546058655
18,0.5,0.6796401739120483,0.7900105118751526,0.7746340036392212,0.9728528261184692,0.5291886925697327,0.4184153974056244,0.26547300815582275,0.5876284241676331,0.39887505769729614,0.5785163044929504,0.372708261013031,0.6640160083770752,0.544808030128479,0.6513205766677856,0.5780428051948547,0.6083672046661377,0.49984246492385864,0.3278305232524872,0.6158057451248169,0.5519437789916992,0.5736768245697021,0.6817707419395447,0.7917475700378418,0.7762606739997864,0.9737350940704346,0.5419289469718933,0.42795002460479736,0.26064497232437134,0.5876798629760742,0.3996342122554779,0.5968591570854187,0.3517460823059082,0.6681209206581116,0.5454506278038025,0.6603294610977173,0.5823267102241516,0.6132116913795471,0.5066813826560974,0.3644349277019501,0.5972204208374023,0.5388173460960388,0.5776508450508118
19,0.5,0.687982976436615,0.7951148152351379,0.7767017483711243,0.9739899039268494,0.5265008807182312,0.41060706973075867,0.2588275074958801,0.59061199426651,0.40307798981666565,0.5779591202735901,0.3727968633174896,0.6691227555274963,0.5505947470664978,0.6529009938240051,0.5803041458129883,0.6137334704399109,0.5084125399589539,0.34160467982292175,0.6173036694526672,0.5528874397277832,0.5832560062408447,0.6871944069862366,0.7944496273994446,0.7783411741256714,0.9762044548988342,0.5295156836509705,0.40848177671432495,0.244526669383049,0.602387547492981,0.40057700872421265,0.58961021900177,0.3760024309158325,0.6847935318946838,0.5498687624931335,0.6467766761779785,0.5855796337127686,0.615793764591217,0.5112935304641724,0.36308377981185913,0.589060366153717,0.5337837338447571,0.5788441896438599
20,0.5,0.6965132355690002,0.8004626631736755,0.7810745239257812,0.9743862748146057,0.5172744989395142,0.4072118401527405,0.25195589661598206,0.5966960191726685,0.40032461285591125,0.5773478746414185,0.3686703145503998,0.6778751611709595,0.5557551980018616,0.650013267993927,0.5862866044044495,0.6210076808929443,0.5098873972892761,0.3466527462005615,0.6199095249176025,0.5554355978965759,0.5860415697097778,0.6962319016456604,0.8001898527145386,0.7826536297798157,0.9912062883377075,0.5069133639335632,0.40370234847068787,0.2305966168642044,0.6063916087150574,0.41326239705085754,0.600928783416748,0.35824450850486755,0.6916343569755554,0.5563006401062012,0.6359776854515076,0.5906070470809937,0.6179702281951904,0.5102038383483887,0.3550981283187866,0.5861719846725464,0.5381166934967041,0.5801756381988525
21,0.5,0.7045276165008545,0.8052725195884705,0.7841253280639648,0.9839104413986206,0.5163406729698181,0.4028400182723999,0.2527161240577698,0.596727192401886,0.40482306480407715,0.5820997357368469,0.3647156059741974,0.6853920817375183,0.5617974400520325,0.6522547006607056,0.5874034762382507,0.6245666146278381,0.5106069445610046,0.35274940729141235,0.6260234117507935,0.5585346817970276,0.5897461771965027,0.7053958177566528,0.8054981231689453,0.7851493954658508,0.9956186413764954,0.49911192059516907,0.396602064371109,0.24272537231445312,0.6060508489608765,0.4126443862915039,0.5937623381614685,0.35469919443130493,0.6910699009895325,0.5632869601249695,0.6347573399543762,0.5900726914405823,0.6193354725837708,0.5124207735061646,0.3668827414512634,0.6061213612556458,0.5485566854476929,0.5870899558067322
22,0.5,0.7127829790115356,0.8100071549415588,0.7878046035766602,0.9865455031394958,0.5105926990509033,0.3989652395248413,0.2522376775741577,0.6040148735046387,0.40821075439453125,0.580390989780426,0.36163848638534546,0.68732088804245,0.5676531791687012,0.6573413014411926,0.5923498272895813,0.6302253007888794,0.513139545917511,0.3561643660068512,0.6245349049568176,0.5613172650337219,0.5943623185157776,0.7106224894523621,0.8094392418861389,0.7878801226615906,0.9832462072372437,0.5036009550094604,0.3898802399635315,0.24608618021011353,0.6052058935165405,0.41990041732788086,0.595312237739563,0.3537231981754303,0.691936731338501,0.5660551190376282,0.6473628878593445,0.6026309728622437,0.6265494227409363,0.5115228891372681,0.3688100278377533,0.6001723408699036,0.553256630897522,0.5881584286689758
23,0.5,0.7193331718444824,0.8149511218070984,0.7885708808898926,0.9783028364181519,0.4999295473098755,0.3913559317588806,0.252794474363327,0.6052443385124207,0.4035186767578125,0.5855804085731506,0.36417531967163086,0.6958157420158386,0.5721403360366821,0.6585202217102051,0.596479594707489,0.6342273950576782,0.5136529207229614,0.3536844551563263,0.6272847056388855,0.5688885450363159,0.5960584878921509,0.7199801802635193,0.8155284523963928,0.7898695468902588,0.9850379824638367,0.5192428827285767,0.4092278480529785,0.24912618100643158,0.6022465229034424,0.4152391254901886,0.6048051714897156,0.34669947624206543,0.6960213780403137,0.5742374658584595,0.6561727523803711,0.6050867438316345,0.6351075768470764,0.5105271339416504,0.3734736144542694,0.6056411266326904,0.5583164691925049,0.5921143889427185
24,0.5,0.7274020314216614,0.8189957141876221,0.792302668094635,0.9824907779693604,0.5053002834320068,0.39778855443000793,0.24684961140155792,0.6074861288070679,0.4096495807170868,0.5880423188209534,0.3687274158000946,0.7035149335861206,0.579114556312561,0.6576786041259766,0.5977424383163452,0.6375618577003479,0.5134311318397522,0.3668321371078491,0.6297311782836914,0.5797417759895325,0.5992804169654846,0.7304335832595825,0.8201974034309387,0.7927542328834534,0.9895893335342407,0.491968035697937,0.3990994691848755,0.22888940572738647,0.625202476978302,0.41427937150001526,0.6008921265602112,0.35662877559661865,0.7117836475372314,0.5834589600563049,0.6423311233520508,0.6014615297317505,0.6350996494293213,0.5100763440132141,0.3697662949562073,0.612374484539032,0.592165470123291,0.5909006595611572
25,0.5,0.7408453822135925,0.8273690938949585,0.7984682321548462,0.9859992265701294,0.4930455982685089,0.3945635259151459,0.2414042055606842,0.6104236245155334,0.40978822112083435,0.5898309946060181,0.36066314578056335,0.7103434801101685,0.5898147225379944,0.6617287993431091,0.6010947823524475,0.6457424759864807,0.5128055214881897,0.36289775371551514,0.6378258466720581,0.5963724851608276,0.5998652577400208,0.7376581430435181,0.8244428634643555,0.7985172867774963,0.9896137714385986,0.48451828956604004,0.38466396927833557,0.23092523217201233,0.6244753003120422,0.4188179075717926,0.5984605550765991,0.3536161184310913,0.7159543633460999,0.589980959892273,0.6567198634147644,0.6001338362693787,0.6445823907852173,0.5104863047599792,0.37601256370544434,0.6349236369132996,0.6026322245597839,0.5945419669151306
26,0.5,0.7488093376159668,0.8318070769309998,0.8034185171127319,0.9867419600486755,0.4924669563770294,0.39156708121299744,0.2393578439950943,0.6151158213615417,0.409875750541687,0.5955630540847778,0.35780730843544006,0.7161005139350891,0.5973081588745117,0.6596466898918152,0.6035075783729553,0.6492403149604797,0.5122284293174744,0.37032899260520935,0.6407437920570374,0.6059967875480652,0.6039392352104187,0.7396547794342041,0.8269684314727783,0.798311173915863,0.9917516708374023,0.5026536583900452,0.39750635623931885,0.239852637052536,0.6104902625083923,0.4119371473789215,0.6152186989784241,0.3644767105579376,0.7153744697570801,0.5902003645896912,0.6582341194152832,0.6163267493247986,0.6533316969871521,0.5086315870285034,0.3830362856388092,0.6406027674674988,0.6137964725494385,0.5985987782478333
27,0.5,0.7532618641853333,0.8345897793769836,0.8039165139198303,0.9904139041900635,0.49769335985183716,0.39545661211013794,0.24773001670837402,0.611777663230896,0.4166041314601898,0.5981046557426453,0.3575688302516937,0.7155757546424866,0.5997446179389954,0.6610321402549744,0.6105930209159851,0.6544308662414551,0.511538565158844,0.3696506917476654,0.654491126537323,0.6192024350166321,0.6066234707832336,0.752149760723114,0.8333564400672913,0.8049725890159607,0.9942295551300049,0.4859229326248169,0.3917107582092285,0.2276323288679123,0.625852108001709,0.42658326029777527,0.6071715354919434,0.35790184140205383,0.7216051816940308,0.5997095108032227,0.6530334949493408,0.6044948697090149,0.6501374840736389,0.509781002998352,0.3751480281352997,0.654384195804596,0.6385709047317505,0.6025612354278564
28,0.5,0.7643722891807556,0.8404152989387512,0.8099189400672913,0.9913503527641296,0.4810103178024292,0.385916531085968,0.23801074922084808,0.618808925151825,0.41296273469924927,0.6010103821754456,0.3608248233795166,0.7233704924583435,0.6096479296684265,0.6620404720306396,0.6100541353225708,0.6570981740951538,0.5116780996322632,0.3692408502101898,0.6657202839851379,0.6432180404663086,0.6093504428863525,0.763198733329773,0.840101420879364,0.8105014562606812,0.9973207712173462,0.48866331577301025,0.3876798450946808,0.23693206906318665,0.6166836619377136,0.41883453726768494,0.6016987562179565,0.3435778021812439,0.7303146719932556,0.6120110750198364,0.6580575704574585,0.6205135583877563,0.6585990786552429,0.5076358914375305,0.3818069398403168,0.6587030291557312,0.6655722856521606,0.6021991968154907
29,0.5,0.7707710862159729,0.8440085649490356,0.8140696883201599,0.9899089932441711,0.48938414454460144,0.3950195014476776,0.2363196611404419,0.6186180710792542,0.41775795817375183,0.5999842882156372,0.3561862111091614,0.7281119227409363,0.6157748699188232,0.6636831760406494,0.615084707736969,0.6636832356452942,0.5109108686447144,0.37351247668266296,0.6730623245239258,0.653980016708374,0.6125380992889404,0.7677434086799622,0.8427953124046326,0.8115752935409546,0.9943771958351135,0.4887504279613495,0.39737072587013245,0.22873854637145996,0.6154993176460266,0.4253654181957245,0.5974768996238708,0.3624652922153473,0.724207878112793,0.6127662062644958,0.6629736423492432,0.608633279800415,0.6640992164611816,0.5092186331748962,0.38225725293159485,0.6784924864768982,0.6656998991966248,0.6105884909629822
30,0.5,0.7807998657226562,0.8497132062911987,0.8177122473716736,0.9938488602638245,0.47642719745635986,0.38307103514671326,0.23484958708286285,0.621484100818634,0.4184371531009674,0.6028771996498108,0.3594891428947449,0.7345587611198425,0.6236410140991211,0.6652208566665649,0.6179997324943542,0.667273759841919,0.5115875601768494,0.37413305044174194,0.6803178787231445,0.6629503965377808,0.6168859004974365,0.7739378809928894,0.8453341722488403,0.813976526260376,0.9967403411865234,0.4902976155281067,0.39124810695648193,0.2320743054151535,0.6263083815574646,0.4218256175518036,0.6065402030944824,0.3570760488510132,0.7334900498390198,0.6174946427345276,0.6666264533996582,0.622236430644989,0.6690621376037598,0.5082414150238037,0.38562634587287903,0.6749022603034973,0.6743295788764954,0.6066473722457886
31,0.5,0.7883111834526062,0.8544238209724426,0.821999728679657,0.9958522915840149,0.4804595112800598,0.3875115215778351,0.23427274823188782,0.618972659111023,0.42387616634368896,0.603223443031311,0.35193517804145813,0.7388800978660583,0.6295183300971985,0.6670302748680115,0.6186717748641968,0.6721115112304688,0.5121615529060364,0.3735468089580536,0.6821898818016052,0.6680340766906738,0.6192175149917603,0.788063645362854,0.8547479510307312,0.821952223777771,0.9982739686965942,0.48293906450271606,0.3946375250816345,0.22207921743392944,0.6295704245567322,0.4313812553882599,0.6119590997695923,0.35613104701042175,0.7400901913642883,0.6322446465492249,0.6601731777191162,0.6204447746276855,0.6736071109771729,0.5077680349349976,0.3786797821521759,0.6732099056243896,0.6820279955863953,0.6146177649497986
32,0.5,0.7990347146987915,0.860393762588501,0.8258061408996582,0.9936371445655823,0.476470023393631,0.38834506273269653,0.23128469288349152,0.622002899646759,0.42439261078834534,0.6054068207740784,0.36158883571624756,0.740214467048645,0.6381985545158386,0.6643772721290588,0.623643696308136,0.6749793887138367,0.5129331350326538,0.37446898221969604,0.6861525177955627,0.6707069873809814,0.6264406442642212,0.7912538647651672,0.854308009147644,0.8223817348480225,0.9978594183921814,0.45465537905693054,0.36688658595085144,0.2278037816286087,0.6340938806533813,0.4310590922832489,0.6076142191886902,0.3579149842262268,0.7393508553504944,0.6346356272697449,0.6541045308113098,0.6285876035690308,0.668540894985199,0.5100790858268738,0.3766482472419739,0.6827648282051086,0.6788570880889893,0.6189144253730774
33,0.5,0.8005430102348328,0.8603742718696594,0.8274715542793274,0.9949513077735901,0.47074875235557556,0.3763258457183838,0.2357691526412964,0.6244302988052368,0.4288712739944458,0.6071537733078003,0.35782530903816223,0.7444896101951599,0.6395924091339111,0.665164589881897,0.6242691874504089,0.6789923906326294,0.513392448425293,0.37662872672080994,0.6887898445129395,0.6731030344963074,0.6247726082801819,0.7965832352638245,0.8582457304000854,0.8260254263877869,0.9945210814476013,0.46280503273010254,0.38355910778045654,0.23546361923217773,0.6258585453033447,0.42946723103523254,0.6190221309661865,0.35455864667892456,0.7413924336433411,0.6437070369720459,0.6524861454963684,0.632922351360321,0.6740713715553284,0.5078931450843811,0.37658268213272095,0.682081937789917,0.6848085522651672,0.6194007992744446
34,0.5,0.8077419400215149,0.8643298745155334,0.8318272829055786,0.9949160814285278,0.472829133272171,0.3837050497531891,0.23821593821048737,0.6240065693855286,0.4310643672943115,0.6117298603057861,0.35862264037132263,0.745866060256958,0.6465213298797607,0.6667670607566833,0.6262285709381104,0.6814167499542236,0.5122321248054504,0.3755618929862976,0.6918920278549194,0.677912712097168,0.6295158267021179,0.8079934120178223,0.8641024231910706,0.8328670263290405,0.9964214563369751,0.47554516792297363,0.3876339793205261,0.23307713866233826,0.6187931299209595,0.4438226521015167,0.6150268912315369,0.34872767329216003,0.7437031865119934,0.6495850086212158,0.6612848043441772,0.6335464119911194,0.6809211373329163,0.5091854333877563,0.3807438611984253,0.6815302968025208,0.6885895729064941,0.622355580329895
35,0.5,0.8138965964317322,0.867821455001831,0.835533618927002,0.9966711401939392,0.46532025933265686,0.37943214178085327,0.23711220920085907,0.6285498738288879,0.43131983280181885,0.6113848090171814,0.3509967029094696,0.7477387189865112,0.6519653797149658,0.6674265265464783,0.6307148933410645,0.6842020750045776,0.5137211084365845,0.38248544931411743,0.6924758553504944,0.6762418150901794,0.631565272808075,0.8152075409889221,0.8680920600891113,0.8361528515815735,0.9986612796783447,0.43889275193214417,0.364624947309494,0.22233860194683075,0.6317241787910461,0.428984671831131,0.6255179643630981,0.35140758752822876,0.7534641623497009,0.6531636118888855,0.6524417996406555,0.6339964270591736,0.68394935131073,0.5090448260307312,0.3785080909729004,0.6783170700073242,0.6872339844703674,0.6244810223579407
36,0.5,0.822400689125061,0.8721069693565369,0.8396928906440735,0.9965928196907043,0.4615069031715393,0.37706175446510315,0.23348969221115112,0.6287314295768738,0.43900689482688904,0.6132741570472717,0.35540419816970825,0.750722348690033,0.6583384871482849,0.6652030348777771,0.6305664777755737,0.687943160533905,0.5140281319618225,0.3838542103767395,0.6974421739578247,0.6799308657646179,0.6361159086227417,0.8250763416290283,0.8729113936424255,0.8417378664016724,0.9979869723320007,0.43249425292015076,0.3641567528247833,0.22385075688362122,0.6401233077049255,0.4311935305595398,0.6284987330436707,0.35264676809310913,0.7583486437797546,0.6649815440177917,0.6630055904388428,0.6409026384353638,0.6940332055091858,0.5079889893531799,0.3820111155509949,0.6797854900360107,0.692581057548523,0.6291543245315552
37,0.5,0.8292940258979797,0.8754537105560303,0.8440439701080322,0.9971481561660767,0.45336028933525085,0.3749251961708069,0.22821012139320374,0.6292681694030762,0.4349525272846222,0.6178569197654724,0.3506160378456116,0.755349338054657,0.663618803024292,0.6692933440208435,0.6338827610015869,0.6929741501808167,0.5160917639732361,0.38370561599731445,0.7012323141098022,0.6825928092002869,0.637638509273529,0.8257967233657837,0.8735670447349548,0.8410369753837585,0.9987850785255432,0.4475186765193939,0.37128016352653503,0.22988365590572357,0.6333286166191101,0.43615299463272095,0.6276064515113831,0.346600741147995,0.7489864826202393,0.6633105278015137,0.6670358180999756,0.6512068510055542,0.694582998752594,0.5131186246871948,0.38611525297164917,0.6943497061729431,0.6921430826187134,0.6327837109565735
38,0.5,0.8325839638710022,0.877022922039032,0.8465176820755005,0.9963453412055969,0.44898322224617004,0.3712778389453888,0.22747524082660675,0.6336010694503784,0.44083234667778015,0.6185310482978821,0.34972530603408813,0.7535257339477539,0.6678772568702698,0.6691631078720093,0.6371157169342041,0.6906718015670776,0.5159309506416321,0.38311606645584106,0.7023916840553284,0.6851111650466919,0.6394771933555603,0.8340379595756531,0.8771447539329529,0.8471765518188477,0.998266339302063,0.42540690302848816,0.362517774105072,0.21960027515888214,0.6412886381149292,0.44184410572052,0.6261961460113525,0.35081395506858826,0.7526862025260925,0.6761541366577148,0.6568988561630249,0.6403142213821411,0.6908901929855347,0.5111303329467773,0.3776525557041168,0.6968163847923279,0.6961489915847778,0.637056827545166
39,0.5,0.8403550982475281,0.8808607459068298,0.8498313426971436,0.9956144094467163,0.45371994376182556,0.3736402988433838,0.22634652256965637,0.6335199475288391,0.44442984461784363,0.6189194321632385,0.3465471863746643,0.7563099265098572,0.6737649440765381,0.6697397828102112,0.638392984867096,0.6969977617263794,0.5169999003410339,0.38277629017829895,0.7073391079902649,0.6855353713035583,0.6446068286895752,0.8424145579338074,0.8825519680976868,0.849232017993927,0.9986801743507385,0.428688108921051,0.36207467317581177,0.22105492651462555,0.6493298411369324,0.43584445118904114,0.6303932666778564,0.35421136021614075,0.7591647505760193,0.6720064878463745,0.6684726476669312,0.64781653881073,0.7030113935470581,0.5138688087463379,0.3849089443683624,0.7069091796875,0.695732057094574,0.6435647010803223
40,0.5,0.8419759273529053,0.8819193840026855,0.8522195816040039,0.9920583963394165,0.4561360478401184,0.377544105052948,0.2279532551765442,0.6362427473068237,0.4491948187351227,0.6181055903434753,0.3520718514919281,0.7539464235305786,0.6748353838920593,0.6732760667800903,0.6394351720809937,0.6991859078407288,0.5179216265678406,0.38754791021347046,0.7103026509284973,0.6873094439506531,0.6491058468818665,0.8383837342262268,0.8794283270835876,0.8504173755645752,0.9964673519134521,0.4312613308429718,0.3630189299583435,0.22217899560928345,0.6507088541984558,0.44544318318367004,0.6310219764709473,0.3492756485939026,0.757641613483429,0.6761224865913391,0.6591337323188782,0.6381630301475525,0.6972236037254333,0.5141994953155518,0.3810575604438782,0.7065073251724243,0.6966786980628967,0.6401346921920776
41,0.5,0.8464248180389404,0.8833219408988953,0.8552724123001099,0.9947565793991089,0.46118560433387756,0.37330111861228943,0.23475557565689087,0.6379269361495972,0.4531741142272949,0.618803083896637,0.349548876285553,0.7564864754676819,0.6795357465744019,0.6719300150871277,0.6424410939216614,0.70343416929245,0.5203875303268433,0.3870866298675537,0.7139933705329895,0.6909404397010803,0.6501719355583191,0.854106605052948,0.8870707750320435,0.8581327199935913,0.9994034767150879,0.4240018129348755,0.36173027753829956,0.21878917515277863,0.6497938632965088,0.4578411877155304,0.6288596391677856,0.34687739610671997,0.7648648619651794,0.6914551854133606,0.6628137230873108,0.6440234780311584,0.701311469078064,0.5157980918884277,0.37946760654449463,0.7084057331085205,0.6981610655784607,0.6484439969062805
42,0.5,0.853861391544342,0.8874198198318481,0.8594328761100769,0.9957879781723022,0.44551435112953186,0.36836478114128113,0.23518791794776917,0.6379467248916626,0.4552481770515442,0.6149559617042542,0.34858381748199463,0.7617009878158569,0.6829171776771545,0.6737685799598694,0.6435733437538147,0.7048913836479187,0.5227910876274109,0.3900615870952606,0.7189510464668274,0.6869323253631592,0.6542049050331116,0.84609055519104,0.8833523988723755,0.85359787940979,0.998961865901947,0.45028355717658997,0.3768841028213501,0.23157605528831482,0.645790696144104,0.44967198371887207,0.617363452911377,0.35256510972976685,0.751371443271637,0.6811158061027527,0.6780813336372375,0.6444218754768372,0.7094190716743469,0.5202125906944275,0.395585298538208,0.7221117615699768,0.6992351412773132,0.6445676684379578
43,0.5,0.8555786609649658,0.8881658911705017,0.8607909083366394,0.9964123964309692,0.4433707892894745,0.3691675662994385,0.2322395145893097,0.6401112079620361,0.4507150948047638,0.6161056160926819,0.3466416299343109,0.757861852645874,0.6865231394767761,0.673717737197876,0.6450561285018921,0.7021316289901733,0.5243594646453857,0.3920617997646332,0.7317026257514954,0.6905496716499329,0.6584799289703369,0.850548505783081,0.8849064111709595,0.8565056920051575,0.9993144869804382,0.4318806529045105,0.35839176177978516,0.21904349327087402,0.6508817672729492,0.45229437947273254,0.6163806319236755,0.35160645842552185,0.7521618604660034,0.6830634474754333,0.6806862354278564,0.6556208729743958,0.7110883593559265,0.5219882726669312,0.3967466950416565,0.7209729552268982,0.6973250508308411,0.6495076417922974
44,0.5,0.859563946723938,0.8900261521339417,0.8625916242599487,0.9954441785812378,0.4490932822227478,0.37257546186447144,0.22741985321044922,0.6446661949157715,0.45964905619621277,0.6165898442268372,0.3558761477470398,0.7568061351776123,0.6885930299758911,0.6745058298110962,0.64577317237854,0.7070313096046448,0.5274053812026978,0.3907676935195923,0.7299026846885681,0.6906574964523315,0.6615889072418213,0.8626040816307068,0.8902828097343445,0.8625931143760681,0.9985835552215576,0.42913559079170227,0.3609084188938141,0.21187998354434967,0.6437046527862549,0.46916237473487854,0.6198035478591919,0.350995808839798,0.7540518045425415,0.6968930959701538,0.6675482988357544,0.6546304225921631,0.7112413048744202,0.5250210165977478,0.38592764735221863,0.7278537750244141,0.7014434337615967,0.6560429930686951
45,0.5,0.8621399402618408,0.8908452987670898,0.8659593462944031,0.9944832921028137,0.44193288683891296,0.3646010458469391,0.2293216437101364,0.6427898406982422,0.4613321125507355,0.6155918836593628,0.35216984152793884,0.7573012709617615,0.69245445728302,0.6763318777084351,0.6511874198913574,0.7108115553855896,0.5278512239456177,0.3876185417175293,0.7361331582069397,0.6942769885063171,0.663365364074707,0.8725921511650085,0.8967506885528564,0.8703370094299316,0.9992213249206543,0.41968852281570435,0.35752585530281067,0.22541780769824982,0.6452056169509888,0.47069355845451355,0.6257858872413635,0.3509471118450165,0.7637854218482971,0.7034006714820862,0.6666584014892578,0.6558836698532104,0.7082124948501587,0.5240849256515503,0.38749659061431885,0.7322961688041687,0.7038339376449585,0.6633824706077576
46,0.5,0.8692106604576111,0.8933782577514648,0.8714134693145752,0.9973106384277344,0.44259002804756165,0.3680487275123596,0.2287532091140747,0.6422497630119324,0.46568384766578674,0.6126081347465515,0.34796610474586487,0.761246383190155,0.6979122757911682,0.6773914694786072,0.6491411924362183,0.7126752138137817,0.5319836139678955,0.3918018043041229,0.751446008682251,0.6926113963127136,0.6682611107826233,0.8646367788314819,0.8890202045440674,0.8671387434005737,0.9991018176078796,0.4422222077846527,0.3669518530368805,0.2190452516078949,0.6601547598838806,0.473396897315979,0.614090085029602,0.35868048667907715,0.7563878893852234,0.6988927721977234,0.6786933541297913,0.6531386971473694,0.7185149788856506,0.5237369537353516,0.39999690651893616,0.7494709491729736,0.7032244801521301,0.6579676270484924
47,0.5,0.8731990456581116,0.8957182168960571,0.872943639755249,0.9953643083572388,0.4484485983848572,0.3710252046585083,0.22797465324401855,0.6442602276802063,0.47227734327316284,0.6118646860122681,0.3542696237564087,0.7613184452056885,0.699225902557373,0.678536057472229,0.6521322131156921,0.7147495746612549,0.5323291420936584,0.39526745676994324,0.7525219917297363,0.6948199272155762,0.6721726059913635,0.8727512955665588,0.8949300646781921,0.8717538118362427,0.9993666410446167,0.41960686445236206,0.3548640012741089,0.22308379411697388,0.6665809154510498,0.47114378213882446,0.6202290058135986,0.35109615325927734,0.7569714784622192,0.7053532004356384,0.6750175356864929,0.6597992777824402,0.7222455739974976,0.5287613868713379,0.39615973830223083,0.7491694688796997,0.7062594890594482,0.666276216506958
48,0.5,0.8763445615768433,0.8970202803611755,0.8755138516426086,0.9961947798728943,0.4465499222278595,0.37004104256629944,0.229296013712883,0.6470864415168762,0.47477802634239197,0.6161295175552368,0.34687408804893494,0.7606430649757385,0.7017467021942139,0.6796203851699829,0.6516239643096924,0.7169703841209412,0.5383803844451904,0.3944198489189148,0.7494251728057861,0.6973026394844055,0.6730899214744568,0.8701544404029846,0.8927015662193298,0.870493471622467,0.9987102150917053,0.44011190533638,0.36134228110313416,0.22646714746952057,0.6631688475608826,0.47569602727890015,0.6182845830917358,0.3602243959903717,0.7526401877403259,0.6981526017189026,0.6817211508750916,0.655406653881073,0.7210458517074585,0.5342720746994019,0.4037254750728607,0.7430158257484436,0.7067755460739136,0.6613583564758301
49,0.5,0.8802752494812012,0.8991202712059021,0.878814697265625,0.9964255690574646,0.44517385959625244,0.36871951818466187,0.22990524768829346,0.6479172706604004,0.4771653413772583,0.621286928653717,0.3520500957965851,0.7616554498672485,0.7015113234519958,0.6818639039993286,0.6511643528938293,0.7190819382667542,0.540573239326477,0.3973003029823303,0.7490108013153076,0.6997947096824646,0.6774040460586548,0.8832781314849854,0.8990373611450195,0.8787848353385925,0.9994995594024658,0.4215203523635864,0.35792702436447144,0.21963690221309662,0.6626756191253662,0.4786171615123749,0.6223597526550293,0.34433695673942566,0.7624602317810059,0.7105746865272522,0.675565242767334,0.6584914922714233,0.7242439389228821,0.5404660701751709,0.40102848410606384,0.7484119534492493,0.7077702879905701,0.6696601510047913
50,0.5,0.883614718914032,0.9001108407974243,0.8825757503509521,0.9955542683601379,0.44369393587112427,0.36691343784332275,0.2265755832195282,0.6491947174072266,0.4786798655986786,0.6225394010543823,0.34540265798568726,0.7649905681610107,0.7079833745956421,0.6833682060241699,0.653640866279602,0.7225157022476196,0.5429700613021851,0.4001959264278412,0.75441974401474,0.6991699934005737,0.6790248155593872,0.8802796602249146,0.8978319764137268,0.8776389956474304,0.9991805553436279,0.430632084608078,0.36069566011428833,0.22996801137924194,0.665517270565033,0.4832996726036072,0.6210514903068542,0.35691970586776733,0.7600363492965698,0.7131566405296326,0.6788434982299805,0.6564185619354248,0.7285881638526917,0.5397257208824158,0.3996247351169586,0.7657573819160461,0.709440290927887,0.6688293218612671
51,0.5,0.8817499279975891,0.8984747529029846,0.8813463449478149,0.9949522018432617,0.4467257261276245,0.36765870451927185,0.23355726897716522,0.6515174508094788,0.4843541085720062,0.6207249760627747,0.3485543727874756,0.7634894251823425,0.7061740756034851,0.6812958121299744,0.657909095287323,0.7230100631713867,0.5466916561126709,0.4006936848163605,0.7672558426856995,0.6990057229995728,0.6792227029800415,0.886668860912323,0.899071455001831,0.8830736875534058,0.9993162155151367,0.4304366707801819,0.36075887084007263,0.22288355231285095,0.6535302400588989,0.4944102466106415,0.6183784008026123,0.355214923620224,0.7605681419372559,0.7211673855781555,0.6787543296813965,0.6619324684143066,0.7257322072982788,0.542997419834137,0.3939017951488495,0.7791687846183777,0.7113183736801147,0.674699604511261
52,0.5,0.8922815322875977,0.9041110277175903,0.8876674771308899,0.9971153736114502,0.4384784996509552,0.3667644262313843,0.2208472490310669,0.6503024697303772,0.4888021945953369,0.6168172359466553,0.3474189341068268,0.7659372091293335,0.7156894207000732,0.6851644515991211,0.655531108379364,0.7261288166046143,0.5527104139328003,0.40211352705955505,0.7686255574226379,0.7010316252708435,0.6860249042510986,0.8944081664085388,0.9058574438095093,0.8856249451637268,0.9995476007461548,0.42584991455078125,0.3679322898387909,0.2164381742477417,0.6508389711380005,0.4889369308948517,0.6245861649513245,0.35411524772644043,0.7612857818603516,0.7204083204269409,0.6832552552223206,0.6654081344604492,0.7316861748695374,0.5517029762268066,0.4059407413005829,0.7732346653938293,0.7119733095169067,0.6806166768074036
53,0.5,0.895837664604187,0.9070888161659241,0.8894633650779724,0.9969024658203125,0.43622535467147827,0.3660299479961395,0.22525954246520996,0.6541483998298645,0.48802343010902405,0.6210485696792603,0.34974434971809387,0.766448974609375,0.7153197526931763,0.6895662546157837,0.6587826609611511,0.7311547994613647,0.5585623979568481,0.4117628335952759,0.7743240594863892,0.7047358751296997,0.6914397478103638,0.8944734930992126,0.9053168892860413,0.8872631788253784,0.9995842576026917,0.43253859877586365,0.36536702513694763,0.2296021729707718,0.6635706424713135,0.49118828773498535,0.6132749915122986,0.3550131916999817,0.7598748803138733,0.7177724838256836,0.6861260533332825,0.67063969373703,0.7347232103347778,0.5577954053878784,0.4140012264251709,0.7924543023109436,0.7137580513954163,0.6817491054534912
54,0.5,0.8990370631217957,0.9086427092552185,0.8921473026275635,0.9980246424674988,0.44326502084732056,0.3678534924983978,0.2202792912721634,0.6541394591331482,0.4959511160850525,0.6177653074264526,0.3479858636856079,0.7664081454277039,0.7173811793327332,0.6867381930351257,0.6600056886672974,0.7296231985092163,0.5632686018943787,0.40996620059013367,0.7744557857513428,0.7039247155189514,0.6933680772781372,0.8984071612358093,0.9073060154914856,0.8884837031364441,0.9997801780700684,0.43158575892448425,0.3581838011741638,0.22070848941802979,0.6604424715042114,0.5017714500427246,0.6197921633720398,0.35034266114234924,0.7589280605316162,0.7285622358322144,0.6798526048660278,0.6789189577102661,0.7371568083763123,0.5608540773391724,0.4047192931175232,0.7777260541915894,0.7126904726028442,0.6827526688575745
55,0.5,0.897017240524292,0.907390296459198,0.8917844295501709,0.9978460669517517,0.4445188343524933,0.36689355969429016,0.22769497334957123,0.6542752385139465,0.49692243337631226,0.6244682669639587,0.34847307205200195,0.7641046643257141,0.7190181016921997,0.686116099357605,0.6594188809394836,0.734650731086731,0.5652592182159424,0.4110356271266937,0.7679001092910767,0.7019122242927551,0.6918528079986572,0.903934895992279,0.911385178565979,0.893813967704773,0.9995041489601135,0.42847561836242676,0.36609742045402527,0.22794657945632935,0.6575319170951843,0.5062633156776428,0.6255060434341431,0.3531612753868103,0.7632911801338196,0.7314385175704956,0.6831788420677185,0.6790348887443542,0.7348834872245789,0.563462495803833,0.4104310870170593,0.7763471007347107,0.7180027961730957,0.6857901215553284
56,0.5,0.9018850922584534,0.9111982583999634,0.8950947523117065,0.997178316116333,0.4451453387737274,0.37400391697883606,0.22405987977981567,0.6569159626960754,0.5015068650245667,0.6241413950920105,0.35178789496421814,0.7643415331840515,0.7218064665794373,0.691184401512146,0.6635621786117554,0.7363036870956421,0.5704975724220276,0.41514527797698975,0.7740471959114075,0.7088661789894104,0.6938344836235046,0.8995110988616943,0.9088380336761475,0.8917943239212036,0.999325692653656,0.4190320670604706,0.35729947686195374,0.20817367732524872,0.6739130616188049,0.4999377727508545,0.6270424723625183,0.36627867817878723,0.7599464058876038,0.7223079800605774,0.6845908761024475,0.6644445657730103,0.7377583980560303,0.5669254064559937,0.41621604561805725,0.7984839677810669,0.7180118560791016,0.6805505752563477
57,0.5,0.9038628339767456,0.9115234017372131,0.8977670073509216,0.9985983967781067,0.44235894083976746,0.3709886074066162,0.2234487682580948,0.6555033922195435,0.4962363541126251,0.6244835257530212,0.3539532721042633,0.7637412548065186,0.7210691571235657,0.6918866038322449,0.6625304818153381,0.7372820973396301,0.5745234489440918,0.42248767614364624,0.7802177667617798,0.7101536393165588,0.6992281675338745,0.9027553796768188,0.9105755686759949,0.8935917019844055,0.999627947807312,0.4252667725086212,0.36379510164260864,0.22591297328472137,0.6632521152496338,0.4933345913887024,0.6288822293281555,0.36113303899765015,0.7563508152961731,0.7211567163467407,0.6926969885826111,0.6611644625663757,0.743886411190033,0.5708436369895935,0.4171502888202667,0.7921816110610962,0.7179694771766663,0.6924952268600464
58,0.5,0.9038787484169006,0.9115232825279236,0.8985016942024231,0.9972958564758301,0.44202208518981934,0.3680594861507416,0.22875864803791046,0.6573168635368347,0.5053812265396118,0.6202222108840942,0.35358723998069763,0.7649231553077698,0.7220847606658936,0.6950291395187378,0.6617980599403381,0.7408779263496399,0.5755111575126648,0.42439505457878113,0.7877917885780334,0.7113263607025146,0.7031415700912476,0.9050268530845642,0.9095689058303833,0.8964399695396423,0.9997344613075256,0.4219653308391571,0.36393505334854126,0.2254008948802948,0.6712111830711365,0.5025753974914551,0.62514328956604,0.35580700635910034,0.7591210007667542,0.7298351526260376,0.694849967956543,0.6758888363838196,0.7484636306762695,0.5735033750534058,0.4192451536655426,0.7948934435844421,0.7203511595726013,0.6968427300453186
59,0.5,0.9081552624702454,0.9140624403953552,0.9023002982139587,0.9977144002914429,0.4427822232246399,0.37196168303489685,0.22192628681659698,0.662824809551239,0.5141891241073608,0.6190156936645508,0.35401636362075806,0.7654419541358948,0.7277381420135498,0.6963213086128235,0.6652740836143494,0.7426952719688416,0.5778511166572571,0.4260994493961334,0.7878565788269043,0.7142778635025024,0.7098778486251831,0.904489278793335,0.9125949740409851,0.8982715010643005,0.9997336268424988,0.42660269141197205,0.3604382872581482,0.2300233542919159,0.674095869064331,0.5096747279167175,0.6217479705810547,0.355686753988266,0.7549989223480225,0.7292065024375916,0.6916028261184692,0.6838786602020264,0.7421594858169556,0.5738940834999084,0.4244406223297119,0.789962887763977,0.7198500633239746,0.7010300159454346
60,0.5,0.9077821373939514,0.9152291417121887,0.9029766917228699,0.997154951095581,0.44095703959465027,0.3694435656070709,0.22535277903079987,0.659083902835846,0.5122784376144409,0.6201281547546387,0.350614458322525,0.763245701789856,0.7286933660507202,0.6931230425834656,0.6636328101158142,0.7390195727348328,0.5806057453155518,0.4271222651004791,0.7798729538917542,0.71277916431427,0.711237907409668,0.8964176177978516,0.9084344506263733,0.893027126789093,0.9992380738258362,0.4587126076221466,0.3769855201244354,0.23628930747509003,0.6774140000343323,0.5231902003288269,0.6251728534698486,0.36040812730789185,0.7464338541030884,0.7313637733459473,0.6904177665710449,0.6783586740493774,0.7430319786071777,0.5747914910316467,0.42351770401000977,0.7905343770980835,0.7232555150985718,0.6878800988197327
61,0.5,0.907472550868988,0.9134370684623718,0.9025306701660156,0.9971226453781128,0.4425226151943207,0.3716074228286743,0.22480662167072296,0.6594355702400208,0.5156379342079163,0.6234958171844482,0.3541340231895447,0.7618650794029236,0.729354202747345,0.6979009509086609,0.6698009967803955,0.7447680830955505,0.5818196535110474,0.43434813618659973,0.7771862149238586,0.7133225202560425,0.7111735343933105,0.9098758697509766,0.9160347580909729,0.9029123187065125,0.9993845224380493,0.4175141155719757,0.36232897639274597,0.22393375635147095,0.6794419288635254,0.5194326043128967,0.632157564163208,0.35932236909866333,0.7584444284439087,0.7370321154594421,0.6939738392829895,0.6749959588050842,0.7470279932022095,0.5781786441802979,0.42788705229759216,0.7879565358161926,0.7228184342384338,0.7036715149879456
62,0.5,0.9129075407981873,0.9193849563598633,0.9082459211349487,0.9970817565917969,0.4451746940612793,0.37513789534568787,0.2223186045885086,0.6661494374275208,0.52601158618927,0.6270990371704102,0.3562219440937042,0.7629023790359497,0.7319401502609253,0.695781409740448,0.6690577864646912,0.7406270503997803,0.5854845643043518,0.4471387565135956,0.7880035042762756,0.7185987830162048,0.7179195880889893,0.9093566536903381,0.9179739952087402,0.9013932347297668,0.9987848997116089,0.4442584216594696,0.3772607743740082,0.2264411300420761,0.6710488796234131,0.5289193987846375,0.6282718181610107,0.36292529106140137,0.7481682300567627,0.7364019751548767,0.6904696226119995,0.6717085242271423,0.7437145709991455,0.5827287435531616,0.44316360354423523,0.7950653433799744,0.7268908023834229,0.707805335521698
63,0.5,0.9129229784011841,0.9196950197219849,0.9077110886573792,0.9966349601745605,0.4382123649120331,0.37271273136138916,0.22796109318733215,0.6645535826683044,0.5235021710395813,0.6264525651931763,0.3549991846084595,0.7614465355873108,0.7307319641113281,0.6943662166595459,0.6682882308959961,0.7454425692558289,0.5862640142440796,0.45563316345214844,0.7846769094467163,0.7214539051055908,0.7218783497810364,0.9146734476089478,0.9204155802726746,0.9067649245262146,0.9988222122192383,0.4367503821849823,0.38760679960250854,0.2249586582183838,0.6746470928192139,0.5282996296882629,0.6275365948677063,0.36512815952301025,0.7507062554359436,0.7374656200408936,0.6980370879173279,0.6776857972145081,0.7523044347763062,0.5844641923904419,0.4673342704772949,0.803023099899292,0.7305992245674133,0.7152942419052124
64,0.5,0.9145402312278748,0.9171135425567627,0.9104254841804504,0.9970734119415283,0.4357934892177582,0.37570616602897644,0.22072277963161469,0.6669843792915344,0.524829089641571,0.6229732036590576,0.3579781651496887,0.7596799731254578,0.7337469458580017,0.7093590497970581,0.6728894710540771,0.7552812695503235,0.5910441875457764,0.4844203591346741,0.7887054085731506,0.7214354872703552,0.7271167635917664,0.9196953773498535,0.924116849899292,0.910760760307312,0.9994505643844604,0.41017693281173706,0.37040168046951294,0.21229666471481323,0.6783524751663208,0.5348069667816162,0.632395327091217,0.3612203299999237,0.754766047000885,0.747453510761261,0.694730818271637,0.6862039566040039,0.7528501749038696,0.5868760943412781,0.4800103008747101,0.8062290549278259,0.731793999671936,0.7192344069480896
65,0.5,0.9162887334823608,0.9231392741203308,0.9103678464889526,0.9979443550109863,0.4337514042854309,0.377754807472229,0.23226648569107056,0.6683623790740967,0.5264587998390198,0.627131998538971,0.3575132191181183,0.7581219673156738,0.7342630624771118,0.7008821368217468,0.6759757399559021,0.7483463883399963,0.5930041074752808,0.5071561932563782,0.791735053062439,0.7230109572410583,0.7304090261459351,0.91990065574646,0.924912691116333,0.9108242392539978,0.9987553358078003,0.4027462601661682,0.37178170680999756,0.214371919631958,0.695030152797699,0.5287312269210815,0.6434415578842163,0.3681311309337616,0.7527464032173157,0.7451863884925842,0.6880587339401245,0.6811273694038391,0.7462978959083557,0.5881729125976562,0.4981025457382202,0.8059802651405334,0.7315921187400818,0.725875735282898
66,0.5,0.9194858074188232,0.9248636364936829,0.9126757383346558,0.9970675706863403,0.43005985021591187,0.3761141300201416,0.23083500564098358,0.6717659831047058,0.5292490124702454,0.6304404735565186,0.35842254757881165,0.7597151398658752,0.7386178374290466,0.7051346898078918,0.6770484447479248,0.7499609589576721,0.5951476693153381,0.5196605324745178,0.7952946424484253,0.7261478304862976,0.7354770302772522,0.9183885455131531,0.916720986366272,0.9122130870819092,0.9996550679206848,0.40840932726860046,0.36329689621925354,0.2160477638244629,0.6858319640159607,0.534875750541687,0.6233129501342773,0.35934877395629883,0.7534145712852478,0.7484223246574402,0.712685763835907,0.6841018199920654,0.7705191969871521,0.595876932144165,0.5076389908790588,0.8041340708732605,0.7344329357147217,0.7208245396614075
67,0.5,0.919882595539093,0.9227311015129089,0.9119200110435486,0.9975745677947998,0.44112616777420044,0.3817833960056305,0.24568432569503784,0.6679150462150574,0.5318285226821899,0.6252448558807373,0.35887688398361206,0.7628176808357239,0.735909104347229,0.7116530537605286,0.6783418655395508,0.7597734928131104,0.6016102433204651,0.5421980023384094,0.7871471047401428,0.7238946557044983,0.7338606119155884,0.9094923138618469,0.9053438901901245,0.9031544327735901,0.9990081787109375,0.42683735489845276,0.38396498560905457,0.2596515119075775,0.6786513328552246,0.5275562405586243,0.6041454076766968,0.36583060026168823,0.7493841648101807,0.7442036271095276,0.7313276529312134,0.6994816064834595,0.7919445633888245,0.6003585457801819,0.5635067224502563,0.8127627372741699,0.7333773374557495,0.7161159515380859
68,0.5,0.9210586547851562,0.9249574542045593,0.9142983555793762,0.9981566667556763,0.43377596139907837,0.38516974449157715,0.25212666392326355,0.6711258888244629,0.5393168926239014,0.625462532043457,0.3605523705482483,0.7631175518035889,0.7415617108345032,0.702239990234375,0.6847637295722961,0.752655029296875,0.598747193813324,0.560675323009491,0.7994109392166138,0.7263777852058411,0.7405412793159485,0.9161267280578613,0.9182401895523071,0.9085505604743958,0.9985411763191223,0.41774389147758484,0.3844902217388153,0.2475203424692154,0.6880390048027039,0.5512027740478516,0.6373642086982727,0.37257662415504456,0.7578108310699463,0.7494850754737854,0.7151373028755188,0.6930992603302002,0.7750088572502136,0.5897071957588196,0.5777155756950378,0.8093146681785583,0.7355223298072815,0.7286390662193298
69,0.5,0.91936856508255,0.9244000315666199,0.91547030210495,0.9955700039863586,0.4349389970302582,0.37981221079826355,0.2695382833480835,0.6716459393501282,0.5433030128479004,0.6286314129829407,0.3630216121673584,0.766002893447876,0.7405680418014526,0.7091203927993774,0.6836305856704712,0.7566325664520264,0.6008121967315674,0.5718635320663452,0.7973782420158386,0.7308877110481262,0.7432802319526672,0.9193333983421326,0.9142916202545166,0.9150108098983765,0.9995513558387756,0.4063810408115387,0.3765726089477539,0.26944124698638916,0.6864646077156067,0.5424919724464417,0.6179859638214111,0.3677745461463928,0.7616252303123474,0.7496824264526367,0.7398687601089478,0.6913104057312012,0.7988696694374084,0.5953286290168762,0.5837216973304749,0.8162866234779358,0.73652583360672,0.7357083559036255
70,0.5,0.9206582903862,0.9240402579307556,0.9182169437408447,0.9961218237876892,0.42641595005989075,0.3813125491142273,0.27390357851982117,0.6747289896011353,0.5454413294792175,0.6244269609451294,0.35745397210121155,0.7615923881530762,0.7431039810180664,0.7188317179679871,0.6856728196144104,0.7684271931648254,0.6013127565383911,0.5758662819862366,0.8055424690246582,0.7286302447319031,0.7506902813911438,0.9164088368415833,0.9118713736534119,0.9112314581871033,0.9990155696868896,0.40432190895080566,0.3783964216709137,0.28018835186958313,0.6951552629470825,0.5458744168281555,0.6235011219978333,0.36942258477211,0.7543802261352539,0.7515800595283508,0.7453912496566772,0.7086899280548096,0.8030149340629578,0.6000584363937378,0.5956951379776001,0.8196449875831604,0.7379463911056519,0.7412331104278564
71,0.5,0.9182841777801514,0.9230391979217529,0.9181421995162964,0.9968153238296509,0.4280637502670288,0.38788333535194397,0.28338518738746643,0.6740912795066833,0.5440144538879395,0.6258093118667603,0.36454322934150696,0.7629140615463257,0.7445849180221558,0.715542733669281,0.6843836307525635,0.762376606464386,0.602384090423584,0.5805384516716003,0.8041673302650452,0.7301746010780334,0.7454155683517456,0.9185499548912048,0.917092502117157,0.918494701385498,0.9982112050056458,0.4094938635826111,0.38821107149124146,0.27659502625465393,0.6799987554550171,0.5684716105461121,0.6222326159477234,0.36936327815055847,0.7545813322067261,0.7611603736877441,0.73146653175354,0.7009387016296387,0.7889627814292908,0.6019307971000671,0.5983206033706665,0.8225005865097046,0.7400603294372559,0.7364351153373718
72,0.5,0.9208884835243225,0.9273050427436829,0.9223792552947998,0.9951761960983276,0.42925864458084106,0.38786089420318604,0.2840052545070648,0.6720409989356995,0.5516899824142456,0.6253605484962463,0.362895667552948,0.764546275138855,0.7480394244194031,0.7154141664505005,0.6907278299331665,0.7621983289718628,0.6049615144729614,0.5896120071411133,0.8081597089767456,0.7376460433006287,0.750877857208252,0.9236320853233337,0.927167534828186,0.9234885573387146,0.999257504940033,0.39954477548599243,0.38544315099716187,0.2744625508785248,0.6899513006210327,0.5629317760467529,0.6311474442481995,0.36893242597579956,0.7638052701950073,0.7559282779693604,0.7204931974411011,0.7103288173675537,0.781488299369812,0.5993473529815674,0.6066550016403198,0.8297634124755859,0.7441626191139221,0.7430810928344727
73,0.5,0.9228069186210632,0.9291571974754333,0.9210694432258606,0.9966515898704529,0.4226461350917816,0.3880244195461273,0.28185051679611206,0.6764367818832397,0.5584955215454102,0.628623366355896,0.36722686886787415,0.7636201977729797,0.7515895366668701,0.7169914841651917,0.6918222308158875,0.7646452188491821,0.6069517731666565,0.5948278307914734,0.8135333061218262,0.7354478240013123,0.7508819103240967,0.9216247797012329,0.9188767671585083,0.9179844260215759,0.9986253380775452,0.3938596248626709,0.3855445086956024,0.28001224994659424,0.6884856820106506,0.5517988801002502,0.6247387528419495,0.3740599751472473,0.761872410774231,0.7611714601516724,0.7528334856033325,0.7171072959899902,0.8103095889091492,0.6067268252372742,0.6136195659637451,0.8307020664215088,0.7449730038642883,0.7393540740013123
74,0.5,0.9254437685012817,0.9319307804107666,0.9252640604972839,0.9962719678878784,0.42109760642051697,0.3931881785392761,0.28941279649734497,0.6728216409683228,0.550550639629364,0.6316168308258057,0.36833322048187256,0.7661702632904053,0.7498290538787842,0.721928596496582,0.6950055360794067,0.7702369093894958,0.6101979613304138,0.6017878651618958,0.8127429485321045,0.7366283535957336,0.7560901045799255,0.9241312146186829,0.9198703169822693,0.9270529747009277,0.9986023306846619,0.38852861523628235,0.3831138610839844,0.29665231704711914,0.6869980692863464,0.553153932094574,0.6226417422294617,0.3717819154262543,0.7640582323074341,0.7654816508293152,0.7666804194450378,0.7054184675216675,0.8198536038398743,0.60184246301651,0.6220835447311401,0.8275237679481506,0.7512837648391724,0.756498396396637
75,0.5,0.924659252166748,0.9279791116714478,0.9296362996101379,0.9958533644676208,0.4168996512889862,0.3840128779411316,0.2921965718269348,0.6739668846130371,0.560639500617981,0.6298412680625916,0.36518263816833496,0.7711538076400757,0.7570703625679016,0.7289798259735107,0.6929696202278137,0.7804436087608337,0.6061099171638489,0.6051585674285889,0.8125200271606445,0.7407828569412231,0.7639299035072327,0.9198082685470581,0.9153767824172974,0.9250580668449402,0.9992133975028992,0.39629238843917847,0.3851066827774048,0.29733744263648987,0.6837326288223267,0.5562474131584167,0.630516767501831,0.37628036737442017,0.763898491859436,0.7630553841590881,0.7742331027984619,0.7140492796897888,0.8300940990447998,0.6021616458892822,0.6234282851219177,0.8296903967857361,0.746326208114624,0.7522873282432556
76,0.5,0.9281085133552551,0.932951033115387,0.9330766797065735,0.9969902634620667,0.41027823090553284,0.38388296961784363,0.30035603046417236,0.6756414771080017,0.5547119975090027,0.6317099332809448,0.36709561944007874,0.7689238786697388,0.7572209239006042,0.7298875451087952,0.6970420479774475,0.7777232527732849,0.6081967353820801,0.6124183535575867,0.8031591773033142,0.7420552968978882,0.7706382274627686,0.9291130304336548,0.9250709414482117,0.9337812662124634,0.9991806149482727,0.3951352834701538,0.38960400223731995,0.2789710462093353,0.6858915686607361,0.5739820003509521,0.6296481490135193,0.3706109821796417,0.7658060193061829,0.7745488882064819,0.7556820511817932,0.701433539390564,0.8099393248558044,0.6038418412208557,0.6212976574897766,0.8312618136405945,0.7510945200920105,0.7574639320373535
77,0.5,0.9278561472892761,0.9330016374588013,0.9327864050865173,0.996461808681488,0.4177101254463196,0.39355233311653137,0.3044080436229706,0.6746627688407898,0.5567371845245361,0.6328369975090027,0.3719632029533386,0.7704241275787354,0.7590424418449402,0.7332352995872498,0.6941757798194885,0.7815729379653931,0.6146270632743835,0.6116850972175598,0.8058648705482483,0.7413944602012634,0.7595430612564087,0.918093204498291,0.9155564308166504,0.9246553778648376,0.9986500144004822,0.39671990275382996,0.3899785578250885,0.30581134557724,0.6859025955200195,0.5602284073829651,0.6206691265106201,0.383990079164505,0.7590203881263733,0.7638216614723206,0.792768120765686,0.7299903035163879,0.8499854207038879,0.6206420063972473,0.6291987895965576,0.8377848863601685,0.7518986463546753,0.7460232973098755
78,0.5,0.9250288009643555,0.9304814338684082,0.9326607584953308,0.9966579079627991,0.4176487624645233,0.39012759923934937,0.3071250021457672,0.6764187216758728,0.5615414381027222,0.6277873516082764,0.3678201735019684,0.7656312584877014,0.7580075263977051,0.7385722398757935,0.6998612284660339,0.7856066226959229,0.6168517470359802,0.6164668202400208,0.8140007257461548,0.7413264513015747,0.7618073225021362,0.9269348978996277,0.9277012944221497,0.9314031600952148,0.9993669986724854,0.39722517132759094,0.39463678002357483,0.30541789531707764,0.6858404874801636,0.5608423948287964,0.6287732124328613,0.3686426281929016,0.7652456760406494,0.7726731896400452,0.7569558620452881,0.7238413095474243,0.8132123351097107,0.6141735911369324,0.6277531385421753,0.8383809924125671,0.7519457340240479,0.7536055445671082
79,0.5,0.9263544082641602,0.9342806339263916,0.9353725910186768,0.9959129691123962,0.4271295964717865,0.39202430844306946,0.3048652112483978,0.6773062944412231,0.5616510510444641,0.6301005482673645,0.3687940239906311,0.7659221291542053,0.7595790028572083,0.7290309071540833,0.6929259896278381,0.7737891674041748,0.6167877912521362,0.6131159067153931,0.8228257894515991,0.7473904490470886,0.7599232196807861,0.9207453727722168,0.922153115272522,0.9289388060569763,0.9989771842956543,0.40616023540496826,0.39837050437927246,0.30907103419303894,0.6825971603393555,0.5653563141822815,0.6203641295433044,0.38403183221817017,0.7632308006286621,0.7693080306053162,0.7637532949447632,0.722683846950531,0.8178110122680664,0.6134195327758789,0.6302611827850342,0.8414741158485413,0.7564655542373657,0.7530950307846069
80,0.5,0.9283151030540466,0.9346807599067688,0.9373843669891357,0.9970728158950806,0.41876500844955444,0.3916054964065552,0.3105134069919586,0.675956666469574,0.5604371428489685,0.629616379737854,0.3718123435974121,0.7732546329498291,0.7639288306236267,0.7329797744750977,0.697350025177002,0.7800414562225342,0.6153880953788757,0.6179173588752747,0.8190497756004333,0.7487292885780334,0.7671627402305603,0.9263445138931274,0.9244751334190369,0.9374521970748901,0.9992415308952332,0.3898410499095917,0.386954128742218,0.30702441930770874,0.68735271692276,0.5645020604133606,0.6221542358398438,0.3862151801586151,0.7722396850585938,0.7724500298500061,0.788215160369873,0.7110878229141235,0.8404661417007446,0.6188827753067017,0.6382210850715637,0.841336190700531,0.7613794803619385,0.7561565637588501
81,0.5,0.9325470328330994,0.9391137957572937,0.9415544271469116,0.9962714910507202,0.4185573160648346,0.39298418164253235,0.3117801547050476,0.6743613481521606,0.5631141066551208,0.6333105564117432,0.37741613388061523,0.7758283615112305,0.7662237286567688,0.732617974281311,0.6951872706413269,0.7766699194908142,0.6156730651855469,0.6234744191169739,0.8225412368774414,0.7531555891036987,0.7755730152130127,0.9284213781356812,0.930236279964447,0.9416544437408447,0.9985283613204956,0.3956705331802368,0.39276570081710815,0.31216755509376526,0.681676983833313,0.5647485852241516,0.6301652789115906,0.38547003269195557,0.7737901210784912,0.7773489952087402,0.7670462131500244,0.6945929527282715,0.8200475573539734,0.6123058199882507,0.6380733251571655,0.8414793610572815,0.7602277994155884,0.7642356157302856
82,0.5,0.927903413772583,0.935279905796051,0.9402562975883484,0.9978774785995483,0.4171854853630066,0.39127424359321594,0.30260956287384033,0.668305516242981,0.5642017126083374,0.6322555541992188,0.37301284074783325,0.7810103297233582,0.7653453350067139,0.737548828125,0.695946216583252,0.7804210782051086,0.6145222187042236,0.6220520734786987,0.8277753591537476,0.7487505674362183,0.7764471173286438,0.9304697513580322,0.9342374801635742,0.9392275810241699,0.9995636940002441,0.3871798813343048,0.390573650598526,0.29903262853622437,0.6825209856033325,0.5754765868186951,0.6364539861679077,0.3768817186355591,0.7833694815635681,0.7845742106437683,0.7721827030181885,0.7304102182388306,0.8281049132347107,0.6150259375572205,0.6358587741851807,0.8461196422576904,0.7624068856239319,0.7636188864707947
83,0.5,0.9317869544029236,0.9413045644760132,0.9410499334335327,0.9971277117729187,0.4121622145175934,0.3853590190410614,0.3133269250392914,0.6714408993721008,0.5621804594993591,0.6299117803573608,0.37100017070770264,0.7858664393424988,0.772545337677002,0.7378630042076111,0.7043645977973938,0.7848976850509644,0.6211996078491211,0.6295070052146912,0.8192668557167053,0.7564918994903564,0.7759925127029419,0.9280685782432556,0.9325095415115356,0.9381834268569946,0.9996138215065002,0.40237149596214294,0.3901785612106323,0.3199198544025421,0.6854409575462341,0.5829893946647644,0.623409628868103,0.3862595558166504,0.7749653458595276,0.7810269594192505,0.7815097570419312,0.7328904271125793,0.833110511302948,0.6205394864082336,0.6433230638504028,0.8491974472999573,0.7662920951843262,0.7623185515403748
84,0.5,0.9304372668266296,0.9418774843215942,0.9418739080429077,0.9968616366386414,0.43027403950691223,0.40073588490486145,0.31354957818984985,0.6732417345046997,0.5738064646720886,0.6356740593910217,0.3764353096485138,0.7746743559837341,0.772609293460846,0.7279068231582642,0.703377366065979,0.7738609910011292,0.6227895617485046,0.6274774670600891,0.8243712782859802,0.758314311504364,0.7715086340904236,0.9305059313774109,0.9340391755104065,0.9414613246917725,0.9996774792671204,0.40383172035217285,0.3945486843585968,0.31182119250297546,0.6886160969734192,0.5641894340515137,0.6321946382522583,0.3849893808364868,0.7680982947349548,0.773662805557251,0.7701112627983093,0.7314276099205017,0.8239027261734009,0.6229152679443359,0.6463527083396912,0.8398493528366089,0.7655417323112488,0.7675422430038452
85,0.5,0.9302953481674194,0.9380292892456055,0.9437493681907654,0.9966237545013428,0.41981813311576843,0.3948326110839844,0.31669092178344727,0.6739031076431274,0.5672361850738525,0.633239209651947,0.3748173713684082,0.7787008881568909,0.7716419696807861,0.7450194954872131,0.7094497084617615,0.7917877435684204,0.6230823397636414,0.6342117190361023,0.8139621615409851,0.7595762610435486,0.7735396027565002,0.9261276125907898,0.928623616695404,0.9401807188987732,0.9988176226615906,0.402901828289032,0.40269753336906433,0.3145393431186676,0.677950382232666,0.5836453437805176,0.6254187822341919,0.37545013427734375,0.7678064107894897,0.7857537865638733,0.7804083824157715,0.7379263043403625,0.8350756764411926,0.6235305070877075,0.6429441571235657,0.8374502062797546,0.7632133364677429,0.7586190700531006
86,0.5,0.9337555766105652,0.9424002766609192,0.9450061321258545,0.997362494468689,0.4193372428417206,0.3936263918876648,0.31565237045288086,0.6689668893814087,0.5750173926353455,0.6375253200531006,0.37483903765678406,0.7845103740692139,0.7722778916358948,0.7374695539474487,0.709437906742096,0.7846183776855469,0.6230571269989014,0.632927656173706,0.8179972171783447,0.7610507607460022,0.7749634385108948,0.9304465055465698,0.9358815550804138,0.9427101612091064,0.9989956021308899,0.41234999895095825,0.40372997522354126,0.3065125346183777,0.6690715551376343,0.5892809629440308,0.6375314593315125,0.3885219395160675,0.7758715748786926,0.7861760258674622,0.751929521560669,0.7295067310333252,0.8071961402893066,0.6212604641914368,0.6454541087150574,0.8402721285820007,0.7622820138931274,0.7588741183280945
87,0.5,0.9324349761009216,0.941508412361145,0.9458075761795044,0.9979140758514404,0.4221641421318054,0.39613139629364014,0.31529584527015686,0.6708024740219116,0.572439432144165,0.6359248161315918,0.3794121742248535,0.7797757387161255,0.7763327956199646,0.7341580390930176,0.7073519229888916,0.7817457318305969,0.6249890923500061,0.6363440155982971,0.8200064301490784,0.761466383934021,0.773525059223175,0.9295871257781982,0.9324641823768616,0.9414988160133362,0.9991452693939209,0.3969084620475769,0.3919375240802765,0.3191632926464081,0.6851452589035034,0.5861520767211914,0.6379938721656799,0.39316365122795105,0.7725938558578491,0.7832003831863403,0.777679443359375,0.7324219346046448,0.8292324542999268,0.6220726370811462,0.6461410522460938,0.8345816135406494,0.7618309855461121,0.7614536285400391
88,0.5,0.93380206823349,0.9402634501457214,0.9460235834121704,0.9972617030143738,0.41697320342063904,0.39522919058799744,0.319592148065567,0.6734718680381775,0.5750901103019714,0.6355931162834167,0.38315269351005554,0.785649299621582,0.7706770300865173,0.7528205513954163,0.7163211107254028,0.7955026030540466,0.6285595297813416,0.6407650709152222,0.8211816549301147,0.760169267654419,0.7727665901184082,0.9331116080284119,0.9315447807312012,0.9453166723251343,0.9993101954460144,0.4026854932308197,0.40585222840309143,0.3206658363342285,0.6782835125923157,0.5722622871398926,0.6256611943244934,0.39680731296539307,0.7763168215751648,0.7839822769165039,0.7934023141860962,0.7256752252578735,0.845693826675415,0.6235519051551819,0.6526361703872681,0.8483702540397644,0.7716630101203918,0.7693197727203369
89,0.5,0.9333834648132324,0.9367648363113403,0.9479636549949646,0.9973330497741699,0.42268428206443787,0.3963244557380676,0.3178674280643463,0.6740983724594116,0.5773650407791138,0.6290543079376221,0.38447892665863037,0.779880702495575,0.769959568977356,0.761900007724762,0.7140116691589355,0.8101319670677185,0.6259840130805969,0.6405421495437622,0.8199884295463562,0.7630059123039246,0.7776283025741577,0.9303828477859497,0.9306389689445496,0.9466745853424072,0.9984797835350037,0.3897168040275574,0.3904772102832794,0.3136877119541168,0.6966031789779663,0.586664617061615,0.6227503418922424,0.39762401580810547,0.767734169960022,0.7882726192474365,0.8053678274154663,0.7407872676849365,0.8525447249412537,0.62577885389328,0.6519827842712402,0.84862220287323,0.7746371030807495,0.7685896754264832
90,0.5,0.9352786540985107,0.9400603175163269,0.9503889083862305,0.9984758496284485,0.4129515588283539,0.39274880290031433,0.31860312819480896,0.6794401407241821,0.57692950963974,0.6313592791557312,0.38392359018325806,0.7788799405097961,0.7793226838111877,0.7604118585586548,0.7182846069335938,0.8054935932159424,0.6286633014678955,0.6444087624549866,0.8314821720123291,0.7691212892532349,0.779050886631012,0.9359594583511353,0.9355595707893372,0.9516474604606628,0.9994158148765564,0.39117175340652466,0.38508340716362,0.3194870948791504,0.6931123733520508,0.5864385962486267,0.6330525875091553,0.3987402617931366,0.7751234769821167,0.7878798842430115,0.8036505579948425,0.7432451844215393,0.8511626124382019,0.6279631853103638,0.6584747433662415,0.8490988612174988,0.7767813205718994,0.765884518623352
91,0.5,0.9351546168327332,0.9393714666366577,0.9505293965339661,0.9948685169219971,0.4190784990787506,0.3959713876247406,0.32060712575912476,0.6730610728263855,0.5809953212738037,0.6339324116706848,0.3844928443431854,0.7836010456085205,0.7773248553276062,0.7690913677215576,0.7204287052154541,0.8113362193107605,0.6319344639778137,0.6457418203353882,0.8265160918235779,0.765703558921814,0.7725622057914734,0.9337552785873413,0.933766782283783,0.9481458067893982,0.9994469881057739,0.39793363213539124,0.3945937156677246,0.31697922945022583,0.6802321076393127,0.5765974521636963,0.6325742602348328,0.4005235731601715,0.7763918042182922,0.7852758169174194,0.8078902363777161,0.7422016859054565,0.8592763543128967,0.6322446465492249,0.6647998094558716,0.849968671798706,0.7756398320198059,0.7650445699691772
92,0.5,0.9341711401939392,0.939915657043457,0.9503908157348633,0.9981714487075806,0.4188711643218994,0.3980976939201355,0.3156856894493103,0.6717039346694946,0.5784600973129272,0.6343809962272644,0.38349586725234985,0.7842909693717957,0.7757865190505981,0.7627262473106384,0.7209176421165466,0.8078516125679016,0.6278434991836548,0.6509395241737366,0.8302090167999268,0.7699401378631592,0.7814299464225769,0.9363868236541748,0.9347516894340515,0.950756847858429,0.9994415044784546,0.4002857506275177,0.4023131728172302,0.31082549691200256,0.6894429326057434,0.5854971408843994,0.6330913305282593,0.4011564254760742,0.7789288759231567,0.786068856716156,0.7996217012405396,0.7457423806190491,0.8473039269447327,0.6274897456169128,0.6620358228683472,0.8461990356445312,0.780997097492218,0.7666105031967163
93,0.5,0.9365301132202148,0.93991619348526,0.9518922567367554,0.998100221157074,0.42216166853904724,0.4025650918483734,0.31402742862701416,0.6742083430290222,0.5778729915618896,0.6290619373321533,0.3867717981338501,0.7835730910301208,0.7781437635421753,0.7646412253379822,0.7249632477760315,0.8087669610977173,0.6286490559577942,0.6525878310203552,0.8279788494110107,0.7763756513595581,0.7785428762435913,0.9329966902732849,0.9323990941047668,0.9509462118148804,0.9992400407791138,0.39555612206459045,0.39479777216911316,0.32173654437065125,0.6908693313598633,0.5834400057792664,0.6271935701370239,0.40083006024360657,0.7765448093414307,0.7945160269737244,0.8086684942245483,0.7399864792823792,0.8587466478347778,0.6266317963600159,0.6628734469413757,0.8522264361381531,0.7827967405319214,0.7714431881904602
94,0.5,0.9410768151283264,0.9431814551353455,0.9562758803367615,0.999128520488739,0.41244956851005554,0.39369794726371765,0.31882935762405396,0.663654625415802,0.5737764239311218,0.6335514783859253,0.38722801208496094,0.7983284592628479,0.7822991013526917,0.772975504398346,0.7204870581626892,0.8165332674980164,0.6291259527206421,0.6580249071121216,0.8355991840362549,0.7756423950195312,0.7857116460800171,0.936773419380188,0.9352748990058899,0.953034520149231,0.9994694590568542,0.3879494071006775,0.39202675223350525,0.3211499750614166,0.6754839420318604,0.5794224143028259,0.6372593641281128,0.3969249427318573,0.7915971279144287,0.7884304523468018,0.8103504180908203,0.74692702293396,0.8616645932197571,0.635131299495697,0.6664779782295227,0.8571532964706421,0.7793042659759521,0.7678349614143372
95,0.5,0.9357856512069702,0.9382034540176392,0.952745258808136,0.9980440139770508,0.4166073799133301,0.39391323924064636,0.31822285056114197,0.668873131275177,0.577134907245636,0.6330552101135254,0.3834773898124695,0.7916118502616882,0.7821040749549866,0.7742106914520264,0.7216576337814331,0.821479082107544,0.632865309715271,0.6499165892601013,0.8374649882316589,0.7690455913543701,0.7784408926963806,0.9366803765296936,0.935206949710846,0.9539762139320374,0.9994857907295227,0.394715815782547,0.393920361995697,0.31123024225234985,0.6783676743507385,0.590212345123291,0.6335761547088623,0.40277910232543945,0.7876304984092712,0.7870537638664246,0.8132505416870117,0.7487401366233826,0.8639665842056274,0.6268620491027832,0.6680068969726562,0.8560863137245178,0.7827713489532471,0.774433434009552
96,0.5,0.9338676929473877,0.9399272799491882,0.9520918726921082,0.9968652129173279,0.41843315958976746,0.3925318121910095,0.32281386852264404,0.6680735349655151,0.5868806838989258,0.6410363912582397,0.39136144518852234,0.7920888662338257,0.7823580503463745,0.7756965160369873,0.7276986241340637,0.8148148655891418,0.6274845600128174,0.6538928151130676,0.8349517583847046,0.7747623324394226,0.7897105813026428,0.9340498447418213,0.9369361996650696,0.9528058767318726,0.9985208511352539,0.3900412321090698,0.3897303342819214,0.3251130282878876,0.6923117637634277,0.5858663320541382,0.6372214555740356,0.40235987305641174,0.7825241684913635,0.7942066192626953,0.805668294429779,0.7460255026817322,0.8550494313240051,0.6259034872055054,0.6659619808197021,0.8585074543952942,0.7822905778884888,0.7704464793205261
97,0.5,0.9372437596321106,0.9436235427856445,0.9544183611869812,0.996315598487854,0.41529715061187744,0.39467766880989075,0.3198848366737366,0.6743525862693787,0.5875234603881836,0.6351733207702637,0.38885432481765747,0.793297529220581,0.7834387421607971,0.7690862417221069,0.7251747846603394,0.8110151886940002,0.6292998790740967,0.661332905292511,0.8275463581085205,0.7820162773132324,0.7843261361122131,0.9388944506645203,0.9407532811164856,0.9569615721702576,0.999392032623291,0.3878653347492218,0.39903128147125244,0.31474706530570984,0.6837411522865295,0.5839851498603821,0.6346136927604675,0.3994201421737671,0.788147509098053,0.7940521240234375,0.8118628263473511,0.7519838809967041,0.860593855381012,0.6287782788276672,0.6780479550361633,0.8527171611785889,0.7900851368904114,0.7769100069999695
98,0.5,0.9367062449455261,0.9420791864395142,0.9551900625228882,0.9987072348594666,0.4140922725200653,0.394124835729599,0.32144275307655334,0.6728933453559875,0.5888559818267822,0.6341848969459534,0.3920885920524597,0.7912721633911133,0.7833129167556763,0.7801005840301514,0.7264848947525024,0.8185604810714722,0.6294890642166138,0.6664409041404724,0.8342576622962952,0.7834774851799011,0.7881311178207397,0.9422922730445862,0.944352388381958,0.9600027799606323,0.9995787143707275,0.3915618062019348,0.3936706483364105,0.31879937648773193,0.6848653554916382,0.5959671139717102,0.6276320219039917,0.4042876958847046,0.7844061255455017,0.7996066808700562,0.8165525794029236,0.7558636665344238,0.859825611114502,0.6349990963935852,0.6865364909172058,0.8606129288673401,0.7957585453987122,0.7777328491210938
99,0.5,0.9354339838027954,0.9397685527801514,0.9547926783561707,0.9968093633651733,0.4194314479827881,0.39704346656799316,0.3181976079940796,0.6715748906135559,0.594100832939148,0.6324525475502014,0.394072562456131,0.7896988987922668,0.7872874736785889,0.785638689994812,0.7352656722068787,0.8243609666824341,0.633908212184906,0.6686265468597412,0.832568883895874,0.7838865518569946,0.7792322039604187,0.9367160201072693,0.9348534941673279,0.9553467035293579,0.9992920756340027,0.4002656638622284,0.39003828167915344,0.3134191334247589,0.6909667253494263,0.6003969311714172,0.6319094300270081,0.4073801636695862,0.7812294363975525,0.794135332107544,0.813502311706543,0.7466049194335938,0.8616822361946106,0.630092203617096,0.6771008372306824,0.8583787083625793,0.7911763191223145,0.7725355625152588
100,0.5,0.937355101108551,0.9420498013496399,0.9563926458358765,0.9986595511436462,0.4141238331794739,0.39294421672821045,0.32659992575645447,0.6743743419647217,0.5987745523452759,0.6354618668556213,0.3935847878456116,0.7915248274803162,0.7888691425323486,0.7854402661323547,0.7315805554389954,0.8271999955177307,0.6287745833396912,0.6713548302650452,0.8368159532546997,0.7862540483474731,0.7890293002128601,0.9385520219802856,0.9389917254447937,0.9572790861129761,0.9991775751113892,0.4016561210155487,0.40146324038505554,0.3214130699634552,0.6817581057548523,0.595482349395752,0.635791540145874,0.4083550274372101,0.7792849540710449,0.7931255102157593,0.8135505318641663,0.7494313716888428,0.8656182289123535,0.6362595558166504,0.682867169380188,0.8584751486778259,0.7939540147781372,0.7684961557388306
101,0.5,0.9381453394889832,0.9416757225990295,0.9573503136634827,0.9973257184028625,0.4181581139564514,0.3982807695865631,0.31963637471199036,0.6692787408828735,0.5927173495292664,0.6357825398445129,0.3981662094593048,0.7902059555053711,0.7872200608253479,0.7839622497558594,0.7344991564750671,0.8264098763465881,0.6356011033058167,0.6724776029586792,0.833514928817749,0.7875120043754578,0.7814766764640808,0.9401890635490417,0.9409602880477905,0.9578732252120972,0.9994328022003174,0.3963480293750763,0.4050138592720032,0.31301745772361755,0.6891809105873108,0.6016721725463867,0.6273830533027649,0.4137006103992462,0.7823910713195801,0.799634575843811,0.8169294595718384,0.7577179074287415,0.8642037510871887,0.6383427381515503,0.6878399848937988,0.8574978113174438,0.798711895942688,0.7730754613876343
102,0.5,0.9376949667930603,0.9401673674583435,0.9565555453300476,0.9981104135513306,0.42094454169273376,0.4019486904144287,0.32356271147727966,0.6776306629180908,0.5931315422058105,0.6331762075424194,0.3970087766647339,0.7890580296516418,0.7844098806381226,0.787465512752533,0.7355757355690002,0.8289990425109863,0.6332775950431824,0.6744783520698547,0.8461130857467651,0.785076379776001,0.7853690385818481,0.9413122534751892,0.9459400177001953,0.9608054757118225,0.9994804263114929,0.3881864547729492,0.38792330026626587,0.3128851354122162,0.6779536008834839,0.6014584898948669,0.639008104801178,0.4132849872112274,0.7852278351783752,0.799078106880188,0.8155749440193176,0.7565337419509888,0.8594013452529907,0.6294583678245544,0.6917904615402222,0.8629484176635742,0.7962753176689148,0.7836482524871826
103,0.5,0.9410689473152161,0.9431946277618408,0.9597751498222351,0.9975214004516602,0.4110266864299774,0.3955400884151459,0.3261364698410034,0.6718794107437134,0.5918838381767273,0.6356029510498047,0.39707422256469727,0.7928377389907837,0.7817413806915283,0.7929622530937195,0.7367318868637085,0.8339596390724182,0.6311834454536438,0.6847150921821594,0.8421686291694641,0.7930544018745422,0.7932355999946594,0.9364895224571228,0.9373704195022583,0.9562360644340515,0.9982847571372986,0.39325419068336487,0.3969603180885315,0.3164719045162201,0.6789355874061584,0.5890730619430542,0.6391208171844482,0.40906867384910583,0.7785098552703857,0.791446328163147,0.8153850436210632,0.7531642913818359,0.8618213534355164,0.634789228439331,0.6826074719429016,0.8615891337394714,0.7926404476165771,0.77985018491745
104,0.5,0.9428619146347046,0.9431910514831543,0.960913896560669,0.996508002281189,0.4124692678451538,0.3959662616252899,0.32307276129722595,0.67188560962677,0.5917922854423523,0.6390243172645569,0.3954145908355713,0.7933908700942993,0.7833054065704346,0.7904903888702393,0.7304398417472839,0.8348191976547241,0.6371959447860718,0.6845828294754028,0.8407962322235107,0.7871071100234985,0.7912393808364868,0.9401370286941528,0.938870370388031,0.9585843086242676,0.9981102347373962,0.3866713047027588,0.38413211703300476,0.31846022605895996,0.7040325999259949,0.6001495122909546,0.6379176378250122,0.4159678816795349,0.7827845215797424,0.7950347065925598,0.8159197568893433,0.7525421977043152,0.8633163571357727,0.6370382905006409,0.6880676746368408,0.8575229644775391,0.7967648506164551,0.7705867290496826
105,0.5,0.9446624517440796,0.9450580477714539,0.9626820087432861,0.9964707493782043,0.4106029272079468,0.39336684346199036,0.3270145654678345,0.6748618483543396,0.5984000563621521,0.6396816372871399,0.40022513270378113,0.7965969443321228,0.785037100315094,0.7912142872810364,0.7354225516319275,0.8330316543579102,0.6369494199752808,0.687352180480957,0.8425425887107849,0.7977319955825806,0.7862757444381714,0.9427372217178345,0.9426334500312805,0.9617891311645508,0.9979677200317383,0.3996790051460266,0.39172112941741943,0.3139311671257019,0.693311333656311,0.6197218894958496,0.6432515382766724,0.41706180572509766,0.7843080759048462,0.7992708683013916,0.8163835406303406,0.7502854466438293,0.8602611422538757,0.6315093636512756,0.6957927942276001,0.8643250465393066,0.8012740612030029,0.7784563302993774
106,0.5,0.9394272565841675,0.941093385219574,0.960005521774292,0.9966567158699036,0.4203096628189087,0.39556685090065,0.32930994033813477,0.6781396865844727,0.6021475195884705,0.6322876811027527,0.40323641896247864,0.7906882762908936,0.7883287072181702,0.7951514720916748,0.7376909255981445,0.8320223093032837,0.6338838934898376,0.6861015558242798,0.8421987295150757,0.7953096628189087,0.7872195839881897,0.9404338598251343,0.9429699778556824,0.9606162309646606,0.9992004036903381,0.3944949507713318,0.3868977725505829,0.3250109553337097,0.6800925731658936,0.5993473529815674,0.6411805152893066,0.4158262312412262,0.7810854911804199,0.794150710105896,0.8190464973449707,0.7627415657043457,0.8645387291908264,0.6419158577919006,0.7001386880874634,0.8615018129348755,0.8013935089111328,0.7737202644348145
107,0.5,0.9384399652481079,0.94107586145401,0.9589985013008118,0.9975992441177368,0.418392539024353,0.39828813076019287,0.32748156785964966,0.6703289747238159,0.5984731912612915,0.639733076095581,0.39578381180763245,0.7932104468345642,0.7832432389259338,0.7970619797706604,0.7398083209991455,0.8353879451751709,0.6397172808647156,0.6885249614715576,0.8429556488990784,0.7920413613319397,0.7814218997955322,0.9387970566749573,0.9377726316452026,0.9589303731918335,0.9992961287498474,0.4025733470916748,0.40592291951179504,0.3245863616466522,0.682884156703949,0.6095051169395447,0.6410834789276123,0.41270720958709717,0.7856730818748474,0.7994345426559448,0.815464198589325,0.765818178653717,0.8620443940162659,0.6448192596435547,0.6976141929626465,0.8598862886428833,0.7986624836921692,0.7702049612998962
108,0.5,0.9407165050506592,0.9418389201164246,0.9608095288276672,0.9975210428237915,0.4176444113254547,0.39389991760253906,0.33009469509124756,0.676574170589447,0.6062190532684326,0.639835774898529,0.40234631299972534,0.7916325330734253,0.7834059000015259,0.8054838180541992,0.7398011088371277,0.8431421518325806,0.6404208540916443,0.6937762498855591,0.8427703380584717,0.7953947186470032,0.7792485952377319,0.9474983811378479,0.9469823837280273,0.9656215310096741,0.9991678595542908,0.38998955488204956,0.39833691716194153,0.3200214207172394,0.6927005052566528,0.6157873868942261,0.642652153968811,0.4175393283367157,0.7904729247093201,0.7992265224456787,0.8198805451393127,0.7660495042800903,0.870186984539032,0.63613361120224,0.7110309600830078,0.8567289710044861,0.8108997344970703,0.7773923873901367
109,0.5,0.9460425972938538,0.9475528597831726,0.9644882678985596,0.9988223314285278,0.410742849111557,0.39369720220565796,0.32775452733039856,0.6746950149536133,0.5990909337997437,0.6375325918197632,0.40144798159599304,0.802639901638031,0.7888935208320618,0.8012425303459167,0.749821126461029,0.8359556198120117,0.6307850480079651,0.6998267769813538,0.8428699970245361,0.8011065721511841,0.798423707485199,0.943753182888031,0.9469253420829773,0.9626761674880981,0.9990283846855164,0.3948460519313812,0.3966555595397949,0.3239617943763733,0.6868388056755066,0.611524224281311,0.6517006158828735,0.42087918519973755,0.790530800819397,0.795732855796814,0.8205214142799377,0.769336998462677,0.8607701659202576,0.6340282559394836,0.7053519487380981,0.8635126948356628,0.806167483329773,0.7794995903968811
110,0.5,0.9415184259414673,0.9430153369903564,0.9619201421737671,0.9970529675483704,0.42092397809028625,0.39906588196754456,0.33531561493873596,0.6773641705513,0.6094823479652405,0.6431235671043396,0.40608301758766174,0.7939762473106384,0.7829486131668091,0.7978803515434265,0.7408167123794556,0.8387482762336731,0.6360956430435181,0.6967039704322815,0.83843594789505,0.7991027235984802,0.7856811881065369,0.9432673454284668,0.9458093643188477,0.9625853896141052,0.9990606904029846,0.3918156027793884,0.38963285088539124,0.32652851939201355,0.6847552061080933,0.6079164743423462,0.6459771990776062,0.42121389508247375,0.784874439239502,0.798046886920929,0.8202033042907715,0.7619719505310059,0.8662640452384949,0.6376813650131226,0.7123285531997681,0.8614654541015625,0.8099538683891296,0.7768896818161011
111,0.5,0.9417975544929504,0.9436058402061462,0.9615018963813782,0.9978322982788086,0.42155903577804565,0.3994152843952179,0.3364497721195221,0.6734177470207214,0.6031049489974976,0.6416597962379456,0.4033237099647522,0.7949434518814087,0.7880406379699707,0.7957610487937927,0.746532678604126,0.8379449248313904,0.6388638615608215,0.6986537575721741,0.8468672037124634,0.7994536757469177,0.7852169871330261,0.9463800191879272,0.9466434717178345,0.9644302129745483,0.9991877675056458,0.3946559429168701,0.39556801319122314,0.3270530700683594,0.6817787885665894,0.6039511561393738,0.6546289324760437,0.4242008328437805,0.792153537273407,0.792854905128479,0.8211619257926941,0.7494345307350159,0.8701062798500061,0.6409861445426941,0.7130539417266846,0.8640979528427124,0.8095079660415649,0.7730401158332825
112,0.5,0.9407115578651428,0.9430177807807922,0.9615392684936523,0.9975170493125916,0.41333410143852234,0.39240017533302307,0.3336128294467926,0.6756764054298401,0.6051235795021057,0.6390882730484009,0.4060010612010956,0.7945493459701538,0.7897894978523254,0.7975946664810181,0.7443259954452515,0.837986946105957,0.6395016312599182,0.6990358233451843,0.8407159447669983,0.7973578572273254,0.7856941223144531,0.9433869123458862,0.9462028741836548,0.9644572138786316,0.9989673495292664,0.38895320892333984,0.38638925552368164,0.33068254590034485,0.6875259280204773,0.5967268347740173,0.6465826034545898,0.42421093583106995,0.7865639925003052,0.8057761192321777,0.8194018602371216,0.7631185054779053,0.8603535890579224,0.6426132321357727,0.7125093936920166,0.8640180826187134,0.8079391121864319,0.7734308838844299
113,0.5,0.9439560770988464,0.9447498917579651,0.9649085998535156,0.9982532858848572,0.41491442918777466,0.39190658926963806,0.3328913748264313,0.6773169040679932,0.6060386300086975,0.6432312726974487,0.40782010555267334,0.7946200370788574,0.7896267771720886,0.8044833540916443,0.7419590353965759,0.8438830375671387,0.6457587480545044,0.7094660997390747,0.8469939827919006,0.804449200630188,0.7825822830200195,0.9418582916259766,0.9441446661949158,0.9641316533088684,0.9991456270217896,0.4036269783973694,0.39773276448249817,0.328582763671875,0.6868526339530945,0.6235759854316711,0.6553516983985901,0.41865023970603943,0.779942512512207,0.8051720857620239,0.818711519241333,0.7597060203552246,0.863417387008667,0.6480921506881714,0.716948926448822,0.8628877997398376,0.8108600974082947,0.7683079838752747
114,0.5,0.9422726035118103,0.9449772238731384,0.9649174213409424,0.9980146288871765,0.41858574748039246,0.3944810628890991,0.3333466351032257,0.6743735671043396,0.6116185188293457,0.649543821811676,0.40095576643943787,0.7958030700683594,0.7975091338157654,0.8016931414604187,0.7423229813575745,0.8378825783729553,0.6423779129981995,0.7083742022514343,0.8476912975311279,0.8057066202163696,0.7818092107772827,0.9438261985778809,0.9458905458450317,0.9651784300804138,0.9987912178039551,0.39928826689720154,0.3947640359401703,0.3316117227077484,0.694633960723877,0.6197366714477539,0.6553166508674622,0.42261362075805664,0.7887109518051147,0.8055543303489685,0.8227811455726624,0.7618699669837952,0.8654787540435791,0.6441754102706909,0.7213005423545837,0.8620513677597046,0.8130246996879578,0.7720931768417358
115,0.5,0.9460289478302002,0.9475772380828857,0.966815710067749,0.9978446960449219,0.4145483374595642,0.3957007825374603,0.3380332589149475,0.6758903861045837,0.6140093803405762,0.6494846343994141,0.4040732979774475,0.8012424111366272,0.7950140237808228,0.8031333088874817,0.7420128583908081,0.841245710849762,0.6390224099159241,0.7128118872642517,0.8454235792160034,0.8063920140266418,0.7922458052635193,0.9463669061660767,0.9509179592132568,0.9650568962097168,0.9982047080993652,0.3978617787361145,0.4001471996307373,0.3312773108482361,0.6916645765304565,0.6258499026298523,0.6538674235343933,0.4224501848220825,0.7875912189483643,0.809883177280426,0.8208907246589661,0.7704975008964539,0.8656277060508728,0.6366648077964783,0.7251794934272766,0.8684862852096558,0.8165348768234253,0.788766622543335
116,0.5,0.9454946517944336,0.9470780491828918,0.9659861326217651,0.9973591566085815,0.41929247975349426,0.4003628194332123,0.3364744186401367,0.6758081316947937,0.6081420183181763,0.6481364369392395,0.40494304895401,0.7984712719917297,0.7968460917472839,0.805194616317749,0.7446578145027161,0.8457502722740173,0.6440528631210327,0.7199262380599976,0.8498866558074951,0.8074759840965271,0.7915525436401367,0.9426975846290588,0.9441722631454468,0.9649799466133118,0.9990567564964294,0.39637547731399536,0.39320671558380127,0.3324800729751587,0.6932677030563354,0.610436201095581,0.6498724222183228,0.4203775227069855,0.7824463248252869,0.8036034107208252,0.8203368186950684,0.7730942964553833,0.868028998374939,0.6478661894798279,0.7250910997390747,0.859767496585846,0.8153259754180908,0.7834898829460144
117,0.5,0.9444530606269836,0.9454861879348755,0.9658074975013733,0.9986175894737244,0.4183681309223175,0.3945353925228119,0.33555832505226135,0.6757721900939941,0.60565185546875,0.6494139432907104,0.4021403193473816,0.7958582639694214,0.7904804944992065,0.7955542802810669,0.7541404962539673,0.8325632810592651,0.6435289978981018,0.7139173746109009,0.8504343032836914,0.807759702205658,0.7979392409324646,0.9489063024520874,0.9468146562576294,0.9683670997619629,0.9993108510971069,0.4007335603237152,0.4057314991950989,0.33208778500556946,0.6911493539810181,0.6099987030029297,0.6519020795822144,0.4181128740310669,0.7896302938461304,0.8016527891159058,0.8211904764175415,0.7569051384925842,0.8663394451141357,0.6458282470703125,0.728794276714325,0.8671960234642029,0.8181192278862,0.7805934548377991
118,0.5,0.9464952945709229,0.947012722492218,0.9671962261199951,0.9966641068458557,0.42024096846580505,0.40236082673072815,0.3390224277973175,0.6761333346366882,0.6050921678543091,0.650000810623169,0.40717369318008423,0.796135425567627,0.7902785539627075,0.8028528690338135,0.745408833026886,0.8368225693702698,0.6472823023796082,0.7215479612350464,0.8462291359901428,0.8157724142074585,0.7896926403045654,0.9490073323249817,0.9495570659637451,0.9680991768836975,0.9987545013427734,0.40592119097709656,0.3996407687664032,0.3293616771697998,0.6903772950172424,0.6301411986351013,0.6543084383010864,0.4205763339996338,0.7905815243721008,0.8040950894355774,0.8231829404830933,0.7639553546905518,0.867273211479187,0.6419186592102051,0.7354789972305298,0.8634907603263855,0.8233590722084045,0.7783459424972534
119,0.5,0.9493668079376221,0.9497506022453308,0.9688625931739807,0.9966394901275635,0.41297540068626404,0.39392030239105225,0.33638933300971985,0.6798193454742432,0.6128471493721008,0.6488479375839233,0.4046778678894043,0.7934132814407349,0.7938984036445618,0.8091211318969727,0.7522075772285461,0.8454096913337708,0.645847737789154,0.7251344919204712,0.8502345085144043,0.8188831210136414,0.7886511087417603,0.9499225616455078,0.9512483477592468,0.969365656375885,0.9990941286087036,0.3944973945617676,0.39429086446762085,0.32160988450050354,0.6974594593048096,0.6230236291885376,0.6612609624862671,0.4254344403743744,0.7853106260299683,0.8049128651618958,0.8271586894989014,0.767918050289154,0.8715534210205078,0.6467980146408081,0.7372807860374451,0.8680575489997864,0.8212873935699463,0.7829136848449707
120,0.5,0.9437564015388489,0.9440879821777344,0.9659232497215271,0.9977695941925049,0.4181413948535919,0.3969992697238922,0.3449974060058594,0.6778250336647034,0.6099649667739868,0.6546834707260132,0.40672582387924194,0.7927595376968384,0.795027494430542,0.8107602596282959,0.7479819655418396,0.8514355421066284,0.647011935710907,0.7223998308181763,0.8505508899688721,0.8078948259353638,0.7889455556869507,0.9478214383125305,0.9490402936935425,0.9683849811553955,0.9992325305938721,0.39875417947769165,0.39676016569137573,0.3490521013736725,0.6998006701469421,0.6100143790245056,0.6589449048042297,0.4213208258152008,0.7864501476287842,0.806185781955719,0.8243821859359741,0.7681153416633606,0.8735734820365906,0.6516581177711487,0.7420480847358704,0.8703114986419678,0.8224798440933228,0.7878749370574951
121,0.5,0.9486303925514221,0.9483339786529541,0.9693551659584045,0.9975830912590027,0.41615915298461914,0.3981742560863495,0.34500283002853394,0.6758553385734558,0.6121813058853149,0.6548410058021545,0.403219997882843,0.7987302541732788,0.7988812327384949,0.8074634671211243,0.7526494860649109,0.8477777242660522,0.6457794904708862,0.7286760807037354,0.8558743000030518,0.8164343237876892,0.7941584587097168,0.9496942758560181,0.950794517993927,0.9706732034683228,0.9995102286338806,0.39735502004623413,0.39726635813713074,0.3375655710697174,0.6965335607528687,0.6027317047119141,0.6631248593330383,0.4250571131706238,0.7959277629852295,0.8012087345123291,0.8254458904266357,0.7713189721107483,0.8766066431999207,0.6448609232902527,0.7436439990997314,0.8726658225059509,0.8228530287742615,0.7869717478752136
122,0.5,0.9475927352905273,0.9462507367134094,0.9684969186782837,0.9984570145606995,0.4201338291168213,0.4002928137779236,0.345009446144104,0.674811601638794,0.6083638072013855,0.6557524800300598,0.40648362040519714,0.7981730699539185,0.7937168478965759,0.8084986209869385,0.7492908835411072,0.8444036841392517,0.6523083448410034,0.7331159114837646,0.8480526804924011,0.8129236698150635,0.791480302810669,0.9474025368690491,0.94834965467453,0.9683455228805542,0.998913586139679,0.399551659822464,0.3975536525249481,0.3368662893772125,0.6816406846046448,0.616321325302124,0.6650102138519287,0.4235907196998596,0.7899998426437378,0.8046799898147583,0.8221043348312378,0.7675042748451233,0.8677515387535095,0.6531352400779724,0.7432948350906372,0.8651020526885986,0.821217954158783,0.7819218039512634
123,0.5,0.9477089643478394,0.9459684491157532,0.9687991142272949,0.9974538087844849,0.4166833162307739,0.3995952606201172,0.34378668665885925,0.6753081679344177,0.6094314455986023,0.6572372317314148,0.40491005778312683,0.7961076498031616,0.7964515089988708,0.8138564825057983,0.7496675252914429,0.8484970927238464,0.6475833058357239,0.730283796787262,0.8519700765609741,0.8193399906158447,0.7900010943412781,0.9519596099853516,0.9491418600082397,0.9713711738586426,0.999491810798645,0.39423227310180664,0.39494597911834717,0.32741665840148926,0.6996390223503113,0.6118428707122803,0.660297691822052,0.41619592905044556,0.7912859320640564,0.8059710264205933,0.8247402310371399,0.7758460640907288,0.8730677366256714,0.6510220170021057,0.7459044456481934,0.8676743507385254,0.8295047879219055,0.7847390174865723
124,0.5,0.9499083757400513,0.9484682083129883,0.9696303009986877,0.9962723255157471,0.4080110490322113,0.3895466923713684,0.34597235918045044,0.6762591600418091,0.6118800044059753,0.6570572853088379,0.39976781606674194,0.8018391132354736,0.7938469648361206,0.8131637573242188,0.7575715184211731,0.8529523611068726,0.6508240103721619,0.7350620627403259,0.8539982438087463,0.8207065463066101,0.7908913493156433,0.9536264538764954,0.953119158744812,0.9722613096237183,0.999234676361084,0.3838454782962799,0.38350918889045715,0.33467820286750793,0.6915940046310425,0.6067185401916504,0.6665545701980591,0.42323845624923706,0.7964510321617126,0.806262731552124,0.8290573954582214,0.7771424055099487,0.8756226897239685,0.6514741778373718,0.7532389163970947,0.8750653862953186,0.8298154473304749,0.7911455035209656
125,0.5,0.9521670341491699,0.9495865106582642,0.9719482064247131,0.9971187114715576,0.40959471464157104,0.3894553780555725,0.3426618278026581,0.6789320707321167,0.6116763353347778,0.6593769788742065,0.4111744463443756,0.8041945099830627,0.7951436042785645,0.8183631896972656,0.7543565630912781,0.8530428409576416,0.6489748358726501,0.7445023655891418,0.8577622175216675,0.8262764811515808,0.793404757976532,0.952202558517456,0.9518594145774841,0.970954954624176,0.9980855584144592,0.39538535475730896,0.39194566011428833,0.3404706120491028,0.6908547282218933,0.6276937127113342,0.6694382429122925,0.42359158396720886,0.7912806868553162,0.8048144578933716,0.829285740852356,0.7731676697731018,0.871194064617157,0.6550045609474182,0.7559815049171448,0.864948034286499,0.8276239633560181,0.7799183130264282
126,0.5,0.9469582438468933,0.9448137283325195,0.968754768371582,0.9979135394096375,0.4174122214317322,0.39776575565338135,0.3466181755065918,0.6785192489624023,0.6182494759559631,0.6588910222053528,0.4065936207771301,0.8009278178215027,0.7933191061019897,0.8177936673164368,0.7539651989936829,0.8540958762168884,0.6488324999809265,0.7372103929519653,0.8532748818397522,0.8250925540924072,0.793257474899292,0.9479247331619263,0.947739839553833,0.9699573516845703,0.998516857624054,0.3987034857273102,0.3942508101463318,0.33546796441078186,0.6774160861968994,0.6196214556694031,0.6629047989845276,0.42416512966156006,0.7865036725997925,0.8138713836669922,0.8263810276985168,0.769592821598053,0.8711283206939697,0.6459017395973206,0.753767192363739,0.8669742345809937,0.8305532336235046,0.7954156398773193
127,0.5,0.946864128112793,0.9445969462394714,0.969606339931488,0.9986079335212708,0.42052939534187317,0.3982406258583069,0.34171754121780396,0.6720958352088928,0.6140468716621399,0.6611611843109131,0.4074963629245758,0.8005750775337219,0.8012108206748962,0.8144623041152954,0.7509292364120483,0.8545767068862915,0.6500576734542847,0.7411465048789978,0.848916232585907,0.8208454251289368,0.7885287404060364,0.9475403428077698,0.9491745233535767,0.9706355929374695,0.9991586804389954,0.4011361598968506,0.39441272616386414,0.3276497721672058,0.6917852759361267,0.6315726637840271,0.6689611077308655,0.42735952138900757,0.795921802520752,0.8224151730537415,0.8293216824531555,0.7746818661689758,0.8754254579544067,0.6456459164619446,0.7561092972755432,0.8616749048233032,0.8276141285896301,0.783825695514679
128,0.5,0.9432003498077393,0.9425938129425049,0.967393696308136,0.9971087574958801,0.4228920638561249,0.39791473746299744,0.3433994650840759,0.6767308115959167,0.6193152666091919,0.6580414175987244,0.4062233865261078,0.7998257279396057,0.8015816807746887,0.8117117285728455,0.7559865713119507,0.842826247215271,0.6426631808280945,0.7398335933685303,0.8435370326042175,0.8192008137702942,0.8014205694198608,0.941515326499939,0.9416369199752808,0.9659000039100647,0.9984478950500488,0.404016375541687,0.3971097767353058,0.3371592164039612,0.6913689970970154,0.6272708773612976,0.6637468934059143,0.42529669404029846,0.7844614386558533,0.8099341988563538,0.8205678462982178,0.7740100026130676,0.8659765124320984,0.6506179571151733,0.7485724687576294,0.8573817014694214,0.8246599435806274,0.7804515361785889
129,0.5,0.9438268542289734,0.9415379762649536,0.9681519865989685,0.9971683621406555,0.41653579473495483,0.3964868485927582,0.34158462285995483,0.6786726117134094,0.6207332611083984,0.6574280858039856,0.40778228640556335,0.7976240515708923,0.8015714883804321,0.8126795887947083,0.7594400644302368,0.8508133292198181,0.6487979292869568,0.7392057776451111,0.8547906875610352,0.8206862807273865,0.7929770946502686,0.9473109245300293,0.948928713798523,0.9712506532669067,0.9991754293441772,0.4003114700317383,0.39745453000068665,0.3340289890766144,0.6852268576622009,0.6254094839096069,0.666645884513855,0.42156124114990234,0.7943596243858337,0.8193235397338867,0.827219545841217,0.7782654166221619,0.8700418472290039,0.653060793876648,0.759120523929596,0.8687322735786438,0.8317684531211853,0.7850287556648254
130,0.5,0.9470582604408264,0.9449209570884705,0.9709303975105286,0.9986444711685181,0.4180457890033722,0.40124598145484924,0.347048819065094,0.6729352474212646,0.6152587532997131,0.6647611260414124,0.40830597281455994,0.8055372834205627,0.803864598274231,0.8144919276237488,0.757774293422699,0.8518336415290833,0.6513667702674866,0.7488687634468079,0.8576264977455139,0.8283944725990295,0.7920680642127991,0.952649712562561,0.9510945677757263,0.9739043116569519,0.9995267391204834,0.39317917823791504,0.3831420838832855,0.3379308879375458,0.7022485136985779,0.6247748136520386,0.6717185378074646,0.42370593547821045,0.801582932472229,0.8147819638252258,0.8274697065353394,0.7765751481056213,0.8775270581245422,0.6586084365844727,0.7652716636657715,0.866590678691864,0.8366641402244568,0.7741343975067139
131,0.5,0.9446771740913391,0.9434600472450256,0.9692221879959106,0.9986139535903931,0.4204861521720886,0.39505866169929504,0.35723409056663513,0.6788707375526428,0.6159039735794067,0.6615044474601746,0.40907201170921326,0.802344799041748,0.8048362135887146,0.8153392672538757,0.7607635855674744,0.860688328742981,0.6573074460029602,0.7485419511795044,0.8555773496627808,0.819453775882721,0.7852737903594971,0.9429224133491516,0.94720458984375,0.9683912396430969,0.9993664026260376,0.40374237298965454,0.4044075012207031,0.33939605951309204,0.6837140917778015,0.626215934753418,0.6704627275466919,0.4216419756412506,0.7890143394470215,0.8261919021606445,0.8248397707939148,0.7817030549049377,0.868540346622467,0.6734532117843628,0.7612030506134033,0.8601066470146179,0.8252080678939819,0.76103675365448
132,0.5,0.9487401247024536,0.947684645652771,0.972031831741333,0.9988407492637634,0.41806352138519287,0.401542991399765,0.3457593619823456,0.6725731492042542,0.6145628094673157,0.6680883169174194,0.40678098797798157,0.8058260679244995,0.8088471293449402,0.8169431686401367,0.7611196041107178,0.8523306250572205,0.649144172668457,0.7552581429481506,0.8556745052337646,0.8280885815620422,0.7955770492553711,0.9551482200622559,0.9528085589408875,0.9758082032203674,0.9996659755706787,0.39493709802627563,0.3829898238182068,0.33870846033096313,0.6942905783653259,0.6260887384414673,0.6798532009124756,0.4243423044681549,0.7993825078010559,0.8193234205245972,0.8291100859642029,0.7792690396308899,0.8824969530105591,0.6406059861183167,0.7744179964065552,0.8707318902015686,0.84088134765625,0.8040431141853333
133,0.5,0.9504922032356262,0.9467645883560181,0.9728002548217773,0.9986244440078735,0.4181585907936096,0.40424445271492004,0.3507349491119385,0.6783217787742615,0.6163368821144104,0.6697521209716797,0.40597397089004517,0.8039957284927368,0.8093670606613159,0.8125646710395813,0.7601277232170105,0.8524869680404663,0.6417931914329529,0.7564058303833008,0.8512246012687683,0.8310268521308899,0.8099371790885925,0.9452070593833923,0.9470794796943665,0.9713761210441589,0.9988671541213989,0.4054088890552521,0.3942653238773346,0.34321320056915283,0.701030433177948,0.6475851535797119,0.6720674633979797,0.42694374918937683,0.7926605343818665,0.8351384997367859,0.8252872824668884,0.7886597514152527,0.879859209060669,0.6443571448326111,0.7696696519851685,0.8641949892044067,0.8388376235961914,0.7986475825309753
134,0.5,0.9466652274131775,0.9446828961372375,0.9717115759849548,0.997581422328949,0.4198954105377197,0.3967989385128021,0.3519602119922638,0.6772606372833252,0.6229376196861267,0.6715273857116699,0.41211286187171936,0.798597514629364,0.8083922266960144,0.821611762046814,0.7633017897605896,0.8590561151504517,0.642662763595581,0.7607012987136841,0.8621237874031067,0.8272030353546143,0.8092994093894958,0.9530850648880005,0.9529775381088257,0.9741538166999817,0.9991936683654785,0.3910931348800659,0.3891754150390625,0.34625479578971863,0.6909841895103455,0.6262275576591492,0.6852461099624634,0.4262227416038513,0.7973232865333557,0.8243607878684998,0.8305540680885315,0.7884112000465393,0.8766500949859619,0.6488459706306458,0.7757589221000671,0.8734037280082703,0.8416985869407654,0.7967087030410767
135,0.5,0.9527298212051392,0.949135959148407,0.9751558303833008,0.9981579184532166,0.40990135073661804,0.39434128999710083,0.3546573519706726,0.675487756729126,0.6089134216308594,0.6703007817268372,0.4063265323638916,0.8083522319793701,0.8123160600662231,0.8234721422195435,0.7625610828399658,0.8640302419662476,0.6535937786102295,0.7643744349479675,0.8568150401115417,0.8394827246665955,0.7993202209472656,0.9533765912055969,0.9518172740936279,0.9744805097579956,0.9995754361152649,0.39536935091018677,0.3989503085613251,0.3507900834083557,0.6890031695365906,0.6262800097465515,0.6718894243240356,0.4195197522640228,0.7991542220115662,0.8202856779098511,0.8313754796981812,0.7857821583747864,0.8813270926475525,0.6659061908721924,0.7785398364067078,0.8708438277244568,0.8466153740882874,0.786030113697052
136,0.5,0.9473784565925598,0.9420262575149536,0.9716007709503174,0.9983341097831726,0.4167034327983856,0.39676037430763245,0.35375022888183594,0.6747471690177917,0.6156850457191467,0.6598071455955505,0.4058622121810913,0.809515118598938,0.809351921081543,0.8236125111579895,0.7635965347290039,0.8651942610740662,0.652094841003418,0.7594626545906067,0.8556505441665649,0.8356308341026306,0.7965171337127686,0.9453305602073669,0.9443535208702087,0.9711219072341919,0.9991570115089417,0.41726982593536377,0.393681138753891,0.34517788887023926,0.6868277192115784,0.663837730884552,0.6690618395805359,0.41750368475914,0.7963147759437561,0.8283862471580505,0.8268835544586182,0.7807542681694031,0.8770278692245483,0.655154824256897,0.769734263420105,0.8678880333900452,0.8330079913139343,0.7918549180030823
137,0.5,0.9481054544448853,0.9435644745826721,0.9726465344429016,0.9976690411567688,0.42149418592453003,0.3974197804927826,0.3545735478401184,0.6750330924987793,0.6241475939750671,0.6678050756454468,0.40550824999809265,0.8058581352233887,0.8129016160964966,0.8208653926849365,0.7664411067962646,0.8582082986831665,0.6499539017677307,0.7564977407455444,0.8553956747055054,0.8337059617042542,0.8004231452941895,0.9495542049407959,0.9478927254676819,0.9735285639762878,0.9992004036903381,0.3970862329006195,0.38493189215660095,0.33624890446662903,0.6884704232215881,0.6199626326560974,0.6714176535606384,0.41978776454925537,0.7987685203552246,0.8316664695739746,0.827342689037323,0.7857933640480042,0.8784918189048767,0.6659717559814453,0.7723851799964905,0.8689823746681213,0.8418448567390442,0.775371789932251
138,0.5,0.949582040309906,0.9450744986534119,0.9734619855880737,0.997279167175293,0.4176444709300995,0.39411821961402893,0.3549903333187103,0.6737287640571594,0.6138112545013428,0.668950617313385,0.4045652747154236,0.8078171014785767,0.8160974383354187,0.8179104328155518,0.7682327032089233,0.8589120507240295,0.6593111157417297,0.7644184231758118,0.8611486554145813,0.8375722765922546,0.7892622351646423,0.9542672634124756,0.9557892084121704,0.9777636528015137,0.9991860389709473,0.3899151086807251,0.3863525092601776,0.34973183274269104,0.6828965544700623,0.6287927031517029,0.6821271777153015,0.4255860447883606,0.8072956204414368,0.8445212244987488,0.8324959874153137,0.790736734867096,0.8859989047050476,0.6654394268989563,0.7899242639541626,0.8787837624549866,0.8456663489341736,0.7894802093505859
139,0.5,0.9519335031509399,0.9485300183296204,0.9741754531860352,0.9986733794212341,0.41543906927108765,0.3982726037502289,0.3698825538158417,0.6732024550437927,0.618850827217102,0.6666589975357056,0.40885239839553833,0.8119836449623108,0.8127264380455017,0.8186905980110168,0.7643331289291382,0.8588114976882935,0.6500051021575928,0.7747842669487,0.8577117323875427,0.8333320617675781,0.8054248094558716,0.9434223771095276,0.9438883066177368,0.970140278339386,0.9985001683235168,0.4016898274421692,0.3977828025817871,0.3472958207130432,0.6851927042007446,0.6206316351890564,0.673533022403717,0.42666223645210266,0.7964405417442322,0.8272208571434021,0.8261532187461853,0.78272545337677,0.8794060945510864,0.6648439168930054,0.7746561169624329,0.8717197179794312,0.8401429653167725,0.7791762948036194
140,0.5,0.9460294246673584,0.9436392188072205,0.9715065360069275,0.9969295859336853,0.41815656423568726,0.3993021249771118,0.3577607274055481,0.6762092113494873,0.6204710602760315,0.6721860766410828,0.4118231534957886,0.8042241334915161,0.8105165958404541,0.8214597702026367,0.7611880898475647,0.8636285662651062,0.6534816026687622,0.7662304639816284,0.8561094403266907,0.8344634771347046,0.7953240275382996,0.9532501697540283,0.9538517594337463,0.9756345152854919,0.9992189407348633,0.390059232711792,0.3949374556541443,0.35271722078323364,0.6920418739318848,0.6229512691497803,0.6837367415428162,0.425773948431015,0.7942999005317688,0.8238213062286377,0.8332851529121399,0.787217378616333,0.8856666684150696,0.6499358415603638,0.7899759411811829,0.8771476149559021,0.8455885648727417,0.7970463633537292
141,0.5,0.9489566087722778,0.9449083209037781,0.9740315675735474,0.9978839755058289,0.4145817160606384,0.40032556653022766,0.3722876310348511,0.6789578795433044,0.6185699105262756,0.6712814569473267,0.40924450755119324,0.8003272414207458,0.8149694800376892,0.822136402130127,0.7593213319778442,0.8616552948951721,0.6604716181755066,0.7702328562736511,0.8685888051986694,0.8337180614471436,0.7960504293441772,0.9499830007553101,0.9481683969497681,0.9741327166557312,0.9990898370742798,0.40047186613082886,0.39263516664505005,0.3620246350765228,0.7006606459617615,0.613398015499115,0.6814769506454468,0.42831429839134216,0.7945559024810791,0.8227874040603638,0.8311302065849304,0.7814449071884155,0.8838179111480713,0.6835776567459106,0.7811567187309265,0.8726269602775574,0.8438637256622314,0.759925901889801
142,0.5,0.9511010050773621,0.946254312992096,0.9747294783592224,0.9973452687263489,0.42083895206451416,0.40512436628341675,0.37429723143577576,0.6777253746986389,0.6191557049751282,0.673163652420044,0.4078279137611389,0.8061791062355042,0.8093022108078003,0.8222862482070923,0.7660702466964722,0.8630226850509644,0.6657497882843018,0.7674780488014221,0.8660341501235962,0.84156334400177,0.7899489998817444,0.9546749591827393,0.9527095556259155,0.9755756855010986,0.9989895224571228,0.3975255787372589,0.3955676257610321,0.350187748670578,0.6888279318809509,0.634623646736145,0.6816177368164062,0.4263306260108948,0.7925412654876709,0.8202477693557739,0.8330770134925842,0.7845617532730103,0.8790045380592346,0.681107759475708,0.7879611849784851,0.8721728324890137,0.848311722278595,0.768844485282898
143,0.5,0.9526240825653076,0.9474680423736572,0.9741049408912659,0.9977834224700928,0.4134253263473511,0.398404061794281,0.3677150309085846,0.67661452293396,0.6228594779968262,0.6724269390106201,0.4127648174762726,0.8031592965126038,0.8021870851516724,0.8286851048469543,0.770075261592865,0.8616949915885925,0.6642382740974426,0.7741705179214478,0.8588376045227051,0.8381035327911377,0.7871596813201904,0.9531917572021484,0.9486409425735474,0.9743083715438843,0.9983677864074707,0.3973948657512665,0.3954331874847412,0.35426610708236694,0.6892231106758118,0.6211825013160706,0.6872152090072632,0.42776957154273987,0.7937784194946289,0.8135162591934204,0.830569863319397,0.780957818031311,0.8828437328338623,0.6784248948097229,0.7840738892555237,0.8787257075309753,0.8415043950080872,0.7738505005836487
144,0.5,0.9542763829231262,0.9496616721153259,0.9757987260818481,0.9975713491439819,0.4120963513851166,0.3983311057090759,0.37484022974967957,0.6730692982673645,0.6251154541969299,0.675629734992981,0.41000688076019287,0.8104862570762634,0.7989546656608582,0.8253873586654663,0.7681086659431458,0.8665493726730347,0.6638597249984741,0.7797494530677795,0.8696016073226929,0.8463085293769836,0.7923065423965454,0.9558441042900085,0.9535515904426575,0.9760646224021912,0.9990358948707581,0.4021953046321869,0.3854769468307495,0.3668040931224823,0.6866698861122131,0.636643648147583,0.6797268390655518,0.42359551787376404,0.800046443939209,0.8185657858848572,0.8325945138931274,0.7817303538322449,0.8836291432380676,0.6715929508209229,0.7983963489532471,0.8777950406074524,0.8531662225723267,0.7862292528152466
145,0.5,0.9515820741653442,0.9480088353157043,0.9741154313087463,0.9984447360038757,0.42260223627090454,0.4069928824901581,0.37068971991539,0.6765441298484802,0.6257948279380798,0.672553300857544,0.4076230525970459,0.8024563193321228,0.805768609046936,0.8229188323020935,0.7691202163696289,0.8621332049369812,0.6595849990844727,0.7750535607337952,0.8672796487808228,0.8424602150917053,0.7978733777999878,0.9558058381080627,0.9559704661369324,0.9774655103683472,0.9996993541717529,0.4086151719093323,0.40802034735679626,0.35620826482772827,0.699674665927887,0.6462460160255432,0.6799342632293701,0.41944363713264465,0.8014155030250549,0.8238853216171265,0.8320302963256836,0.79332435131073,0.8778644800186157,0.6706987023353577,0.7977748513221741,0.8766393065452576,0.8561084270477295,0.7842615842819214
146,0.5,0.9543005228042603,0.9492988586425781,0.9767988324165344,0.996878445148468,0.41802269220352173,0.40489643812179565,0.37176626920700073,0.6753422617912292,0.6196237206459045,0.6758219003677368,0.40628334879875183,0.8100764751434326,0.8084153532981873,0.8244054317474365,0.7709360122680664,0.8689473867416382,0.6636872887611389,0.7809092998504639,0.8672780990600586,0.8493341207504272,0.7959257364273071,0.9563595652580261,0.954494297504425,0.9777944087982178,0.9992455840110779,0.4064699709415436,0.39818236231803894,0.36629050970077515,0.6979520916938782,0.6492341160774231,0.685527503490448,0.421921044588089,0.8014456033706665,0.8242154121398926,0.8344696760177612,0.7852842807769775,0.8859996199607849,0.67950439453125,0.7992357015609741,0.8796392679214478,0.8532612323760986,0.7793205976486206
147,0.5,0.9522383809089661,0.9491214156150818,0.9753828048706055,0.9976620078086853,0.4197787046432495,0.4045383036136627,0.380257248878479,0.6791562438011169,0.6265985369682312,0.6800107955932617,0.4081788957118988,0.8037088513374329,0.8123169541358948,0.8246249556541443,0.7771095037460327,0.8616309762001038,0.6706638932228088,0.7811018824577332,0.8579168915748596,0.8403075337409973,0.7861042618751526,0.9520443081855774,0.956691324710846,0.9764208793640137,0.9989410638809204,0.404422789812088,0.3920503854751587,0.37688615918159485,0.6918094158172607,0.6528138518333435,0.686411440372467,0.4264416992664337,0.8001192808151245,0.834934413433075,0.8330260515213013,0.7953145503997803,0.8840832710266113,0.6623872518539429,0.7998958230018616,0.8811300992965698,0.8507857322692871,0.7937496900558472
148,0.5,0.9531068205833435,0.9491121768951416,0.9753742814064026,0.9966719746589661,0.4200766980648041,0.41088029742240906,0.385503888130188,0.6759836077690125,0.6283248066902161,0.6771650910377502,0.40579313039779663,0.8092802166938782,0.8168409466743469,0.824812114238739,0.7758849859237671,0.868396520614624,0.6581116914749146,0.781309187412262,0.8661256432533264,0.8430691361427307,0.804066002368927,0.9525263905525208,0.9553462862968445,0.9759869575500488,0.9993388652801514,0.39296841621398926,0.3907579481601715,0.38258084654808044,0.6872286200523376,0.6348606944084167,0.6883101463317871,0.42391476035118103,0.8003184199333191,0.8377687931060791,0.8335651755332947,0.796147346496582,0.8853933811187744,0.6779989004135132,0.8023471236228943,0.8833731412887573,0.8502056002616882,0.7845295667648315
149,0.5,0.9521152973175049,0.9493342638015747,0.976021945476532,0.9978703260421753,0.4216371178627014,0.409635454416275,0.39924362301826477,0.6777215003967285,0.6249927878379822,0.6799896955490112,0.4080086946487427,0.8092265129089355,0.819814145565033,0.8268270492553711,0.7724436521530151,0.8677403926849365,0.6693617105484009,0.7815855145454407,0.8673831820487976,0.8449422717094421,0.7911127209663391,0.9568224549293518,0.9576572179794312,0.9779685139656067,0.9990489482879639,0.4092015027999878,0.3953048288822174,0.39462989568710327,0.6858499050140381,0.6498779058456421,0.6929617524147034,0.4227893054485321,0.8049488067626953,0.8299985527992249,0.8346423506736755,0.7894760966300964,0.8817792534828186,0.6833301782608032,0.8102257251739502,0.8775618076324463,0.8524921536445618,0.7738702297210693
150,0.5,0.9552153944969177,0.9520023465156555,0.9770121574401855,0.9981353282928467,0.416662335395813,0.4155098497867584,0.40175390243530273,0.6707491874694824,0.6243671178817749,0.6781479716300964,0.40739136934280396,0.8143759369850159,0.8183110952377319,0.8182835578918457,0.7787988781929016,0.8564702272415161,0.6649627089500427,0.7856245040893555,0.8701228499412537,0.8453307747840881,0.7961210012435913,0.9553021192550659,0.9541054368019104,0.9767990112304688,0.9984514713287354,0.39204975962638855,0.4168504476547241,0.40274420380592346,0.6903613805770874,0.6195418834686279,0.6839547753334045,0.42613351345062256,0.8042265176773071,0.8347887396812439,0.8309268355369568,0.7975826263427734,0.885722815990448,0.6835904121398926,0.8031776547431946,0.8797724843025208,0.8533726334571838,0.7740212678909302
151,0.5,0.9530395269393921,0.9484997987747192,0.9752739667892456,0.9975659251213074,0.4197060167789459,0.41715529561042786,0.4106816351413727,0.6730557680130005,0.6257941722869873,0.6787272691726685,0.4085882604122162,0.8094139099121094,0.8143060803413391,0.8205295205116272,0.7764160633087158,0.8614035844802856,0.6749991774559021,0.7822895646095276,0.8658941388130188,0.8423542380332947,0.7840840816497803,0.9550293684005737,0.952334463596344,0.976106584072113,0.9993367195129395,0.4058838486671448,0.41859033703804016,0.4018917381763458,0.6948174238204956,0.6293196678161621,0.6883035898208618,0.42204955220222473,0.8034358620643616,0.8288753628730774,0.8314539194107056,0.79856938123703,0.8859516978263855,0.689824104309082,0.8012063503265381,0.8746068477630615,0.8474597930908203,0.7755345702171326
152,0.5,0.9532080888748169,0.9495246410369873,0.9758634567260742,0.996792733669281,0.42240434885025024,0.4122997522354126,0.4108671247959137,0.6737014055252075,0.6222248673439026,0.675862729549408,0.40572589635849,0.8108105659484863,0.814903736114502,0.8223419785499573,0.7784401774406433,0.8680235743522644,0.6744394898414612,0.7845291495323181,0.8689680099487305,0.8463593125343323,0.7891108989715576,0.9540045261383057,0.9561352729797363,0.9773985147476196,0.9990046620368958,0.4027289152145386,0.41057783365249634,0.4117521643638611,0.6920015811920166,0.6536462903022766,0.690400242805481,0.4249812662601471,0.800732433795929,0.841213047504425,0.8339366912841797,0.8009559512138367,0.8877379298210144,0.6894689202308655,0.8033508062362671,0.8775120377540588,0.8516404628753662,0.7718300819396973
153,0.5,0.9531368613243103,0.9509071707725525,0.9763729572296143,0.9975193738937378,0.42000895738601685,0.41550561785697937,0.4145921766757965,0.6752261519432068,0.6302309632301331,0.6810003519058228,0.4067867398262024,0.8068914413452148,0.8257829546928406,0.8217268586158752,0.7768915295600891,0.859265923500061,0.6699725389480591,0.7834885716438293,0.8725519180297852,0.8443107604980469,0.7940395474433899,0.9529131650924683,0.9559073448181152,0.9765965342521667,0.9993718862533569,0.4081398844718933,0.4001241624355316,0.4224749505519867,0.6882317066192627,0.6509168744087219,0.6854667067527771,0.4204501211643219,0.7990803122520447,0.8393226265907288,0.8333445191383362,0.7933655381202698,0.8849234580993652,0.678175151348114,0.8085449934005737,0.8834683895111084,0.8511256575584412,0.786149799823761
154,0.5,0.9546078443527222,0.9538525342941284,0.9764052629470825,0.9977924823760986,0.41842666268348694,0.41864776611328125,0.4231766164302826,0.6779050827026367,0.6282246112823486,0.680975079536438,0.4064824879169464,0.8140343427658081,0.820845365524292,0.8252747654914856,0.7800764441490173,0.864724338054657,0.6675196886062622,0.7932437062263489,0.8629962801933289,0.8487764596939087,0.8005778789520264,0.9532251954078674,0.9581781029701233,0.9770828485488892,0.9990065097808838,0.40344324707984924,0.4290558397769928,0.4281877279281616,0.6878038644790649,0.6571171283721924,0.6939210891723633,0.4285464882850647,0.8047133684158325,0.8434598445892334,0.8366740942001343,0.8016375303268433,0.8841043710708618,0.6850826740264893,0.8116987347602844,0.8818498253822327,0.8538909554481506,0.7755259871482849
155,0.5,0.9516962170600891,0.9506105184555054,0.9751558303833008,0.9976158142089844,0.42077118158340454,0.42697516083717346,0.4287617802619934,0.6820297241210938,0.6255751848220825,0.6781303286552429,0.4072055518627167,0.8089113235473633,0.8198671340942383,0.8218861222267151,0.779634416103363,0.8682002425193787,0.675672709941864,0.7839545607566833,0.8646089434623718,0.8467692136764526,0.7874841690063477,0.9493842720985413,0.9522979259490967,0.9727930426597595,0.9977139234542847,0.3967432379722595,0.41807302832603455,0.4299641251564026,0.6945717334747314,0.6401567459106445,0.6838400363922119,0.4277363121509552,0.7970679402351379,0.8350486159324646,0.8346505761146545,0.7980393171310425,0.8814423680305481,0.6858595609664917,0.8037015795707703,0.879463255405426,0.8462430834770203,0.7752810716629028
156,0.5,0.9535239934921265,0.9518831372261047,0.9756413102149963,0.9975031614303589,0.42076775431632996,0.4271693229675293,0.4323665499687195,0.674897313117981,0.6295597553253174,0.6787309050559998,0.40742963552474976,0.8133058547973633,0.8195733428001404,0.8245047926902771,0.7826722264289856,0.8693944215774536,0.6706888675689697,0.7910138964653015,0.8726330399513245,0.8459567427635193,0.7955995798110962,0.9572519659996033,0.9592034816741943,0.9781373143196106,0.9985412359237671,0.4039727449417114,0.4395546317100525,0.43497246503829956,0.6901904344558716,0.6511183977127075,0.6931086182594299,0.42793217301368713,0.8072320818901062,0.8350083827972412,0.8357669115066528,0.8093360066413879,0.8867946267127991,0.6754802465438843,0.816142201423645,0.8799862861633301,0.8580181002616882,0.7857388854026794
157,0.5,0.9574699401855469,0.9535001516342163,0.9776889085769653,0.997460126876831,0.41839736700057983,0.42171433568000793,0.4432939887046814,0.6797548532485962,0.6252827048301697,0.6823173761367798,0.4066304862499237,0.8063522577285767,0.826759934425354,0.8291493654251099,0.7811362743377686,0.8698530793190002,0.6698827743530273,0.790269136428833,0.8659886121749878,0.8537837862968445,0.7982116341590881,0.9577904343605042,0.9571138024330139,0.9792668223381042,0.9993186593055725,0.4063470661640167,0.42060527205467224,0.434464693069458,0.6951375603675842,0.6425395011901855,0.6894317269325256,0.42380210757255554,0.8017759919166565,0.8463581204414368,0.834503710269928,0.8022980093955994,0.8927722573280334,0.6857244372367859,0.8162201046943665,0.8759257793426514,0.856235682964325,0.7796934843063354
158,0.5,0.953390896320343,0.9498093128204346,0.9755849838256836,0.9981732368469238,0.4275016784667969,0.4257082939147949,0.44767624139785767,0.6804278492927551,0.6342383623123169,0.6820910573005676,0.4088631868362427,0.807935893535614,0.8219404220581055,0.8262688517570496,0.7864862680435181,0.8680976033210754,0.6708547472953796,0.7896970510482788,0.8611333966255188,0.8513925671577454,0.798319935798645,0.9504073858261108,0.9540649056434631,0.9753060936927795,0.9967589378356934,0.4032801687717438,0.42518213391304016,0.44645556807518005,0.6920080780982971,0.6576229333877563,0.6936010718345642,0.4303727447986603,0.8003903031349182,0.8401414752006531,0.8321858048439026,0.8063848614692688,0.8871825933456421,0.6767779588699341,0.8088773488998413,0.8811962008476257,0.8550913333892822,0.7869078516960144
159,0.5,0.955406904220581,0.9509931802749634,0.9774311780929565,0.9955514073371887,0.42441120743751526,0.42759472131729126,0.46418529748916626,0.6760656237602234,0.6257902979850769,0.6807935833930969,0.40826696157455444,0.8115524053573608,0.82539302110672,0.8297373056411743,0.7809363007545471,0.872948408126831,0.6724711656570435,0.7867087721824646,0.8600281476974487,0.8580664992332458,0.7989400625228882,0.9514333009719849,0.9571171402931213,0.9768291115760803,0.9969900846481323,0.3890801966190338,0.4298821985721588,0.4548085331916809,0.6913634538650513,0.6176540851593018,0.7011063098907471,0.4305883049964905,0.7975570559501648,0.860881507396698,0.8361610770225525,0.8060712218284607,0.8891213536262512,0.6880848407745361,0.8175145387649536,0.8889363408088684,0.8564620018005371,0.782350480556488
160,0.5,0.9555605053901672,0.951149582862854,0.9777690172195435,0.9956503510475159,0.42057734727859497,0.4325504004955292,0.4832669198513031,0.6747226119041443,0.6226732134819031,0.685722291469574,0.4107126295566559,0.809257447719574,0.8271583318710327,0.8297324776649475,0.7843719124794006,0.8680331707000732,0.6760412454605103,0.7882203459739685,0.8644347786903381,0.8527955412864685,0.80031818151474,0.9499055743217468,0.9539200067520142,0.9761471748352051,0.9978439211845398,0.39714062213897705,0.4223708212375641,0.4743717312812805,0.7088048458099365,0.641379177570343,0.6954212784767151,0.4286687970161438,0.7998319268226624,0.8604670166969299,0.8336353302001953,0.8088045716285706,0.8835065960884094,0.6886698007583618,0.8078883290290833,0.8869521021842957,0.8550114035606384,0.7790498733520508
161,0.5,0.9551182389259338,0.9524100422859192,0.9771989583969116,0.9972332119941711,0.41922393441200256,0.4328703284263611,0.5009551048278809,0.6751003861427307,0.6309149861335754,0.6870371103286743,0.4061748683452606,0.8119469285011292,0.8306573629379272,0.8263724446296692,0.7803364992141724,0.8679852485656738,0.6838610172271729,0.7805615663528442,0.8604015707969666,0.8547618985176086,0.7864646911621094,0.9509215354919434,0.9540212154388428,0.9760157465934753,0.9974893927574158,0.4083331525325775,0.42769676446914673,0.4807114601135254,0.6939056515693665,0.64612877368927,0.6864731907844543,0.42484161257743835,0.7983073592185974,0.854012131690979,0.8341997265815735,0.7994748950004578,0.8845961093902588,0.7010658383369446,0.8152920007705688,0.8806239366531372,0.8557962775230408,0.7659813761711121
162,0.5,0.9531848430633545,0.9496177434921265,0.9764390587806702,0.996356725692749,0.42222416400909424,0.4289891719818115,0.5121881365776062,0.680042564868927,0.6270543932914734,0.686802089214325,0.40994831919670105,0.8028205633163452,0.8268126845359802,0.827782392501831,0.7824499011039734,0.8707225322723389,0.6857534646987915,0.7883222103118896,0.8681744337081909,0.8500915169715881,0.7814264297485352,0.9520559310913086,0.9544368386268616,0.9770339727401733,0.9976420402526855,0.40208524465560913,0.4172220826148987,0.5209177136421204,0.6911858320236206,0.639424204826355,0.6890488862991333,0.4293251037597656,0.7980238795280457,0.8460425138473511,0.8325008749961853,0.8042656183242798,0.8828821778297424,0.7011228799819946,0.8168899416923523,0.8858847618103027,0.8543223142623901,0.7693207263946533
163,0.5,0.9523033499717712,0.9500206708908081,0.9759669303894043,0.9974367022514343,0.42269864678382874,0.4337499439716339,0.5318058133125305,0.6775732636451721,0.6281615495681763,0.6839942932128906,0.40981408953666687,0.8085374236106873,0.8240497708320618,0.8286119103431702,0.7842279672622681,0.8639976978302002,0.6811879873275757,0.781840980052948,0.8682450652122498,0.846892237663269,0.7909762859344482,0.9517108798027039,0.9533756971359253,0.9761703014373779,0.9979002475738525,0.40391844511032104,0.4398579001426697,0.5389816761016846,0.6856433153152466,0.649358868598938,0.6888028383255005,0.42562568187713623,0.797617495059967,0.8436923027038574,0.8323251605033875,0.8080697059631348,0.8815390467643738,0.6966149806976318,0.8075981736183167,0.881563127040863,0.8503308892250061,0.7692759037017822
164,0.5,0.9546021223068237,0.9499357342720032,0.9766185283660889,0.998177707195282,0.41905197501182556,0.4337612986564636,0.5451419949531555,0.6786507368087769,0.6280590295791626,0.685420036315918,0.40754419565200806,0.808946430683136,0.8240302205085754,0.8291904330253601,0.7851115465164185,0.8702656626701355,0.6897302269935608,0.7893412709236145,0.8670079708099365,0.8515580892562866,0.7888410687446594,0.9538167715072632,0.9536355137825012,0.975986123085022,0.9975659847259521,0.4074054956436157,0.4384513199329376,0.5683711171150208,0.6905850768089294,0.6553369760513306,0.6979702711105347,0.4273010492324829,0.797147274017334,0.8397421836853027,0.8357629776000977,0.8053901791572571,0.8936722874641418,0.705506443977356,0.8059074282646179,0.8851907849311829,0.8486223220825195,0.7680150866508484
165,0.5,0.9510073661804199,0.9474152326583862,0.9751124978065491,0.9969475865364075,0.42457130551338196,0.4361286163330078,0.5678075551986694,0.6763766407966614,0.6289213299751282,0.6857232451438904,0.40589556097984314,0.8061457872390747,0.8258762955665588,0.8244985342025757,0.7812984585762024,0.869676947593689,0.6901370286941528,0.7817997336387634,0.8700816631317139,0.8517289757728577,0.785517156124115,0.9537889361381531,0.9507263898849487,0.977493405342102,0.9989429712295532,0.399954229593277,0.4324016869068146,0.5716627240180969,0.6828441619873047,0.6200498938560486,0.6924580335617065,0.426990270614624,0.7983625531196594,0.836784839630127,0.8345189094543457,0.7991004586219788,0.8882074952125549,0.6977987885475159,0.8075080513954163,0.8795161843299866,0.8548463582992554,0.7736416459083557
166,0.5,0.9539619088172913,0.9502290487289429,0.9770142436027527,0.9959476590156555,0.422700434923172,0.4396037757396698,0.582868218421936,0.6790302395820618,0.6321252584457397,0.6880905628204346,0.40922561287879944,0.8079386949539185,0.8234546780586243,0.8313179016113281,0.7773968577384949,0.8729519844055176,0.6864700317382812,0.7848382592201233,0.8645743727684021,0.853280246257782,0.7870556712150574,0.9559057950973511,0.9541903734207153,0.9779409766197205,0.9980304837226868,0.4119749069213867,0.4476466178894043,0.6080791354179382,0.6866178512573242,0.6429543495178223,0.7018857002258301,0.42510363459587097,0.7947589755058289,0.8411721587181091,0.837195873260498,0.7998759150505066,0.8690874576568604,0.69427090883255,0.8080992102622986,0.8843100666999817,0.8595295548439026,0.7730127573013306
167,0.5,0.9557835459709167,0.9510735869407654,0.9774072766304016,0.9979094862937927,0.42634493112564087,0.4407802224159241,0.6012592911720276,0.676943302154541,0.6302515864372253,0.6903058290481567,0.41056081652641296,0.8099882006645203,0.8275157809257507,0.8279133439064026,0.7884736657142639,0.8648833632469177,0.6878786087036133,0.787352442741394,0.8703813552856445,0.8544421792030334,0.7850485444068909,0.9598270058631897,0.9578883051872253,0.9814383387565613,0.9989256262779236,0.4018620252609253,0.4475310146808624,0.6022058725357056,0.6971555352210999,0.6351778507232666,0.6943603754043579,0.4233090877532959,0.7997220754623413,0.8594523072242737,0.8367201089859009,0.8077467679977417,0.8978016972541809,0.7022256851196289,0.820252537727356,0.8904500007629395,0.8641874194145203,0.776663601398468
168,0.5,0.9574501514434814,0.9519305229187012,0.9786567091941833,0.998302161693573,0.4258444309234619,0.43817606568336487,0.6086327433586121,0.6852795481681824,0.6384204030036926,0.6882858872413635,0.4078713655471802,0.80183345079422,0.825232744216919,0.830376148223877,0.7857533693313599,0.8730843663215637,0.701756477355957,0.790215015411377,0.8816940784454346,0.8524044752120972,0.7708350419998169,0.9571079015731812,0.9571254849433899,0.9787706136703491,0.9982504844665527,0.40293261408805847,0.4413608908653259,0.6215922832489014,0.6913929581642151,0.6420297622680664,0.6980599164962769,0.42861509323120117,0.7953692674636841,0.8452636003494263,0.8386648893356323,0.8098803162574768,0.8907344937324524,0.7142724990844727,0.8164704442024231,0.8840534090995789,0.8624136447906494,0.750512957572937
169,0.5,0.9594234824180603,0.9536415338516235,0.9802151918411255,0.9976174235343933,0.4276542365550995,0.4414070248603821,0.6263433694839478,0.6850208640098572,0.6317192316055298,0.6887465119361877,0.4105975329875946,0.8019427061080933,0.8273941874504089,0.8335663676261902,0.7834295630455017,0.8736055493354797,0.6937058568000793,0.7938520312309265,0.8766213059425354,0.8623759746551514,0.7821387648582458,0.9597097635269165,0.958289623260498,0.9807144403457642,0.9996150135993958,0.42282095551490784,0.44737371802330017,0.641078770160675,0.6947296857833862,0.6474544405937195,0.6984734535217285,0.42845889925956726,0.798337996006012,0.8487675189971924,0.8403658270835876,0.8074233531951904,0.8941330313682556,0.6978827118873596,0.820744514465332,0.8844269514083862,0.8645907044410706,0.7776110172271729
170,0.5,0.9567561745643616,0.9531897902488708,0.9783459901809692,0.9969184398651123,0.432689368724823,0.4463878273963928,0.6337924003601074,0.6811566352844238,0.640449583530426,0.6883571147918701,0.41022786498069763,0.8021237254142761,0.8271360993385315,0.8366757035255432,0.7843683958053589,0.8738757371902466,0.6933878660202026,0.7917659878730774,0.8798577189445496,0.853435218334198,0.7916538119316101,0.9569659233093262,0.9579166769981384,0.9788788557052612,0.9980245232582092,0.4237232506275177,0.4681626558303833,0.639455258846283,0.6884429454803467,0.6756690144538879,0.7012622356414795,0.4255254864692688,0.7978860139846802,0.8482573628425598,0.840249240398407,0.8079803586006165,0.8910290002822876,0.6982393860816956,0.817952573299408,0.8917825818061829,0.8530397415161133,0.7833231091499329
171,0.5,0.9581804275512695,0.9528902173042297,0.9787524342536926,0.9971925616264343,0.42524483799934387,0.4444836974143982,0.6386088728904724,0.6793334484100342,0.6336408853530884,0.685978889465332,0.4097699224948883,0.8060383200645447,0.8308427929878235,0.8313199281692505,0.7901743650436401,0.8731321692466736,0.6915612816810608,0.7928531765937805,0.8713124990463257,0.8536518216133118,0.7965299487113953,0.954189121723175,0.9559587240219116,0.9772527813911438,0.9981008768081665,0.4104907214641571,0.44353440403938293,0.650550365447998,0.6877042651176453,0.6529415249824524,0.696459174156189,0.42606282234191895,0.7966858744621277,0.8588613271713257,0.8374821543693542,0.8107370734214783,0.8961594700813293,0.6982970237731934,0.8190426826477051,0.8864463567733765,0.8619353771209717,0.7814128398895264
172,0.5,0.9559822678565979,0.9526565074920654,0.9779576063156128,0.9977973103523254,0.42282551527023315,0.4463340640068054,0.6491283774375916,0.6816708445549011,0.6339651942253113,0.6889904141426086,0.4062103033065796,0.8081867098808289,0.836006760597229,0.8303266763687134,0.7947755455970764,0.8794171810150146,0.6978283524513245,0.7903799414634705,0.8704243302345276,0.858235776424408,0.7941203713417053,0.9532158970832825,0.9572662115097046,0.9772920608520508,0.9969838857650757,0.40618976950645447,0.4351842403411865,0.6713818907737732,0.6967833638191223,0.6586034297943115,0.6987420916557312,0.42987164855003357,0.7961955070495605,0.8633750081062317,0.8391503095626831,0.8179196715354919,0.8940295577049255,0.7071310877799988,0.8231998085975647,0.8918510675430298,0.8610047698020935,0.7748318314552307
173,0.5,0.9534961581230164,0.950090765953064,0.9769129753112793,0.9977545142173767,0.42888641357421875,0.44589555263519287,0.6627668738365173,0.6831391453742981,0.6328780651092529,0.6914718151092529,0.4098733067512512,0.8004343509674072,0.8342152237892151,0.8323413133621216,0.7962228655815125,0.8758832216262817,0.7029950022697449,0.7895663380622864,0.8746634125709534,0.8558741807937622,0.7824507355690002,0.9555805325508118,0.9589212536811829,0.9778189659118652,0.9985382556915283,0.40917161107063293,0.4506973624229431,0.6785995960235596,0.7029444575309753,0.649619460105896,0.7024398446083069,0.4285478889942169,0.795989453792572,0.8548402786254883,0.8408578038215637,0.8194326162338257,0.8900899887084961,0.7029561996459961,0.8227605223655701,0.8875277638435364,0.8619062304496765,0.778956413269043
174,0.5,0.9584326148033142,0.9549065232276917,0.9789404273033142,0.9974861741065979,0.42424964904785156,0.4487091898918152,0.6657974720001221,0.6820616126060486,0.6391838192939758,0.6919553279876709,0.40790489315986633,0.8081169128417969,0.8334301114082336,0.8352661728858948,0.7942652702331543,0.8738464713096619,0.694625198841095,0.7960729598999023,0.8723951578140259,0.8588855266571045,0.7967628836631775,0.9577397704124451,0.9601013660430908,0.980198860168457,0.9991402626037598,0.4105866551399231,0.4479796290397644,0.6975374817848206,0.7024489045143127,0.6561107635498047,0.7075912356376648,0.4312801659107208,0.8002694845199585,0.8668944835662842,0.8449384570121765,0.8108727335929871,0.9036387801170349,0.6988323926925659,0.8307257294654846,0.8884958028793335,0.8651566505432129,0.7875795364379883
175,0.5,0.9577179551124573,0.9537613391876221,0.9789794683456421,0.9977625608444214,0.4271528720855713,0.4551159143447876,0.6807267069816589,0.6803674697875977,0.6403477191925049,0.6924748420715332,0.4094827473163605,0.805887758731842,0.8291623592376709,0.833522617816925,0.7883589863777161,0.8816586136817932,0.7048622369766235,0.7999956011772156,0.8766469955444336,0.8628509044647217,0.7931463122367859,0.9606879949569702,0.9606264233589172,0.9805708527565002,0.9980684518814087,0.39774760603904724,0.44061535596847534,0.6982651352882385,0.6977601051330566,0.6330653429031372,0.7039411664009094,0.4270263612270355,0.8063205480575562,0.8435946106910706,0.8420407176017761,0.811257004737854,0.8995004892349243,0.7144759297370911,0.8297333121299744,0.8990694284439087,0.8642238974571228,0.7782977223396301
176,0.5,0.9583987593650818,0.9542030096054077,0.9790988564491272,0.9974744915962219,0.4212070107460022,0.4494043290615082,0.6815513968467712,0.6814586520195007,0.6288151741027832,0.6966763138771057,0.4078005850315094,0.806351363658905,0.8285421133041382,0.8322349190711975,0.7975515723228455,0.8775773644447327,0.7056445479393005,0.8032630085945129,0.8792800903320312,0.8575206398963928,0.7925596833229065,0.9557443857192993,0.959150493144989,0.9784740209579468,0.9976480603218079,0.40951839089393616,0.454951673746109,0.7088557481765747,0.6879715919494629,0.6605793833732605,0.7047262191772461,0.42596617341041565,0.7940409183502197,0.8554367423057556,0.8426404595375061,0.815441906452179,0.8900802731513977,0.7108331918716431,0.8293498158454895,0.8905543088912964,0.8633924126625061,0.7758564352989197
177,0.5,0.9569076299667358,0.9538210034370422,0.9797351360321045,0.998580276966095,0.4261558949947357,0.45444542169570923,0.6832782030105591,0.682864248752594,0.6401011943817139,0.6896397471427917,0.408770352602005,0.8069460391998291,0.8357264995574951,0.8359982371330261,0.790605902671814,0.8726447224617004,0.7134872674942017,0.8021610379219055,0.8768224716186523,0.8590015769004822,0.7917287349700928,0.9623284339904785,0.962348222732544,0.9825289845466614,0.99915611743927,0.40973353385925293,0.45048630237579346,0.7081588506698608,0.6949914693832397,0.6579186916351318,0.7019041180610657,0.42666736245155334,0.806257426738739,0.8580936789512634,0.8429116010665894,0.8180736899375916,0.8990508317947388,0.7243583798408508,0.8321472406387329,0.8950895667076111,0.8664804100990295,0.7656633853912354
178,0.5,0.9606374502182007,0.9569336771965027,0.9806902408599854,0.9974905848503113,0.42176058888435364,0.4500294625759125,0.7012019157409668,0.6773680448532104,0.6392202377319336,0.6935787796974182,0.4081477224826813,0.8164578676223755,0.8370322585105896,0.8335477709770203,0.7964900135993958,0.8777996897697449,0.7089875936508179,0.8092560172080994,0.8768162727355957,0.8603284358978271,0.7995582818984985,0.9580107927322388,0.9597612619400024,0.9803069233894348,0.9985354542732239,0.40557003021240234,0.44476109743118286,0.7224685549736023,0.6894513368606567,0.6563642024993896,0.7033625245094299,0.4262765944004059,0.8066626787185669,0.8734099864959717,0.84043288230896,0.8187470436096191,0.8967707753181458,0.7160853743553162,0.8317564129829407,0.897489070892334,0.8631335496902466,0.7801022529602051
179,0.5,0.9591003656387329,0.9526625871658325,0.9797512888908386,0.9982802867889404,0.41969454288482666,0.4521683156490326,0.7000079154968262,0.6735138297080994,0.6369496583938599,0.6917956471443176,0.40882202982902527,0.8148757219314575,0.8406854867935181,0.8351578116416931,0.7968225479125977,0.8774106502532959,0.7131971120834351,0.8054293394088745,0.8762000799179077,0.8597023487091064,0.7970238327980042,0.9519272446632385,0.9555113911628723,0.9780071377754211,0.9974985122680664,0.40401384234428406,0.4601648449897766,0.7195310592651367,0.6996248364448547,0.6481807231903076,0.6958391666412354,0.4278184175491333,0.8028570413589478,0.873615562915802,0.8386552333831787,0.8187186121940613,0.8940479755401611,0.7253844738006592,0.8238980770111084,0.8865246176719666,0.8661763072013855,0.7546446323394775
180,0.5,0.9597334265708923,0.9546735882759094,0.9803213477134705,0.9975956678390503,0.42215844988822937,0.45546266436576843,0.7008622884750366,0.6781778931617737,0.6421884298324585,0.6923041939735413,0.40956923365592957,0.8115233778953552,0.842515766620636,0.8358816504478455,0.7965490221977234,0.8780291676521301,0.7197651267051697,0.8080231547355652,0.8784341812133789,0.866765022277832,0.7858841419219971,0.9602322578430176,0.958902895450592,0.98177170753479,0.9991514086723328,0.3926466703414917,0.44104307889938354,0.7274031043052673,0.6960060596466064,0.6073135733604431,0.7056596279144287,0.4253065288066864,0.8006789088249207,0.8688792586326599,0.8428025841712952,0.8196462392807007,0.8942699432373047,0.7254672646522522,0.835801899433136,0.8933252692222595,0.8650833964347839,0.7644028067588806
181,0.5,0.9595025777816772,0.9540243148803711,0.9809362292289734,0.9988371729850769,0.41813233494758606,0.4565410614013672,0.7097640633583069,0.6816680431365967,0.633841335773468,0.6989947557449341,0.4092649519443512,0.8074663281440735,0.8470409512519836,0.8376635313034058,0.7923527359962463,0.8815658092498779,0.714009165763855,0.8096252083778381,0.8851034045219421,0.8616926074028015,0.7964964509010315,0.9613466858863831,0.9611913561820984,0.9831883907318115,0.9991259574890137,0.4096974730491638,0.4572671949863434,0.733269214630127,0.6950740218162537,0.6735218167304993,0.711693286895752,0.4248700439929962,0.7993660569190979,0.8753365874290466,0.8456970453262329,0.8231250643730164,0.8997481465339661,0.7256777286529541,0.8409978151321411,0.8968559503555298,0.8709332942962646,0.792539119720459
182,0.5,0.9576723575592041,0.9532076120376587,0.9804257154464722,0.9991504549980164,0.4212171137332916,0.45698270201683044,0.7105945944786072,0.6800037622451782,0.6406634449958801,0.6957454085350037,0.41207122802734375,0.8126779794692993,0.8439331650733948,0.8338922262191772,0.7908534407615662,0.8757898807525635,0.722984790802002,0.8147810101509094,0.8825293779373169,0.8681456446647644,0.7934485077857971,0.9555986523628235,0.9556381702423096,0.9802417755126953,0.9993146657943726,0.3938150703907013,0.4550207555294037,0.738787055015564,0.6937512159347534,0.6245296597480774,0.7150474190711975,0.43041709065437317,0.7969737648963928,0.8809565305709839,0.8422247767448425,0.8081396222114563,0.8862538933753967,0.7443628907203674,0.8337319493293762,0.8888186812400818,0.8643016815185547,0.7487849593162537
183,0.5,0.9595964550971985,0.9529014825820923,0.9806222319602966,0.9982255101203918,0.4224857687950134,0.4607052803039551,0.7185471057891846,0.6836459636688232,0.6371540427207947,0.6998245716094971,0.40880799293518066,0.8056106567382812,0.8492624759674072,0.8338070511817932,0.8012728691101074,0.8809928297996521,0.7330012917518616,0.8136600852012634,0.8774452805519104,0.8729943037033081,0.7801381349563599,0.9570983648300171,0.9582091569900513,0.9812220931053162,0.9992101788520813,0.40620917081832886,0.4597380459308624,0.7379129528999329,0.6959428787231445,0.6450952887535095,0.7098236680030823,0.4279017150402069,0.7946411371231079,0.884235680103302,0.8416013121604919,0.823888897895813,0.9003633856773376,0.7605741024017334,0.83377605676651,0.8854886889457703,0.8711062669754028,0.755415141582489
184,0.5,0.9584251642227173,0.954921543598175,0.9806225299835205,0.9981704950332642,0.42960527539253235,0.4628155827522278,0.7220930457115173,0.6821342706680298,0.6454212069511414,0.6979572772979736,0.40923377871513367,0.8087916374206543,0.8465242385864258,0.83766108751297,0.8029292225837708,0.8804246783256531,0.7291932702064514,0.8189869523048401,0.8829119205474854,0.8673176169395447,0.804452121257782,0.9614691138267517,0.959918200969696,0.9826883673667908,0.9989621043205261,0.40509524941444397,0.4528413414955139,0.7502153515815735,0.6910437941551208,0.6447956562042236,0.7065151929855347,0.4264812767505646,0.8047084212303162,0.8773127198219299,0.843220591545105,0.8215628862380981,0.9012408256530762,0.7405728101730347,0.8398641347885132,0.8946775197982788,0.8689507842063904,0.795973539352417
185,0.5,0.9598936438560486,0.9537723660469055,0.9807369112968445,0.9980044960975647,0.42826712131500244,0.46611082553863525,0.7178316116333008,0.6780759692192078,0.636003315448761,0.7007001638412476,0.40975379943847656,0.8125201463699341,0.8429348468780518,0.8397059440612793,0.7954409718513489,0.8750296235084534,0.73063725233078,0.8214045763015747,0.8786024451255798,0.86811363697052,0.8072660565376282,0.9628890156745911,0.9636965394020081,0.9835963845252991,0.9993335008621216,0.40695637464523315,0.44321075081825256,0.7619588375091553,0.6932555437088013,0.6519750356674194,0.7125539183616638,0.4295930564403534,0.806828498840332,0.8733139038085938,0.8467702269554138,0.8287280201911926,0.8985510468482971,0.7669721245765686,0.8438149690628052,0.8972262740135193,0.8733301162719727,0.7587090134620667
186,0.5,0.9648926854133606,0.9587164521217346,0.9843880534172058,0.9991960525512695,0.4216291010379791,0.4546484351158142,0.7270979285240173,0.6767168641090393,0.6335287094116211,0.6973569393157959,0.40982046723365784,0.8171814680099487,0.8473239541053772,0.8403161764144897,0.8036260604858398,0.8773142099380493,0.7392192482948303,0.8265739679336548,0.8853965997695923,0.8697530031204224,0.8065555095672607,0.9580730199813843,0.959656298160553,0.9815119504928589,0.9993029832839966,0.4104783236980438,0.45345383882522583,0.7527164220809937,0.6910662055015564,0.6575947403907776,0.708346962928772,0.4269109070301056,0.8086293339729309,0.8823888897895813,0.8444662690162659,0.8222443461418152,0.8994798064231873,0.7583737969398499,0.8378423452377319,0.8926629424095154,0.8672689199447632,0.7819680571556091
187,0.5,0.9603830575942993,0.9544431567192078,0.9814603924751282,0.998571515083313,0.42480120062828064,0.46965330839157104,0.7314621210098267,0.6796296238899231,0.6419267654418945,0.7006535530090332,0.4126777648925781,0.8177624344825745,0.8465364575386047,0.8385656476020813,0.7984305620193481,0.8770158886909485,0.7457997798919678,0.8217707872390747,0.8878784775733948,0.8642579913139343,0.8051046133041382,0.9585862159729004,0.9584058523178101,0.9822788834571838,0.9990692138671875,0.39688336849212646,0.4598444402217865,0.7522302269935608,0.6929238438606262,0.6272792816162109,0.708935558795929,0.4283379316329956,0.8045777082443237,0.8914757370948792,0.8453831672668457,0.8247693777084351,0.897481381893158,0.7751763463020325,0.8358391523361206,0.8937437534332275,0.8665105700492859,0.7810436487197876
188,0.5,0.9624224901199341,0.9547131061553955,0.9823152422904968,0.9965682625770569,0.4256301522254944,0.47059014439582825,0.7309801578521729,0.6764319539070129,0.6385207772254944,0.7035354375839233,0.4109976291656494,0.8148916363716125,0.8447473645210266,0.8412388563156128,0.7967938184738159,0.8805917501449585,0.7500538229942322,0.8242405652999878,0.8856580257415771,0.8665049076080322,0.8019974231719971,0.9644752144813538,0.9621244072914124,0.9839382171630859,0.9982823133468628,0.4088684618473053,0.45578786730766296,0.763539731502533,0.687163770198822,0.6603530049324036,0.7171052098274231,0.43013638257980347,0.8084918260574341,0.8802149891853333,0.8478403091430664,0.8186501860618591,0.9052506685256958,0.7612006664276123,0.8384267091751099,0.8912486433982849,0.875773012638092,0.7950109243392944
189,0.5,0.9596313834190369,0.9527850151062012,0.9810839891433716,0.997231125831604,0.42400428652763367,0.4634433090686798,0.7353625297546387,0.677768349647522,0.6457309722900391,0.703549325466156,0.41359150409698486,0.8082708716392517,0.8452445268630981,0.8405781984329224,0.8004170656204224,0.8783583045005798,0.7473987936973572,0.8227741122245789,0.87542325258255,0.8756738305091858,0.8036831021308899,0.9601030945777893,0.9583566784858704,0.9826492071151733,0.9992662668228149,0.4100642800331116,0.460151731967926,0.755487322807312,0.6937193870544434,0.642400860786438,0.7135193347930908,0.4275762438774109,0.7974054217338562,0.8880684971809387,0.8425049185752869,0.8268897533416748,0.8935242891311646,0.7774431705474854,0.8353461027145386,0.8919481635093689,0.8717115521430969,0.7825126051902771
190,0.5,0.9569129347801208,0.9521585702896118,0.9790326356887817,0.9969958066940308,0.4267921447753906,0.4723769724369049,0.7318373322486877,0.6840649247169495,0.6401363015174866,0.700163722038269,0.40964582562446594,0.8032271265983582,0.8483231663703918,0.8396530747413635,0.8017883896827698,0.8747316598892212,0.7514874339103699,0.8161506056785583,0.8830877542495728,0.8736628890037537,0.7974868416786194,0.9554986953735352,0.9590166211128235,0.9808110594749451,0.9992552399635315,0.40114980936050415,0.4753386378288269,0.7516016364097595,0.6919230818748474,0.6444754600524902,0.7130839228630066,0.4283510148525238,0.7971130609512329,0.8920090794563293,0.8475837111473083,0.8282673954963684,0.9002352356910706,0.7802391648292542,0.8357948660850525,0.8922392725944519,0.8762070536613464,0.7796800136566162
191,0.5,0.9595507383346558,0.9565451741218567,0.9806177616119385,0.9976184964179993,0.4209790825843811,0.4706159234046936,0.7374752759933472,0.6841409802436829,0.6432808637619019,0.7019920349121094,0.41385704278945923,0.8058145642280579,0.8442488312721252,0.8409888744354248,0.809093713760376,0.8786982297897339,0.7608920931816101,0.8209431171417236,0.8809341192245483,0.876714825630188,0.7931519150733948,0.9629647135734558,0.9641136527061462,0.9835878610610962,0.999232828617096,0.40791913866996765,0.45242443680763245,0.7662972807884216,0.6838215589523315,0.6669468283653259,0.7191437482833862,0.42602506279945374,0.7972944378852844,0.8802510499954224,0.8474072217941284,0.8249812126159668,0.9012385606765747,0.7793366312980652,0.8516778349876404,0.8999104499816895,0.8784606456756592,0.7918538451194763
192,0.5,0.9623755812644958,0.9573474526405334,0.9830912351608276,0.9986444711685181,0.4240969121456146,0.474789559841156,0.7430229187011719,0.678730845451355,0.6395464539527893,0.7063919901847839,0.4095643162727356,0.8145262598991394,0.8411293029785156,0.8418390154838562,0.8059185147285461,0.88143390417099,0.7641831040382385,0.830918550491333,0.8869736790657043,0.871732771396637,0.8079764246940613,0.9593245387077332,0.9609172344207764,0.9825273156166077,0.9986646771430969,0.4006201922893524,0.4707740545272827,0.7691574096679688,0.7008957862854004,0.6640506982803345,0.7188820838928223,0.43108293414115906,0.8139039278030396,0.8841918706893921,0.8501848578453064,0.8348433971405029,0.9032761454582214,0.7913991808891296,0.8413546681404114,0.903641939163208,0.8765374422073364,0.7942743897438049
193,0.5,0.9598435759544373,0.9549148082733154,0.9818087816238403,0.99762362241745,0.4227650761604309,0.47852203249931335,0.7372976541519165,0.6807626485824585,0.6428450345993042,0.706872820854187,0.41038382053375244,0.8156397342681885,0.8488496541976929,0.8405185341835022,0.8056737780570984,0.8769746422767639,0.7784150838851929,0.8247732520103455,0.8815828561782837,0.8766104578971863,0.8038927316665649,0.9509403705596924,0.9588128328323364,0.9791132211685181,0.9986064434051514,0.40031710267066956,0.4615322947502136,0.767387330532074,0.6930330991744995,0.6574307084083557,0.7102878093719482,0.4330804944038391,0.8025064468383789,0.881836473941803,0.8451043367385864,0.829876720905304,0.8943343758583069,0.8043080568313599,0.833016574382782,0.8989447951316833,0.8744757771492004,0.7870432734489441
194,0.5,0.9576801657676697,0.955724835395813,0.9801356792449951,0.9981723427772522,0.424464613199234,0.47602880001068115,0.7434290051460266,0.6807044148445129,0.6422486305236816,0.7009155750274658,0.4111664593219757,0.8128202557563782,0.8433014154434204,0.8413068652153015,0.8056570887565613,0.8814084529876709,0.7857405543327332,0.8241921067237854,0.8829591870307922,0.8751662969589233,0.7971272468566895,0.960517406463623,0.9629373550415039,0.9828001260757446,0.9992277026176453,0.3979301452636719,0.46609315276145935,0.7754160761833191,0.6861206293106079,0.655088484287262,0.7122774720191956,0.4298473000526428,0.8077883720397949,0.8914230465888977,0.8478665947914124,0.826049268245697,0.8908393979072571,0.8029317259788513,0.8491224646568298,0.8960054516792297,0.8809642195701599,0.7993878722190857
195,0.5,0.96208256483078,0.956767737865448,0.9821521043777466,0.998484194278717,0.420387864112854,0.4687989056110382,0.741327702999115,0.6819832921028137,0.640784502029419,0.7042041420936584,0.41373395919799805,0.8167603611946106,0.8474156856536865,0.8429840803146362,0.8029085397720337,0.8776002526283264,0.7718387246131897,0.8278407454490662,0.8866500854492188,0.8744340538978577,0.8182757496833801,0.9644283652305603,0.9634591937065125,0.9839386343955994,0.9993561506271362,0.40247398614883423,0.44786861538887024,0.777229368686676,0.690640389919281,0.6390805840492249,0.7164162993431091,0.4294393062591553,0.8106731176376343,0.885382890701294,0.8460140228271484,0.826880693435669,0.913902997970581,0.8129531741142273,0.8425202369689941,0.9053770899772644,0.8797035813331604,0.8000041842460632
196,0.5,0.9619284272193909,0.9557762145996094,0.9819746017456055,0.998884379863739,0.4316665232181549,0.49030956625938416,0.7478671669960022,0.6798819899559021,0.639629602432251,0.7045233845710754,0.41127070784568787,0.8170083165168762,0.8518288135528564,0.8420498371124268,0.7992724776268005,0.87762051820755,0.7827632427215576,0.8291347622871399,0.8828099966049194,0.8752282857894897,0.8108163475990295,0.9624428749084473,0.9638349413871765,0.9840018153190613,0.9993388652801514,0.3976239264011383,0.47450265288352966,0.7818325757980347,0.6834710240364075,0.6421850323677063,0.720973789691925,0.43163102865219116,0.8096421957015991,0.8906092643737793,0.8516563773155212,0.8381590247154236,0.9054930210113525,0.7990255951881409,0.8473324775695801,0.8988932967185974,0.8811615109443665,0.8065313100814819
197,0.5,0.9605592489242554,0.9555172324180603,0.9819151163101196,0.9974883794784546,0.4211815297603607,0.4807657301425934,0.7439436316490173,0.6818380951881409,0.6390940546989441,0.704986572265625,0.4082812964916229,0.8145925402641296,0.8545454144477844,0.8411719799041748,0.813834011554718,0.8808807134628296,0.7813680171966553,0.8296219110488892,0.8844471573829651,0.8719874620437622,0.81059330701828,0.9606109261512756,0.9607046246528625,0.982738733291626,0.9984997510910034,0.4052947759628296,0.4737505614757538,0.7757707834243774,0.6895508766174316,0.6511778235435486,0.716763436794281,0.4274725019931793,0.8077630400657654,0.894627034664154,0.8498097658157349,0.8323443531990051,0.9070611000061035,0.7944841980934143,0.8446694612503052,0.9024204611778259,0.8710755705833435,0.8063083291053772
198,0.5,0.9587534666061401,0.9537524580955505,0.9815815091133118,0.9981322884559631,0.42396095395088196,0.48935821652412415,0.7503792643547058,0.6795780062675476,0.6409288644790649,0.7042755484580994,0.4082806706428528,0.8153434991836548,0.8652740120887756,0.8424574136734009,0.8096634745597839,0.8798471689224243,0.7745670676231384,0.8287191390991211,0.886379063129425,0.8706711530685425,0.8199198246002197,0.963024377822876,0.9636085629463196,0.9849982857704163,0.99962317943573,0.3997540771961212,0.48416024446487427,0.777742326259613,0.6854933500289917,0.6534178853034973,0.717854380607605,0.42530542612075806,0.8126706480979919,0.9058961272239685,0.850257933139801,0.8315777778625488,0.902157187461853,0.8008624911308289,0.8478518128395081,0.8987756371498108,0.8769081830978394,0.8131629228591919
199,0.5,0.9643576741218567,0.9596901535987854,0.9838950037956238,0.9987730383872986,0.4219411015510559,0.4849368631839752,0.7597103714942932,0.6751958727836609,0.6434133648872375,0.7109687328338623,0.40802717208862305,0.8187731504440308,0.8564919829368591,0.8481133580207825,0.8117848038673401,0.8849595785140991,0.7812632918357849,0.835990309715271,0.8897162079811096,0.879922091960907,0.8221462368965149,0.9655258059501648,0.9650133848190308,0.9855924844741821,0.9995444416999817,0.4053930342197418,0.4692395329475403,0.7853383421897888,0.6841199398040771,0.6723254919052124,0.7170915007591248,0.42820075154304504,0.8111528754234314,0.8994559645652771,0.8540011644363403,0.839621901512146,0.9018452167510986,0.797637939453125,0.853481113910675,0.9012959599494934,0.8855277895927429,0.8116609454154968
200,0.5,0.9625204205513,0.9567736983299255,0.9827719926834106,0.9975560903549194,0.4244389235973358,0.4868238866329193,0.7584275007247925,0.6783454418182373,0.645766019821167,0.7098884582519531,0.4134831428527832,0.8142643570899963,0.8510955572128296,0.8439435958862305,0.8141169548034668,0.8814408183097839,0.7829957604408264,0.8344116806983948,0.8910459280014038,0.8759576678276062,0.8192708492279053,0.9629876613616943,0.9633938670158386,0.984306275844574,0.9991897940635681,0.3987804055213928,0.4684920012950897,0.7914844155311584,0.6983638405799866,0.6698256134986877,0.728149950504303,0.4312836825847626,0.8029530048370361,0.8992951512336731,0.8528504967689514,0.8352954387664795,0.9032888412475586,0.8027397990226746,0.8486356139183044,0.907540500164032,0.8846796751022339,0.8153089880943298
201,0.5,0.961442768573761,0.9562548398971558,0.9826774597167969,0.9986978769302368,0.4198744297027588,0.4878275990486145,0.7563508749008179,0.6842842102050781,0.6419343948364258,0.7151706218719482,0.4109262526035309,0.8097534775733948,0.8549625277519226,0.8423728942871094,0.8139366507530212,0.8819384574890137,0.7860181331634521,0.8293758034706116,0.8910739421844482,0.8766717314720154,0.8171552419662476,0.95798259973526,0.959572434425354,0.9817594885826111,0.999207615852356,0.40528789162635803,0.47746872901916504,0.7803647518157959,0.6926311254501343,0.6573777794837952,0.7223858833312988,0.43037447333335876,0.7971479296684265,0.8942785859107971,0.8525131940841675,0.8271560072898865,0.9028750061988831,0.8083044290542603,0.8422701954841614,0.9016984105110168,0.8743671178817749,0.8009542226791382
202,0.5,0.9601706862449646,0.9558169841766357,0.9812929034233093,0.9982407093048096,0.42449334263801575,0.4954248070716858,0.756392240524292,0.6870011687278748,0.6475338339805603,0.7084209322929382,0.4100481867790222,0.808109700679779,0.8559113144874573,0.8441089987754822,0.8035632371902466,0.8721582889556885,0.7820271253585815,0.8287233114242554,0.8804342150688171,0.8800468444824219,0.8226158618927002,0.9593080282211304,0.960684061050415,0.9829738736152649,0.9993523955345154,0.40801680088043213,0.48640143871307373,0.7845171093940735,0.6936559677124023,0.6744737029075623,0.7219182848930359,0.42789196968078613,0.8013762831687927,0.9054612517356873,0.8520020246505737,0.8294500708580017,0.9070382118225098,0.8036709427833557,0.8486062288284302,0.9011774659156799,0.8841765522956848,0.8105006217956543
203,0.5,0.9597668647766113,0.9544466137886047,0.9821855425834656,0.9988720417022705,0.4249344766139984,0.4963618218898773,0.7577345967292786,0.6830195188522339,0.6462509632110596,0.7123923897743225,0.41101309657096863,0.8074066638946533,0.8640479445457458,0.843928873538971,0.8083118796348572,0.8815605640411377,0.7930796146392822,0.8322674632072449,0.8871093392372131,0.8757786750793457,0.8103799819946289,0.9621421694755554,0.9587516188621521,0.9839228987693787,0.9989118576049805,0.401636004447937,0.4720643162727356,0.7862603664398193,0.6884139180183411,0.6498309373855591,0.7179583311080933,0.4264545142650604,0.8021802306175232,0.9085267782211304,0.849703311920166,0.8303322196006775,0.8953148722648621,0.8202927112579346,0.8460509777069092,0.8985451459884644,0.8803637623786926,0.8013761043548584
204,0.5,0.9606848359107971,0.9539393782615662,0.982966959476471,0.99713534116745,0.4197466969490051,0.5001156330108643,0.7632461786270142,0.6807771325111389,0.6383408308029175,0.7136961221694946,0.4097033143043518,0.8139480948448181,0.8705847859382629,0.8398717641830444,0.8042943477630615,0.8855737447738647,0.8024170994758606,0.8377432227134705,0.891069769859314,0.8799622058868408,0.809162437915802,0.9647840261459351,0.9619899988174438,0.9851584434509277,0.9977384209632874,0.40050914883613586,0.4636996388435364,0.7929627299308777,0.70534747838974,0.6510652303695679,0.7262880802154541,0.42825740575790405,0.8126778602600098,0.908767580986023,0.8516142964363098,0.8226697444915771,0.8879294991493225,0.8189040422439575,0.8474428653717041,0.8992424607276917,0.8785386681556702,0.8087735176086426
205,0.5,0.9645335674285889,0.9554077386856079,0.9849005341529846,0.9978204369544983,0.4263405203819275,0.49095335602760315,0.7641316056251526,0.6805689930915833,0.6438180804252625,0.7193184494972229,0.4099179804325104,0.8223695755004883,0.869897723197937,0.84372478723526,0.8108201622962952,0.8843261003494263,0.7989819049835205,0.8349591493606567,0.8921020030975342,0.883069634437561,0.8165151476860046,0.9655158519744873,0.961370050907135,0.9855049252510071,0.9969955086708069,0.39590224623680115,0.470517098903656,0.8004971742630005,0.6985981464385986,0.6538916826248169,0.7348955869674683,0.43108609318733215,0.8183922171592712,0.9117400646209717,0.8560255765914917,0.8353894948959351,0.903650164604187,0.8243283033370972,0.849202036857605,0.9063778519630432,0.8809763789176941,0.809684693813324
206,0.5,0.9621120095252991,0.9570907950401306,0.9837841987609863,0.9964155554771423,0.42306989431381226,0.49179956316947937,0.7712150812149048,0.6747271418571472,0.6468416452407837,0.7152429223060608,0.412360817193985,0.8219256401062012,0.8764480352401733,0.8495413064956665,0.8122189044952393,0.8808960318565369,0.8041326403617859,0.8419983983039856,0.8872373700141907,0.8825068473815918,0.8146705031394958,0.9644397497177124,0.9640964865684509,0.9855002760887146,0.9989771246910095,0.3950500786304474,0.482716828584671,0.7981137037277222,0.6887490153312683,0.6427238583564758,0.7262144088745117,0.4270881414413452,0.8134499788284302,0.9109323024749756,0.8559613227844238,0.8381022810935974,0.8996915221214294,0.8114937543869019,0.8549510836601257,0.8998839855194092,0.8838423490524292,0.8117272257804871
207,0.5,0.9638714790344238,0.9577300548553467,0.9848027229309082,0.9976333975791931,0.41983601450920105,0.4948674440383911,0.7706577777862549,0.680244505405426,0.6445188522338867,0.7142964005470276,0.4116056263446808,0.8150873184204102,0.8691123723983765,0.8401669263839722,0.8062874674797058,0.880376935005188,0.79583740234375,0.8430134654045105,0.889155387878418,0.8811243176460266,0.8239755034446716,0.9598535299301147,0.9624438881874084,0.9841482043266296,0.9992632269859314,0.39682140946388245,0.48157504200935364,0.8005794882774353,0.7028788328170776,0.6489441990852356,0.7291654944419861,0.42708995938301086,0.8085552453994751,0.9187220931053162,0.8557190299034119,0.8326835036277771,0.9050604701042175,0.8066650032997131,0.8557350635528564,0.908364474773407,0.8865589499473572,0.821485161781311
208,0.5,0.9588878750801086,0.9549643397331238,0.9820955991744995,0.9988101124763489,0.4263984262943268,0.5040753483772278,0.765272855758667,0.6872583627700806,0.6441314816474915,0.7178598642349243,0.41195669770240784,0.8067318797111511,0.8789770007133484,0.8412394523620605,0.815851628780365,0.8846333026885986,0.793727695941925,0.8388479351997375,0.8920251727104187,0.8832130432128906,0.8257153034210205,0.9600566029548645,0.9617975950241089,0.9838372468948364,0.9982379078865051,0.4003632664680481,0.5020326972007751,0.7956804037094116,0.6961674690246582,0.6586862802505493,0.73056560754776,0.42740559577941895,0.8035434484481812,0.9147641658782959,0.8516855835914612,0.8375491499900818,0.905291736125946,0.8145571351051331,0.8547567129135132,0.9044231176376343,0.8818243145942688,0.8143815398216248
209,0.5,0.9648486375808716,0.9588660597801208,0.985389769077301,0.9980894327163696,0.4228561818599701,0.5090582966804504,0.7730918526649475,0.6834539175033569,0.6521470546722412,0.7223155498504639,0.40811413526535034,0.8166457414627075,0.868337094783783,0.8465595841407776,0.8086862564086914,0.8878529071807861,0.804538905620575,0.8399487733840942,0.8991460800170898,0.8844314217567444,0.8242231607437134,0.9645139575004578,0.9648788571357727,0.986345112323761,0.9996470808982849,0.3948889970779419,0.5053361654281616,0.7978577613830566,0.6929638385772705,0.6530919671058655,0.7323538064956665,0.4276669919490814,0.8052063584327698,0.9118833541870117,0.8529483079910278,0.8350974917411804,0.9070788025856018,0.805436909198761,0.8562883734703064,0.9101091027259827,0.8889012336730957,0.82403564453125
210,0.5,0.9658176302909851,0.9598761796951294,0.9859887957572937,0.9980219602584839,0.4152928292751312,0.5191940069198608,0.7741618156433105,0.6844713091850281,0.6425913572311401,0.7208945751190186,0.4117595851421356,0.8136197328567505,0.8785483241081238,0.8490551710128784,0.8074953556060791,0.8847299218177795,0.7954071760177612,0.8459289073944092,0.8955695033073425,0.8882049918174744,0.8267937302589417,0.9611280560493469,0.9614409804344177,0.9842557907104492,0.9993138313293457,0.409203439950943,0.4886782765388489,0.7986191511154175,0.6997503638267517,0.6784854531288147,0.7276904582977295,0.42768052220344543,0.8011679649353027,0.9108485579490662,0.8524463176727295,0.8170128464698792,0.893613874912262,0.8070353865623474,0.854744553565979,0.8943003416061401,0.8823593854904175,0.8161952495574951
211,0.5,0.9606159925460815,0.9533258080482483,0.9836811423301697,0.9990372061729431,0.4220609962940216,0.5219410061836243,0.7702317833900452,0.6855753660202026,0.6425628066062927,0.7211257219314575,0.40954115986824036,0.809468150138855,0.8770747780799866,0.8449475765228271,0.8036895990371704,0.8822845816612244,0.8051760196685791,0.8365292549133301,0.8936076760292053,0.8834273815155029,0.818686842918396,0.959852933883667,0.9552930593490601,0.9830796122550964,0.998595654964447,0.40418317914009094,0.5195296406745911,0.7944114208221436,0.6887847185134888,0.6345245838165283,0.7261654138565063,0.42910653352737427,0.799099326133728,0.9088358879089355,0.8460109233856201,0.8285923004150391,0.9056766629219055,0.8237177133560181,0.8429526090621948,0.8960721492767334,0.877840518951416,0.8067823052406311
212,0.5,0.9604188799858093,0.9537721872329712,0.9832963347434998,0.9974589943885803,0.41979658603668213,0.5248069167137146,0.771303117275238,0.684151828289032,0.63487309217453,0.7171401381492615,0.40834951400756836,0.8111980557441711,0.8759853839874268,0.8406521677970886,0.8047941327095032,0.8838130235671997,0.8011080026626587,0.8359805941581726,0.8934608697891235,0.8799037337303162,0.8231521844863892,0.9628164768218994,0.9628335237503052,0.9846963882446289,0.9988340139389038,0.39366671442985535,0.5073361992835999,0.8046813607215881,0.6939120888710022,0.6489513516426086,0.7327544689178467,0.43178123235702515,0.8043297529220581,0.9117451906204224,0.8556185364723206,0.8305460214614868,0.9118281006813049,0.8107829093933105,0.8563917279243469,0.8986898064613342,0.8832413554191589,0.8202610015869141
213,0.5,0.9592995047569275,0.9517910480499268,0.9834495186805725,0.9983827471733093,0.41718000173568726,0.5322514176368713,0.7762468457221985,0.6868984699249268,0.6414845585823059,0.7203150987625122,0.4116453230381012,0.8096746802330017,0.882789671421051,0.8469695448875427,0.8025189638137817,0.8848583698272705,0.806546151638031,0.8318831920623779,0.897689163684845,0.8820445537567139,0.8167768716812134,0.9624360799789429,0.9589121341705322,0.9845731258392334,0.9993335008621216,0.4045266807079315,0.5349438190460205,0.7990654706954956,0.6904726028442383,0.6643256545066833,0.7304729223251343,0.42578330636024475,0.8000102043151855,0.9137707352638245,0.8512521982192993,0.824126124382019,0.905005931854248,0.818279504776001,0.8527882099151611,0.9044792652130127,0.8796144723892212,0.8157380819320679
214,0.5,0.9572017192840576,0.9517386555671692,0.9820399880409241,0.9987573027610779,0.4264001250267029,0.5383866429328918,0.7710047960281372,0.6871417164802551,0.6424621939659119,0.7207146286964417,0.4143998920917511,0.8052870631217957,0.8774986267089844,0.8442995548248291,0.7972355484962463,0.8807804584503174,0.8032002449035645,0.8378246426582336,0.8886829018592834,0.8741316199302673,0.8180075287818909,0.9590721726417542,0.9574161171913147,0.9832325577735901,0.9983728528022766,0.4102773368358612,0.5493823289871216,0.7992419600486755,0.6917577981948853,0.6832952499389648,0.7334089875221252,0.42972394824028015,0.804020881652832,0.9201436638832092,0.8517138957977295,0.8293675780296326,0.9067584872245789,0.8122402429580688,0.8539335131645203,0.8862613439559937,0.8796822428703308,0.8155810832977295
215,0.5,0.9590380191802979,0.9523966908454895,0.9834576845169067,0.9974840879440308,0.4243186116218567,0.5383521914482117,0.777885377407074,0.6829853653907776,0.6419041752815247,0.7188743352890015,0.4118541181087494,0.8150884509086609,0.885169267654419,0.8446796536445618,0.8054600954055786,0.8842560052871704,0.7980673909187317,0.8451114296913147,0.886762797832489,0.8796400427818298,0.8303824663162231,0.9616004228591919,0.9602816104888916,0.9850485324859619,0.998342752456665,0.3969917297363281,0.523597240447998,0.8097477555274963,0.6935813426971436,0.6571182608604431,0.7333835363388062,0.4265412390232086,0.7996925115585327,0.9234924912452698,0.8561521172523499,0.8317352533340454,0.9021266102790833,0.8197875618934631,0.8603404760360718,0.8976070880889893,0.8888812065124512,0.8211818337440491
216,0.5,0.9655436873435974,0.956732988357544,0.9857823848724365,0.9979922771453857,0.422061026096344,0.5411937236785889,0.7817345261573792,0.6803531646728516,0.6513408422470093,0.72002774477005,0.41116252541542053,0.81629878282547,0.8871381878852844,0.8498485088348389,0.8062373995780945,0.8806439638137817,0.8044074177742004,0.8469016551971436,0.8921800851821899,0.885764479637146,0.8325522541999817,0.9641917943954468,0.9630365371704102,0.9859073162078857,0.9993665218353271,0.3954789638519287,0.5450987219810486,0.809019923210144,0.6896238923072815,0.6673418283462524,0.7369353175163269,0.4280790686607361,0.8093746900558472,0.9216451048851013,0.860847532749176,0.8363929986953735,0.9019351005554199,0.8104451894760132,0.8633629083633423,0.9006907939910889,0.8899306654930115,0.8244814276695251
217,0.5,0.9629310369491577,0.9544558525085449,0.9852349162101746,0.99973064661026,0.4169313609600067,0.5578449964523315,0.7792409658432007,0.6841057538986206,0.6471136212348938,0.7221289873123169,0.40997782349586487,0.8136367201805115,0.8838721513748169,0.8482255935668945,0.8022378087043762,0.8879832029342651,0.8135393261909485,0.8511053919792175,0.8960227966308594,0.8881732225418091,0.831152081489563,0.9658657908439636,0.9623671770095825,0.9863324165344238,0.9992383718490601,0.39723852276802063,0.5445993542671204,0.8107232451438904,0.7013159394264221,0.6726390719413757,0.7372283935546875,0.4279674291610718,0.8098423480987549,0.9231081008911133,0.8577247858047485,0.8303952217102051,0.9023855328559875,0.8192375898361206,0.8608626127243042,0.9101954102516174,0.8890498280525208,0.8273011445999146
218,0.5,0.9644902944564819,0.95686274766922,0.985786497592926,0.9983775615692139,0.4202103614807129,0.5620227456092834,0.7806697487831116,0.6802892088890076,0.6460015177726746,0.7239333391189575,0.40901491045951843,0.822516918182373,0.8766341805458069,0.8489999175071716,0.8108031153678894,0.8931025266647339,0.8055951595306396,0.8472781777381897,0.9002218246459961,0.8867827653884888,0.8343479037284851,0.9578006267547607,0.9622836112976074,0.9848352074623108,0.9995160102844238,0.4003324508666992,0.584185004234314,0.8109932541847229,0.6938236951828003,0.6641743779182434,0.7317460179328918,0.4299059510231018,0.8066815137863159,0.9205949306488037,0.8610274791717529,0.8343425989151001,0.9018517136573792,0.8255716562271118,0.8545491695404053,0.9009103775024414,0.8912822008132935,0.8229323029518127
219,0.5,0.961235523223877,0.9565286636352539,0.9843841791152954,0.9965606331825256,0.41575732827186584,0.5728901624679565,0.7875105142593384,0.6790922284126282,0.6405915021896362,0.7172707319259644,0.4114491939544678,0.817334771156311,0.888893723487854,0.8460779190063477,0.8046109080314636,0.8839856386184692,0.811806857585907,0.8423450589179993,0.8947013020515442,0.891474187374115,0.836725115776062,0.9594139456748962,0.9609282612800598,0.9837139844894409,0.9993363618850708,0.4065670073032379,0.5849379301071167,0.8128669857978821,0.6961454749107361,0.6817662119865417,0.7366951704025269,0.4295433759689331,0.8056045174598694,0.9178829193115234,0.8563994765281677,0.8317851424217224,0.9103352427482605,0.8256341814994812,0.8555840253829956,0.900728166103363,0.8850448131561279,0.8216325640678406
220,0.5,0.9629771709442139,0.9575396776199341,0.9846994280815125,0.9985281229019165,0.42114928364753723,0.5929600596427917,0.7849663496017456,0.6851524114608765,0.6559221148490906,0.7290100455284119,0.4132833182811737,0.813706636428833,0.8883086442947388,0.8524541854858398,0.790938138961792,0.8859051465988159,0.8138890266418457,0.8510755896568298,0.8948113322257996,0.8859592080116272,0.8316251039505005,0.9595892429351807,0.9594277739524841,0.9836878776550293,0.99884432554245,0.3988399803638458,0.6041154861450195,0.8080946207046509,0.6955054402351379,0.6486702561378479,0.7329447865486145,0.4291853606700897,0.8001144528388977,0.9215279817581177,0.8556639552116394,0.8255230784416199,0.9093518257141113,0.8254945278167725,0.859115481376648,0.8861483335494995,0.8879403471946716,0.8180245757102966
221,0.5,0.9591715335845947,0.954670786857605,0.983964204788208,0.9973100423812866,0.41924789547920227,0.5954786539077759,0.7819797396659851,0.6814794540405273,0.6506478190422058,0.7279154062271118,0.41121160984039307,0.8077357411384583,0.8935548663139343,0.8516094088554382,0.794584333896637,0.8810141682624817,0.8109214305877686,0.8510046601295471,0.8885965347290039,0.8829442858695984,0.8278316855430603,0.9648525714874268,0.9628913402557373,0.9862884879112244,0.9994495511054993,0.40271633863449097,0.5943416953086853,0.813791036605835,0.7081138491630554,0.665736734867096,0.7362972497940063,0.42750948667526245,0.8107554316520691,0.9244481921195984,0.8587467074394226,0.8262090682983398,0.9066812992095947,0.8215756416320801,0.8630952835083008,0.9035807847976685,0.8884841799736023,0.8285507559776306
222,0.5,0.9613591432571411,0.9566067457199097,0.9848932027816772,0.9985733032226562,0.42570340633392334,0.5959558486938477,0.7872024178504944,0.6816115975379944,0.6604828238487244,0.7267096638679504,0.41308125853538513,0.8205745220184326,0.8942880630493164,0.847274124622345,0.7973838448524475,0.8892699480056763,0.8141258955001831,0.8407763838768005,0.8945996761322021,0.8847548961639404,0.8333274126052856,0.9680100679397583,0.9634749293327332,0.987216055393219,0.9994962811470032,0.40247973799705505,0.5773845314979553,0.8072032928466797,0.6896975636482239,0.6738578081130981,0.7444224953651428,0.42970407009124756,0.8112127184867859,0.9250611662864685,0.8569495677947998,0.825512707233429,0.9204784631729126,0.8279848098754883,0.8598756194114685,0.9036552906036377,0.8881004452705383,0.8302841782569885
223,0.5,0.9626491069793701,0.9567689895629883,0.9848160147666931,0.997870683670044,0.41926705837249756,0.5992072224617004,0.7903836965560913,0.6800386309623718,0.6548864841461182,0.726365327835083,0.41207239031791687,0.8167643547058105,0.8942702412605286,0.8469560742378235,0.7920305728912354,0.8933346271514893,0.8095591068267822,0.8485627770423889,0.8886210918426514,0.8893092274665833,0.8384892344474792,0.9648721814155579,0.9637099504470825,0.9857967495918274,0.999381422996521,0.4030405580997467,0.6119498610496521,0.8203781843185425,0.6873819231987,0.6549493670463562,0.7409288287162781,0.428290992975235,0.8134762644767761,0.9212009310722351,0.8551474809646606,0.8260915279388428,0.9140616655349731,0.8303684592247009,0.8581871390342712,0.9056562781333923,0.8894193172454834,0.8318365812301636
224,0.5,0.9629866480827332,0.9558672904968262,0.9845353960990906,0.9977168440818787,0.4266396462917328,0.6081708073616028,0.791975736618042,0.6845991015434265,0.6575212478637695,0.7280778288841248,0.4108394980430603,0.8142136931419373,0.8901978135108948,0.8513721823692322,0.8041689991950989,0.8876316547393799,0.8167745471000671,0.8485007882118225,0.8919503092765808,0.8897761702537537,0.8375611901283264,0.9638344645500183,0.9596157073974609,0.9847989678382874,0.9992163777351379,0.4085502028465271,0.6066333055496216,0.8179802894592285,0.6832715272903442,0.6599391102790833,0.7360336780548096,0.42561250925064087,0.8090299367904663,0.9249197244644165,0.8546331524848938,0.8392211198806763,0.9066778421401978,0.8264446258544922,0.85903400182724,0.8918542861938477,0.8865695595741272,0.8278974890708923
225,0.5,0.9606226086616516,0.9544141292572021,0.9845912456512451,0.9984946846961975,0.42177921533584595,0.6089755296707153,0.7845093607902527,0.6861141324043274,0.6502093076705933,0.7291101217269897,0.41139423847198486,0.8114217519760132,0.8940920829772949,0.8512346148490906,0.8047921061515808,0.8901047110557556,0.8126155138015747,0.8432790637016296,0.9023987650871277,0.8882409930229187,0.8320303559303284,0.9629501700401306,0.9576011896133423,0.9853000640869141,0.9990852475166321,0.41800054907798767,0.6099503040313721,0.8151453733444214,0.7007624506950378,0.6970428824424744,0.7324909567832947,0.4260033071041107,0.8068627715110779,0.9219222664833069,0.854666531085968,0.8312513828277588,0.9120349884033203,0.8267388343811035,0.8558943271636963,0.8920857906341553,0.8914695382118225,0.826461672782898
226,0.5,0.9631019234657288,0.9559550285339355,0.9852232336997986,0.9981069564819336,0.4210764765739441,0.6212559938430786,0.7975854873657227,0.6829429864883423,0.6562942266464233,0.7307672500610352,0.4118572771549225,0.8115329146385193,0.8907546401023865,0.8503676652908325,0.8055790662765503,0.8915205001831055,0.8124203085899353,0.8525941967964172,0.8968340158462524,0.8890082836151123,0.8412368297576904,0.9677109718322754,0.9640946388244629,0.9870223999023438,0.9991843700408936,0.4095901846885681,0.6356332898139954,0.8240054845809937,0.6953339576721191,0.6827090978622437,0.7438832521438599,0.4273700416088104,0.8046165704727173,0.9231895208358765,0.8606642484664917,0.8320271968841553,0.9077905416488647,0.822620153427124,0.8640653491020203,0.9019619226455688,0.8912286162376404,0.8385016322135925
227,0.5,0.9653695821762085,0.9566957950592041,0.9859838485717773,0.9974814057350159,0.42412006855010986,0.6198434829711914,0.7977755069732666,0.6832332015037537,0.6535035967826843,0.7320120930671692,0.4131273031234741,0.8155291080474854,0.8954066634178162,0.8503496050834656,0.8068972826004028,0.8897762894630432,0.8122697472572327,0.8545724749565125,0.8986412882804871,0.8860080242156982,0.8430063128471375,0.9638012647628784,0.9593456387519836,0.9858791828155518,0.999370813369751,0.4169939160346985,0.6346873641014099,0.8187121152877808,0.6896581053733826,0.6912564039230347,0.7448686957359314,0.4267224371433258,0.8062365651130676,0.9272922277450562,0.8560926914215088,0.8487502336502075,0.9111704230308533,0.8301951289176941,0.8652047514915466,0.8966801762580872,0.8913050293922424,0.8285413980484009
228,0.5,0.9627965688705444,0.9546653032302856,0.9847842454910278,0.9985319375991821,0.4240831434726715,0.6316306591033936,0.7873954176902771,0.6841890811920166,0.663881242275238,0.7324259281158447,0.4113604426383972,0.814216673374176,0.889603853225708,0.8516913652420044,0.8125496506690979,0.890168309211731,0.817000687122345,0.8488209247589111,0.8978849649429321,0.8906614184379578,0.836557924747467,0.9651954770088196,0.9594539403915405,0.9855285882949829,0.999660074710846,0.4069844186306,0.6234312653541565,0.8175957798957825,0.6934105753898621,0.6706855297088623,0.742952287197113,0.4293271005153656,0.8066798448562622,0.9245803952217102,0.8582989573478699,0.8431081771850586,0.8983214497566223,0.8354182243347168,0.8589811325073242,0.9010668992996216,0.8902302980422974,0.8261520266532898
229,0.5,0.9621598124504089,0.9542359709739685,0.9842284321784973,0.999254584312439,0.42454224824905396,0.6326491236686707,0.794696569442749,0.6841657161712646,0.6666669845581055,0.736223042011261,0.4124777317047119,0.8159976005554199,0.8994412422180176,0.8489168286323547,0.8036624193191528,0.8907373547554016,0.8237046599388123,0.8484635949134827,0.8978248834609985,0.8865576982498169,0.8392369151115417,0.9670414924621582,0.9652346968650818,0.9868700504302979,0.999722957611084,0.39952945709228516,0.6489025354385376,0.8239693641662598,0.6874116063117981,0.6596537232398987,0.746774435043335,0.4279332458972931,0.8088812828063965,0.9303600192070007,0.8600025773048401,0.8436871767044067,0.9139764904975891,0.8271271586418152,0.87058025598526,0.9053487777709961,0.8947981595993042,0.8347803950309753
230,0.5,0.9634478092193604,0.955938458442688,0.984485387802124,0.9968670010566711,0.4224366545677185,0.6558552384376526,0.7994346618652344,0.6828871369361877,0.6562783122062683,0.7352169752120972,0.4112415611743927,0.8141607642173767,0.9053241610527039,0.8485392928123474,0.8093925714492798,0.8912761211395264,0.8165211081504822,0.8536908626556396,0.8947906494140625,0.8870975375175476,0.8370951414108276,0.9651131629943848,0.9617259502410889,0.9856019020080566,0.9994661808013916,0.42029619216918945,0.6569095849990845,0.8263748288154602,0.7011843323707581,0.7123638987541199,0.7504621148109436,0.4298206865787506,0.8092954158782959,0.9303683042526245,0.8615078926086426,0.8387470841407776,0.9183259010314941,0.8351173996925354,0.8638412356376648,0.9113372564315796,0.8861091732978821,0.8312329649925232
231,0.5,0.9630339741706848,0.9546130299568176,0.9846237897872925,0.9977052807807922,0.4208167791366577,0.6442784070968628,0.7945271730422974,0.6821998357772827,0.6644823551177979,0.7371682524681091,0.41150015592575073,0.8180716633796692,0.9012414813041687,0.8559700846672058,0.8130430579185486,0.8914332985877991,0.8247518539428711,0.8504100441932678,0.8999409675598145,0.8924477100372314,0.8370855450630188,0.9686481952667236,0.963962197303772,0.9875801205635071,0.9996423125267029,0.41690579056739807,0.6575193405151367,0.8271577954292297,0.6850849390029907,0.7105123996734619,0.7499047517776489,0.42934343218803406,0.8119760155677795,0.9330959320068359,0.8644891381263733,0.8427417874336243,0.917668342590332,0.8332721590995789,0.8680232167243958,0.9096363186836243,0.8965404629707336,0.8337163329124451
232,0.5,0.9685449004173279,0.9599652290344238,0.9873899221420288,0.9976478815078735,0.41938355565071106,0.6517449021339417,0.7973974347114563,0.6817924976348877,0.6637014150619507,0.7327373623847961,0.4115350544452667,0.8232774138450623,0.9035030007362366,0.8573420643806458,0.808918297290802,0.8832805156707764,0.8220566511154175,0.8494610786437988,0.9038315415382385,0.8919374942779541,0.8408209085464478,0.9689300656318665,0.9645892977714539,0.9873752593994141,0.9994176626205444,0.40507376194000244,0.6497000455856323,0.8300918340682983,0.6917144656181335,0.6753035187721252,0.7470760941505432,0.4303903579711914,0.8120782971382141,0.9300330877304077,0.8638513684272766,0.8360409736633301,0.9199923276901245,0.8334575295448303,0.8673270344734192,0.9118726253509521,0.8932631611824036,0.8361871838569641
233,0.5,0.9630681276321411,0.9562214016914368,0.9852023124694824,0.9976313710212708,0.4199015498161316,0.6590023636817932,0.8019890189170837,0.6842272281646729,0.6648852825164795,0.7364805340766907,0.4135357439517975,0.8139159679412842,0.8960025310516357,0.8545922636985779,0.8113928437232971,0.8901860117912292,0.8187193274497986,0.855445384979248,0.9067116379737854,0.8902520537376404,0.8468360900878906,0.9667552709579468,0.9620024561882019,0.9869472980499268,0.9995668530464172,0.410403847694397,0.6730107069015503,0.8290966749191284,0.6999590992927551,0.6794924139976501,0.7530286908149719,0.4280000627040863,0.8061075210571289,0.9257525205612183,0.8619904518127441,0.8335909247398376,0.9144858717918396,0.8291476964950562,0.8676152229309082,0.9128134250640869,0.892063319683075,0.8417205810546875
234,0.5,0.9649525284767151,0.9541730880737305,0.9865687489509583,0.997636616230011,0.42365869879722595,0.6565340161323547,0.8007491827011108,0.6830156445503235,0.664094865322113,0.739632785320282,0.41160765290260315,0.8130208253860474,0.9044373035430908,0.8526450395584106,0.8145610094070435,0.8929760456085205,0.8176247477531433,0.8554931282997131,0.9003717303276062,0.893964409828186,0.8479288816452026,0.9640782475471497,0.9578441977500916,0.9856966137886047,0.9995396137237549,0.41380900144577026,0.6775773763656616,0.8246570229530334,0.7028241753578186,0.6872854232788086,0.748600423336029,0.4268396496772766,0.8086016774177551,0.9304068088531494,0.858736515045166,0.8358890414237976,0.9066354036331177,0.8272780776023865,0.8639057874679565,0.9072240591049194,0.8891881108283997,0.8406803011894226
235,0.5,0.9615879654884338,0.9508801102638245,0.9847685694694519,0.9946847558021545,0.4269130527973175,0.6592711806297302,0.7927610278129578,0.6787112355232239,0.6600571274757385,0.7369921207427979,0.4103391170501709,0.8195472955703735,0.892436683177948,0.8471717834472656,0.8033538460731506,0.8849045038223267,0.8208667039871216,0.850121021270752,0.8967062830924988,0.8906208872795105,0.844967782497406,0.9608172178268433,0.9553067684173584,0.9843405485153198,0.9987342357635498,0.4142356812953949,0.6928653717041016,0.8258562684059143,0.691474974155426,0.7015798091888428,0.758857250213623,0.43160295486450195,0.8111465573310852,0.9168705940246582,0.8605822920799255,0.8377349376678467,0.9163162112236023,0.8298625349998474,0.8627105355262756,0.9057675004005432,0.8864735960960388,0.8328894376754761
236,0.5,0.9604247212409973,0.950193464756012,0.9842677712440491,0.9969879388809204,0.4240667521953583,0.6683222055435181,0.7960904836654663,0.6811644434928894,0.6637225151062012,0.7414538860321045,0.41082608699798584,0.8176206350326538,0.8954893350601196,0.8503860235214233,0.8104766607284546,0.88438481092453,0.8188452124595642,0.8475937247276306,0.90021812915802,0.8881748914718628,0.8425810933113098,0.9640274047851562,0.9597769975662231,0.9855632185935974,0.9991770386695862,0.41138049960136414,0.6815928220748901,0.8302625417709351,0.6958156228065491,0.7017651200294495,0.7534259557723999,0.43097373843193054,0.8125676512718201,0.9254843592643738,0.864583432674408,0.8317112922668457,0.9062805771827698,0.8281383514404297,0.8695952892303467,0.9086669683456421,0.8880192041397095,0.8372156023979187
237,0.5,0.961765468120575,0.9547317028045654,0.9852765798568726,0.9983430504798889,0.4256328046321869,0.6704797148704529,0.8013565540313721,0.6872493624687195,0.6633885502815247,0.7384760975837708,0.41265252232551575,0.8088565468788147,0.8974179029464722,0.8501811027526855,0.8230052590370178,0.890841543674469,0.8232457637786865,0.8531786203384399,0.8996902704238892,0.890960693359375,0.8419610857963562,0.9675171971321106,0.9630269408226013,0.9869787693023682,0.9993475675582886,0.40542304515838623,0.6744548082351685,0.8334904313087463,0.6941648721694946,0.6688293814659119,0.7524675130844116,0.4300071895122528,0.8062532544136047,0.9291160702705383,0.8618117570877075,0.8405966758728027,0.9058433771133423,0.8215224742889404,0.8709725141525269,0.9128210544586182,0.8979014754295349,0.8430107235908508
238,0.5,0.9645019173622131,0.955481767654419,0.9855647087097168,0.9980502724647522,0.4245225191116333,0.6752772927284241,0.8039286732673645,0.6877981424331665,0.6630515456199646,0.7438520193099976,0.4096004366874695,0.8096616864204407,0.9000763297080994,0.851523220539093,0.819162905216217,0.893485963344574,0.8086199760437012,0.8553997874259949,0.9067452549934387,0.8944740891456604,0.8522793650627136,0.9664658308029175,0.9602965712547302,0.986537754535675,0.9995008111000061,0.41137662529945374,0.6935642957687378,0.8322358131408691,0.6993833184242249,0.7048074007034302,0.7553463578224182,0.4293535053730011,0.8041919469833374,0.9314081072807312,0.8652681112289429,0.8352292776107788,0.9151766300201416,0.8264830112457275,0.8695501089096069,0.918799877166748,0.8959847092628479,0.8404996991157532
239,0.5,0.9656355977058411,0.9574374556541443,0.987023115158081,0.9983600974082947,0.41731858253479004,0.6812106966972351,0.8088185787200928,0.686781644821167,0.66449373960495,0.7437704205513,0.41031938791275024,0.8149526715278625,0.9090297222137451,0.859268844127655,0.8192477226257324,0.8956844806671143,0.8145745992660522,0.8553844094276428,0.9095525741577148,0.8919989466667175,0.8471717834472656,0.9681738018989563,0.962124228477478,0.9873271584510803,0.9996450543403625,0.40912365913391113,0.6978325247764587,0.8341625928878784,0.6965087652206421,0.678925633430481,0.7618831396102905,0.4282255172729492,0.805244505405426,0.933748722076416,0.8641032576560974,0.8442198038101196,0.9071118831634521,0.8259080052375793,0.8722993731498718,0.9190913438796997,0.8954614400863647,0.844005286693573
240,0.5,0.964851975440979,0.9583796858787537,0.9866868853569031,0.999049723148346,0.4198482930660248,0.6789422631263733,0.8069438338279724,0.689924418926239,0.6666595339775085,0.7454575896263123,0.4116169810295105,0.8069289326667786,0.9075254797935486,0.8564339280128479,0.8282946348190308,0.8947664499282837,0.8210746049880981,0.8576803207397461,0.9058892130851746,0.8891949653625488,0.8501316905021667,0.9686422944068909,0.964648962020874,0.9880290627479553,0.9994376301765442,0.4064595699310303,0.6938878893852234,0.8367024660110474,0.6951603293418884,0.6834233999252319,0.7542311549186707,0.4300396740436554,0.8095782995223999,0.9360979199409485,0.864292562007904,0.8452011346817017,0.9179973602294922,0.8401385545730591,0.8706167936325073,0.9239554405212402,0.8914564251899719,0.8399609923362732
241,0.5,0.9676514267921448,0.9576290249824524,0.98723965883255,0.9986326098442078,0.42262327671051025,0.6746586561203003,0.8068428039550781,0.6843730211257935,0.6631059050559998,0.7441648244857788,0.4113200306892395,0.8202267289161682,0.9118971228599548,0.8567267656326294,0.8249251246452332,0.8919646739959717,0.8278201222419739,0.8495368361473083,0.9038727879524231,0.8922309875488281,0.8468605875968933,0.9674760103225708,0.9651303291320801,0.9876211285591125,0.9996552467346191,0.4183310568332672,0.7115243077278137,0.8343725800514221,0.7097083926200867,0.7190248370170593,0.7538063526153564,0.42885732650756836,0.8116129040718079,0.936350405216217,0.8653333783149719,0.8378278017044067,0.9064509868621826,0.8339422345161438,0.8721011877059937,0.9203389286994934,0.892122209072113,0.8437969088554382
242,0.5,0.9662929177284241,0.9572789072990417,0.986319899559021,0.9988561868667603,0.4197200536727905,0.6857602000236511,0.8103404641151428,0.6878532767295837,0.6652329564094543,0.7424009442329407,0.4120606780052185,0.8150601387023926,0.9102311730384827,0.8575719594955444,0.8264632821083069,0.8957687616348267,0.8295031785964966,0.8575418591499329,0.9073600769042969,0.897060215473175,0.8497208952903748,0.9616929888725281,0.9593443870544434,0.984651505947113,0.9992416501045227,0.41986963152885437,0.7156289219856262,0.8342590928077698,0.689321756362915,0.7209774255752563,0.7587791085243225,0.43250250816345215,0.8015511631965637,0.9283654093742371,0.863537073135376,0.8487522602081299,0.9141852259635925,0.8339987397193909,0.8698360919952393,0.9188644289970398,0.8908032178878784,0.8411424160003662
243,0.5,0.9632617235183716,0.9528626203536987,0.9855328798294067,0.9978883862495422,0.42161962389945984,0.6855854392051697,0.8096221089363098,0.6865072846412659,0.6706816554069519,0.7501319050788879,0.41294699907302856,0.812771737575531,0.9109432101249695,0.8555352091789246,0.830595850944519,0.8913261890411377,0.8217042088508606,0.8647974133491516,0.9062200784683228,0.8900487422943115,0.8481553792953491,0.9672180414199829,0.95807284116745,0.9877058863639832,0.9994609355926514,0.4193422496318817,0.7037323117256165,0.8339788317680359,0.7023557424545288,0.7149728536605835,0.7655965685844421,0.4300267696380615,0.8080067038536072,0.9367889165878296,0.8631981015205383,0.849202573299408,0.9128381013870239,0.8355849385261536,0.8709875345230103,0.9123629927635193,0.8959124088287354,0.8468056917190552
244,0.5,0.9613800048828125,0.9522082805633545,0.985683023929596,0.9986655116081238,0.42240768671035767,0.68163001537323,0.804555356502533,0.6867049932479858,0.6725859045982361,0.7554101943969727,0.41142114996910095,0.8139974474906921,0.9101969003677368,0.8556609749794006,0.8254125118255615,0.8808573484420776,0.8289014101028442,0.8611308336257935,0.9060254096984863,0.8960069417953491,0.8505699634552002,0.9651182293891907,0.9546387791633606,0.9866701364517212,0.9995183944702148,0.4094448387622833,0.6929181814193726,0.8284605145454407,0.7095698118209839,0.7015964984893799,0.7663746476173401,0.428589403629303,0.8039469122886658,0.9368358254432678,0.8619765043258667,0.8447148203849792,0.917134702205658,0.8381350040435791,0.8686589002609253,0.9172818064689636,0.8899367451667786,0.8436944484710693
245,0.5,0.9637330174446106,0.9519734382629395,0.9861084818840027,0.9985498189926147,0.41576871275901794,0.6896076798439026,0.8054848313331604,0.6855762600898743,0.6617183089256287,0.7529105544090271,0.41374945640563965,0.8146701455116272,0.9167706370353699,0.8568909764289856,0.8285129070281982,0.8978800773620605,0.8272019028663635,0.8600255846977234,0.910872757434845,0.8959370851516724,0.8573598861694336,0.9665216207504272,0.9599840641021729,0.9873884916305542,0.9993988871574402,0.42419204115867615,0.6978626847267151,0.8371029496192932,0.699468195438385,0.7307031750679016,0.7606015205383301,0.43315666913986206,0.8197054862976074,0.9377368092536926,0.8663879036903381,0.8411533236503601,0.917717456817627,0.8327889442443848,0.8764227032661438,0.91839998960495,0.8971821069717407,0.8512825965881348
246,0.5,0.9648852348327637,0.9582462906837463,0.9869951009750366,0.9990613460540771,0.4210520386695862,0.6888788342475891,0.8096203207969666,0.6821060180664062,0.6683148145675659,0.7482988238334656,0.4123494625091553,0.8251892924308777,0.9154494404792786,0.8627084493637085,0.8206288814544678,0.8903604745864868,0.8247336745262146,0.8622747659683228,0.90645831823349,0.8997364640235901,0.8546504378318787,0.967468798160553,0.9596924185752869,0.9879174828529358,0.9996091723442078,0.4241195023059845,0.6902429461479187,0.8330230712890625,0.6991697549819946,0.7300388216972351,0.7586353421211243,0.4298858642578125,0.8098862767219543,0.937892735004425,0.8617516756057739,0.8427960872650146,0.9178196787834167,0.8319569826126099,0.8729660511016846,0.9206928014755249,0.8977289199829102,0.8496675491333008
247,0.5,0.9623070359230042,0.9522042870521545,0.9860324263572693,0.9981948137283325,0.42298024892807007,0.6868553161621094,0.8088609576225281,0.6872428059577942,0.6627071499824524,0.7460138201713562,0.4139966368675232,0.8138058185577393,0.9161393046379089,0.8530267477035522,0.8198273181915283,0.8914830088615417,0.8224157691001892,0.8585982918739319,0.899742066860199,0.8984442949295044,0.8606945872306824,0.966477632522583,0.9594019651412964,0.9868622422218323,0.999391496181488,0.40935787558555603,0.6958000063896179,0.8359743356704712,0.6993210315704346,0.6911317706108093,0.7627221345901489,0.43364694714546204,0.8084055781364441,0.9377769231796265,0.8667543530464172,0.8460763096809387,0.9164769053459167,0.8346477746963501,0.8762883543968201,0.9146900773048401,0.8967791795730591,0.8469947576522827
248,0.5,0.968393862247467,0.9572394490242004,0.9878085255622864,0.9981067776679993,0.4239198863506317,0.6967968344688416,0.8084460496902466,0.6858330368995667,0.6664224863052368,0.7515954971313477,0.4115717113018036,0.8165038824081421,0.9114847183227539,0.8580151200294495,0.832795262336731,0.8877971172332764,0.8203778266906738,0.8637130260467529,0.9031926393508911,0.8996288776397705,0.8590875267982483,0.9694653153419495,0.961078941822052,0.9882431030273438,0.9996286034584045,0.41476723551750183,0.6954816579818726,0.8385096788406372,0.7026052474975586,0.7112129330635071,0.7707841396331787,0.43466582894325256,0.8084288239479065,0.9340571761131287,0.8663520216941833,0.8510185480117798,0.9185532331466675,0.8332988619804382,0.8807692527770996,0.926967978477478,0.8978942036628723,0.8496237993240356
249,0.5,0.9669252634048462,0.9566035866737366,0.9871262311935425,0.999403178691864,0.41598108410835266,0.7058563232421875,0.8105798959732056,0.6895785331726074,0.6646320223808289,0.754105269908905,0.4153446555137634,0.8195397257804871,0.9147616624832153,0.8585067987442017,0.8281303644180298,0.8912386894226074,0.828495979309082,0.8644965887069702,0.906167209148407,0.8972247242927551,0.8588030934333801,0.969155490398407,0.959391713142395,0.9880293607711792,0.9997294545173645,0.42264729738235474,0.7013094425201416,0.8358038067817688,0.6880954504013062,0.7121318578720093,0.7712087631225586,0.430495947599411,0.8049719929695129,0.933647096157074,0.8639727234840393,0.8441426753997803,0.9112183451652527,0.8393850326538086,0.8733283877372742,0.9181610345840454,0.8975157737731934,0.8457363843917847
250,0.5,0.9653103351593018,0.953201949596405,0.9873093962669373,0.9993469715118408,0.41528037190437317,0.7019983530044556,0.8121230006217957,0.6874418258666992,0.6606581807136536,0.7596666812896729,0.41161367297172546,0.815062403678894,0.9143068790435791,0.8573688864707947,0.8262324929237366,0.8918043375015259,0.8294843435287476,0.8619413375854492,0.9088653326034546,0.8974050283432007,0.853151261806488,0.9648556113243103,0.9576266407966614,0.98636394739151,0.9995852112770081,0.41504967212677,0.7115851044654846,0.8340749740600586,0.6961118578910828,0.7025423645973206,0.7651056051254272,0.4317142069339752,0.8143001794815063,0.9365768432617188,0.8641772866249084,0.8517600297927856,0.9175799489021301,0.8468584418296814,0.8678475618362427,0.9028768539428711,0.8994392156600952,0.8276543021202087
251,0.5,0.9652550220489502,0.9503578543663025,0.9873581528663635,0.9995063543319702,0.42215731739997864,0.7009890079498291,0.8040651082992554,0.6861776113510132,0.665103018283844,0.7595299482345581,0.41144704818725586,0.815736711025238,0.9219817519187927,0.8513120412826538,0.8246137499809265,0.8829940557479858,0.8486045002937317,0.8598735332489014,0.9012411236763,0.8943392038345337,0.844305157661438,0.966834545135498,0.9575639963150024,0.9873278141021729,0.999748706817627,0.42096146941185,0.708398699760437,0.8359277248382568,0.7004718780517578,0.7107151746749878,0.7683273553848267,0.4302380681037903,0.8116424083709717,0.9362547993659973,0.8634971380233765,0.8410413265228271,0.9144561886787415,0.8514772057533264,0.8735529184341431,0.9135147333145142,0.8958556056022644,0.8298271894454956
252,0.5,0.9670607447624207,0.9543097615242004,0.9877637624740601,0.9990736842155457,0.42356353998184204,0.7060493230819702,0.8123140335083008,0.6877450346946716,0.6732208132743835,0.7569692134857178,0.4125235080718994,0.8163512349128723,0.9275205731391907,0.8552094101905823,0.8273648023605347,0.8868010640144348,0.8404303789138794,0.8659850358963013,0.9057161808013916,0.8989993929862976,0.8586418628692627,0.9702188968658447,0.9615918397903442,0.9886010885238647,0.9996814727783203,0.4222370982170105,0.7032153606414795,0.8398561477661133,0.6939326524734497,0.7295843362808228,0.7761621475219727,0.43248918652534485,0.8135659098625183,0.9394458532333374,0.8663346767425537,0.8518900275230408,0.921891987323761,0.8509913086891174,0.8786317706108093,0.9167931079864502,0.9048259854316711,0.8393126130104065
253,0.5,0.9666974544525146,0.952309250831604,0.9874206781387329,0.9989334344863892,0.42277637124061584,0.7030872702598572,0.8069936037063599,0.6843414306640625,0.6657198071479797,0.7588128447532654,0.411359041929245,0.8164695501327515,0.9226251840591431,0.8565260171890259,0.8276489973068237,0.8876040577888489,0.8433644771575928,0.8581446409225464,0.9060744643211365,0.8993016481399536,0.8596316576004028,0.9683047533035278,0.9593539834022522,0.9876829385757446,0.9995887279510498,0.41283223032951355,0.7093852162361145,0.8388051390647888,0.6945141553878784,0.6990178227424622,0.771885097026825,0.43265727162361145,0.8100639581680298,0.935314416885376,0.8648635149002075,0.8580631613731384,0.9176973104476929,0.8642167448997498,0.8721774816513062,0.9163216352462769,0.8975934982299805,0.842384397983551
254,0.5,0.964273989200592,0.9524894952774048,0.9861871600151062,0.9982730746269226,0.42331361770629883,0.7107689380645752,0.8046914935112,0.6897674798965454,0.6645827889442444,0.7585484981536865,0.41236796975135803,0.8064630627632141,0.9238618612289429,0.8597275018692017,0.8244361281394958,0.8894227147102356,0.8565667271614075,0.8577460646629333,0.9103515148162842,0.8963323831558228,0.8545402884483337,0.9649206399917603,0.9576630592346191,0.9866275787353516,0.998508870601654,0.4186876714229584,0.7183840870857239,0.837965190410614,0.6984081268310547,0.7137256860733032,0.7791396975517273,0.4314280152320862,0.8030454516410828,0.9398292899131775,0.8698170185089111,0.8450709581375122,0.9118327498435974,0.8755065202713013,0.8743823170661926,0.9206016063690186,0.9007241725921631,0.8259211778640747
255,0.5,0.9638765454292297,0.951804518699646,0.9867030382156372,0.9982019662857056,0.4239460229873657,0.7030488848686218,0.8099411725997925,0.6901634931564331,0.6663536429405212,0.7613244652748108,0.41247472167015076,0.8111525774002075,0.9207918047904968,0.8597145676612854,0.8265199661254883,0.8894689679145813,0.857347846031189,0.8573929071426392,0.9060576558113098,0.8903926014900208,0.8557775020599365,0.9708490967750549,0.9614613652229309,0.9883933067321777,0.9996351599693298,0.41746294498443604,0.6996840238571167,0.8397936820983887,0.7052545547485352,0.7055371999740601,0.7754616737365723,0.43058672547340393,0.7977122664451599,0.9361720681190491,0.8670350909233093,0.8471214175224304,0.9185795187950134,0.9010236263275146,0.8722447156906128,0.9217264652252197,0.8986273407936096,0.8383119702339172
256,0.5,0.9658193588256836,0.9532582759857178,0.9868887066841125,0.9980647563934326,0.4237923324108124,0.7083417773246765,0.8133030533790588,0.6887927651405334,0.6653367877006531,0.7616088390350342,0.4155060052871704,0.8100178241729736,0.914819598197937,0.8593761920928955,0.8282062411308289,0.894984245300293,0.8658173680305481,0.8599725961685181,0.9075186848640442,0.8937339782714844,0.8654067516326904,0.9717820286750793,0.9580608010292053,0.9890673160552979,0.9994285106658936,0.40820571780204773,0.6968754529953003,0.8401232957839966,0.6917158365249634,0.6809206604957581,0.7932021617889404,0.43268057703971863,0.813186526298523,0.9380249977111816,0.8665316700935364,0.8508127927780151,0.9179180264472961,0.9219444394111633,0.8707342147827148,0.9158854484558105,0.9018044471740723,0.8444646000862122
257,0.5,0.9628971815109253,0.9506001472473145,0.9859843850135803,0.9978528022766113,0.42701011896133423,0.7044098377227783,0.8141517639160156,0.6847301125526428,0.6739707589149475,0.766642153263092,0.4145500957965851,0.8149423003196716,0.9222562313079834,0.8570427298545837,0.8310920000076294,0.8919011354446411,0.8718669414520264,0.8617475032806396,0.9015504717826843,0.8997786641120911,0.8653674721717834,0.9667410850524902,0.9573327898979187,0.9875612854957581,0.9993098974227905,0.41885021328926086,0.7119759917259216,0.8375762104988098,0.6890425086021423,0.7050500512123108,0.7845103144645691,0.43010449409484863,0.8080582618713379,0.9414032697677612,0.8686890602111816,0.8500221371650696,0.915398120880127,0.9149234294891357,0.8745129108428955,0.9099148511886597,0.8996686339378357,0.8600696325302124
258,0.5,0.9647490978240967,0.9529706835746765,0.9870345592498779,0.9979285597801208,0.43394502997398376,0.7053269743919373,0.8106226921081543,0.686548113822937,0.6765409708023071,0.7684651613235474,0.41363099217414856,0.8166828751564026,0.9208241105079651,0.856239914894104,0.8246904015541077,0.891240119934082,0.87712562084198,0.8647297024726868,0.9061828255653381,0.8965544104576111,0.8696423172950745,0.9697504639625549,0.9606181979179382,0.9888034462928772,0.9996381998062134,0.4200407862663269,0.7163759469985962,0.8410978317260742,0.6948969960212708,0.7063379883766174,0.7816075086593628,0.4290930926799774,0.8105126619338989,0.9437450766563416,0.871078372001648,0.849443256855011,0.9208977222442627,0.9144570827484131,0.8773126006126404,0.9154691696166992,0.9030557870864868,0.8536368608474731
259,0.5,0.9682424664497375,0.9535278677940369,0.9881899952888489,0.9985849261283875,0.4279828667640686,0.7092221975326538,0.8094968795776367,0.6878175139427185,0.6681492924690247,0.7667572498321533,0.4130748212337494,0.819057285785675,0.9279526472091675,0.8593790531158447,0.8268687725067139,0.8954371809959412,0.8785815238952637,0.8660255074501038,0.9081467390060425,0.8994652032852173,0.8657585382461548,0.9694286584854126,0.9576388597488403,0.9884659647941589,0.9996575117111206,0.41844964027404785,0.7084195017814636,0.8404781222343445,0.6905640959739685,0.7052186131477356,0.7873684763908386,0.4302942752838135,0.8107017278671265,0.9403520822525024,0.8645066022872925,0.8510652780532837,0.9293428659439087,0.9140992164611816,0.8780494332313538,0.9103323221206665,0.8979001641273499,0.8551811575889587
260,0.5,0.9655324816703796,0.9546236991882324,0.9873488545417786,0.9987112879753113,0.4247458875179291,0.708788275718689,0.8201234936714172,0.6870828866958618,0.6612119674682617,0.7645569443702698,0.4124116003513336,0.8190439343452454,0.9218741059303284,0.8601402640342712,0.8262982368469238,0.8943084478378296,0.8930091261863708,0.8658045530319214,0.9027521014213562,0.8997783064842224,0.8641002774238586,0.9702342748641968,0.9605305790901184,0.9896652102470398,0.9997145533561707,0.4277856945991516,0.7119078040122986,0.8398725986480713,0.6972052454948425,0.721193253993988,0.7803778648376465,0.4304041862487793,0.813636302947998,0.9431265592575073,0.8659951686859131,0.8435933589935303,0.9206392168998718,0.920311450958252,0.877189576625824,0.9046034812927246,0.900634765625,0.8516299724578857
261,0.5,0.9656499624252319,0.9546838998794556,0.9871482253074646,0.9984442591667175,0.4305695593357086,0.7146803736686707,0.8196290731430054,0.6876569986343384,0.6750787496566772,0.7683523297309875,0.4118746817111969,0.818621039390564,0.9255083203315735,0.8560779690742493,0.8207007646560669,0.8981627821922302,0.8751875162124634,0.8594425320625305,0.9070912599563599,0.9008457064628601,0.8661313056945801,0.9639206528663635,0.9566174149513245,0.9863411784172058,0.9994494915008545,0.4301674962043762,0.7320783734321594,0.8405855894088745,0.7061960101127625,0.7043138742446899,0.7808849215507507,0.4337547719478607,0.8074450492858887,0.936565637588501,0.8660377264022827,0.8389747738838196,0.9222134351730347,0.9235492944717407,0.8634438514709473,0.9113708734512329,0.8949746489524841,0.8615126609802246
262,0.5,0.9662660360336304,0.9526739120483398,0.9876852631568909,0.9992294311523438,0.4297524690628052,0.7180269956588745,0.8180993795394897,0.6887368559837341,0.6699001789093018,0.76972895860672,0.4137280285358429,0.820300817489624,0.9313923716545105,0.861876368522644,0.8258044719696045,0.8952069282531738,0.8872314095497131,0.8580707907676697,0.9014204144477844,0.9019197225570679,0.8710848093032837,0.9696377515792847,0.9582212567329407,0.9889188408851624,0.9996235966682434,0.4292590320110321,0.7145280838012695,0.8430935740470886,0.6876510977745056,0.7146071195602417,0.7956928610801697,0.4334915280342102,0.814049243927002,0.9393279552459717,0.8723173141479492,0.849092960357666,0.9214637875556946,0.9258579015731812,0.869886040687561,0.9153515696525574,0.8986358642578125,0.869330883026123
263,0.5,0.9675993323326111,0.9550549983978271,0.987816333770752,0.9983340501785278,0.441982626914978,0.712954580783844,0.8183443546295166,0.6860617995262146,0.6729023456573486,0.772858738899231,0.41504213213920593,0.8180444836616516,0.9189836978912354,0.8613384962081909,0.8252724409103394,0.8948879837989807,0.8932580351829529,0.8645436763763428,0.9067739844322205,0.898573100566864,0.8776958584785461,0.9687968492507935,0.956981897354126,0.9885532259941101,0.9991616010665894,0.43551769852638245,0.7244921326637268,0.843211829662323,0.6880462765693665,0.6750699877738953,0.790907621383667,0.4326133728027344,0.8106738328933716,0.9387115240097046,0.8701105713844299,0.8509935140609741,0.9220331907272339,0.9282370805740356,0.8731697201728821,0.9170544147491455,0.8950623273849487,0.8671212196350098
264,0.5,0.9640570878982544,0.9535859823226929,0.9864196181297302,0.9984496831893921,0.4437303841114044,0.7194131016731262,0.8143911957740784,0.6885704398155212,0.6753085255622864,0.7678248882293701,0.41595327854156494,0.8151328563690186,0.9199491739273071,0.8563829064369202,0.8246325254440308,0.8913967609405518,0.8971009850502014,0.8673595786094666,0.908799409866333,0.8898759484291077,0.8726530075073242,0.9713051915168762,0.9584233164787292,0.9891306161880493,0.9996256232261658,0.4513847529888153,0.7070136666297913,0.8443728685379028,0.6841540336608887,0.7331687808036804,0.7955348491668701,0.4332553744316101,0.8117198944091797,0.9383689165115356,0.8707870244979858,0.8568664789199829,0.9303084015846252,0.9299442172050476,0.8752397298812866,0.9202054738998413,0.8943544030189514,0.8700606226921082
265,0.5,0.9655959010124207,0.9527908563613892,0.9864147305488586,0.9979755282402039,0.441882848739624,0.7187570333480835,0.8172761797904968,0.6870929598808289,0.6751345992088318,0.7747291326522827,0.41396716237068176,0.8160887360572815,0.9209872484207153,0.8637790083885193,0.831406831741333,0.8906736373901367,0.8891069293022156,0.8679243326187134,0.911166250705719,0.8964893817901611,0.8773947358131409,0.9660511612892151,0.9549897313117981,0.9877183437347412,0.9995616674423218,0.44742071628570557,0.7216612100601196,0.842122495174408,0.7035477757453918,0.7130435109138489,0.794147789478302,0.4334106147289276,0.8085255026817322,0.9399950504302979,0.8688809275627136,0.8480893969535828,0.9157888889312744,0.924714982509613,0.8728874921798706,0.9196435213088989,0.887439489364624,0.8721574544906616
266,0.5,0.9680366516113281,0.9539291858673096,0.9885565042495728,0.9985741972923279,0.4461621940135956,0.714735209941864,0.814412534236908,0.6873629689216614,0.6751078367233276,0.782261312007904,0.4108079671859741,0.8176406621932983,0.9284147024154663,0.8598058223724365,0.8341335654258728,0.8885474801063538,0.8922132253646851,0.8708292245864868,0.9023686051368713,0.8871475458145142,0.8820511102676392,0.9709941744804382,0.9620614647865295,0.9892414808273315,0.9993765354156494,0.4407452642917633,0.7268207669258118,0.8445915579795837,0.6940522789955139,0.7124285697937012,0.7951210141181946,0.4339601695537567,0.812919020652771,0.9419126510620117,0.8732813596725464,0.8499172329902649,0.9237415790557861,0.9158687591552734,0.8799775242805481,0.9236156344413757,0.8935692310333252,0.876960813999176
267,0.5,0.9687013626098633,0.9563103318214417,0.9887713193893433,0.998081624507904,0.44528716802597046,0.7165066599845886,0.8182190656661987,0.6905325055122375,0.6787252426147461,0.7783069014549255,0.41494783759117126,0.8146793842315674,0.9327201247215271,0.8603183627128601,0.8305572271347046,0.8997217416763306,0.8907909989356995,0.877303421497345,0.9083974957466125,0.889090359210968,0.8867368698120117,0.9671903848648071,0.9579740166664124,0.9881216287612915,0.9995764493942261,0.43883711099624634,0.7410921454429626,0.8423010110855103,0.6984438896179199,0.683214545249939,0.7983919382095337,0.43399879336357117,0.8071247339248657,0.9452553987503052,0.8739418983459473,0.8513980507850647,0.9078459739685059,0.9249881505966187,0.8822973370552063,0.9232405424118042,0.8868052959442139,0.8780534267425537
268,0.5,0.9695301651954651,0.9563583731651306,0.9887571930885315,0.9983528852462769,0.4380819499492645,0.7183837890625,0.8231018781661987,0.6892396807670593,0.6795447468757629,0.7802018523216248,0.41366592049598694,0.8172147274017334,0.9231899380683899,0.8627440333366394,0.8342500329017639,0.8933413624763489,0.8929348587989807,0.8749141097068787,0.907600998878479,0.9005692005157471,0.8894170522689819,0.9738056659698486,0.9606071710586548,0.9899741411209106,0.999278724193573,0.4407886266708374,0.7256808876991272,0.8485994338989258,0.6965587139129639,0.7083011865615845,0.804905891418457,0.434510201215744,0.8163954019546509,0.9416183829307556,0.8733971118927002,0.8502904176712036,0.9289682507514954,0.9334059357643127,0.8825723528862,0.9181052446365356,0.8943513035774231,0.8810834288597107
269,0.5,0.9690364003181458,0.9567468762397766,0.9884509444236755,0.9987275004386902,0.442040354013443,0.7258819937705994,0.8226041793823242,0.6884135007858276,0.664847731590271,0.7889389395713806,0.41335445642471313,0.8188344836235046,0.9311602115631104,0.8604887127876282,0.8354251384735107,0.8995296955108643,0.9085363149642944,0.8758214712142944,0.9120334982872009,0.8972395062446594,0.8837719559669495,0.9720703363418579,0.9593997001647949,0.9894961714744568,0.9992680549621582,0.44952794909477234,0.7425389885902405,0.8487836718559265,0.6983461380004883,0.6939408183097839,0.8067579865455627,0.4346693456172943,0.8170719146728516,0.938862681388855,0.8748357892036438,0.843555212020874,0.918424665927887,0.9351128935813904,0.8802607655525208,0.9188110828399658,0.8894122242927551,0.8793308734893799
270,0.5,0.9670504927635193,0.9538673162460327,0.9871994853019714,0.9987894296646118,0.4461013972759247,0.724543571472168,0.8199377655982971,0.6879613399505615,0.6738402843475342,0.7920618057250977,0.41275855898857117,0.8169916868209839,0.921705961227417,0.8618560433387756,0.8293009996414185,0.8938593864440918,0.9013873934745789,0.8674166798591614,0.9068446159362793,0.8879867196083069,0.8836848735809326,0.970626711845398,0.958149254322052,0.9888064861297607,0.9990283846855164,0.43864887952804565,0.7297850847244263,0.8462987542152405,0.7082476019859314,0.703156590461731,0.8079180121421814,0.4330245554447174,0.8101639747619629,0.9431548118591309,0.8781597018241882,0.8471168875694275,0.9176087379455566,0.9325888752937317,0.8821979761123657,0.9177196025848389,0.8962281346321106,0.8801490664482117
271,0.5,0.9688659906387329,0.9561908841133118,0.9888694286346436,0.9983547925949097,0.44526517391204834,0.7272065877914429,0.8210937976837158,0.6900121569633484,0.6711972951889038,0.7858144640922546,0.41347405314445496,0.8178313374519348,0.9269505143165588,0.862787127494812,0.8277846574783325,0.8939026594161987,0.9097841382026672,0.8724181056022644,0.912462592124939,0.8984130024909973,0.8890151977539062,0.9697400331497192,0.9606054425239563,0.9896837472915649,0.9996026158332825,0.4494200646877289,0.7322617173194885,0.8458369970321655,0.6941187977790833,0.7045140266418457,0.809349536895752,0.42904138565063477,0.8135963082313538,0.9469913840293884,0.8739343285560608,0.852212131023407,0.9224869608879089,0.9369980692863464,0.881240725517273,0.9186881184577942,0.8957462310791016,0.8858835697174072
272,0.5,0.9672317504882812,0.9558879137039185,0.9879429340362549,0.9992222785949707,0.45018473267555237,0.7225033640861511,0.8212278485298157,0.6842895746231079,0.6682182550430298,0.7930884957313538,0.41123661398887634,0.8154650926589966,0.9178239703178406,0.8701977133750916,0.8221209645271301,0.8963181376457214,0.8874657154083252,0.8715627789497375,0.9051195383071899,0.8862735033035278,0.8901150226593018,0.9708564877510071,0.960209310054779,0.9894980192184448,0.9996938109397888,0.4562796950340271,0.740358293056488,0.8412277102470398,0.6902685761451721,0.7111073732376099,0.8075269460678101,0.4290805757045746,0.803903341293335,0.9418192505836487,0.8753675818443298,0.8429843783378601,0.9192875623703003,0.9387589693069458,0.8803849816322327,0.9101341962814331,0.8916718363761902,0.8816803097724915
273,0.5,0.9651550054550171,0.9512450098991394,0.9867053031921387,0.9985244274139404,0.45083191990852356,0.7261646389961243,0.8183004260063171,0.6936329007148743,0.6745656728744507,0.7910946607589722,0.41429296135902405,0.8114044666290283,0.9229596853256226,0.8624550700187683,0.820184588432312,0.8931591510772705,0.9096330404281616,0.8692007660865784,0.907097578048706,0.8847184777259827,0.8860432505607605,0.9688035249710083,0.9563043713569641,0.9876216053962708,0.9992438554763794,0.4431409537792206,0.7375419735908508,0.8426191210746765,0.6878677606582642,0.6781581044197083,0.8076651096343994,0.4330822825431824,0.8028108477592468,0.9382428526878357,0.8725173473358154,0.8499007821083069,0.9136850833892822,0.936077356338501,0.8792731165885925,0.9131036400794983,0.8903144001960754,0.8822752833366394
274,0.5,0.9650009870529175,0.9511480331420898,0.986876368522644,0.9977982640266418,0.45019158720970154,0.7244871258735657,0.8152328133583069,0.691199541091919,0.6735416054725647,0.7901157736778259,0.4155522286891937,0.8104928731918335,0.9177358150482178,0.8628917336463928,0.8273389935493469,0.895241379737854,0.909580409526825,0.8705325722694397,0.9094684720039368,0.8888087272644043,0.8903608322143555,0.9684483408927917,0.9590617418289185,0.9885150194168091,0.9992656707763672,0.454001784324646,0.7589892745018005,0.8465895056724548,0.6874457001686096,0.702300488948822,0.8085682988166809,0.4336473047733307,0.808251142501831,0.9434651732444763,0.8733400106430054,0.8295795917510986,0.9222798347473145,0.9425424337387085,0.8842407464981079,0.9179251790046692,0.8897891640663147,0.894153892993927
275,0.5,0.965811550617218,0.9525678753852844,0.9861161112785339,0.9985032677650452,0.45154717564582825,0.7315323948860168,0.8195422291755676,0.6880728006362915,0.6685214638710022,0.7890212535858154,0.41463446617126465,0.8119869828224182,0.9173390865325928,0.8623231053352356,0.8267006278038025,0.8979523777961731,0.904872477054596,0.8739243149757385,0.9117608666419983,0.8931707739830017,0.8981886506080627,0.9737812876701355,0.9613263607025146,0.9902201890945435,0.9996190667152405,0.4515019655227661,0.7346568703651428,0.8495150804519653,0.6990259289741516,0.6912689208984375,0.809813916683197,0.4333093762397766,0.8121880888938904,0.9408128261566162,0.8704824447631836,0.8461924195289612,0.9226126074790955,0.9400587677955627,0.8874143362045288,0.9206113219261169,0.8890801072120667,0.8945862054824829
276,0.5,0.9702006578445435,0.9571588635444641,0.9892158508300781,0.9995288252830505,0.451568067073822,0.7300509810447693,0.8226374983787537,0.6897158622741699,0.6718919277191162,0.7927385568618774,0.41360577940940857,0.8158573508262634,0.9284970760345459,0.8681972622871399,0.8300972580909729,0.901282787322998,0.9104329347610474,0.8772397041320801,0.9091850519180298,0.892768383026123,0.9019584655761719,0.9764205813407898,0.9653424024581909,0.9913151860237122,0.999808132648468,0.46366915106773376,0.735072672367096,0.8498262763023376,0.6976156830787659,0.7303217649459839,0.8186365365982056,0.4340420961380005,0.8109710216522217,0.942971408367157,0.8765127658843994,0.8348396420478821,0.9230819940567017,0.9459627866744995,0.886449933052063,0.9289764165878296,0.8980190753936768,0.9031776189804077
277,0.5,0.9692682027816772,0.9563626050949097,0.9891308546066284,0.9997298717498779,0.45093169808387756,0.727081298828125,0.821463942527771,0.6894787549972534,0.6710488796234131,0.7889083623886108,0.41171833872795105,0.814525842666626,0.931975245475769,0.8623325824737549,0.8206340670585632,0.9079993367195129,0.9115623831748962,0.8728485703468323,0.9093509316444397,0.8921729326248169,0.9014802575111389,0.9757539629936218,0.9633277058601379,0.9910277128219604,0.9997885227203369,0.45162320137023926,0.7359129786491394,0.8507657051086426,0.6986804008483887,0.6971350312232971,0.8156331181526184,0.4320793151855469,0.8161172270774841,0.9386423826217651,0.8799986243247986,0.8487193584442139,0.928802490234375,0.9399538636207581,0.8817296028137207,0.9215389490127563,0.8951073884963989,0.8980364203453064
278,0.5,0.9716458320617676,0.957600474357605,0.9892532825469971,0.9981730580329895,0.45148488879203796,0.7321602702140808,0.8217400312423706,0.6860350966453552,0.6696349382400513,0.7953289151191711,0.4138557016849518,0.8171645402908325,0.9272686839103699,0.864281415939331,0.8255317211151123,0.9042064547538757,0.9190219044685364,0.8804832100868225,0.9133637547492981,0.8954815864562988,0.903617799282074,0.9775659441947937,0.9642461538314819,0.9910337924957275,0.9998105764389038,0.45183485746383667,0.7440435886383057,0.847014307975769,0.7060437202453613,0.6767839193344116,0.8151923418045044,0.43427520990371704,0.807100772857666,0.9326400756835938,0.8740351796150208,0.8614394664764404,0.9301897287368774,0.9447493553161621,0.887056827545166,0.9300889372825623,0.8922135829925537,0.9018961787223816
279,0.5,0.9708336591720581,0.9583081007003784,0.9888540506362915,0.9988647699356079,0.4555325508117676,0.728632926940918,0.8210604786872864,0.6922644972801208,0.6621690392494202,0.7978730797767639,0.41226935386657715,0.8136262893676758,0.9275063276290894,0.8642494678497314,0.831230878829956,0.897307276725769,0.9154124855995178,0.8771162629127502,0.9095728993415833,0.8871424794197083,0.9034987092018127,0.9711561799049377,0.9589802622795105,0.9885980486869812,0.9997047781944275,0.45480838418006897,0.7310001850128174,0.8475871086120605,0.7088078856468201,0.7041462659835815,0.8108662962913513,0.43464845418930054,0.8067110776901245,0.9408938884735107,0.8746073246002197,0.8457162380218506,0.9060364961624146,0.94022136926651,0.8864970207214355,0.9204173684120178,0.8896709084510803,0.900162398815155
280,0.5,0.9679545164108276,0.9550231695175171,0.9875501394271851,0.9989036917686462,0.45753976702690125,0.7289637923240662,0.8249937891960144,0.6899019479751587,0.6766310930252075,0.7878727316856384,0.41453588008880615,0.8158915042877197,0.9267443418502808,0.8602784872055054,0.8288885951042175,0.8948422074317932,0.9168851375579834,0.8739224076271057,0.9075629115104675,0.8910446763038635,0.9009839296340942,0.9708452820777893,0.9592658877372742,0.9875299334526062,0.9996649622917175,0.4549892842769623,0.7329378724098206,0.8490647673606873,0.7108290791511536,0.7113035321235657,0.8125311136245728,0.4388176500797272,0.8037770390510559,0.9310054183006287,0.8759946823120117,0.8515292406082153,0.9291748404502869,0.939645528793335,0.886428952217102,0.9171508550643921,0.8870412111282349,0.8983293771743774
281,0.5,0.9709358215332031,0.9568905830383301,0.9890908598899841,0.9983683824539185,0.4530710279941559,0.7373702526092529,0.8246055841445923,0.6934500336647034,0.6708004474639893,0.8008860945701599,0.41605088114738464,0.8131574988365173,0.9212378859519958,0.8673058152198792,0.8376654982566833,0.8985780477523804,0.9229480624198914,0.8774091005325317,0.9050829410552979,0.8938427567481995,0.8972979784011841,0.9725422859191895,0.9631558656692505,0.989417314529419,0.9997695684432983,0.45011335611343384,0.7314226031303406,0.8483709692955017,0.7008236050605774,0.6823087930679321,0.8150996565818787,0.43451330065727234,0.807041585445404,0.9410421848297119,0.8748066425323486,0.8525802493095398,0.9138255715370178,0.9442143440246582,0.8885621428489685,0.9226915240287781,0.8915736079216003,0.8985519409179688
282,0.5,0.9685434103012085,0.9594937562942505,0.9881576299667358,0.9987636208534241,0.4523637294769287,0.7321934103965759,0.8235467672348022,0.6886674761772156,0.6632856130599976,0.7993288040161133,0.4145205020904541,0.8165087699890137,0.9283618330955505,0.8656512498855591,0.8372206091880798,0.9003168344497681,0.919975221157074,0.8772398233413696,0.9110732674598694,0.8979776501655579,0.889911949634552,0.9750106930732727,0.9643672704696655,0.9907218217849731,0.9997630715370178,0.46882155537605286,0.7343629002571106,0.8491696119308472,0.7043483853340149,0.7399818301200867,0.8134278059005737,0.4314855635166168,0.812529444694519,0.9446179270744324,0.871452271938324,0.860175371170044,0.9341694116592407,0.9460432529449463,0.8957525491714478,0.9123427271842957,0.8956461548805237,0.8910893797874451
283,0.5,0.9714155793190002,0.9594050645828247,0.9889562129974365,0.9992843866348267,0.45898255705833435,0.7280537486076355,0.8251169919967651,0.6900942325592041,0.6814462542533875,0.7941953539848328,0.41314497590065,0.8137001395225525,0.9318332076072693,0.8642204999923706,0.8363612294197083,0.8985323905944824,0.9254138469696045,0.8833319544792175,0.9110868573188782,0.8956528306007385,0.8974732160568237,0.9715807437896729,0.9607659578323364,0.9896543025970459,0.9997451901435852,0.44429346919059753,0.7245809435844421,0.8470967411994934,0.7043740749359131,0.6848065853118896,0.812973141670227,0.4329463839530945,0.8081327676773071,0.9491921067237854,0.8734714388847351,0.85521399974823,0.9163113236427307,0.9477506279945374,0.8908059000968933,0.9159248471260071,0.89360111951828,0.9002319574356079
284,0.5,0.9706112742424011,0.957545816898346,0.9882225394248962,0.999428391456604,0.4548247754573822,0.7309363484382629,0.8241885304450989,0.6886726021766663,0.6710494756698608,0.7974084615707397,0.4135657250881195,0.8196860551834106,0.9336918592453003,0.8606970906257629,0.8372856378555298,0.8932870626449585,0.9233570694923401,0.879938542842865,0.9085518717765808,0.8992131948471069,0.8987228870391846,0.9715999960899353,0.9616649746894836,0.9896160960197449,0.999669075012207,0.4593711197376251,0.7307853102684021,0.8514297008514404,0.7014514803886414,0.7028289437294006,0.8130587935447693,0.434611439704895,0.8121853470802307,0.9404464960098267,0.8711748719215393,0.8521554470062256,0.9330137372016907,0.9444630742073059,0.8917561769485474,0.9155510663986206,0.8916780352592468,0.8984302878379822
285,0.5,0.9687544107437134,0.9576524496078491,0.9881776571273804,0.9993720650672913,0.45918184518814087,0.732477068901062,0.8250970840454102,0.6910171508789062,0.6739045977592468,0.8003926277160645,0.41328081488609314,0.8178825974464417,0.9272789359092712,0.8653420805931091,0.828942060470581,0.8970474600791931,0.9236739277839661,0.8767686486244202,0.9062221646308899,0.8937072157859802,0.8978877663612366,0.9724710583686829,0.9621374011039734,0.9891355037689209,0.9997848272323608,0.4711074233055115,0.7293269634246826,0.8486807942390442,0.7019489407539368,0.7398943305015564,0.8232781291007996,0.4336414039134979,0.8086573481559753,0.938887357711792,0.8776832818984985,0.8529306650161743,0.9372845888137817,0.9458929300308228,0.8931350111961365,0.920337975025177,0.8953683972358704,0.8964159488677979
286,0.5,0.9708242416381836,0.9571407437324524,0.9893972277641296,0.9988199472427368,0.4594012200832367,0.7317871451377869,0.8215706944465637,0.6889175772666931,0.6692508459091187,0.8060182332992554,0.41291120648384094,0.8164031505584717,0.932036280632019,0.8666967749595642,0.840671956539154,0.9028023481369019,0.9301986694335938,0.8878071308135986,0.9100543260574341,0.8998419046401978,0.9025937914848328,0.9754021763801575,0.9639877676963806,0.9909569025039673,0.9997817277908325,0.45173394680023193,0.7348834872245789,0.8489245772361755,0.6991325616836548,0.6802917122840881,0.823355495929718,0.4318990111351013,0.8101431727409363,0.9443049430847168,0.8778186440467834,0.8536396622657776,0.9286632537841797,0.9462475776672363,0.8966307044029236,0.9167982935905457,0.9005976915359497,0.9007020592689514
287,0.5,0.9710930585861206,0.9575686454772949,0.9894368648529053,0.9996836185455322,0.45533907413482666,0.7355930805206299,0.820647120475769,0.6876644492149353,0.6696906685829163,0.8101090788841248,0.41420555114746094,0.8198084831237793,0.9321248531341553,0.8689530491828918,0.8336980938911438,0.8982908129692078,0.9211186170578003,0.8806057572364807,0.9100462198257446,0.8997659683227539,0.902274489402771,0.9729084372520447,0.962299108505249,0.9903978705406189,0.9994338154792786,0.4562302827835083,0.7341260313987732,0.8491814732551575,0.7048112154006958,0.6936765313148499,0.821982204914093,0.4323301613330841,0.8115283250808716,0.9460031986236572,0.8781118392944336,0.862617552280426,0.9217310547828674,0.9448826909065247,0.8938703536987305,0.9190290570259094,0.8898666501045227,0.9030445218086243
288,0.5,0.9694128036499023,0.9575492143630981,0.9893743395805359,0.9993441700935364,0.4566766917705536,0.7375378608703613,0.827917218208313,0.6878060698509216,0.6692777872085571,0.8043699264526367,0.4133009910583496,0.8192432522773743,0.9318248629570007,0.867097020149231,0.8411219120025635,0.9000758528709412,0.9244670271873474,0.881300151348114,0.9088860154151917,0.8960239887237549,0.8987725377082825,0.9742333889007568,0.9638851881027222,0.9904449582099915,0.9997785091400146,0.46706458926200867,0.7354816794395447,0.8476660847663879,0.7024335861206055,0.7373450398445129,0.8201254606246948,0.43191611766815186,0.8124027252197266,0.9453153610229492,0.8768689632415771,0.8580012321472168,0.927959144115448,0.9439747333526611,0.9007933139801025,0.9070776104927063,0.8897896409034729,0.9007306098937988
289,0.5,0.9684059619903564,0.957080602645874,0.9885663986206055,0.9987561106681824,0.45279988646507263,0.7306891679763794,0.8230466842651367,0.6890532374382019,0.6696656346321106,0.8009288907051086,0.41138944029808044,0.81492680311203,0.9344971776008606,0.8687247633934021,0.8336338400840759,0.8979772329330444,0.9189161062240601,0.8778939843177795,0.9034873247146606,0.8980831503868103,0.8994917273521423,0.9728479981422424,0.9622386693954468,0.9898427128791809,0.9997715353965759,0.46563002467155457,0.7269392013549805,0.8508428931236267,0.7036145925521851,0.7411353588104248,0.8178257346153259,0.43145322799682617,0.8110179305076599,0.9453366994857788,0.8747178912162781,0.8616536855697632,0.9119266271591187,0.9440615177154541,0.8983593583106995,0.9146279096603394,0.8981506824493408,0.9011384844779968
290,0.5,0.9704751372337341,0.9572852849960327,0.9895833730697632,0.9982515573501587,0.45863106846809387,0.7439227104187012,0.8236027359962463,0.6919947862625122,0.6715872883796692,0.8025271892547607,0.41554349660873413,0.8118210434913635,0.9328783750534058,0.8674123287200928,0.8364889025688171,0.9007774591445923,0.9168847799301147,0.88277667760849,0.9090856909751892,0.8976138234138489,0.9008539915084839,0.9711962342262268,0.9608207941055298,0.9892423152923584,0.9995499849319458,0.46656957268714905,0.7513368129730225,0.8504434823989868,0.7035515308380127,0.7294352054595947,0.8225296139717102,0.43207573890686035,0.8018340468406677,0.9396661520004272,0.8771318197250366,0.8440821766853333,0.9193728566169739,0.9447386264801025,0.8920536041259766,0.9191862344741821,0.8932015895843506,0.8991698622703552
291,0.5,0.9707450866699219,0.9588854312896729,0.9884791970252991,0.9985986948013306,0.4586869478225708,0.7379831075668335,0.8265839219093323,0.6929712295532227,0.6737781167030334,0.8003472685813904,0.4152759313583374,0.8130771517753601,0.9273313283920288,0.8653116226196289,0.8369997143745422,0.9015883803367615,0.9293924570083618,0.8804736733436584,0.911963939666748,0.8967110514640808,0.9013164639472961,0.9745012521743774,0.9641737341880798,0.9905267953872681,0.9997777938842773,0.46107444167137146,0.7318178415298462,0.8539597392082214,0.7138376235961914,0.7211702466011047,0.8218929171562195,0.4328395128250122,0.8074788451194763,0.939730703830719,0.8820769190788269,0.8374828100204468,0.9259233474731445,0.9459232687950134,0.8943918943405151,0.9206787943840027,0.900867760181427,0.905924379825592
292,0.5,0.9688807725906372,0.955946147441864,0.9886059165000916,0.999254047870636,0.45757001638412476,0.7367678880691528,0.8270850777626038,0.6913918852806091,0.671882152557373,0.8140104413032532,0.4144575297832489,0.8100708723068237,0.9300227761268616,0.8659214377403259,0.8363991379737854,0.8974957466125488,0.9376044869422913,0.8850332498550415,0.9104326367378235,0.9084349870681763,0.9041509628295898,0.97440505027771,0.9641868472099304,0.9904773831367493,0.9997875094413757,0.44839829206466675,0.7296741008758545,0.8534072637557983,0.7045301198959351,0.6881680488586426,0.8269720673561096,0.43340861797332764,0.8053478002548218,0.9457943439483643,0.882234513759613,0.850310206413269,0.9238207936286926,0.9460119009017944,0.899501621723175,0.9248138070106506,0.9018982648849487,0.9086194038391113
293,0.5,0.9683281183242798,0.9589356780052185,0.9888554215431213,0.999137818813324,0.4605099558830261,0.7405621409416199,0.829033613204956,0.6945739388465881,0.6694126129150391,0.8106735944747925,0.4172409176826477,0.8119933009147644,0.9292430281639099,0.8659368753433228,0.839222252368927,0.8934317827224731,0.9253955483436584,0.8825500011444092,0.9072858691215515,0.8973695635795593,0.9102922081947327,0.9767435789108276,0.9660242199897766,0.9916749000549316,0.9996945261955261,0.4535043239593506,0.7451977729797363,0.8499838709831238,0.7026619911193848,0.7020666003227234,0.8223040699958801,0.430221825838089,0.8096190690994263,0.9499000906944275,0.878607988357544,0.857559084892273,0.9209138751029968,0.9500618577003479,0.8955338001251221,0.9168614745140076,0.9076656699180603,0.9120355844497681
294,0.5,0.9701412916183472,0.9595419764518738,0.9884920120239258,0.9986475110054016,0.45718854665756226,0.7365670800209045,0.8258546590805054,0.697271466255188,0.6694930195808411,0.8037037253379822,0.41256773471832275,0.8071955442428589,0.9263620376586914,0.8634582757949829,0.8395190238952637,0.888520359992981,0.9221941232681274,0.879655122756958,0.8996795415878296,0.9059531092643738,0.9066243171691895,0.972701370716095,0.9625709652900696,0.9893645644187927,0.999664306640625,0.4467388689517975,0.7379618287086487,0.8530979156494141,0.7077125310897827,0.6746304035186768,0.8176237344741821,0.4328067898750305,0.8022139668464661,0.9424978494644165,0.8756151795387268,0.8561404347419739,0.921848714351654,0.9466046094894409,0.8925898671150208,0.9037516713142395,0.9032084345817566,0.9065913558006287
295,0.5,0.9695847034454346,0.9563829302787781,0.988683819770813,0.9984118938446045,0.4572403132915497,0.7484033703804016,0.8297846913337708,0.6949763298034668,0.6726477742195129,0.8106696009635925,0.4165590703487396,0.8071351647377014,0.9268253445625305,0.871013879776001,0.8365539312362671,0.893996000289917,0.9266128540039062,0.8774718642234802,0.9014748334884644,0.8988873362541199,0.9105234146118164,0.974382758140564,0.9642758369445801,0.9905035495758057,0.9997785687446594,0.457536906003952,0.7367933392524719,0.853484034538269,0.7156755924224854,0.7090569734573364,0.8227750658988953,0.4316093325614929,0.8046082258224487,0.9463757872581482,0.875099778175354,0.8648443818092346,0.9233044981956482,0.9484903216362,0.8949794173240662,0.9067985415458679,0.8979110717773438,0.9110690355300903
296,0.5,0.9685163497924805,0.9566224217414856,0.9886676073074341,0.9989973306655884,0.4561101496219635,0.7479574084281921,0.8292270302772522,0.6951439380645752,0.6686061024665833,0.8093163371086121,0.4132019579410553,0.8126994967460632,0.9334689974784851,0.8691479563713074,0.84239661693573,0.8930805921554565,0.9260578751564026,0.8830839991569519,0.9094528555870056,0.9024550914764404,0.9146936535835266,0.9733439087867737,0.96380615234375,0.9900622367858887,0.9997754693031311,0.47081100940704346,0.7515444755554199,0.8513798117637634,0.691307544708252,0.7351462841033936,0.8243545889854431,0.4327043294906616,0.8085533976554871,0.942401111125946,0.876265287399292,0.8578790426254272,0.9270548224449158,0.9452946782112122,0.8958317637443542,0.9217630624771118,0.9042655825614929,0.9139559864997864
297,0.5,0.9678906202316284,0.9569453597068787,0.9882727861404419,0.9992092251777649,0.4587390124797821,0.7460252642631531,0.8240134119987488,0.6956860423088074,0.6784272789955139,0.8080968856811523,0.4142168462276459,0.8080307841300964,0.9315417408943176,0.8700379729270935,0.8436433672904968,0.9000408053398132,0.9210731983184814,0.8850948810577393,0.9064398407936096,0.8984965682029724,0.9125850200653076,0.9747628569602966,0.9643581509590149,0.9903126358985901,0.9998002052307129,0.4669792950153351,0.75072181224823,0.8505651354789734,0.7083334922790527,0.7184913754463196,0.825805127620697,0.4335039258003235,0.8085716962814331,0.9424912929534912,0.8739451766014099,0.8670159578323364,0.9251239895820618,0.9467632174491882,0.8913031220436096,0.9163290858268738,0.8969009518623352,0.9170532822608948
298,0.5,0.9731102585792542,0.9600637555122375,0.9901161193847656,0.9993346929550171,0.4579504728317261,0.7504591345787048,0.8276073336601257,0.6901776194572449,0.6768262982368469,0.8129604458808899,0.4144369065761566,0.8173008561134338,0.9295855760574341,0.8632295727729797,0.8434093594551086,0.8954489827156067,0.9361826181411743,0.8870116472244263,0.9097853302955627,0.9032899737358093,0.9222459197044373,0.974398672580719,0.9643523097038269,0.9902841448783875,0.9997017979621887,0.46104440093040466,0.759095311164856,0.8512402772903442,0.7053855061531067,0.6972481608390808,0.8237558007240295,0.43504464626312256,0.8101964592933655,0.9406118392944336,0.8771879076957703,0.8665047287940979,0.934769868850708,0.9514080882072449,0.8940478563308716,0.9119223356246948,0.898650586605072,0.9251706600189209
299,0.5,0.9695959687232971,0.9582080245018005,0.988191545009613,0.9990720748901367,0.4606892466545105,0.7496692538261414,0.8286593556404114,0.6943877935409546,0.6762980222702026,0.8135671615600586,0.41349631547927856,0.8116971850395203,0.9292290806770325,0.870316207408905,0.842862069606781,0.8983700275421143,0.9277554750442505,0.8852401375770569,0.9156614542007446,0.8984337449073792,0.915293276309967,0.9754746556282043,0.9673723578453064,0.9906967878341675,0.9997988343238831,0.46802666783332825,0.7328229546546936,0.8548983931541443,0.7128313779830933,0.7243114709854126,0.8344734907150269,0.4324705898761749,0.811148464679718,0.9357181787490845,0.8819310069084167,0.8434163331985474,0.9314703941345215,0.9403780698776245,0.8986045122146606,0.9199382066726685,0.8945436477661133,0.9064369797706604
300,0.5,0.9686102271080017,0.9583635330200195,0.9882529973983765,0.9992374777793884,0.46231335401535034,0.7452131509780884,0.8282833695411682,0.6948975920677185,0.6838825941085815,0.815034806728363,0.41775667667388916,0.8090127110481262,0.9210472702980042,0.8711099624633789,0.8332124948501587,0.894008457660675,0.9260310530662537,0.886315107345581,0.9115625023841858,0.8942230939865112,0.9071666598320007,0.9735469818115234,0.9640806317329407,0.9904544353485107,0.9997572898864746,0.4569260776042938,0.7496546506881714,0.8548930883407593,0.6997982859611511,0.7137479782104492,0.8270647525787354,0.4344562292098999,0.8074741959571838,0.9464738368988037,0.8768618702888489,0.8469010591506958,0.9194871187210083,0.9468488097190857,0.8956941962242126,0.9149470329284668,0.9002328515052795,0.9096199870109558
301,0.5,0.9723063707351685,0.9598244428634644,0.9888074398040771,0.9992480278015137,0.4605812728404999,0.7460171580314636,0.8272918462753296,0.6914013028144836,0.6724555492401123,0.8184294104576111,0.41530555486679077,0.8145318627357483,0.9349815845489502,0.8768932223320007,0.8345561027526855,0.8890447616577148,0.927866518497467,0.8815668225288391,0.9121681451797485,0.8983221650123596,0.9129500985145569,0.9736771583557129,0.9639020562171936,0.9899414777755737,0.999677836894989,0.46621960401535034,0.7649475336074829,0.8546762466430664,0.6985015273094177,0.7237294316291809,0.831877589225769,0.43125152587890625,0.8115142583847046,0.9461365938186646,0.8773519396781921,0.8510954976081848,0.9345782399177551,0.9433185458183289,0.8957020044326782,0.9202471375465393,0.8964086174964905,0.9134459495544434
302,0.5,0.9705376029014587,0.9563278555870056,0.9887165427207947,0.998679518699646,0.4595758020877838,0.7492794394493103,0.830450177192688,0.6954429149627686,0.6776669025421143,0.8092554807662964,0.4128091335296631,0.8139160871505737,0.9348570704460144,0.8686267137527466,0.8349795341491699,0.9017249345779419,0.9231423735618591,0.8802620768547058,0.9075144529342651,0.8997226357460022,0.9089045524597168,0.9755684733390808,0.9640747904777527,0.990572452545166,0.9997433423995972,0.4609728157520294,0.753434956073761,0.8549917936325073,0.6996831893920898,0.7162665128707886,0.8347609639167786,0.4332098960876465,0.8145496249198914,0.9422209858894348,0.8817854523658752,0.860273540019989,0.9206672310829163,0.9429467916488647,0.898200273513794,0.9219629764556885,0.8922157883644104,0.9076279997825623
303,0.5,0.9718673229217529,0.9597688317298889,0.9892670512199402,0.9989157915115356,0.46047458052635193,0.7535319924354553,0.832902193069458,0.6894763112068176,0.6737427711486816,0.8180611729621887,0.41522812843322754,0.8178256154060364,0.9283725619316101,0.8700487017631531,0.8423517346382141,0.8908547759056091,0.9319390654563904,0.881529688835144,0.9128779768943787,0.9012482166290283,0.9100489616394043,0.9775648713111877,0.9673397541046143,0.9915364384651184,0.9997297525405884,0.4583589434623718,0.7452778816223145,0.8563930988311768,0.6935262680053711,0.6962252855300903,0.8309255838394165,0.43126657605171204,0.8072531223297119,0.9472212791442871,0.8827287554740906,0.86362624168396,0.932797372341156,0.9457401633262634,0.9007949233055115,0.9089417457580566,0.8949106335639954,0.9118523001670837
