sample_id,Cafe,Hotel,Restaurant,Store,MiscCommercial,Suburban,MiscResidential,CountryHouse,ConstructionSite,MiscIndustrial,PowerPlant,WaterTreatment,Residential,Commercial,Industrial,Door,Window,Awning,Billboard,Porch,Sign,Table,TiledRoof,TiledRoofTop,VendingMachine,WallSign,Statue,Chimney,Pipe,Machine,Truck,Car
s_13374_jpg,tensor(0.9943),tensor(0.5524),tensor(0.0018),tensor(1.0000),tensor(0.1638),tensor(1.9359e-18),tensor(1.3138e-30),tensor(4.6617e-36),tensor(1.4753e-21),tensor(2.0576e-27),tensor(3.4107e-19),tensor(0.0019),tensor(0.0005),tensor(1.),tensor(1.),tensor(1.),tensor(1.),tensor(1.),tensor(1.),tensor(0.0083),tensor(1.),tensor(0.3223),tensor(0.0043),tensor(1.),tensor(1.),tensor(1.),tensor(0.0018),tensor(0.2152),tensor(0.1066),tensor(0.0074),tensor(0.4062),tensor(0.0043)
s_10879_jpg,tensor(0.1605),tensor(6.8201e-10),tensor(3.9750e-06),tensor(5.2848e-08),tensor(0.0683),tensor(2.1498e-10),tensor(4.8087e-19),tensor(2.4503e-13),tensor(3.0098e-16),tensor(1.8646e-06),tensor(0.9999),tensor(0.0005),tensor(0.0056),tensor(1.),tensor(1.),tensor(1.),tensor(0.3921),tensor(0.2030),tensor(0.0046),tensor(0.0130),tensor(0.1133),tensor(0.0007),tensor(0.0061),tensor(1.),tensor(0.1437),tensor(0.0397),tensor(5.9018e-05),tensor(1.),tensor(1.),tensor(0.0412),tensor(0.2067),tensor(0.0006)
s_3582_jpg,tensor(0.5662),tensor(0.4609),tensor(0.0003),tensor(2.6895e-05),tensor(0.9866),tensor(9.8339e-09),tensor(2.0754e-08),tensor(1.0429e-14),tensor(0.0135),tensor(0.0002),tensor(0.0009),tensor(0.0189),tensor(0.0409),tensor(1.),tensor(1.),tensor(1.),tensor(1.),tensor(1.),tensor(0.2428),tensor(0.0965),tensor(0.4997),tensor(0.1848),tensor(0.0536),tensor(0.4656),tensor(0.4641),tensor(0.4385),tensor(0.0219),tensor(0.4347),tensor(0.4318),tensor(0.3189),tensor(0.2335),tensor(0.0245)
s_216_jpg,tensor(0.9177),tensor(0.9868),tensor(0.0011),tensor(1.0000),tensor(0.9587),tensor(9.8402e-17),tensor(2.5474e-28),tensor(4.4426e-33),tensor(5.6843e-19),tensor(5.6324e-22),tensor(6.2528e-16),tensor(0.0039),tensor(0.0007),tensor(1.),tensor(1.),tensor(1.),tensor(1.),tensor(1.),tensor(1.),tensor(0.0090),tensor(1.),tensor(0.3899),tensor(0.0062),tensor(1.),tensor(1.),tensor(1.),tensor(0.0026),tensor(0.2185),tensor(0.1041),tensor(0.0070),tensor(0.3962),tensor(0.0052)
s_6570_jpg,tensor(0.7474),tensor(0.4902),tensor(0.1347),tensor(1.0000),tensor(0.9960),tensor(1.1662e-07),tensor(1.5365e-07),tensor(1.8471e-12),tensor(5.2205e-08),tensor(7.5218e-12),tensor(1.7450e-08),tensor(0.0051),tensor(0.0658),tensor(1.),tensor(1.),tensor(1.),tensor(1.),tensor(1.),tensor(1.),tensor(0.1814),tensor(1.),tensor(0.4147),tensor(0.1667),tensor(1.),tensor(1.0000),tensor(1.),tensor(0.0750),tensor(0.3180),tensor(0.2339),tensor(0.1012),tensor(0.4088),tensor(0.1404)
s_13091_jpg,tensor(2.8722e-13),tensor(3.3240e-25),tensor(0.),tensor(1.1679e-17),tensor(6.6575e-14),tensor(1.),tensor(1.),tensor(1.),tensor(0.),tensor(7.2611e-18),tensor(0.),tensor(4.0219e-19),tensor(1.),tensor(0.0002),tensor(0.0016),tensor(1.),tensor(0.0658),tensor(0.0021),tensor(3.8531e-07),tensor(1.),tensor(0.0007),tensor(2.8879e-11),tensor(1.),tensor(1.),tensor(1.7918e-05),tensor(8.2896e-06),tensor(5.0367e-13),tensor(6.4350e-06),tensor(5.7266e-05),tensor(2.6455e-10),tensor(4.8829e-06),tensor(1.)
s_431_jpg,tensor(1.0744e-11),tensor(7.0291e-32),tensor(0.),tensor(5.6697e-24),tensor(1.5126e-19),tensor(1.),tensor(1.),tensor(0.0003),tensor(0.),tensor(3.5877e-26),tensor(0.),tensor(1.2052e-26),tensor(1.),tensor(0.0003),tensor(0.0033),tensor(1.),tensor(0.0704),tensor(0.0022),tensor(4.1826e-07),tensor(1.),tensor(0.0005),tensor(2.4192e-11),tensor(1.),tensor(1.),tensor(2.3690e-05),tensor(8.2433e-06),tensor(4.0392e-13),tensor(9.9745e-06),tensor(0.0001),tensor(6.6542e-10),tensor(2.4776e-05),tensor(0.2939)
s_2771_jpg,tensor(2.4761e-10),tensor(6.8807e-29),tensor(0.),tensor(2.7732e-20),tensor(7.0733e-17),tensor(1.),tensor(1.0000),tensor(5.5212e-06),tensor(0.),tensor(3.1201e-25),tensor(0.),tensor(9.7111e-25),tensor(1.),tensor(0.0009),tensor(0.0060),tensor(1.),tensor(0.0882),tensor(0.0047),tensor(1.6651e-06),tensor(1.),tensor(0.0010),tensor(3.4342e-10),tensor(1.),tensor(1.),tensor(5.6877e-05),tensor(2.2634e-05),tensor(5.9311e-12),tensor(3.6680e-05),tensor(0.0003),tensor(8.4696e-09),tensor(5.7160e-05),tensor(0.2505)
s_13355_jpg,tensor(1.4093e-07),tensor(4.2848e-19),tensor(4.4185e-32),tensor(2.2352e-10),tensor(2.6624e-10),tensor(0.0607),tensor(1.),tensor(3.4172e-07),tensor(1.3348e-34),tensor(1.1804e-21),tensor(1.0970e-34),tensor(3.9737e-18),tensor(1.),tensor(0.0144),tensor(0.0297),tensor(1.),tensor(0.1573),tensor(0.0344),tensor(0.0001),tensor(1.),tensor(0.0079),tensor(4.8413e-07),tensor(1.),tensor(1.),tensor(0.0009),tensor(0.0005),tensor(2.5887e-08),tensor(0.0022),tensor(0.0092),tensor(1.5721e-05),tensor(0.0005),tensor(0.2161)
s_1939_jpg,tensor(0.0034),tensor(1.0375e-14),tensor(5.0617e-08),tensor(3.3909e-12),tensor(2.5937e-05),tensor(1.1130e-11),tensor(6.5820e-26),tensor(1.4130e-09),tensor(5.3550e-27),tensor(0.9996),tensor(0.0005),tensor(0.9816),tensor(0.0078),tensor(0.2789),tensor(1.),tensor(1.),tensor(0.4048),tensor(0.0686),tensor(0.0006),tensor(0.0246),tensor(0.0320),tensor(4.8409e-05),tensor(0.0082),tensor(1.),tensor(0.0568),tensor(0.0159),tensor(8.2781e-06),tensor(0.3399),tensor(1.),tensor(0.0012),tensor(1.),tensor(0.0013)
s_9040_jpg,tensor(0.2558),tensor(1.2916e-12),tensor(0.0002),tensor(4.7460e-05),tensor(0.0303),tensor(8.1330e-08),tensor(1.7056e-26),tensor(8.1807e-20),tensor(1.),tensor(1.1507e-06),tensor(0.9996),tensor(0.0001),tensor(0.0033),tensor(1.),tensor(1.),tensor(1.),tensor(0.3309),tensor(0.3618),tensor(0.0128),tensor(0.0105),tensor(0.1662),tensor(0.0008),tensor(0.0030),tensor(1.0000),tensor(0.1078),tensor(0.0511),tensor(9.8298e-05),tensor(1.),tensor(1.),tensor(1.),tensor(0.0070),tensor(0.0001)
s_3592_jpg,tensor(0.1016),tensor(2.9556e-14),tensor(8.3364e-08),tensor(5.5280e-09),tensor(0.0115),tensor(3.2366e-14),tensor(6.3663e-21),tensor(5.2593e-18),tensor(1.4716e-19),tensor(8.3456e-08),tensor(1.0000),tensor(1.2939e-05),tensor(0.0019),tensor(1.),tensor(1.),tensor(1.),tensor(0.3002),tensor(0.1415),tensor(0.0016),tensor(0.0055),tensor(0.0535),tensor(9.5036e-05),tensor(0.0020),tensor(1.),tensor(0.0686),tensor(0.0156),tensor(8.7839e-06),tensor(1.),tensor(1.),tensor(0.0323),tensor(0.1284),tensor(0.0001)
s_334_jpg,tensor(0.0068),tensor(3.6972e-15),tensor(3.1267e-07),tensor(4.6280e-11),tensor(9.8635e-05),tensor(1.0501e-09),tensor(3.1661e-20),tensor(3.4434e-05),tensor(2.4416e-21),tensor(0.9995),tensor(0.0006),tensor(0.8984),tensor(0.0364),tensor(0.2814),tensor(1.),tensor(1.),tensor(0.4000),tensor(0.1001),tensor(0.0020),tensor(0.0746),tensor(0.0432),tensor(0.0003),tensor(0.0362),tensor(1.),tensor(0.0714),tensor(0.0255),tensor(0.0001),tensor(0.3426),tensor(1.),tensor(0.0059),tensor(1.),tensor(0.0075)
s_8194_jpg,tensor(0.3798),tensor(5.4743e-09),tensor(0.0008),tensor(0.0014),tensor(0.1710),tensor(8.5332e-05),tensor(6.2986e-18),tensor(1.1964e-14),tensor(1.),tensor(0.0003),tensor(0.9921),tensor(0.0158),tensor(0.0146),tensor(1.),tensor(1.),tensor(1.),tensor(0.4176),tensor(0.4837),tensor(0.0828),tensor(0.0308),tensor(0.3221),tensor(0.0149),tensor(0.0163),tensor(0.9388),tensor(0.2831),tensor(0.1745),tensor(0.0024),tensor(1.),tensor(1.),tensor(1.),tensor(0.0290),tensor(0.0022)
s_9041_jpg,tensor(1.1727e-06),tensor(1.5188e-15),tensor(5.5415e-26),tensor(9.7785e-09),tensor(5.1288e-08),tensor(0.0226),tensor(1.0000),tensor(8.9008e-07),tensor(1.0709e-28),tensor(2.3670e-19),tensor(3.6888e-28),tensor(3.1276e-15),tensor(1.),tensor(0.0321),tensor(0.0531),tensor(1.),tensor(0.2039),tensor(0.0643),tensor(0.0006),tensor(1.),tensor(0.0186),tensor(5.8961e-06),tensor(1.),tensor(1.),tensor(0.0028),tensor(0.0017),tensor(4.7500e-07),tensor(0.0065),tensor(0.0196),tensor(0.0001),tensor(0.0015),tensor(0.2291)
s_15063_jpg,tensor(0.9983),tensor(0.7359),tensor(0.0082),tensor(1.0000),tensor(0.9743),tensor(3.6257e-19),tensor(2.2341e-29),tensor(8.6535e-37),tensor(2.9908e-22),tensor(2.8922e-27),tensor(2.8464e-19),tensor(0.0022),tensor(0.0005),tensor(1.),tensor(1.),tensor(1.),tensor(1.),tensor(1.),tensor(1.),tensor(0.0087),tensor(1.),tensor(0.3852),tensor(0.0050),tensor(1.),tensor(1.),tensor(1.),tensor(0.0021),tensor(0.2089),tensor(0.0976),tensor(0.0052),tensor(0.4506),tensor(0.0060)
s_1968_jpg,tensor(0.7407),tensor(0.0946),tensor(0.1758),tensor(3.2328e-05),tensor(0.9917),tensor(1.2998e-05),tensor(4.1633e-07),tensor(6.4167e-11),tensor(0.0225),tensor(0.0008),tensor(3.4464e-05),tensor(0.1294),tensor(0.1047),tensor(1.),tensor(1.),tensor(1.),tensor(1.),tensor(1.0000),tensor(0.2845),tensor(0.1815),tensor(0.4506),tensor(0.2332),tensor(0.1216),tensor(0.4988),tensor(0.4646),tensor(0.4612),tensor(0.0659),tensor(0.4172),tensor(0.4171),tensor(0.2114),tensor(0.4450),tensor(0.1333)
s_4709_jpg,tensor(2.4357e-12),tensor(1.3233e-31),tensor(0.),tensor(5.0251e-22),tensor(1.1048e-18),tensor(1.),tensor(1.),tensor(1.5421e-05),tensor(0.),tensor(2.6241e-29),tensor(0.),tensor(8.0187e-29),tensor(1.),tensor(0.0003),tensor(0.0029),tensor(1.),tensor(0.0659),tensor(0.0023),tensor(3.5662e-07),tensor(1.),tensor(0.0005),tensor(1.9836e-11),tensor(1.),tensor(1.),tensor(1.6741e-05),tensor(6.3833e-06),tensor(1.9925e-13),tensor(8.6808e-06),tensor(0.0001),tensor(6.1716e-10),tensor(1.3682e-05),tensor(0.2388)
s_11623_jpg,tensor(0.1767),tensor(6.5142e-06),tensor(0.0015),tensor(0.0055),tensor(0.0930),tensor(5.0034e-06),tensor(5.8463e-08),tensor(2.8707e-16),tensor(1.),tensor(6.4403e-11),tensor(0.0020),tensor(4.3461e-06),tensor(0.0284),tensor(1.),tensor(1.),tensor(1.),tensor(0.4757),tensor(1.0000),tensor(0.0845),tensor(0.0651),tensor(0.3161),tensor(0.0188),tensor(0.0278),tensor(0.4690),tensor(0.1803),tensor(0.1499),tensor(0.0022),tensor(0.4304),tensor(0.4373),tensor(1.),tensor(0.0186),tensor(0.0047)
s_1290_jpg,tensor(0.9985),tensor(0.0702),tensor(1.9326e-13),tensor(1.0000),tensor(0.9946),tensor(7.7829e-21),tensor(2.2727e-32),tensor(8.6983e-39),tensor(1.0274e-16),tensor(1.8890e-28),tensor(3.8995e-19),tensor(0.0062),tensor(0.0002),tensor(1.),tensor(1.),tensor(1.),tensor(1.),tensor(1.),tensor(1.),tensor(0.0025),tensor(1.),tensor(0.4039),tensor(0.0019),tensor(1.),tensor(1.),tensor(1.),tensor(0.0006),tensor(0.2097),tensor(0.1043),tensor(0.0130),tensor(0.0545),tensor(0.0005)
s_1473_jpg,tensor(0.6766),tensor(0.7862),tensor(0.0037),tensor(1.),tensor(0.9886),tensor(1.0665e-20),tensor(1.0020e-24),tensor(7.7075e-37),tensor(1.1389e-23),tensor(2.7813e-29),tensor(9.7255e-23),tensor(6.9240e-07),tensor(0.0003),tensor(1.),tensor(1.),tensor(1.),tensor(1.),tensor(1.),tensor(1.),tensor(0.0063),tensor(1.),tensor(0.3481),tensor(0.0040),tensor(1.),tensor(1.),tensor(1.),tensor(0.0019),tensor(0.1513),tensor(0.0670),tensor(0.0037),tensor(0.4246),tensor(0.0043)
s_3654_jpg,tensor(0.9998),tensor(0.0936),tensor(3.1843e-16),tensor(1.0000),tensor(0.9986),tensor(6.2117e-23),tensor(6.4354e-35),tensor(0.),tensor(2.6040e-18),tensor(3.3592e-31),tensor(3.8409e-21),tensor(0.0080),tensor(6.3765e-05),tensor(1.),tensor(1.),tensor(1.),tensor(1.),tensor(1.),tensor(1.),tensor(0.0012),tensor(1.),tensor(0.3490),tensor(0.0008),tensor(1.),tensor(1.),tensor(1.),tensor(0.0003),tensor(0.1676),tensor(0.0842),tensor(0.0081),tensor(0.0363),tensor(0.0002)
s_12615_jpg,tensor(0.9978),tensor(0.9500),tensor(1.1553e-10),tensor(0.0028),tensor(0.9937),tensor(1.5488e-14),tensor(1.6452e-29),tensor(3.0564e-28),tensor(6.2777e-12),tensor(4.9597e-19),tensor(8.2885e-12),tensor(0.3378),tensor(0.0012),tensor(1.),tensor(1.),tensor(1.),tensor(1.),tensor(1.),tensor(0.4188),tensor(0.0088),tensor(1.),tensor(0.3461),tensor(0.0064),tensor(0.9999),tensor(1.),tensor(1.),tensor(0.0021),tensor(0.2884),tensor(0.1649),tensor(0.0330),tensor(0.1296),tensor(0.0018)
s_8762_jpg,tensor(2.1999e-09),tensor(3.9201e-22),tensor(0.),tensor(2.0060e-17),tensor(1.4126e-13),tensor(1.),tensor(1.0000),tensor(0.0004),tensor(1.2770e-36),tensor(5.2101e-21),tensor(0.),tensor(6.1744e-20),tensor(1.),tensor(0.0030),tensor(0.0157),tensor(1.),tensor(0.1416),tensor(0.0133),tensor(2.5510e-05),tensor(1.),tensor(0.0043),tensor(1.8892e-08),tensor(1.),tensor(1.),tensor(0.0005),tensor(0.0002),tensor(5.5113e-10),tensor(0.0002),tensor(0.0009),tensor(1.5999e-07),tensor(0.0003),tensor(0.2807)
s_1437_jpg,tensor(0.9155),tensor(0.9001),tensor(0.0013),tensor(0.0207),tensor(0.9755),tensor(8.3462e-07),tensor(5.7940e-13),tensor(1.1362e-12),tensor(9.7440e-05),tensor(1.4331e-08),tensor(2.2029e-05),tensor(0.2368),tensor(0.0666),tensor(1.),tensor(1.),tensor(1.),tensor(1.),tensor(1.),tensor(0.4647),tensor(0.1549),tensor(1.),tensor(0.4158),tensor(0.1219),tensor(0.4913),tensor(1.),tensor(1.),tensor(0.0585),tensor(0.3603),tensor(0.2689),tensor(0.1824),tensor(0.2876),tensor(0.0773)
s_4032_jpg,tensor(0.9835),tensor(0.9987),tensor(1.0000),tensor(0.0075),tensor(1.1359e-06),tensor(5.9888e-15),tensor(4.3668e-32),tensor(1.0190e-28),tensor(3.4891e-21),tensor(7.0534e-17),tensor(5.5261e-10),tensor(0.2249),tensor(0.0012),tensor(1.),tensor(1.),tensor(1.),tensor(1.),tensor(1.),tensor(0.3952),tensor(0.0082),tensor(1.),tensor(0.0911),tensor(0.0042),tensor(1.),tensor(1.),tensor(1.),tensor(0.0024),tensor(0.2675),tensor(0.1690),tensor(0.0069),tensor(1.),tensor(0.0173)
s_2410_jpg,tensor(0.0221),tensor(7.1704e-07),tensor(7.0785e-08),tensor(9.7861e-08),tensor(8.5410e-08),tensor(1.6083e-05),tensor(4.7008e-06),tensor(0.0002),tensor(1.7691e-17),tensor(5.2639e-07),tensor(0.9999),tensor(0.0004),tensor(0.0528),tensor(0.2775),tensor(1.),tensor(1.),tensor(0.4115),tensor(0.1415),tensor(0.0078),tensor(0.0729),tensor(0.1824),tensor(0.0009),tensor(0.0716),tensor(1.),tensor(0.1357),tensor(0.0576),tensor(0.0002),tensor(0.4903),tensor(1.),tensor(0.0078),tensor(0.2374),tensor(0.0235)
s_5079_jpg,tensor(0.9989),tensor(0.2781),tensor(1.6904e-12),tensor(2.3350e-05),tensor(0.9996),tensor(2.6022e-13),tensor(7.2106e-21),tensor(3.6582e-22),tensor(1.1254e-06),tensor(4.7772e-14),tensor(3.3620e-09),tensor(0.0628),tensor(0.0056),tensor(1.),tensor(1.),tensor(1.),tensor(1.),tensor(1.),tensor(0.3632),tensor(0.0169),tensor(1.),tensor(0.3951),tensor(0.0157),tensor(0.6527),tensor(1.),tensor(1.0000),tensor(0.0081),tensor(0.3356),tensor(0.2923),tensor(0.1214),tensor(0.0725),tensor(0.0051)
s_540_jpg,tensor(0.4449),tensor(0.9806),tensor(0.9998),tensor(0.0056),tensor(0.1010),tensor(1.2031e-07),tensor(1.1017e-16),tensor(3.1611e-12),tensor(3.2477e-06),tensor(3.6252e-07),tensor(0.0001),tensor(0.1926),tensor(0.0408),tensor(1.),tensor(1.),tensor(1.),tensor(1.),tensor(1.),tensor(0.4175),tensor(0.0885),tensor(0.9995),tensor(0.3315),tensor(0.0642),tensor(0.9979),tensor(1.),tensor(1.),tensor(0.0546),tensor(0.3522),tensor(0.2640),tensor(0.0803),tensor(1.),tensor(0.1297)
s_13385_jpg,tensor(1.3359e-12),tensor(7.5215e-28),tensor(0.),tensor(6.4492e-20),tensor(1.4642e-16),tensor(1.),tensor(1.),tensor(1.),tensor(0.),tensor(7.0491e-23),tensor(0.),tensor(2.6821e-25),tensor(1.),tensor(0.0003),tensor(0.0027),tensor(1.),tensor(0.0731),tensor(0.0028),tensor(6.5461e-07),tensor(1.),tensor(0.0008),tensor(7.1347e-11),tensor(1.),tensor(1.),tensor(3.1353e-05),tensor(1.2322e-05),tensor(1.0729e-12),tensor(1.3668e-05),tensor(9.7362e-05),tensor(7.5347e-10),tensor(1.3571e-05),tensor(1.)
s_6015_jpg,tensor(0.9731),tensor(0.9273),tensor(1.0000),tensor(1.),tensor(0.0162),tensor(4.0043e-24),tensor(8.7092e-38),tensor(0.),tensor(4.1101e-28),tensor(6.5646e-31),tensor(6.2554e-22),tensor(0.0002),tensor(8.0661e-05),tensor(1.),tensor(1.),tensor(1.),tensor(1.),tensor(1.),tensor(1.),tensor(0.0025),tensor(1.),tensor(0.2528),tensor(0.0010),tensor(1.),tensor(1.),tensor(1.),tensor(0.0006),tensor(0.1241),tensor(0.0493),tensor(0.0011),tensor(1.),tensor(0.0041)
s_14477_jpg,tensor(6.4545e-14),tensor(8.1167e-29),tensor(0.),tensor(6.2834e-18),tensor(1.4350e-16),tensor(1.0000),tensor(1.),tensor(1.),tensor(0.),tensor(1.0546e-21),tensor(0.),tensor(7.4199e-25),tensor(1.),tensor(0.0001),tensor(0.0013),tensor(1.),tensor(0.0571),tensor(0.0016),tensor(1.5650e-07),tensor(1.),tensor(0.0004),tensor(8.7107e-12),tensor(1.),tensor(1.),tensor(9.5304e-06),tensor(3.7347e-06),tensor(8.6851e-14),tensor(7.5428e-06),tensor(5.6951e-05),tensor(1.0429e-10),tensor(3.1828e-06),tensor(1.)
s_6634_jpg,tensor(0.0205),tensor(2.1567e-10),tensor(1.5861e-05),tensor(1.5756e-08),tensor(0.0004),tensor(1.0690e-06),tensor(2.6489e-15),tensor(0.0001),tensor(7.6869e-16),tensor(0.9908),tensor(0.0011),tensor(0.8429),tensor(0.0788),tensor(0.3217),tensor(1.),tensor(1.),tensor(0.4577),tensor(0.1722),tensor(0.0103),tensor(0.1335),tensor(0.1070),tensor(0.0025),tensor(0.0767),tensor(1.),tensor(0.1409),tensor(0.0721),tensor(0.0009),tensor(0.3532),tensor(1.),tensor(0.0154),tensor(1.),tensor(0.0233)
s_8998_jpg,tensor(0.1817),tensor(4.9071e-09),tensor(4.1710e-06),tensor(5.6762e-07),tensor(0.0374),tensor(4.3140e-10),tensor(2.3357e-17),tensor(2.7624e-15),tensor(5.1698e-16),tensor(2.0523e-05),tensor(0.9997),tensor(0.0018),tensor(0.0054),tensor(1.),tensor(1.),tensor(1.),tensor(0.4012),tensor(0.2358),tensor(0.0099),tensor(0.0146),tensor(0.1372),tensor(0.0014),tensor(0.0067),tensor(1.),tensor(0.1763),tensor(0.0661),tensor(0.0001),tensor(1.),tensor(1.),tensor(0.0416),tensor(0.2447),tensor(0.0009)
s_12693_jpg,tensor(0.9208),tensor(0.1823),tensor(4.0911e-05),tensor(0.0008),tensor(0.9128),tensor(9.1276e-06),tensor(4.8107e-08),tensor(2.3640e-10),tensor(0.1838),tensor(2.3273e-06),tensor(0.0109),tensor(0.0929),tensor(0.0733),tensor(1.),tensor(1.),tensor(1.),tensor(1.),tensor(0.9998),tensor(0.3259),tensor(0.1515),tensor(1.),tensor(0.2639),tensor(0.1195),tensor(0.4915),tensor(1.),tensor(0.4931),tensor(0.0399),tensor(0.4368),tensor(0.3877),tensor(0.3467),tensor(0.1891),tensor(0.0521)
s_4594_jpg,tensor(0.3312),tensor(1.4254e-10),tensor(4.0397e-05),tensor(5.7633e-06),tensor(0.0295),tensor(2.9304e-08),tensor(8.1335e-18),tensor(1.2544e-16),tensor(1.),tensor(9.6430e-07),tensor(0.9884),tensor(5.4337e-05),tensor(0.0098),tensor(1.),tensor(1.),tensor(1.),tensor(0.3896),tensor(0.4289),tensor(0.0427),tensor(0.0245),tensor(0.2436),tensor(0.0073),tensor(0.0094),tensor(1.),tensor(0.2207),tensor(0.1168),tensor(0.0010),tensor(1.),tensor(1.),tensor(1.0000),tensor(0.0341),tensor(0.0010)
s_12718_jpg,tensor(0.0046),tensor(1.3229e-15),tensor(6.8473e-08),tensor(2.5126e-11),tensor(1.6836e-05),tensor(2.2457e-08),tensor(3.0785e-18),tensor(7.2534e-06),tensor(1.9283e-19),tensor(0.9988),tensor(3.0358e-05),tensor(0.9242),tensor(0.0470),tensor(0.2675),tensor(1.),tensor(1.),tensor(0.3935),tensor(0.1021),tensor(0.0021),tensor(0.0857),tensor(0.0457),tensor(0.0003),tensor(0.0387),tensor(1.),tensor(0.0651),tensor(0.0254),tensor(0.0001),tensor(0.2943),tensor(1.),tensor(0.0066),tensor(1.),tensor(0.0098)
s_2106_jpg,tensor(0.9425),tensor(0.9990),tensor(4.0843e-05),tensor(0.0148),tensor(0.0096),tensor(6.1594e-13),tensor(1.2178e-25),tensor(1.9652e-29),tensor(5.4458e-14),tensor(4.8314e-13),tensor(1.1791e-08),tensor(0.1237),tensor(0.0019),tensor(1.),tensor(1.),tensor(1.),tensor(1.),tensor(1.),tensor(0.3582),tensor(0.0116),tensor(1.),tensor(0.1534),tensor(0.0059),tensor(1.),tensor(1.),tensor(1.),tensor(0.0024),tensor(0.3758),tensor(0.2959),tensor(0.0326),tensor(0.2813),tensor(0.0037)
s_6677_jpg,tensor(1.1277e-05),tensor(4.3865e-10),tensor(3.4619e-23),tensor(7.6677e-09),tensor(9.6603e-06),tensor(1.0000),tensor(0.9995),tensor(0.0165),tensor(2.7806e-18),tensor(2.7580e-12),tensor(1.4507e-27),tensor(1.7304e-10),tensor(1.),tensor(0.0524),tensor(0.1108),tensor(1.),tensor(0.2898),tensor(0.1159),tensor(0.0052),tensor(1.),tensor(0.0659),tensor(0.0001),tensor(1.),tensor(1.),tensor(0.0213),tensor(0.0149),tensor(1.6433e-05),tensor(0.0107),tensor(0.0190),tensor(0.0004),tensor(0.0112),tensor(0.3331)
s_10052_jpg,tensor(0.1773),tensor(0.0001),tensor(0.0061),tensor(0.0006),tensor(0.0102),tensor(0.0063),tensor(0.9389),tensor(1.6527e-05),tensor(2.4999e-07),tensor(8.5163e-11),tensor(0.0050),tensor(2.9072e-05),tensor(0.4058),tensor(0.4355),tensor(0.3389),tensor(1.),tensor(0.3907),tensor(0.4167),tensor(0.1418),tensor(0.4647),tensor(0.2687),tensor(0.0365),tensor(0.4268),tensor(1.),tensor(0.1543),tensor(0.1418),tensor(0.0126),tensor(0.2806),tensor(0.2862),tensor(0.2117),tensor(0.0470),tensor(0.1703)
s_11562_jpg,tensor(0.7266),tensor(0.9620),tensor(1.0028e-06),tensor(0.1327),tensor(0.6891),tensor(4.6301e-07),tensor(6.4156e-12),tensor(6.1468e-14),tensor(6.8235e-05),tensor(7.5161e-07),tensor(8.0931e-05),tensor(0.2178),tensor(0.0279),tensor(1.),tensor(1.),tensor(1.),tensor(1.0000),tensor(1.),tensor(0.4460),tensor(0.0895),tensor(1.),tensor(0.3643),tensor(0.0565),tensor(0.8417),tensor(1.0000),tensor(1.0000),tensor(0.0226),tensor(0.3198),tensor(0.2721),tensor(0.1573),tensor(0.1522),tensor(0.0228)
s_7791_jpg,tensor(0.0764),tensor(0.9782),tensor(9.2005e-07),tensor(1.),tensor(0.0036),tensor(5.8689e-17),tensor(9.3198e-22),tensor(1.2693e-33),tensor(1.4784e-21),tensor(5.3040e-27),tensor(4.5904e-19),tensor(1.7990e-07),tensor(0.0007),tensor(1.),tensor(1.),tensor(1.),tensor(0.9120),tensor(1.),tensor(1.),tensor(0.0085),tensor(1.),tensor(0.2908),tensor(0.0062),tensor(1.),tensor(1.),tensor(1.),tensor(0.0028),tensor(0.1864),tensor(0.0886),tensor(0.0102),tensor(0.1787),tensor(0.0025)
s_10050_jpg,tensor(0.5858),tensor(0.7940),tensor(0.9880),tensor(1.0000),tensor(0.9996),tensor(1.2383e-12),tensor(7.7029e-16),tensor(1.6929e-21),tensor(1.1279e-12),tensor(5.8562e-18),tensor(1.8065e-13),tensor(0.0002),tensor(0.0079),tensor(1.),tensor(1.),tensor(1.),tensor(1.),tensor(1.),tensor(1.),tensor(0.0590),tensor(1.),tensor(0.4656),tensor(0.0401),tensor(1.),tensor(1.),tensor(1.),tensor(0.0133),tensor(0.1832),tensor(0.0960),tensor(0.0115),tensor(0.4963),tensor(0.0618)
s_14351_jpg,tensor(1.9737e-05),tensor(1.5569e-15),tensor(9.6658e-25),tensor(5.2356e-17),tensor(6.2724e-11),tensor(1.),tensor(1.8827e-06),tensor(8.0328e-07),tensor(2.3744e-14),tensor(5.1831e-08),tensor(2.2166e-33),tensor(1.8257e-07),tensor(1.),tensor(0.0377),tensor(0.1577),tensor(1.0000),tensor(0.3700),tensor(0.0760),tensor(0.0014),tensor(1.),tensor(0.0425),tensor(3.8423e-05),tensor(0.2702),tensor(1.),tensor(0.0147),tensor(0.0125),tensor(5.3349e-06),tensor(0.0063),tensor(0.0339),tensor(0.0002),tensor(0.0449),tensor(0.1692)
s_7424_jpg,tensor(4.2977e-11),tensor(3.5355e-26),tensor(0.),tensor(9.2807e-20),tensor(2.3900e-15),tensor(1.),tensor(1.0000),tensor(0.0042),tensor(0.),tensor(9.8547e-21),tensor(0.),tensor(8.2426e-22),tensor(1.),tensor(0.0012),tensor(0.0096),tensor(1.),tensor(0.1193),tensor(0.0064),tensor(4.3321e-06),tensor(1.),tensor(0.0018),tensor(1.9105e-09),tensor(1.),tensor(1.),tensor(0.0002),tensor(6.0589e-05),tensor(4.3360e-11),tensor(7.1953e-05),tensor(0.0005),tensor(1.6957e-08),tensor(0.0002),tensor(0.3278)
s_5905_jpg,tensor(0.1850),tensor(3.1056e-07),tensor(0.0004),tensor(6.4431e-06),tensor(0.1531),tensor(2.4049e-08),tensor(2.3904e-16),tensor(2.0367e-11),tensor(9.4119e-17),tensor(5.1315e-05),tensor(0.9993),tensor(0.0033),tensor(0.0128),tensor(1.),tensor(1.),tensor(1.),tensor(0.4017),tensor(0.2107),tensor(0.0100),tensor(0.0294),tensor(0.1548),tensor(0.0017),tensor(0.0157),tensor(1.),tensor(0.1770),tensor(0.0702),tensor(0.0002),tensor(1.),tensor(1.),tensor(0.0407),tensor(0.2674),tensor(0.0020)
s_4729_jpg,tensor(0.0012),tensor(2.2865e-19),tensor(2.4832e-10),tensor(9.9758e-15),tensor(1.7221e-06),tensor(7.7791e-11),tensor(3.0288e-23),tensor(1.9212e-05),tensor(2.1958e-24),tensor(1.0000),tensor(1.0662e-05),tensor(0.9836),tensor(0.0224),tensor(0.2065),tensor(1.),tensor(1.),tensor(0.3713),tensor(0.0653),tensor(0.0005),tensor(0.0477),tensor(0.0212),tensor(5.3256e-05),tensor(0.0186),tensor(1.),tensor(0.0339),tensor(0.0101),tensor(1.5226e-05),tensor(0.2582),tensor(1.),tensor(0.0016),tensor(1.),tensor(0.0033)
s_11915_jpg,tensor(7.1271e-05),tensor(2.2288e-07),tensor(2.6226e-11),tensor(2.4863e-06),tensor(0.0013),tensor(0.0072),tensor(1.0000),tensor(2.3749e-07),tensor(9.5457e-18),tensor(7.8614e-19),tensor(9.1928e-12),tensor(9.7195e-10),tensor(0.9959),tensor(0.1845),tensor(0.1507),tensor(1.),tensor(0.2933),tensor(0.2244),tensor(0.0133),tensor(1.),tensor(0.0974),tensor(0.0007),tensor(1.),tensor(1.),tensor(0.0217),tensor(0.0188),tensor(0.0001),tensor(0.0553),tensor(0.0893),tensor(0.0137),tensor(0.0049),tensor(0.1405)
s_7477_jpg,tensor(0.1176),tensor(3.6481e-07),tensor(5.2306e-05),tensor(5.8510e-07),tensor(0.0197),tensor(3.8592e-07),tensor(2.8865e-20),tensor(7.3683e-10),tensor(6.9364e-21),tensor(0.4840),tensor(0.9880),tensor(0.9407),tensor(0.0062),tensor(1.),tensor(1.),tensor(1.),tensor(0.4661),tensor(0.2044),tensor(0.0130),tensor(0.0166),tensor(0.1699),tensor(0.0029),tensor(0.0094),tensor(1.),tensor(0.2790),tensor(0.1081),tensor(0.0002),tensor(1.),tensor(1.),tensor(0.0119),tensor(1.),tensor(0.0021)
s_13667_jpg,tensor(2.0035e-07),tensor(5.4333e-17),tensor(8.2894e-34),tensor(1.2210e-11),tensor(1.3283e-09),tensor(0.9997),tensor(1.0000),tensor(0.0057),tensor(9.8251e-29),tensor(5.7573e-15),tensor(3.6551e-38),tensor(2.5541e-15),tensor(1.),tensor(0.0120),tensor(0.0425),tensor(1.),tensor(0.2084),tensor(0.0377),tensor(0.0003),tensor(1.),tensor(0.0163),tensor(1.7597e-06),tensor(1.),tensor(1.),tensor(0.0029),tensor(0.0016),tensor(1.3947e-07),tensor(0.0019),tensor(0.0067),tensor(7.9780e-06),tensor(0.0031),tensor(0.3938)
s_6793_jpg,tensor(0.0505),tensor(2.7313e-08),tensor(0.0003),tensor(2.2843e-07),tensor(0.0134),tensor(3.0668e-09),tensor(6.2425e-20),tensor(1.9645e-08),tensor(3.5957e-24),tensor(0.9060),tensor(0.6065),tensor(0.8294),tensor(0.0086),tensor(0.4889),tensor(1.),tensor(1.),tensor(0.4320),tensor(0.1430),tensor(0.0049),tensor(0.0223),tensor(0.0806),tensor(0.0008),tensor(0.0118),tensor(1.),tensor(0.1755),tensor(0.0631),tensor(0.0002),tensor(1.0000),tensor(1.),tensor(0.0097),tensor(1.),tensor(0.0029)
s_8363_jpg,tensor(2.8706e-12),tensor(9.9758e-24),tensor(0.),tensor(1.7981e-14),tensor(1.6238e-13),tensor(1.0000),tensor(1.),tensor(1.),tensor(0.),tensor(4.1915e-19),tensor(0.),tensor(1.7094e-21),tensor(1.),tensor(0.0006),tensor(0.0042),tensor(1.),tensor(0.0950),tensor(0.0050),tensor(2.3128e-06),tensor(1.),tensor(0.0016),tensor(7.4081e-10),tensor(1.),tensor(1.),tensor(6.8663e-05),tensor(3.3510e-05),tensor(1.3509e-11),tensor(5.8204e-05),tensor(0.0003),tensor(4.8073e-09),tensor(3.0453e-05),tensor(1.)
s_10861_jpg,tensor(0.0560),tensor(7.9818e-07),tensor(2.3679e-05),tensor(0.0377),tensor(0.1534),tensor(4.0558e-09),tensor(8.7288e-12),tensor(4.9301e-24),tensor(1.),tensor(1.1131e-11),tensor(7.1155e-05),tensor(4.9659e-07),tensor(0.0068),tensor(1.),tensor(1.),tensor(1.),tensor(0.4068),tensor(1.),tensor(0.0803),tensor(0.0213),tensor(0.3068),tensor(0.0095),tensor(0.0068),tensor(0.4930),tensor(0.1541),tensor(0.1373),tensor(0.0005),tensor(0.4644),tensor(0.4406),tensor(1.),tensor(0.0057),tensor(0.0006)
s_8229_jpg,tensor(0.3857),tensor(0.8225),tensor(0.9967),tensor(1.),tensor(0.9623),tensor(3.2671e-22),tensor(1.4875e-32),tensor(9.4598e-37),tensor(2.2442e-21),tensor(1.9205e-27),tensor(7.4961e-21),tensor(1.7848e-05),tensor(0.0002),tensor(1.),tensor(1.),tensor(1.),tensor(1.),tensor(1.),tensor(1.),tensor(0.0035),tensor(1.),tensor(0.3763),tensor(0.0017),tensor(1.),tensor(1.),tensor(1.),tensor(0.0011),tensor(0.1194),tensor(0.0432),tensor(0.0014),tensor(1.),tensor(0.0056)
s_11075_jpg,tensor(3.4585e-08),tensor(3.6982e-18),tensor(1.6770e-38),tensor(8.1059e-15),tensor(3.5728e-11),tensor(1.),tensor(1.0000),tensor(0.0058),tensor(8.5849e-31),tensor(2.3043e-17),tensor(0.),tensor(1.4360e-16),tensor(1.),tensor(0.0075),tensor(0.0294),tensor(1.),tensor(0.1813),tensor(0.0258),tensor(0.0001),tensor(1.),tensor(0.0103),tensor(3.3695e-07),tensor(1.),tensor(1.),tensor(0.0017),tensor(0.0009),tensor(1.9607e-08),tensor(0.0006),tensor(0.0026),tensor(1.9980e-06),tensor(0.0011),tensor(0.3293)
s_12303_jpg,tensor(0.7297),tensor(0.7548),tensor(0.9999),tensor(1.),tensor(0.9455),tensor(3.6142e-26),tensor(7.4839e-35),tensor(5.1950e-39),tensor(2.9036e-28),tensor(3.2567e-34),tensor(1.0980e-25),tensor(9.3811e-07),tensor(7.3041e-05),tensor(1.),tensor(1.),tensor(1.),tensor(1.),tensor(1.),tensor(1.),tensor(0.0025),tensor(1.),tensor(0.3634),tensor(0.0011),tensor(1.),tensor(1.),tensor(1.),tensor(0.0006),tensor(0.0884),tensor(0.0292),tensor(0.0006),tensor(1.),tensor(0.0043)
s_7146_jpg,tensor(0.3418),tensor(0.9992),tensor(1.0000),tensor(1.8899e-06),tensor(0.0002),tensor(5.4920e-07),tensor(2.9934e-24),tensor(1.9896e-18),tensor(2.2221e-10),tensor(1.1181e-09),tensor(1.5100e-05),tensor(0.0390),tensor(0.0118),tensor(1.),tensor(1.),tensor(1.),tensor(1.),tensor(1.),tensor(0.3591),tensor(0.0315),tensor(0.9999),tensor(0.1996),tensor(0.0195),tensor(1.0000),tensor(1.),tensor(1.),tensor(0.0122),tensor(0.2882),tensor(0.1928),tensor(0.0272),tensor(0.9974),tensor(0.0588)
s_8011_jpg,tensor(0.0999),tensor(2.1632e-05),tensor(0.0012),tensor(0.0025),tensor(0.0526),tensor(1.7694e-05),tensor(2.4265e-11),tensor(8.8413e-17),tensor(1.),tensor(1.7099e-09),tensor(0.0002),tensor(2.6492e-05),tensor(0.0276),tensor(1.),tensor(1.),tensor(1.),tensor(0.4937),tensor(1.),tensor(0.0554),tensor(0.0621),tensor(0.2840),tensor(0.0184),tensor(0.0197),tensor(0.4139),tensor(0.1637),tensor(0.1372),tensor(0.0017),tensor(0.4145),tensor(0.4366),tensor(1.),tensor(0.0238),tensor(0.0038)
s_5256_jpg,tensor(0.9882),tensor(0.9963),tensor(1.9657e-08),tensor(1.),tensor(9.2928e-06),tensor(6.1414e-19),tensor(7.1451e-36),tensor(0.),tensor(7.7925e-25),tensor(5.3967e-28),tensor(4.9595e-19),tensor(0.0038),tensor(0.0001),tensor(1.),tensor(1.),tensor(1.),tensor(1.),tensor(1.),tensor(1.),tensor(0.0021),tensor(1.),tensor(0.1730),tensor(0.0012),tensor(1.),tensor(1.),tensor(1.),tensor(0.0004),tensor(0.2055),tensor(0.1074),tensor(0.0068),tensor(0.1521),tensor(0.0006)
s_1242_jpg,tensor(0.6991),tensor(0.2294),tensor(1.4269e-08),tensor(0.0043),tensor(0.9979),tensor(1.4469e-10),tensor(7.7204e-12),tensor(6.0701e-18),tensor(0.0181),tensor(2.3406e-07),tensor(3.2166e-06),tensor(0.0340),tensor(0.0175),tensor(1.),tensor(1.),tensor(1.),tensor(1.),tensor(1.),tensor(0.3713),tensor(0.0645),tensor(1.),tensor(0.2924),tensor(0.0358),tensor(0.4637),tensor(0.9978),tensor(0.4793),tensor(0.0133),tensor(0.3559),tensor(0.3195),tensor(0.2732),tensor(0.1045),tensor(0.0101)
s_1426_jpg,tensor(0.0027),tensor(9.6981e-17),tensor(4.1235e-09),tensor(4.7807e-13),tensor(6.4506e-06),tensor(3.4321e-09),tensor(4.2900e-20),tensor(0.0002),tensor(3.1193e-21),tensor(0.9999),tensor(3.7138e-05),tensor(0.9667),tensor(0.0404),tensor(0.2270),tensor(1.),tensor(1.),tensor(0.3985),tensor(0.0879),tensor(0.0012),tensor(0.0779),tensor(0.0353),tensor(0.0002),tensor(0.0342),tensor(1.),tensor(0.0506),tensor(0.0183),tensor(5.9368e-05),tensor(0.2669),tensor(1.),tensor(0.0033),tensor(1.),tensor(0.0070)
s_4218_jpg,tensor(0.9478),tensor(0.6190),tensor(0.9970),tensor(0.4323),tensor(0.9479),tensor(1.4706e-10),tensor(2.2582e-17),tensor(7.7997e-15),tensor(7.1097e-10),tensor(3.5089e-12),tensor(1.9581e-08),tensor(0.2593),tensor(0.0201),tensor(1.),tensor(1.),tensor(1.),tensor(1.),tensor(1.),tensor(0.4814),tensor(0.0826),tensor(1.),tensor(0.4398),tensor(0.0590),tensor(1.),tensor(1.),tensor(1.),tensor(0.0357),tensor(0.2910),tensor(0.1897),tensor(0.0434),tensor(1.),tensor(0.1000)
s_5798_jpg,tensor(7.2209e-07),tensor(4.8370e-20),tensor(2.7490e-34),tensor(7.6197e-13),tensor(2.6103e-10),tensor(0.0364),tensor(1.0000),tensor(0.0004),tensor(8.9492e-32),tensor(6.3726e-11),tensor(3.3153e-32),tensor(1.9468e-12),tensor(1.),tensor(0.0172),tensor(0.0522),tensor(1.),tensor(0.1842),tensor(0.0313),tensor(0.0002),tensor(1.),tensor(0.0094),tensor(2.4917e-06),tensor(1.),tensor(1.),tensor(0.0025),tensor(0.0010),tensor(4.0748e-07),tensor(0.0086),tensor(0.0274),tensor(4.0363e-05),tensor(0.0071),tensor(0.3252)
s_13313_jpg,tensor(1.0732e-06),tensor(8.1669e-15),tensor(2.5610e-28),tensor(2.0904e-08),tensor(1.3934e-08),tensor(0.9956),tensor(1.0000),tensor(0.0006),tensor(1.0594e-26),tensor(2.7867e-15),tensor(1.0769e-32),tensor(1.0058e-14),tensor(1.),tensor(0.0234),tensor(0.0576),tensor(1.),tensor(0.2223),tensor(0.0580),tensor(0.0009),tensor(1.),tensor(0.0280),tensor(7.7122e-06),tensor(1.),tensor(1.),tensor(0.0047),tensor(0.0033),tensor(6.9762e-07),tensor(0.0042),tensor(0.0134),tensor(4.3002e-05),tensor(0.0037),tensor(0.3307)
s_3713_jpg,tensor(1.1490e-07),tensor(1.3650e-10),tensor(3.8986e-24),tensor(4.1406e-06),tensor(1.1858e-06),tensor(0.2813),tensor(1.),tensor(1.),tensor(3.7669e-26),tensor(1.3310e-10),tensor(9.6631e-37),tensor(1.0733e-11),tensor(1.),tensor(0.0264),tensor(0.0562),tensor(1.),tensor(0.2483),tensor(0.0717),tensor(0.0016),tensor(1.),tensor(0.0439),tensor(3.5606e-05),tensor(1.),tensor(1.),tensor(0.0088),tensor(0.0058),tensor(3.4823e-06),tensor(0.0119),tensor(0.0193),tensor(8.2858e-05),tensor(0.0029),tensor(1.)
s_7336_jpg,tensor(0.0738),tensor(2.1024e-07),tensor(4.2654e-06),tensor(0.0004),tensor(0.0724),tensor(2.0759e-08),tensor(4.7282e-09),tensor(3.7492e-19),tensor(1.),tensor(2.1797e-12),tensor(0.0004),tensor(6.1427e-07),tensor(0.0139),tensor(1.),tensor(1.),tensor(1.),tensor(0.4064),tensor(1.),tensor(0.0691),tensor(0.0359),tensor(0.2807),tensor(0.0098),tensor(0.0145),tensor(0.4936),tensor(0.1281),tensor(0.1146),tensor(0.0008),tensor(0.4375),tensor(0.4599),tensor(1.),tensor(0.0053),tensor(0.0015)
s_12247_jpg,tensor(0.2985),tensor(0.0001),tensor(0.0006),tensor(0.0071),tensor(0.0029),tensor(5.4714e-07),tensor(1.5702e-10),tensor(1.3580e-14),tensor(0.0001),tensor(0.0010),tensor(0.9955),tensor(0.0052),tensor(0.0293),tensor(1.),tensor(1.),tensor(1.),tensor(0.4699),tensor(0.4175),tensor(0.1454),tensor(0.0787),tensor(0.3773),tensor(0.0282),tensor(0.0462),tensor(1.),tensor(0.3407),tensor(0.3054),tensor(0.0066),tensor(1.0000),tensor(1.),tensor(0.2458),tensor(0.2108),tensor(0.0135)
s_7698_jpg,tensor(0.3174),tensor(0.0902),tensor(0.0004),tensor(1.),tensor(1.8820e-06),tensor(1.1395e-10),tensor(9.3258e-10),tensor(1.5794e-20),tensor(3.3639e-22),tensor(2.2073e-22),tensor(1.6085e-16),tensor(8.8087e-06),tensor(0.0199),tensor(1.),tensor(1.),tensor(1.0000),tensor(0.9997),tensor(1.),tensor(1.),tensor(0.0560),tensor(1.),tensor(0.1455),tensor(0.0420),tensor(1.),tensor(0.4986),tensor(1.),tensor(0.0132),tensor(0.2610),tensor(0.1519),tensor(0.0293),tensor(0.3855),tensor(0.0265)
s_15336_jpg,tensor(0.9914),tensor(0.1848),tensor(5.2621e-11),tensor(1.),tensor(0.9996),tensor(6.5608e-28),tensor(3.1415e-37),tensor(0.),tensor(2.6897e-28),tensor(2.9414e-39),tensor(3.1011e-29),tensor(1.3333e-06),tensor(1.4892e-05),tensor(1.),tensor(1.),tensor(1.),tensor(1.),tensor(1.),tensor(1.),tensor(0.0006),tensor(1.),tensor(0.3633),tensor(0.0004),tensor(1.),tensor(1.),tensor(1.),tensor(0.0001),tensor(0.1050),tensor(0.0349),tensor(0.0010),tensor(0.1371),tensor(0.0002)
s_9374_jpg,tensor(1.0021e-08),tensor(1.1884e-19),tensor(0.),tensor(8.5767e-15),tensor(3.0743e-12),tensor(1.),tensor(1.0000),tensor(0.0003),tensor(4.1612e-34),tensor(1.3556e-19),tensor(0.),tensor(3.0876e-18),tensor(1.),tensor(0.0056),tensor(0.0235),tensor(1.),tensor(0.1591),tensor(0.0191),tensor(7.3978e-05),tensor(1.),tensor(0.0074),tensor(1.0400e-07),tensor(1.),tensor(1.),tensor(0.0009),tensor(0.0005),tensor(4.6882e-09),tensor(0.0004),tensor(0.0020),tensor(8.3752e-07),tensor(0.0006),tensor(0.2742)
s_12634_jpg,tensor(0.3410),tensor(1.5726e-07),tensor(0.0002),tensor(0.0002),tensor(0.0707),tensor(2.7291e-07),tensor(1.2024e-14),tensor(3.6924e-19),tensor(1.),tensor(8.4604e-09),tensor(0.7165),tensor(4.4947e-05),tensor(0.0103),tensor(1.),tensor(1.),tensor(1.),tensor(0.3965),tensor(0.4630),tensor(0.0339),tensor(0.0288),tensor(0.2218),tensor(0.0059),tensor(0.0092),tensor(0.6418),tensor(0.1541),tensor(0.0964),tensor(0.0007),tensor(1.0000),tensor(1.0000),tensor(1.),tensor(0.0160),tensor(0.0010)
s_5643_jpg,tensor(0.6781),tensor(0.9761),tensor(0.9973),tensor(1.0000),tensor(0.9406),tensor(6.0274e-14),tensor(7.3076e-22),tensor(3.7120e-25),tensor(3.3002e-14),tensor(1.3025e-17),tensor(5.2869e-13),tensor(0.0017),tensor(0.0045),tensor(1.),tensor(1.),tensor(1.),tensor(1.),tensor(1.),tensor(1.),tensor(0.0337),tensor(1.),tensor(0.4273),tensor(0.0205),tensor(1.),tensor(1.),tensor(1.),tensor(0.0142),tensor(0.2144),tensor(0.1301),tensor(0.0161),tensor(1.0000),tensor(0.0435)
s_1799_jpg,tensor(1.8174e-05),tensor(8.5222e-27),tensor(6.3412e-37),tensor(2.1678e-26),tensor(2.5532e-18),tensor(1.),tensor(3.5744e-11),tensor(4.9896e-11),tensor(1.6927e-20),tensor(1.6712e-06),tensor(0.),tensor(1.1912e-08),tensor(1.),tensor(0.0065),tensor(0.0627),tensor(0.9999),tensor(0.2669),tensor(0.0185),tensor(3.3069e-05),tensor(1.),tensor(0.0057),tensor(2.1432e-07),tensor(0.2547),tensor(1.),tensor(0.0014),tensor(0.0008),tensor(2.8130e-08),tensor(0.0007),tensor(0.0141),tensor(3.4870e-06),tensor(0.0180),tensor(0.1776)
s_13037_jpg,tensor(1.6371e-05),tensor(1.9035e-10),tensor(2.9282e-22),tensor(4.3730e-08),tensor(2.3113e-06),tensor(0.9997),tensor(0.9994),tensor(0.1906),tensor(2.7194e-18),tensor(7.6556e-11),tensor(1.8700e-26),tensor(7.0625e-11),tensor(1.),tensor(0.0503),tensor(0.1129),tensor(1.),tensor(0.3109),tensor(0.1087),tensor(0.0063),tensor(1.),tensor(0.0716),tensor(0.0002),tensor(1.),tensor(1.),tensor(0.0240),tensor(0.0167),tensor(3.1586e-05),tensor(0.0129),tensor(0.0262),tensor(0.0003),tensor(0.0217),tensor(0.4432)
s_7765_jpg,tensor(0.0336),tensor(4.1329e-08),tensor(0.0010),tensor(0.0011),tensor(0.0666),tensor(1.1426e-06),tensor(1.1196e-14),tensor(1.5200e-22),tensor(1.),tensor(5.1582e-14),tensor(7.0138e-08),tensor(1.6052e-07),tensor(0.0104),tensor(1.),tensor(1.),tensor(1.),tensor(0.4964),tensor(1.),tensor(0.0201),tensor(0.0346),tensor(0.2440),tensor(0.0045),tensor(0.0066),tensor(0.3700),tensor(0.0752),tensor(0.0660),tensor(0.0001),tensor(0.3458),tensor(0.3864),tensor(1.),tensor(0.0045),tensor(0.0005)
s_4979_jpg,tensor(2.2269e-08),tensor(5.0885e-15),tensor(1.0396e-31),tensor(5.4776e-09),tensor(4.0988e-09),tensor(0.3416),tensor(1.),tensor(1.),tensor(2.0913e-32),tensor(7.0246e-13),tensor(0.),tensor(1.2948e-14),tensor(1.),tensor(0.0105),tensor(0.0291),tensor(1.),tensor(0.1892),tensor(0.0359),tensor(0.0003),tensor(1.),tensor(0.0167),tensor(2.1260e-06),tensor(1.),tensor(1.),tensor(0.0024),tensor(0.0014),tensor(1.4559e-07),tensor(0.0041),tensor(0.0090),tensor(8.5275e-06),tensor(0.0009),tensor(1.)
s_3569_jpg,tensor(0.0006),tensor(2.1384e-07),tensor(4.4072e-13),tensor(9.0708e-05),tensor(0.0004),tensor(0.1991),tensor(0.9943),tensor(0.0184),tensor(1.5059e-13),tensor(0.0001),tensor(4.7875e-12),tensor(6.2568e-05),tensor(1.),tensor(0.1669),tensor(0.2734),tensor(1.),tensor(0.3893),tensor(0.2015),tensor(0.0279),tensor(1.),tensor(0.1605),tensor(0.0061),tensor(1.),tensor(1.),tensor(0.1028),tensor(0.0702),tensor(0.0024),tensor(0.1455),tensor(0.1989),tensor(0.0124),tensor(0.1704),tensor(0.3748)
s_1374_jpg,tensor(0.6046),tensor(0.9902),tensor(0.0306),tensor(1.0000),tensor(0.9961),tensor(5.0000e-15),tensor(3.1351e-22),tensor(5.2775e-28),tensor(3.0962e-16),tensor(4.1745e-19),tensor(3.9579e-15),tensor(0.0007),tensor(0.0025),tensor(1.),tensor(1.),tensor(1.),tensor(1.),tensor(1.),tensor(1.),tensor(0.0240),tensor(1.),tensor(0.4267),tensor(0.0167),tensor(1.),tensor(1.),tensor(1.),tensor(0.0071),tensor(0.2246),tensor(0.1406),tensor(0.0135),tensor(0.3965),tensor(0.0180)
s_4785_jpg,tensor(0.8778),tensor(0.9588),tensor(0.0048),tensor(1.0000),tensor(0.9554),tensor(3.5297e-17),tensor(5.7360e-28),tensor(2.2718e-33),tensor(2.1584e-17),tensor(6.2160e-23),tensor(2.7118e-16),tensor(0.0006),tensor(0.0008),tensor(1.),tensor(1.),tensor(1.),tensor(1.),tensor(1.),tensor(1.),tensor(0.0107),tensor(1.),tensor(0.3887),tensor(0.0058),tensor(1.),tensor(1.),tensor(1.),tensor(0.0023),tensor(0.1859),tensor(0.0889),tensor(0.0076),tensor(0.3160),tensor(0.0054)
s_13724_jpg,tensor(1.7444e-05),tensor(3.6946e-10),tensor(1.5365e-23),tensor(6.9830e-09),tensor(1.8676e-05),tensor(1.0000),tensor(0.9990),tensor(0.0121),tensor(1.6171e-17),tensor(6.3311e-13),tensor(7.4374e-29),tensor(5.5678e-11),tensor(1.),tensor(0.0488),tensor(0.1012),tensor(1.),tensor(0.2801),tensor(0.1095),tensor(0.0042),tensor(1.),tensor(0.0607),tensor(0.0001),tensor(1.),tensor(1.),tensor(0.0188),tensor(0.0134),tensor(1.2795e-05),tensor(0.0092),tensor(0.0176),tensor(0.0004),tensor(0.0089),tensor(0.3494)
s_7363_jpg,tensor(0.2634),tensor(7.4259e-12),tensor(9.9209e-07),tensor(4.5479e-07),tensor(0.0149),tensor(1.3226e-09),tensor(7.3320e-21),tensor(3.0563e-20),tensor(1.),tensor(1.1126e-08),tensor(0.9951),tensor(1.7290e-05),tensor(0.0036),tensor(1.),tensor(1.),tensor(1.),tensor(0.3725),tensor(0.4300),tensor(0.0172),tensor(0.0115),tensor(0.1896),tensor(0.0018),tensor(0.0036),tensor(1.),tensor(0.1445),tensor(0.0691),tensor(0.0001),tensor(1.),tensor(1.),tensor(1.),tensor(0.0094),tensor(0.0002)
s_14828_jpg,tensor(0.0034),tensor(6.4962e-19),tensor(8.1501e-26),tensor(1.3627e-19),tensor(3.6855e-15),tensor(1.),tensor(1.9018e-06),tensor(8.4244e-06),tensor(1.0033e-15),tensor(1.4263e-09),tensor(9.3359e-35),tensor(6.2402e-10),tensor(1.),tensor(0.0349),tensor(0.1289),tensor(0.4320),tensor(0.2919),tensor(0.0684),tensor(0.0025),tensor(1.),tensor(0.0403),tensor(2.6168e-05),tensor(0.2847),tensor(1.),tensor(0.0217),tensor(0.0190),tensor(7.1926e-06),tensor(0.0040),tensor(0.0251),tensor(0.0001),tensor(0.0261),tensor(0.2205)
s_4653_jpg,tensor(0.9999),tensor(0.9989),tensor(4.3557e-08),tensor(0.0005),tensor(5.2654e-09),tensor(8.0588e-11),tensor(5.3323e-30),tensor(1.2777e-23),tensor(1.0579e-11),tensor(5.3468e-16),tensor(3.2675e-08),tensor(0.0017),tensor(0.0094),tensor(1.),tensor(1.),tensor(0.4984),tensor(1.),tensor(0.4633),tensor(0.3226),tensor(0.0225),tensor(1.),tensor(0.1181),tensor(0.0124),tensor(0.4499),tensor(1.),tensor(1.),tensor(0.0054),tensor(0.4048),tensor(0.3080),tensor(0.1364),tensor(0.1095),tensor(0.0043)
s_9615_jpg,tensor(0.9863),tensor(0.0004),tensor(4.5028e-09),tensor(1.0000),tensor(0.0464),tensor(3.8905e-12),tensor(1.8378e-12),tensor(2.2479e-19),tensor(1.3852e-10),tensor(2.2495e-18),tensor(2.4156e-13),tensor(0.0017),tensor(0.0107),tensor(1.),tensor(1.),tensor(1.),tensor(1.),tensor(1.),tensor(1.),tensor(0.0353),tensor(1.),tensor(0.4046),tensor(0.0293),tensor(1.0000),tensor(0.9999),tensor(1.),tensor(0.0178),tensor(0.3782),tensor(0.2121),tensor(0.0928),tensor(0.2103),tensor(0.0178)
s_8811_jpg,tensor(0.4351),tensor(0.9491),tensor(1.1493e-09),tensor(1.0000),tensor(0.9886),tensor(2.3821e-16),tensor(1.1806e-25),tensor(4.1000e-31),tensor(3.3136e-12),tensor(1.3885e-19),tensor(2.9358e-14),tensor(0.0014),tensor(0.0005),tensor(1.),tensor(1.),tensor(1.),tensor(1.),tensor(1.),tensor(1.),tensor(0.0082),tensor(1.),tensor(0.3749),tensor(0.0052),tensor(1.),tensor(1.),tensor(1.),tensor(0.0019),tensor(0.1749),tensor(0.0957),tensor(0.0238),tensor(0.0867),tensor(0.0016)
s_14004_jpg,tensor(0.5481),tensor(0.0373),tensor(0.0051),tensor(0.0008),tensor(0.9259),tensor(0.0001),tensor(0.2895),tensor(0.0003),tensor(0.0274),tensor(3.5447e-08),tensor(0.0209),tensor(0.0003),tensor(0.3129),tensor(0.4297),tensor(0.4069),tensor(1.),tensor(0.4669),tensor(0.8193),tensor(0.2673),tensor(0.4071),tensor(0.4710),tensor(0.1413),tensor(0.4060),tensor(0.4720),tensor(0.2932),tensor(0.2458),tensor(0.0232),tensor(0.2073),tensor(0.1647),tensor(0.1980),tensor(0.0700),tensor(0.1467)
s_5473_jpg,tensor(0.1201),tensor(9.7026e-08),tensor(0.0004),tensor(4.2347e-06),tensor(0.0705),tensor(9.5990e-09),tensor(1.0756e-18),tensor(7.0998e-14),tensor(1.4098e-20),tensor(0.0010),tensor(0.9975),tensor(0.0128),tensor(0.0067),tensor(1.),tensor(1.),tensor(1.),tensor(0.3857),tensor(0.1606),tensor(0.0059),tensor(0.0185),tensor(0.1094),tensor(0.0007),tensor(0.0090),tensor(1.),tensor(0.1545),tensor(0.0597),tensor(8.5383e-05),tensor(1.),tensor(1.),tensor(0.0192),tensor(0.3784),tensor(0.0013)
s_4052_jpg,tensor(6.3223e-06),tensor(0.0002),tensor(3.6681e-11),tensor(0.0006),tensor(0.0166),tensor(0.3060),tensor(1.),tensor(1.),tensor(3.8598e-14),tensor(8.0198e-06),tensor(7.7649e-24),tensor(0.0005),tensor(1.),tensor(0.1475),tensor(0.1302),tensor(1.0000),tensor(0.3248),tensor(0.2651),tensor(0.0380),tensor(1.),tensor(0.1556),tensor(0.0059),tensor(1.),tensor(1.),tensor(0.0713),tensor(0.0742),tensor(0.0011),tensor(0.0785),tensor(0.0764),tensor(0.0084),tensor(0.0142),tensor(1.)
s_2221_jpg,tensor(0.0323),tensor(4.3836e-06),tensor(1.3111e-07),tensor(9.1774e-08),tensor(3.1845e-07),tensor(2.5304e-05),tensor(2.5876e-07),tensor(0.0008),tensor(6.8210e-17),tensor(7.7950e-06),tensor(0.9999),tensor(0.0009),tensor(0.0612),tensor(0.2959),tensor(1.),tensor(1.0000),tensor(0.4144),tensor(0.1539),tensor(0.0100),tensor(0.0802),tensor(0.1954),tensor(0.0013),tensor(0.0766),tensor(1.),tensor(0.1502),tensor(0.0679),tensor(0.0003),tensor(0.8968),tensor(1.),tensor(0.0097),tensor(0.2447),tensor(0.0212)
s_4544_jpg,tensor(0.0002),tensor(1.1028e-08),tensor(1.4508e-14),tensor(2.3636e-05),tensor(0.0003),tensor(0.0351),tensor(0.9999),tensor(4.5614e-05),tensor(4.6943e-17),tensor(3.0198e-13),tensor(1.0791e-15),tensor(2.9875e-09),tensor(1.),tensor(0.1375),tensor(0.1571),tensor(1.),tensor(0.3056),tensor(0.1880),tensor(0.0129),tensor(1.),tensor(0.0940),tensor(0.0008),tensor(1.),tensor(1.),tensor(0.0283),tensor(0.0234),tensor(0.0002),tensor(0.0522),tensor(0.0915),tensor(0.0068),tensor(0.0142),tensor(0.2757)
s_12149_jpg,tensor(2.7541e-08),tensor(3.0331e-19),tensor(7.0314e-37),tensor(9.2612e-12),tensor(1.5389e-11),tensor(0.9999),tensor(1.0000),tensor(0.0006),tensor(1.1396e-33),tensor(8.6019e-18),tensor(0.),tensor(5.4390e-18),tensor(1.),tensor(0.0078),tensor(0.0285),tensor(1.),tensor(0.1712),tensor(0.0252),tensor(0.0001),tensor(1.),tensor(0.0102),tensor(3.1283e-07),tensor(1.),tensor(1.),tensor(0.0013),tensor(0.0007),tensor(1.8296e-08),tensor(0.0011),tensor(0.0044),tensor(2.4803e-06),tensor(0.0011),tensor(0.3327)
s_14889_jpg,tensor(0.4791),tensor(0.1212),tensor(0.0008),tensor(9.4094e-06),tensor(0.9709),tensor(4.6733e-06),tensor(4.5222e-07),tensor(2.4652e-10),tensor(0.0070),tensor(0.0002),tensor(0.0007),tensor(0.0747),tensor(0.0996),tensor(1.),tensor(1.),tensor(1.),tensor(1.),tensor(1.0000),tensor(0.1800),tensor(0.1863),tensor(0.3925),tensor(0.1395),tensor(0.1094),tensor(0.4989),tensor(0.3568),tensor(0.3241),tensor(0.0267),tensor(0.4122),tensor(0.4653),tensor(0.2935),tensor(0.2818),tensor(0.0528)
s_8110_jpg,tensor(0.1340),tensor(1.2419e-07),tensor(5.2862e-06),tensor(1.8454e-07),tensor(0.0092),tensor(2.8543e-07),tensor(1.5480e-19),tensor(6.3828e-10),tensor(3.5992e-16),tensor(0.2125),tensor(0.9913),tensor(0.9298),tensor(0.0062),tensor(1.),tensor(1.),tensor(1.),tensor(0.4747),tensor(0.2505),tensor(0.0177),tensor(0.0162),tensor(0.1810),tensor(0.0046),tensor(0.0087),tensor(1.),tensor(0.3427),tensor(0.1297),tensor(0.0005),tensor(1.),tensor(1.),tensor(0.0235),tensor(1.),tensor(0.0026)
s_3385_jpg,tensor(0.2913),tensor(2.3193e-08),tensor(2.4372e-05),tensor(2.5736e-05),tensor(0.0361),tensor(5.6336e-06),tensor(5.4662e-16),tensor(2.5690e-15),tensor(1.),tensor(7.7646e-07),tensor(0.9627),tensor(0.0007),tensor(0.0129),tensor(1.),tensor(1.),tensor(1.),tensor(0.4127),tensor(0.4883),tensor(0.0507),tensor(0.0302),tensor(0.3055),tensor(0.0088),tensor(0.0140),tensor(0.4902),tensor(0.1791),tensor(0.1271),tensor(0.0009),tensor(1.),tensor(1.0000),tensor(1.),tensor(0.0130),tensor(0.0012)
s_4502_jpg,tensor(2.3053e-05),tensor(2.8182e-08),tensor(1.2942e-16),tensor(8.9589e-05),tensor(0.0006),tensor(0.1759),tensor(0.9994),tensor(0.0173),tensor(1.8236e-16),tensor(1.4396e-07),tensor(1.6484e-17),tensor(1.2748e-07),tensor(1.),tensor(0.1011),tensor(0.1801),tensor(1.),tensor(0.3580),tensor(0.1699),tensor(0.0163),tensor(1.),tensor(0.1118),tensor(0.0015),tensor(1.),tensor(1.),tensor(0.0544),tensor(0.0350),tensor(0.0003),tensor(0.0541),tensor(0.0823),tensor(0.0024),tensor(0.0614),tensor(0.4167)
s_3138_jpg,tensor(0.9823),tensor(0.3181),tensor(5.9309e-12),tensor(1.0000),tensor(0.9660),tensor(1.0844e-15),tensor(5.3808e-24),tensor(6.8893e-29),tensor(2.5749e-12),tensor(3.8900e-22),tensor(1.2434e-14),tensor(0.0044),tensor(0.0011),tensor(1.),tensor(1.),tensor(1.),tensor(1.),tensor(1.),tensor(1.),tensor(0.0104),tensor(1.),tensor(0.3455),tensor(0.0073),tensor(1.),tensor(1.),tensor(1.),tensor(0.0023),tensor(0.2581),tensor(0.1407),tensor(0.0395),tensor(0.0879),tensor(0.0017)
s_12511_jpg,tensor(0.0278),tensor(8.7480e-12),tensor(1.3980e-05),tensor(1.6750e-08),tensor(0.0034),tensor(1.7355e-09),tensor(3.1494e-22),tensor(1.7473e-08),tensor(2.2218e-25),tensor(0.9506),tensor(0.8590),tensor(0.8842),tensor(0.0076),tensor(0.4525),tensor(1.),tensor(1.),tensor(0.3819),tensor(0.1029),tensor(0.0021),tensor(0.0179),tensor(0.0567),tensor(0.0003),tensor(0.0096),tensor(1.),tensor(0.1352),tensor(0.0333),tensor(5.4706e-05),tensor(1.),tensor(1.),tensor(0.0065),tensor(1.),tensor(0.0016)
s_9480_jpg,tensor(0.9383),tensor(0.0345),tensor(1.8154e-10),tensor(1.0000),tensor(0.9901),tensor(3.1873e-15),tensor(2.8987e-19),tensor(2.1605e-27),tensor(2.8837e-10),tensor(9.2310e-20),tensor(3.4700e-13),tensor(0.0012),tensor(0.0021),tensor(1.),tensor(1.),tensor(1.),tensor(1.),tensor(1.),tensor(1.),tensor(0.0171),tensor(1.),tensor(0.3269),tensor(0.0114),tensor(1.),tensor(1.),tensor(1.),tensor(0.0041),tensor(0.2910),tensor(0.1780),tensor(0.0612),tensor(0.1164),tensor(0.0035)
s_2189_jpg,tensor(5.6211e-06),tensor(3.1660e-06),tensor(2.0450e-15),tensor(0.0002),tensor(0.0026),tensor(0.5117),tensor(1.),tensor(1.),tensor(3.0860e-17),tensor(3.2940e-08),tensor(3.0596e-29),tensor(1.8370e-06),tensor(1.),tensor(0.0826),tensor(0.0817),tensor(1.),tensor(0.2689),tensor(0.1886),tensor(0.0156),tensor(1.),tensor(0.0943),tensor(0.0009),tensor(1.),tensor(1.),tensor(0.0290),tensor(0.0295),tensor(0.0001),tensor(0.0330),tensor(0.0401),tensor(0.0020),tensor(0.0055),tensor(1.)
s_1839_jpg,tensor(0.9564),tensor(0.9370),tensor(0.9970),tensor(1.),tensor(0.9899),tensor(3.7299e-30),tensor(0.),tensor(0.),tensor(1.3768e-34),tensor(0.),tensor(3.7632e-31),tensor(2.0359e-07),tensor(7.5464e-06),tensor(1.),tensor(1.),tensor(1.),tensor(1.),tensor(1.),tensor(1.),tensor(0.0007),tensor(1.),tensor(0.3798),tensor(0.0003),tensor(1.),tensor(1.),tensor(1.),tensor(0.0001),tensor(0.0597),tensor(0.0164),tensor(0.0002),tensor(1.),tensor(0.0011)
s_2208_jpg,tensor(0.9981),tensor(1.0000),tensor(0.0025),tensor(7.7844e-07),tensor(0.0005),tensor(1.7563e-08),tensor(1.3341e-19),tensor(6.4681e-19),tensor(1.6551e-13),tensor(4.8868e-10),tensor(3.9784e-06),tensor(0.0071),tensor(0.0090),tensor(1.),tensor(1.),tensor(0.9994),tensor(1.),tensor(0.8900),tensor(0.2238),tensor(0.0242),tensor(1.),tensor(0.0716),tensor(0.0163),tensor(0.4909),tensor(1.0000),tensor(1.),tensor(0.0043),tensor(0.4174),tensor(0.3585),tensor(0.0273),tensor(0.3906),tensor(0.0204)
s_2833_jpg,tensor(0.0595),tensor(4.1714e-09),tensor(8.4192e-05),tensor(1.4437e-07),tensor(0.0179),tensor(2.8920e-08),tensor(8.1747e-21),tensor(4.2744e-07),tensor(3.9797e-24),tensor(0.8629),tensor(0.9277),tensor(0.9576),tensor(0.0089),tensor(0.4943),tensor(1.),tensor(1.),tensor(0.4195),tensor(0.1469),tensor(0.0053),tensor(0.0205),tensor(0.0988),tensor(0.0009),tensor(0.0121),tensor(1.),tensor(0.1974),tensor(0.0616),tensor(0.0001),tensor(1.),tensor(1.),tensor(0.0101),tensor(1.),tensor(0.0023)
s_3183_jpg,tensor(0.1566),tensor(0.9738),tensor(0.9999),tensor(1.0000),tensor(0.9990),tensor(1.7931e-17),tensor(2.0415e-26),tensor(2.0620e-27),tensor(6.1540e-16),tensor(2.4615e-20),tensor(5.5378e-16),tensor(0.0003),tensor(0.0010),tensor(1.),tensor(1.),tensor(1.),tensor(1.),tensor(1.),tensor(1.),tensor(0.0144),tensor(1.),tensor(0.4568),tensor(0.0081),tensor(1.),tensor(1.),tensor(1.),tensor(0.0032),tensor(0.1241),tensor(0.0469),tensor(0.0024),tensor(1.),tensor(0.0208)
s_4949_jpg,tensor(1.5032e-05),tensor(3.8042e-11),tensor(1.8623e-21),tensor(1.1712e-06),tensor(6.1065e-06),tensor(0.2528),tensor(1.0000),tensor(0.0471),tensor(6.0412e-21),tensor(1.0719e-09),tensor(6.1706e-22),tensor(5.5394e-10),tensor(1.),tensor(0.0675),tensor(0.1214),tensor(1.),tensor(0.2788),tensor(0.1092),tensor(0.0055),tensor(1.),tensor(0.0600),tensor(0.0003),tensor(1.),tensor(1.),tensor(0.0222),tensor(0.0147),tensor(6.4290e-05),tensor(0.0336),tensor(0.0594),tensor(0.0010),tensor(0.0266),tensor(0.4135)
s_320_jpg,tensor(5.3740e-10),tensor(1.1216e-17),tensor(4.9530e-37),tensor(6.6207e-11),tensor(2.9043e-10),tensor(0.3958),tensor(1.),tensor(1.),tensor(7.2712e-38),tensor(1.0518e-15),tensor(0.),tensor(1.8856e-16),tensor(1.),tensor(0.0039),tensor(0.0127),tensor(1.),tensor(0.1445),tensor(0.0203),tensor(5.0638e-05),tensor(1.),tensor(0.0067),tensor(1.1867e-07),tensor(1.),tensor(1.),tensor(0.0005),tensor(0.0003),tensor(4.5852e-09),tensor(0.0010),tensor(0.0026),tensor(6.7250e-07),tensor(0.0001),tensor(1.)
s_11927_jpg,tensor(1.0128e-06),tensor(1.9201e-15),tensor(1.0164e-33),tensor(4.9263e-15),tensor(3.4954e-10),tensor(1.),tensor(0.9999),tensor(0.0212),tensor(1.7468e-25),tensor(1.4864e-16),tensor(0.),tensor(2.0134e-14),tensor(1.),tensor(0.0136),tensor(0.0431),tensor(1.),tensor(0.1940),tensor(0.0394),tensor(0.0005),tensor(1.),tensor(0.0174),tensor(1.8403e-06),tensor(1.),tensor(1.),tensor(0.0043),tensor(0.0026),tensor(1.6282e-07),tensor(0.0013),tensor(0.0034),tensor(1.0424e-05),tensor(0.0017),tensor(0.3574)
s_5013_jpg,tensor(0.9327),tensor(0.2952),tensor(0.9994),tensor(1.0000),tensor(0.0008),tensor(9.4713e-15),tensor(8.1625e-19),tensor(2.6273e-24),tensor(1.8254e-18),tensor(2.3390e-18),tensor(4.2161e-13),tensor(0.0033),tensor(0.0047),tensor(1.),tensor(1.),tensor(1.),tensor(1.),tensor(1.),tensor(1.),tensor(0.0310),tensor(1.),tensor(0.2389),tensor(0.0193),tensor(1.),tensor(1.),tensor(1.),tensor(0.0166),tensor(0.2893),tensor(0.2004),tensor(0.0250),tensor(1.),tensor(0.0549)
s_11750_jpg,tensor(1.3518e-08),tensor(4.0016e-19),tensor(0.),tensor(3.3202e-14),tensor(2.0045e-10),tensor(1.0000),tensor(1.0000),tensor(0.0002),tensor(4.1013e-32),tensor(1.9890e-18),tensor(0.),tensor(2.9302e-17),tensor(1.),tensor(0.0062),tensor(0.0259),tensor(1.),tensor(0.1663),tensor(0.0232),tensor(7.9736e-05),tensor(1.),tensor(0.0081),tensor(1.6889e-07),tensor(1.),tensor(1.),tensor(0.0010),tensor(0.0005),tensor(6.7980e-09),tensor(0.0005),tensor(0.0023),tensor(1.2547e-06),tensor(0.0008),tensor(0.2777)
s_11172_jpg,tensor(0.2921),tensor(0.9629),tensor(0.9958),tensor(1.0000),tensor(0.9997),tensor(1.2601e-11),tensor(2.9408e-15),tensor(1.6667e-18),tensor(1.6621e-11),tensor(1.9649e-15),tensor(2.8376e-12),tensor(0.0007),tensor(0.0110),tensor(1.),tensor(1.),tensor(1.),tensor(1.),tensor(1.),tensor(1.),tensor(0.0606),tensor(1.),tensor(0.4580),tensor(0.0501),tensor(1.),tensor(1.),tensor(1.),tensor(0.0210),tensor(0.1906),tensor(0.1013),tensor(0.0152),tensor(0.9999),tensor(0.0841)
s_3692_jpg,tensor(9.5147e-13),tensor(1.7533e-24),tensor(0.),tensor(1.8738e-14),tensor(3.9728e-14),tensor(0.9980),tensor(1.),tensor(1.),tensor(0.),tensor(4.9168e-20),tensor(0.),tensor(3.0756e-22),tensor(1.),tensor(0.0004),tensor(0.0026),tensor(1.),tensor(0.0725),tensor(0.0037),tensor(1.1754e-06),tensor(1.),tensor(0.0010),tensor(2.1620e-10),tensor(1.),tensor(1.),tensor(3.3604e-05),tensor(1.5326e-05),tensor(3.8286e-12),tensor(5.5700e-05),tensor(0.0003),tensor(2.7628e-09),tensor(7.2299e-06),tensor(1.)
s_14030_jpg,tensor(1.8564e-09),tensor(1.7378e-15),tensor(6.6669e-36),tensor(1.4561e-09),tensor(5.7330e-08),tensor(0.2118),tensor(1.),tensor(1.),tensor(8.0716e-34),tensor(4.0136e-12),tensor(0.),tensor(1.2922e-14),tensor(1.),tensor(0.0082),tensor(0.0239),tensor(1.),tensor(0.1724),tensor(0.0300),tensor(0.0002),tensor(1.),tensor(0.0115),tensor(1.0015e-06),tensor(1.),tensor(1.),tensor(0.0016),tensor(0.0009),tensor(6.7460e-08),tensor(0.0029),tensor(0.0065),tensor(4.3019e-06),tensor(0.0007),tensor(1.)
s_1311_jpg,tensor(0.9873),tensor(0.9907),tensor(2.8501e-06),tensor(1.),tensor(0.0010),tensor(1.2690e-28),tensor(0.),tensor(0.),tensor(7.0975e-33),tensor(0.),tensor(1.7420e-27),tensor(1.2114e-06),tensor(3.3790e-06),tensor(1.),tensor(1.),tensor(1.),tensor(1.),tensor(1.),tensor(1.),tensor(0.0003),tensor(1.),tensor(0.1257),tensor(0.0001),tensor(1.),tensor(1.),tensor(1.),tensor(3.6427e-05),tensor(0.1169),tensor(0.0362),tensor(0.0006),tensor(0.1898),tensor(9.1801e-05)
s_8388_jpg,tensor(0.9245),tensor(0.3609),tensor(1.0000),tensor(0.9998),tensor(0.9831),tensor(5.3533e-16),tensor(9.2995e-23),tensor(5.0351e-23),tensor(6.2245e-15),tensor(7.9084e-20),tensor(4.0389e-14),tensor(0.0037),tensor(0.0034),tensor(1.),tensor(1.),tensor(1.),tensor(1.),tensor(1.),tensor(1.),tensor(0.0282),tensor(1.),tensor(0.4501),tensor(0.0170),tensor(1.),tensor(1.),tensor(1.),tensor(0.0094),tensor(0.1800),tensor(0.0894),tensor(0.0072),tensor(1.),tensor(0.0469)
s_4380_jpg,tensor(0.9996),tensor(0.9345),tensor(4.0245e-12),tensor(1.),tensor(0.9921),tensor(5.0174e-24),tensor(8.7360e-37),tensor(0.),tensor(2.6188e-26),tensor(4.9533e-33),tensor(1.0023e-23),tensor(0.0019),tensor(3.7030e-05),tensor(1.),tensor(1.),tensor(1.),tensor(1.),tensor(1.),tensor(1.),tensor(0.0013),tensor(1.),tensor(0.3496),tensor(0.0007),tensor(1.),tensor(1.),tensor(1.),tensor(0.0002),tensor(0.1678),tensor(0.0709),tensor(0.0030),tensor(0.1221),tensor(0.0003)
s_11653_jpg,tensor(0.0205),tensor(9.4384e-10),tensor(2.1410e-05),tensor(2.7987e-08),tensor(0.0006),tensor(5.8388e-07),tensor(2.3147e-16),tensor(2.9178e-06),tensor(3.3945e-16),tensor(0.9930),tensor(0.0016),tensor(0.9167),tensor(0.0468),tensor(0.3398),tensor(1.),tensor(1.),tensor(0.4674),tensor(0.1712),tensor(0.0090),tensor(0.0898),tensor(0.1063),tensor(0.0018),tensor(0.0461),tensor(1.),tensor(0.1412),tensor(0.0738),tensor(0.0005),tensor(0.3575),tensor(1.),tensor(0.0113),tensor(1.),tensor(0.0160)
s_997_jpg,tensor(0.0334),tensor(1.2761e-13),tensor(7.2761e-06),tensor(3.0019e-09),tensor(0.0065),tensor(3.8665e-12),tensor(1.6815e-30),tensor(5.3370e-19),tensor(6.2350e-29),tensor(3.8126e-05),tensor(0.9999),tensor(0.0024),tensor(0.0006),tensor(1.),tensor(1.),tensor(1.),tensor(0.3165),tensor(0.0644),tensor(0.0003),tensor(0.0024),tensor(0.0353),tensor(1.0315e-05),tensor(0.0009),tensor(1.),tensor(0.0598),tensor(0.0104),tensor(6.2740e-07),tensor(1.),tensor(1.),tensor(0.0024),tensor(0.3129),tensor(4.6909e-05)
s_9274_jpg,tensor(0.0083),tensor(4.9255e-15),tensor(8.9035e-08),tensor(2.8456e-11),tensor(0.0001),tensor(1.6335e-12),tensor(2.2152e-29),tensor(3.8383e-11),tensor(1.2049e-35),tensor(0.9902),tensor(0.9807),tensor(0.9542),tensor(0.0014),tensor(0.4251),tensor(1.),tensor(1.),tensor(0.3413),tensor(0.0505),tensor(0.0003),tensor(0.0044),tensor(0.0266),tensor(1.6808e-05),tensor(0.0019),tensor(1.),tensor(0.0677),tensor(0.0109),tensor(1.6530e-06),tensor(1.),tensor(1.),tensor(0.0010),tensor(1.),tensor(0.0002)
s_6266_jpg,tensor(3.9214e-08),tensor(3.5260e-14),tensor(5.7997e-30),tensor(6.7512e-09),tensor(1.5513e-08),tensor(0.4287),tensor(1.),tensor(1.),tensor(2.0306e-30),tensor(1.5217e-11),tensor(0.),tensor(4.3022e-13),tensor(1.),tensor(0.0124),tensor(0.0346),tensor(1.),tensor(0.2041),tensor(0.0396),tensor(0.0004),tensor(1.),tensor(0.0208),tensor(3.6391e-06),tensor(1.),tensor(1.),tensor(0.0030),tensor(0.0018),tensor(3.0169e-07),tensor(0.0053),tensor(0.0118),tensor(1.4438e-05),tensor(0.0012),tensor(1.)
s_11434_jpg,tensor(0.0642),tensor(7.0407e-09),tensor(0.0012),tensor(6.7033e-06),tensor(0.0089),tensor(1.3170e-07),tensor(7.1092e-18),tensor(1.7560e-06),tensor(3.1177e-21),tensor(0.9336),tensor(0.8865),tensor(0.9057),tensor(0.0151),tensor(0.4668),tensor(1.),tensor(1.),tensor(0.4321),tensor(0.1582),tensor(0.0081),tensor(0.0310),tensor(0.1156),tensor(0.0017),tensor(0.0203),tensor(1.),tensor(0.2017),tensor(0.0776),tensor(0.0004),tensor(1.),tensor(1.),tensor(0.0137),tensor(1.),tensor(0.0055)
s_8378_jpg,tensor(0.0001),tensor(1.6658e-09),tensor(5.7660e-17),tensor(3.0842e-13),tensor(6.8606e-08),tensor(1.),tensor(0.0004),tensor(0.0084),tensor(2.1965e-10),tensor(1.3101e-07),tensor(7.1330e-23),tensor(4.1600e-06),tensor(1.),tensor(0.1275),tensor(0.2667),tensor(0.4998),tensor(0.4154),tensor(0.1845),tensor(0.0216),tensor(1.),tensor(0.1827),tensor(0.0016),tensor(0.2967),tensor(1.),tensor(0.0861),tensor(0.1027),tensor(0.0004),tensor(0.0306),tensor(0.0770),tensor(0.0043),tensor(0.0838),tensor(0.2220)
s_5481_jpg,tensor(0.9900),tensor(0.8932),tensor(1.3433e-05),tensor(1.0000),tensor(0.9955),tensor(9.9390e-20),tensor(1.0412e-33),tensor(1.1715e-37),tensor(5.9632e-20),tensor(1.4375e-27),tensor(4.6222e-19),tensor(0.0021),tensor(0.0002),tensor(1.),tensor(1.),tensor(1.),tensor(1.),tensor(1.),tensor(1.),tensor(0.0049),tensor(1.),tensor(0.4011),tensor(0.0030),tensor(1.),tensor(1.),tensor(1.),tensor(0.0009),tensor(0.1541),tensor(0.0612),tensor(0.0055),tensor(0.2622),tensor(0.0021)
s_7474_jpg,tensor(0.0111),tensor(1.6745e-12),tensor(6.8940e-07),tensor(5.9902e-10),tensor(0.0001),tensor(1.5276e-07),tensor(6.9339e-16),tensor(0.0006),tensor(6.6594e-17),tensor(0.9983),tensor(0.0003),tensor(0.9422),tensor(0.0775),tensor(0.2892),tensor(1.),tensor(1.),tensor(0.4296),tensor(0.1399),tensor(0.0050),tensor(0.1242),tensor(0.0735),tensor(0.0013),tensor(0.0646),tensor(1.),tensor(0.1004),tensor(0.0428),tensor(0.0005),tensor(0.3219),tensor(1.),tensor(0.0121),tensor(1.),tensor(0.0180)
s_3665_jpg,tensor(1.0772e-05),tensor(5.9117e-14),tensor(1.3357e-23),tensor(1.5075e-16),tensor(2.5624e-10),tensor(1.),tensor(1.4436e-05),tensor(1.7504e-05),tensor(4.2385e-14),tensor(5.8897e-08),tensor(2.0974e-31),tensor(3.4368e-07),tensor(1.),tensor(0.0400),tensor(0.1680),tensor(0.9994),tensor(0.3835),tensor(0.0857),tensor(0.0018),tensor(1.),tensor(0.0453),tensor(6.1454e-05),tensor(0.2930),tensor(1.),tensor(0.0183),tensor(0.0148),tensor(9.4179e-06),tensor(0.0066),tensor(0.0382),tensor(0.0003),tensor(0.0465),tensor(0.2002)
s_4328_jpg,tensor(3.5031e-08),tensor(1.8227e-17),tensor(1.6221e-38),tensor(1.7991e-14),tensor(2.7805e-10),tensor(1.),tensor(1.0000),tensor(0.0203),tensor(7.2799e-30),tensor(5.2052e-19),tensor(0.),tensor(1.3681e-17),tensor(1.),tensor(0.0080),tensor(0.0277),tensor(1.),tensor(0.1681),tensor(0.0289),tensor(0.0002),tensor(1.),tensor(0.0108),tensor(4.3356e-07),tensor(1.),tensor(1.),tensor(0.0017),tensor(0.0010),tensor(2.3930e-08),tensor(0.0007),tensor(0.0024),tensor(3.0867e-06),tensor(0.0009),tensor(0.3454)
s_11674_jpg,tensor(0.3126),tensor(2.3379e-12),tensor(0.0006),tensor(4.6387e-05),tensor(0.0555),tensor(1.0316e-09),tensor(3.4707e-21),tensor(3.7237e-22),tensor(1.),tensor(4.4631e-10),tensor(0.9138),tensor(4.9019e-07),tensor(0.0036),tensor(1.),tensor(1.),tensor(1.),tensor(0.3693),tensor(0.4058),tensor(0.0164),tensor(0.0098),tensor(0.1642),tensor(0.0013),tensor(0.0035),tensor(1.0000),tensor(0.1149),tensor(0.0513),tensor(0.0001),tensor(1.),tensor(1.),tensor(1.),tensor(0.0056),tensor(0.0002)
s_12481_jpg,tensor(0.1704),tensor(1.4074e-10),tensor(0.0011),tensor(7.1908e-05),tensor(0.0004),tensor(2.7753e-08),tensor(1.2052e-13),tensor(3.4680e-28),tensor(1.),tensor(3.6870e-20),tensor(0.0003),tensor(4.0763e-11),tensor(0.0023),tensor(1.),tensor(1.),tensor(1.),tensor(0.3641),tensor(0.4793),tensor(0.0090),tensor(0.0103),tensor(0.1599),tensor(0.0004),tensor(0.0017),tensor(0.4572),tensor(0.0466),tensor(0.0342),tensor(1.2207e-05),tensor(0.3669),tensor(0.4148),tensor(1.),tensor(0.0007),tensor(5.4418e-05)
s_8977_jpg,tensor(0.0256),tensor(6.2874e-11),tensor(4.9448e-05),tensor(6.4484e-08),tensor(0.0015),tensor(2.9367e-10),tensor(1.2052e-22),tensor(5.7563e-09),tensor(1.3057e-27),tensor(0.9689),tensor(0.8826),tensor(0.9240),tensor(0.0042),tensor(0.4525),tensor(1.),tensor(1.),tensor(0.4012),tensor(0.0967),tensor(0.0018),tensor(0.0118),tensor(0.0560),tensor(0.0002),tensor(0.0059),tensor(1.),tensor(0.1338),tensor(0.0359),tensor(3.0446e-05),tensor(1.),tensor(1.),tensor(0.0039),tensor(1.),tensor(0.0012)
s_2694_jpg,tensor(0.3432),tensor(0.1183),tensor(5.0457e-05),tensor(1.0000),tensor(0.9831),tensor(6.3575e-16),tensor(1.3607e-19),tensor(1.7356e-28),tensor(1.0269e-10),tensor(4.4507e-18),tensor(8.0767e-14),tensor(0.0001),tensor(0.0020),tensor(1.),tensor(1.),tensor(1.),tensor(1.),tensor(1.),tensor(1.),tensor(0.0162),tensor(1.),tensor(0.3087),tensor(0.0097),tensor(1.),tensor(1.),tensor(1.),tensor(0.0058),tensor(0.2401),tensor(0.1468),tensor(0.0326),tensor(0.2521),tensor(0.0093)
s_12668_jpg,tensor(2.4538e-06),tensor(3.0889e-21),tensor(7.1449e-36),tensor(6.4762e-23),tensor(2.5850e-13),tensor(1.),tensor(1.0561e-08),tensor(3.8286e-08),tensor(6.8104e-18),tensor(3.3299e-10),tensor(0.),tensor(5.2295e-10),tensor(1.),tensor(0.0110),tensor(0.0782),tensor(1.0000),tensor(0.3242),tensor(0.0357),tensor(0.0001),tensor(1.),tensor(0.0153),tensor(1.4801e-06),tensor(0.2665),tensor(1.),tensor(0.0032),tensor(0.0025),tensor(1.1080e-07),tensor(0.0010),tensor(0.0095),tensor(1.1676e-05),tensor(0.0149),tensor(0.1801)
s_5674_jpg,tensor(0.0618),tensor(2.0561e-12),tensor(5.9375e-07),tensor(1.2612e-09),tensor(0.0459),tensor(5.7664e-12),tensor(7.2201e-23),tensor(2.2395e-14),tensor(7.3461e-25),tensor(2.0374e-05),tensor(0.9998),tensor(0.0010),tensor(0.0036),tensor(1.),tensor(1.),tensor(1.),tensor(0.3275),tensor(0.1082),tensor(0.0011),tensor(0.0088),tensor(0.0487),tensor(7.8479e-05),tensor(0.0040),tensor(1.),tensor(0.0708),tensor(0.0143),tensor(8.6035e-06),tensor(1.),tensor(1.),tensor(0.0127),tensor(0.2577),tensor(0.0002)
s_6300_jpg,tensor(0.9829),tensor(0.9691),tensor(0.9997),tensor(1.0000),tensor(0.0006),tensor(1.0070e-19),tensor(2.0869e-33),tensor(4.1258e-38),tensor(4.4182e-25),tensor(1.4341e-26),tensor(8.3888e-19),tensor(0.0016),tensor(0.0002),tensor(1.),tensor(1.),tensor(1.),tensor(1.),tensor(1.),tensor(1.),tensor(0.0035),tensor(1.),tensor(0.1850),tensor(0.0018),tensor(1.),tensor(1.),tensor(1.),tensor(0.0012),tensor(0.1431),tensor(0.0720),tensor(0.0029),tensor(1.),tensor(0.0076)
s_9438_jpg,tensor(0.9987),tensor(0.1693),tensor(5.3025e-08),tensor(0.0022),tensor(0.9995),tensor(1.1809e-11),tensor(1.8743e-20),tensor(3.1397e-20),tensor(8.4663e-08),tensor(5.5797e-17),tensor(6.9878e-10),tensor(0.1846),tensor(0.0067),tensor(1.),tensor(1.),tensor(1.),tensor(1.),tensor(1.),tensor(0.4579),tensor(0.0286),tensor(1.),tensor(0.3553),tensor(0.0274),tensor(0.4986),tensor(1.),tensor(1.),tensor(0.0084),tensor(0.2630),tensor(0.1760),tensor(0.0719),tensor(0.1440),tensor(0.0112)
s_1985_jpg,tensor(3.7482e-11),tensor(1.6788e-20),tensor(0.),tensor(1.5737e-12),tensor(3.1018e-12),tensor(0.9967),tensor(1.),tensor(1.),tensor(0.),tensor(5.9965e-16),tensor(0.),tensor(1.3359e-17),tensor(1.),tensor(0.0013),tensor(0.0057),tensor(1.),tensor(0.1068),tensor(0.0084),tensor(8.3237e-06),tensor(1.),tensor(0.0031),tensor(6.1418e-09),tensor(1.),tensor(1.),tensor(0.0002),tensor(8.4346e-05),tensor(1.7446e-10),tensor(0.0002),tensor(0.0009),tensor(4.4293e-08),tensor(3.7823e-05),tensor(1.)
s_4372_jpg,tensor(0.0569),tensor(1.0172e-06),tensor(0.0002),tensor(6.2704e-07),tensor(0.0030),tensor(0.0004),tensor(7.7645e-11),tensor(3.3961e-05),tensor(2.8702e-10),tensor(0.9077),tensor(0.0006),tensor(0.8536),tensor(0.1296),tensor(0.3696),tensor(1.),tensor(1.),tensor(0.9311),tensor(0.2681),tensor(0.0396),tensor(0.1993),tensor(0.1919),tensor(0.0136),tensor(0.1264),tensor(1.),tensor(0.2216),tensor(0.1539),tensor(0.0054),tensor(0.3556),tensor(1.),tensor(0.0381),tensor(1.),tensor(0.0622)
s_14255_jpg,tensor(6.6785e-09),tensor(2.9551e-15),tensor(3.1080e-32),tensor(3.1696e-09),tensor(8.5664e-09),tensor(0.3558),tensor(1.),tensor(1.),tensor(4.1902e-33),tensor(3.1253e-13),tensor(0.),tensor(4.8450e-14),tensor(1.),tensor(0.0081),tensor(0.0240),tensor(1.),tensor(0.1764),tensor(0.0323),tensor(0.0002),tensor(1.),tensor(0.0132),tensor(1.0210e-06),tensor(1.),tensor(1.),tensor(0.0017),tensor(0.0010),tensor(6.3878e-08),tensor(0.0027),tensor(0.0058),tensor(4.4781e-06),tensor(0.0005),tensor(1.)
s_1929_jpg,tensor(0.4792),tensor(0.0051),tensor(0.0006),tensor(4.0622e-06),tensor(0.3944),tensor(0.0010),tensor(1.9011e-10),tensor(4.0036e-08),tensor(8.3079e-08),tensor(0.2600),tensor(0.4539),tensor(0.9252),tensor(0.0673),tensor(1.),tensor(1.),tensor(1.),tensor(1.0000),tensor(0.3941),tensor(0.1022),tensor(0.1054),tensor(0.3521),tensor(0.0661),tensor(0.0757),tensor(1.),tensor(0.4374),tensor(0.2928),tensor(0.0147),tensor(1.),tensor(0.9979),tensor(0.1212),tensor(0.9963),tensor(0.0376)
s_8355_jpg,tensor(0.7983),tensor(0.9824),tensor(0.6805),tensor(2.6721e-05),tensor(0.5966),tensor(0.0002),tensor(1.4059e-08),tensor(1.7105e-09),tensor(1.4527e-06),tensor(0.0255),tensor(0.0330),tensor(0.5156),tensor(0.0792),tensor(1.),tensor(1.),tensor(1.),tensor(1.),tensor(0.4975),tensor(0.3002),tensor(0.1453),tensor(0.4869),tensor(0.2224),tensor(0.0998),tensor(1.0000),tensor(1.0000),tensor(0.9982),tensor(0.0488),tensor(0.4317),tensor(0.4059),tensor(0.1092),tensor(1.0000),tensor(0.1085)
s_14524_jpg,tensor(0.0461),tensor(1.9217e-08),tensor(0.0003),tensor(6.1180e-07),tensor(0.0088),tensor(2.7731e-08),tensor(5.3912e-17),tensor(1.3513e-06),tensor(2.2950e-18),tensor(0.9837),tensor(0.0800),tensor(0.8424),tensor(0.0347),tensor(0.4007),tensor(1.),tensor(1.),tensor(0.4336),tensor(0.1659),tensor(0.0096),tensor(0.0720),tensor(0.1111),tensor(0.0022),tensor(0.0407),tensor(1.),tensor(0.1590),tensor(0.0761),tensor(0.0007),tensor(0.4544),tensor(1.),tensor(0.0184),tensor(1.),tensor(0.0116)
s_4611_jpg,tensor(0.3676),tensor(0.9999),tensor(1.0098e-09),tensor(1.),tensor(0.9926),tensor(8.0114e-34),tensor(0.),tensor(0.),tensor(3.7835e-35),tensor(0.),tensor(1.1391e-33),tensor(1.5614e-08),tensor(2.9639e-07),tensor(1.),tensor(1.),tensor(1.),tensor(1.),tensor(1.),tensor(1.),tensor(4.6537e-05),tensor(1.),tensor(0.2255),tensor(2.1660e-05),tensor(1.),tensor(1.),tensor(1.),tensor(4.6320e-06),tensor(0.0535),tensor(0.0106),tensor(6.3372e-05),tensor(0.1047),tensor(1.1185e-05)
s_6642_jpg,tensor(0.8381),tensor(0.8382),tensor(0.9994),tensor(0.0069),tensor(0.2349),tensor(4.3290e-10),tensor(6.7845e-18),tensor(1.9885e-14),tensor(1.7133e-09),tensor(2.9035e-09),tensor(7.5757e-06),tensor(0.2722),tensor(0.0200),tensor(1.),tensor(1.),tensor(1.),tensor(1.),tensor(1.),tensor(0.4036),tensor(0.0612),tensor(1.),tensor(0.3170),tensor(0.0411),tensor(1.),tensor(1.),tensor(1.),tensor(0.0350),tensor(0.3878),tensor(0.2891),tensor(0.0618),tensor(1.),tensor(0.0876)
s_10201_jpg,tensor(0.3187),tensor(2.5115e-10),tensor(6.8560e-05),tensor(2.7695e-05),tensor(0.0800),tensor(2.7741e-06),tensor(1.0219e-18),tensor(2.2243e-16),tensor(1.),tensor(1.1213e-06),tensor(0.9734),tensor(0.0004),tensor(0.0092),tensor(1.),tensor(1.),tensor(1.),tensor(0.3860),tensor(0.4530),tensor(0.0364),tensor(0.0213),tensor(0.2374),tensor(0.0056),tensor(0.0089),tensor(0.6400),tensor(0.1804),tensor(0.1028),tensor(0.0008),tensor(1.),tensor(1.),tensor(1.),tensor(0.0167),tensor(0.0008)
s_4793_jpg,tensor(2.2271e-08),tensor(8.4620e-16),tensor(8.2519e-33),tensor(1.6699e-09),tensor(2.9462e-09),tensor(0.4975),tensor(1.),tensor(1.),tensor(8.8159e-33),tensor(5.7081e-14),tensor(0.),tensor(3.8061e-15),tensor(1.),tensor(0.0087),tensor(0.0259),tensor(1.),tensor(0.1755),tensor(0.0315),tensor(0.0002),tensor(1.),tensor(0.0136),tensor(1.1015e-06),tensor(1.),tensor(1.),tensor(0.0017),tensor(0.0010),tensor(7.9295e-08),tensor(0.0028),tensor(0.0066),tensor(5.5917e-06),tensor(0.0006),tensor(1.)
s_5001_jpg,tensor(0.9879),tensor(0.9353),tensor(0.9970),tensor(0.0170),tensor(0.8904),tensor(2.9309e-15),tensor(4.8190e-28),tensor(4.4255e-26),tensor(3.7653e-15),tensor(1.9855e-17),tensor(8.8865e-12),tensor(0.1481),tensor(0.0017),tensor(1.),tensor(1.),tensor(1.),tensor(1.),tensor(1.),tensor(0.4107),tensor(0.0139),tensor(1.),tensor(0.3279),tensor(0.0073),tensor(1.),tensor(1.),tensor(1.),tensor(0.0050),tensor(0.2498),tensor(0.1418),tensor(0.0106),tensor(1.),tensor(0.0201)
s_11109_jpg,tensor(0.3349),tensor(0.1516),tensor(3.2071e-08),tensor(1.),tensor(0.0045),tensor(7.1056e-21),tensor(1.7897e-23),tensor(0.),tensor(1.4972e-22),tensor(6.3363e-28),tensor(6.3131e-21),tensor(3.9947e-07),tensor(0.0002),tensor(1.),tensor(1.),tensor(1.),tensor(1.),tensor(1.),tensor(1.),tensor(0.0039),tensor(1.),tensor(0.2132),tensor(0.0021),tensor(1.),tensor(1.),tensor(1.),tensor(0.0013),tensor(0.2129),tensor(0.0974),tensor(0.0109),tensor(0.1807),tensor(0.0011)
s_10705_jpg,tensor(0.0193),tensor(1.4526e-12),tensor(2.2795e-06),tensor(2.6694e-09),tensor(0.0016),tensor(4.1952e-11),tensor(4.9392e-23),tensor(2.0392e-08),tensor(1.2796e-29),tensor(0.9879),tensor(0.8279),tensor(0.9488),tensor(0.0050),tensor(0.4410),tensor(1.),tensor(1.),tensor(0.3662),tensor(0.0874),tensor(0.0012),tensor(0.0127),tensor(0.0426),tensor(0.0001),tensor(0.0064),tensor(1.),tensor(0.1105),tensor(0.0250),tensor(2.3003e-05),tensor(1.),tensor(1.),tensor(0.0039),tensor(1.),tensor(0.0009)
s_12626_jpg,tensor(9.1032e-07),tensor(2.5966e-12),tensor(6.2449e-21),tensor(9.5393e-07),tensor(5.5176e-07),tensor(0.0796),tensor(1.0000),tensor(3.1540e-06),tensor(1.2886e-25),tensor(6.8353e-18),tensor(2.1356e-23),tensor(1.2781e-13),tensor(1.),tensor(0.0477),tensor(0.0816),tensor(1.),tensor(0.2587),tensor(0.0963),tensor(0.0019),tensor(1.),tensor(0.0376),tensor(3.1728e-05),tensor(1.),tensor(1.),tensor(0.0069),tensor(0.0043),tensor(2.3156e-06),tensor(0.0099),tensor(0.0252),tensor(0.0003),tensor(0.0029),tensor(0.2204)
s_9804_jpg,tensor(0.9048),tensor(0.2601),tensor(3.6410e-07),tensor(1.0000),tensor(0.9646),tensor(3.8930e-15),tensor(2.2320e-21),tensor(1.4832e-27),tensor(3.2524e-13),tensor(4.3674e-20),tensor(2.9171e-14),tensor(0.0012),tensor(0.0020),tensor(1.),tensor(1.),tensor(1.),tensor(1.),tensor(1.),tensor(1.),tensor(0.0158),tensor(1.),tensor(0.3986),tensor(0.0109),tensor(1.),tensor(1.),tensor(1.),tensor(0.0052),tensor(0.2553),tensor(0.1489),tensor(0.0281),tensor(0.1912),tensor(0.0061)
s_9329_jpg,tensor(2.8182e-07),tensor(2.9604e-25),tensor(3.2569e-32),tensor(9.0227e-27),tensor(6.5798e-17),tensor(1.),tensor(1.8631e-11),tensor(1.4769e-13),tensor(4.8745e-22),tensor(2.6042e-07),tensor(1.5185e-38),tensor(4.6060e-06),tensor(1.),tensor(0.0092),tensor(0.1008),tensor(1.),tensor(0.2987),tensor(0.0223),tensor(2.8133e-05),tensor(1.),tensor(0.0056),tensor(3.5419e-07),tensor(0.1879),tensor(1.),tensor(0.0015),tensor(0.0008),tensor(3.0649e-08),tensor(0.0017),tensor(0.0256),tensor(7.1892e-06),tensor(0.0365),tensor(0.0814)
s_7887_jpg,tensor(0.9987),tensor(0.0311),tensor(1.1900e-07),tensor(0.0277),tensor(0.9996),tensor(5.9448e-12),tensor(1.9665e-18),tensor(1.0027e-20),tensor(2.2895e-07),tensor(1.8340e-16),tensor(8.8646e-10),tensor(0.1433),tensor(0.0106),tensor(1.),tensor(1.),tensor(1.),tensor(1.),tensor(1.),tensor(0.4101),tensor(0.0315),tensor(1.),tensor(0.4128),tensor(0.0303),tensor(0.9999),tensor(1.),tensor(1.),tensor(0.0143),tensor(0.2933),tensor(0.2260),tensor(0.0789),tensor(0.1321),tensor(0.0175)
s_3074_jpg,tensor(8.8051e-05),tensor(3.6744e-05),tensor(1.3461e-11),tensor(0.0804),tensor(0.0242),tensor(0.0368),tensor(0.9997),tensor(0.0925),tensor(1.9871e-13),tensor(8.8526e-05),tensor(2.9704e-11),tensor(3.0025e-05),tensor(1.),tensor(0.1821),tensor(0.2929),tensor(1.),tensor(0.4459),tensor(0.2614),tensor(0.0569),tensor(1.),tensor(0.2280),tensor(0.0163),tensor(1.),tensor(1.),tensor(0.1411),tensor(0.1150),tensor(0.0045),tensor(0.1516),tensor(0.1811),tensor(0.0116),tensor(0.1904),tensor(0.4461)
s_14506_jpg,tensor(0.0308),tensor(1.3935e-11),tensor(1.3675e-05),tensor(7.6090e-09),tensor(0.0050),tensor(3.1498e-09),tensor(2.8301e-23),tensor(2.9226e-08),tensor(7.8256e-26),tensor(0.9260),tensor(0.9211),tensor(0.9045),tensor(0.0056),tensor(0.4752),tensor(1.),tensor(1.),tensor(0.3976),tensor(0.1050),tensor(0.0018),tensor(0.0129),tensor(0.0587),tensor(0.0002),tensor(0.0069),tensor(1.),tensor(0.1395),tensor(0.0332),tensor(3.8971e-05),tensor(1.),tensor(1.),tensor(0.0058),tensor(1.),tensor(0.0011)
s_1057_jpg,tensor(0.0024),tensor(3.2190e-17),tensor(1.5669e-08),tensor(9.1959e-13),tensor(5.9240e-06),tensor(4.5552e-10),tensor(7.0256e-23),tensor(2.4987e-07),tensor(8.1458e-23),tensor(0.9996),tensor(1.7446e-05),tensor(0.9468),tensor(0.0232),tensor(0.2416),tensor(1.),tensor(1.),tensor(0.3904),tensor(0.0746),tensor(0.0008),tensor(0.0534),tensor(0.0301),tensor(9.2696e-05),tensor(0.0206),tensor(1.),tensor(0.0429),tensor(0.0147),tensor(2.7413e-05),tensor(0.2772),tensor(1.),tensor(0.0025),tensor(1.),tensor(0.0040)
s_15456_jpg,tensor(0.9158),tensor(0.9992),tensor(5.5325e-11),tensor(0.0004),tensor(0.9414),tensor(5.5559e-13),tensor(3.5651e-26),tensor(1.8611e-25),tensor(8.6768e-09),tensor(4.2383e-12),tensor(7.4340e-09),tensor(0.1376),tensor(0.0024),tensor(1.),tensor(1.),tensor(1.),tensor(1.),tensor(1.),tensor(0.3365),tensor(0.0101),tensor(1.),tensor(0.2939),tensor(0.0060),tensor(0.4922),tensor(1.),tensor(1.),tensor(0.0023),tensor(0.2951),tensor(0.1970),tensor(0.0545),tensor(0.0891),tensor(0.0018)
s_5786_jpg,tensor(1.2848e-11),tensor(2.0095e-22),tensor(0.),tensor(2.9541e-13),tensor(4.5738e-13),tensor(0.4719),tensor(1.),tensor(1.),tensor(0.),tensor(6.0022e-19),tensor(0.),tensor(1.0370e-20),tensor(1.),tensor(0.0011),tensor(0.0047),tensor(1.),tensor(0.0910),tensor(0.0072),tensor(4.6196e-06),tensor(1.),tensor(0.0020),tensor(2.5389e-09),tensor(1.),tensor(1.),tensor(9.3879e-05),tensor(4.6676e-05),tensor(6.2114e-11),tensor(0.0002),tensor(0.0008),tensor(3.0024e-08),tensor(2.0744e-05),tensor(1.)
s_10059_jpg,tensor(0.5681),tensor(0.9908),tensor(0.9941),tensor(0.0270),tensor(0.9441),tensor(6.7578e-12),tensor(9.7644e-24),tensor(2.1752e-20),tensor(2.7310e-10),tensor(6.4041e-11),tensor(1.8174e-08),tensor(0.2382),tensor(0.0064),tensor(1.),tensor(1.),tensor(1.),tensor(1.),tensor(1.),tensor(0.4522),tensor(0.0282),tensor(1.),tensor(0.4190),tensor(0.0188),tensor(1.),tensor(1.),tensor(1.),tensor(0.0156),tensor(0.2599),tensor(0.1629),tensor(0.0202),tensor(1.),tensor(0.0456)
s_10640_jpg,tensor(1.8088e-11),tensor(1.3078e-21),tensor(0.),tensor(1.1367e-14),tensor(4.9192e-12),tensor(1.0000),tensor(1.),tensor(1.),tensor(0.),tensor(2.5524e-15),tensor(0.),tensor(2.3035e-17),tensor(1.),tensor(0.0010),tensor(0.0064),tensor(1.),tensor(0.1116),tensor(0.0070),tensor(5.6241e-06),tensor(1.),tensor(0.0029),tensor(3.8365e-09),tensor(1.),tensor(1.),tensor(0.0001),tensor(7.8051e-05),tensor(1.1587e-10),tensor(0.0001),tensor(0.0006),tensor(2.3727e-08),tensor(5.9803e-05),tensor(1.)
s_16_jpg,tensor(0.1498),tensor(3.2327e-10),tensor(3.7634e-06),tensor(4.1594e-07),tensor(0.0216),tensor(3.2707e-11),tensor(1.0141e-15),tensor(3.2775e-13),tensor(4.0123e-16),tensor(1.8275e-06),tensor(0.9999),tensor(9.1944e-05),tensor(0.0085),tensor(1.),tensor(1.),tensor(1.),tensor(0.3331),tensor(0.1977),tensor(0.0070),tensor(0.0193),tensor(0.1015),tensor(0.0008),tensor(0.0091),tensor(1.),tensor(0.1180),tensor(0.0414),tensor(0.0001),tensor(1.),tensor(1.),tensor(0.0663),tensor(0.1650),tensor(0.0008)
s_11395_jpg,tensor(0.0177),tensor(7.6725e-13),tensor(3.3248e-06),tensor(4.0962e-09),tensor(0.0012),tensor(2.9458e-11),tensor(2.0792e-23),tensor(5.9051e-09),tensor(8.3328e-30),tensor(0.9798),tensor(0.8862),tensor(0.9371),tensor(0.0035),tensor(0.4451),tensor(1.),tensor(1.),tensor(0.3724),tensor(0.0797),tensor(0.0010),tensor(0.0098),tensor(0.0387),tensor(9.8729e-05),tensor(0.0049),tensor(1.),tensor(0.1056),tensor(0.0232),tensor(1.5096e-05),tensor(1.),tensor(1.),tensor(0.0030),tensor(1.),tensor(0.0007)
s_14487_jpg,tensor(0.6954),tensor(0.9671),tensor(0.2189),tensor(0.9994),tensor(0.9970),tensor(1.1754e-07),tensor(3.3704e-11),tensor(1.1823e-13),tensor(1.9197e-08),tensor(6.3665e-11),tensor(7.7089e-08),tensor(0.0196),tensor(0.0481),tensor(1.),tensor(1.),tensor(1.),tensor(1.),tensor(1.),tensor(1.),tensor(0.1471),tensor(1.),tensor(0.4358),tensor(0.1335),tensor(1.),tensor(1.),tensor(1.),tensor(0.0574),tensor(0.2914),tensor(0.2176),tensor(0.0781),tensor(0.4243),tensor(0.1023)
s_8939_jpg,tensor(0.0002),tensor(1.2963e-08),tensor(1.0826e-17),tensor(2.5433e-06),tensor(6.5329e-05),tensor(0.9840),tensor(0.9996),tensor(0.0461),tensor(1.0581e-15),tensor(8.4575e-12),tensor(3.5530e-21),tensor(3.3778e-10),tensor(1.),tensor(0.0958),tensor(0.1348),tensor(1.),tensor(0.3043),tensor(0.1704),tensor(0.0158),tensor(1.),tensor(0.0985),tensor(0.0008),tensor(1.),tensor(1.),tensor(0.0358),tensor(0.0278),tensor(0.0002),tensor(0.0255),tensor(0.0465),tensor(0.0024),tensor(0.0191),tensor(0.4052)
s_13108_jpg,tensor(0.0026),tensor(6.1315e-17),tensor(3.0379e-08),tensor(1.3666e-12),tensor(5.4522e-06),tensor(3.5270e-10),tensor(3.7222e-23),tensor(2.1170e-06),tensor(1.1684e-22),tensor(0.9997),tensor(3.7210e-05),tensor(0.9521),tensor(0.0228),tensor(0.2575),tensor(1.),tensor(1.),tensor(0.3868),tensor(0.0792),tensor(0.0009),tensor(0.0508),tensor(0.0323),tensor(0.0001),tensor(0.0200),tensor(1.),tensor(0.0495),tensor(0.0169),tensor(3.4460e-05),tensor(0.3001),tensor(1.),tensor(0.0030),tensor(1.),tensor(0.0042)
s_13059_jpg,tensor(0.3192),tensor(0.0222),tensor(3.6981e-10),tensor(1.0000),tensor(0.9967),tensor(2.1609e-16),tensor(1.1957e-17),tensor(7.6576e-29),tensor(1.0304e-07),tensor(4.2040e-17),tensor(6.6306e-13),tensor(0.0001),tensor(0.0016),tensor(1.),tensor(1.),tensor(1.),tensor(1.),tensor(1.),tensor(1.),tensor(0.0136),tensor(1.),tensor(0.2412),tensor(0.0081),tensor(1.),tensor(1.),tensor(1.),tensor(0.0038),tensor(0.2757),tensor(0.1923),tensor(0.0810),tensor(0.1043),tensor(0.0032)
s_808_jpg,tensor(0.0142),tensor(2.9830e-12),tensor(4.7142e-06),tensor(2.9227e-09),tensor(0.0006),tensor(9.7352e-08),tensor(1.8926e-17),tensor(6.8153e-06),tensor(2.9304e-17),tensor(0.9990),tensor(0.0003),tensor(0.9412),tensor(0.0613),tensor(0.3184),tensor(1.),tensor(1.),tensor(0.4181),tensor(0.1414),tensor(0.0050),tensor(0.1126),tensor(0.0766),tensor(0.0012),tensor(0.0547),tensor(1.),tensor(0.1008),tensor(0.0469),tensor(0.0005),tensor(0.3393),tensor(1.),tensor(0.0127),tensor(1.),tensor(0.0146)
s_10147_jpg,tensor(0.0781),tensor(5.5110e-06),tensor(0.0006),tensor(4.1750e-06),tensor(0.0138),tensor(4.0883e-07),tensor(2.8044e-16),tensor(6.5010e-07),tensor(1.9610e-20),tensor(0.9042),tensor(0.8750),tensor(0.9133),tensor(0.0156),tensor(0.4763),tensor(1.),tensor(1.),tensor(0.4623),tensor(0.1832),tensor(0.0114),tensor(0.0345),tensor(0.1321),tensor(0.0025),tensor(0.0206),tensor(1.),tensor(0.2416),tensor(0.1053),tensor(0.0005),tensor(1.0000),tensor(1.),tensor(0.0144),tensor(1.),tensor(0.0066)
s_5727_jpg,tensor(0.9954),tensor(0.3194),tensor(1.4717e-06),tensor(0.0188),tensor(0.0503),tensor(8.7088e-13),tensor(8.3899e-24),tensor(7.5405e-28),tensor(2.4749e-12),tensor(2.6512e-15),tensor(3.3418e-08),tensor(0.1927),tensor(0.0031),tensor(1.),tensor(1.),tensor(1.),tensor(1.),tensor(1.),tensor(0.3697),tensor(0.0163),tensor(1.),tensor(0.1652),tensor(0.0093),tensor(1.),tensor(1.),tensor(1.),tensor(0.0038),tensor(0.4799),tensor(0.3088),tensor(0.0598),tensor(0.3224),tensor(0.0049)
s_8045_jpg,tensor(3.0065e-11),tensor(1.4317e-18),tensor(0.),tensor(2.9282e-11),tensor(3.0423e-11),tensor(0.2233),tensor(1.),tensor(1.),tensor(0.),tensor(2.4853e-16),tensor(0.),tensor(6.9999e-18),tensor(1.),tensor(0.0027),tensor(0.0123),tensor(1.),tensor(0.1446),tensor(0.0143),tensor(2.6578e-05),tensor(1.),tensor(0.0060),tensor(5.0588e-08),tensor(1.),tensor(1.),tensor(0.0004),tensor(0.0002),tensor(1.3745e-09),tensor(0.0008),tensor(0.0019),tensor(2.2805e-07),tensor(0.0001),tensor(1.)
s_15917_jpg,tensor(9.0607e-07),tensor(9.4952e-18),tensor(2.1727e-29),tensor(8.7547e-10),tensor(1.2059e-09),tensor(0.0914),tensor(1.0000),tensor(1.7334e-06),tensor(4.7696e-31),tensor(3.1726e-18),tensor(2.3190e-31),tensor(8.1605e-16),tensor(1.),tensor(0.0213),tensor(0.0412),tensor(1.),tensor(0.1844),tensor(0.0446),tensor(0.0003),tensor(1.),tensor(0.0117),tensor(1.9746e-06),tensor(1.),tensor(1.),tensor(0.0016),tensor(0.0010),tensor(1.5696e-07),tensor(0.0042),tensor(0.0167),tensor(4.6858e-05),tensor(0.0012),tensor(0.2540)
s_13013_jpg,tensor(7.0411e-09),tensor(4.8384e-22),tensor(0.),tensor(2.8044e-17),tensor(2.5847e-13),tensor(1.),tensor(1.0000),tensor(0.0005),tensor(4.6624e-36),tensor(2.1240e-18),tensor(0.),tensor(4.8919e-18),tensor(1.),tensor(0.0038),tensor(0.0188),tensor(1.),tensor(0.1458),tensor(0.0146),tensor(3.4131e-05),tensor(1.),tensor(0.0047),tensor(3.4533e-08),tensor(1.),tensor(1.),tensor(0.0006),tensor(0.0003),tensor(1.8456e-09),tensor(0.0003),tensor(0.0016),tensor(3.4864e-07),tensor(0.0006),tensor(0.3048)
s_802_jpg,tensor(0.0735),tensor(8.3183e-06),tensor(6.6327e-05),tensor(1.5040e-07),tensor(0.0041),tensor(8.6196e-05),tensor(5.7807e-11),tensor(2.8748e-06),tensor(6.6066e-12),tensor(0.9359),tensor(0.0007),tensor(0.9558),tensor(0.0917),tensor(0.3698),tensor(1.),tensor(1.),tensor(0.9998),tensor(0.2603),tensor(0.0297),tensor(0.1538),tensor(0.1854),tensor(0.0098),tensor(0.0876),tensor(1.),tensor(0.2335),tensor(0.1489),tensor(0.0027),tensor(0.3635),tensor(1.),tensor(0.0249),tensor(1.),tensor(0.0406)
s_1771_jpg,tensor(0.0111),tensor(6.1747e-13),tensor(1.2260e-06),tensor(1.4622e-09),tensor(0.0002),tensor(1.0977e-07),tensor(9.7669e-16),tensor(0.0002),tensor(7.4565e-17),tensor(0.9984),tensor(0.0002),tensor(0.9385),tensor(0.0749),tensor(0.2904),tensor(1.),tensor(1.),tensor(0.4270),tensor(0.1416),tensor(0.0049),tensor(0.1212),tensor(0.0721),tensor(0.0012),tensor(0.0633),tensor(1.),tensor(0.0998),tensor(0.0431),tensor(0.0005),tensor(0.3241),tensor(1.),tensor(0.0117),tensor(1.),tensor(0.0181)
s_9029_jpg,tensor(9.6775e-14),tensor(2.6317e-28),tensor(0.),tensor(2.4416e-18),tensor(3.2588e-16),tensor(1.0000),tensor(1.),tensor(1.),tensor(0.),tensor(3.2840e-21),tensor(0.),tensor(2.2859e-24),tensor(1.),tensor(0.0002),tensor(0.0018),tensor(1.),tensor(0.0634),tensor(0.0019),tensor(2.5444e-07),tensor(1.),tensor(0.0005),tensor(2.1021e-11),tensor(1.),tensor(1.),tensor(1.4856e-05),tensor(5.6192e-06),tensor(2.3982e-13),tensor(1.1324e-05),tensor(8.1465e-05),tensor(2.2763e-10),tensor(5.7847e-06),tensor(1.)
s_13340_jpg,tensor(3.8910e-06),tensor(1.0468e-10),tensor(1.2623e-18),tensor(5.5783e-06),tensor(5.9023e-06),tensor(0.1064),tensor(1.0000),tensor(1.5736e-05),tensor(1.9198e-22),tensor(4.8411e-15),tensor(2.2305e-20),tensor(1.6560e-11),tensor(1.),tensor(0.0645),tensor(0.1116),tensor(1.),tensor(0.2915),tensor(0.1211),tensor(0.0039),tensor(1.),tensor(0.0607),tensor(0.0001),tensor(1.),tensor(1.),tensor(0.0129),tensor(0.0090),tensor(1.0771e-05),tensor(0.0170),tensor(0.0407),tensor(0.0007),tensor(0.0065),tensor(0.2323)
s_8088_jpg,tensor(0.9997),tensor(0.9916),tensor(1.1104e-08),tensor(2.9219e-05),tensor(8.2007e-05),tensor(7.2547e-12),tensor(1.3254e-31),tensor(6.3538e-25),tensor(2.1580e-12),tensor(4.2358e-17),tensor(1.3766e-09),tensor(0.1311),tensor(0.0045),tensor(1.),tensor(1.),tensor(1.0000),tensor(1.),tensor(1.),tensor(0.3794),tensor(0.0179),tensor(1.),tensor(0.2407),tensor(0.0107),tensor(0.4667),tensor(1.),tensor(1.),tensor(0.0046),tensor(0.3799),tensor(0.2422),tensor(0.0901),tensor(0.1206),tensor(0.0040)
s_14619_jpg,tensor(0.9698),tensor(0.3279),tensor(0.9999),tensor(1.0000),tensor(6.4327e-05),tensor(2.1149e-18),tensor(1.6670e-27),tensor(1.1364e-30),tensor(9.5103e-24),tensor(1.2159e-22),tensor(3.5915e-15),tensor(0.0045),tensor(0.0008),tensor(1.),tensor(1.),tensor(1.),tensor(1.),tensor(1.),tensor(1.),tensor(0.0104),tensor(1.),tensor(0.1966),tensor(0.0052),tensor(1.),tensor(1.),tensor(1.),tensor(0.0032),tensor(0.2330),tensor(0.1201),tensor(0.0069),tensor(1.),tensor(0.0151)
s_10962_jpg,tensor(0.7802),tensor(0.9590),tensor(1.8067e-06),tensor(1.0000),tensor(0.9912),tensor(2.0825e-12),tensor(2.2008e-17),tensor(2.7437e-22),tensor(4.5601e-13),tensor(2.3774e-18),tensor(5.8348e-13),tensor(0.0007),tensor(0.0051),tensor(1.),tensor(1.),tensor(1.),tensor(1.),tensor(1.),tensor(1.),tensor(0.0378),tensor(1.),tensor(0.3968),tensor(0.0284),tensor(1.),tensor(1.),tensor(1.),tensor(0.0069),tensor(0.2149),tensor(0.1115),tensor(0.0298),tensor(0.1749),tensor(0.0093)
s_2075_jpg,tensor(6.6229e-07),tensor(5.8781e-14),tensor(2.3518e-31),tensor(6.6627e-12),tensor(4.1716e-08),tensor(1.0000),tensor(1.0000),tensor(0.0580),tensor(2.3180e-24),tensor(6.9261e-16),tensor(3.9672e-37),tensor(1.9434e-14),tensor(1.),tensor(0.0191),tensor(0.0522),tensor(1.),tensor(0.2131),tensor(0.0573),tensor(0.0009),tensor(1.),tensor(0.0237),tensor(7.1539e-06),tensor(1.),tensor(1.),tensor(0.0057),tensor(0.0034),tensor(6.4332e-07),tensor(0.0024),tensor(0.0064),tensor(3.0033e-05),tensor(0.0029),tensor(0.3844)
s_2029_jpg,tensor(0.0110),tensor(2.9225e-13),tensor(6.9869e-07),tensor(9.6632e-11),tensor(0.0008),tensor(3.4783e-13),tensor(5.5552e-27),tensor(2.4998e-10),tensor(3.0627e-34),tensor(0.9907),tensor(0.6646),tensor(0.9503),tensor(0.0016),tensor(0.4320),tensor(1.),tensor(1.),tensor(0.3606),tensor(0.0629),tensor(0.0004),tensor(0.0051),tensor(0.0272),tensor(3.0039e-05),tensor(0.0021),tensor(1.),tensor(0.0843),tensor(0.0157),tensor(3.1936e-06),tensor(1.),tensor(1.),tensor(0.0013),tensor(1.),tensor(0.0002)
s_14788_jpg,tensor(0.1627),tensor(1.6048e-09),tensor(3.0279e-06),tensor(1.3777e-07),tensor(0.0409),tensor(4.2371e-11),tensor(1.3903e-17),tensor(8.6455e-14),tensor(1.8775e-18),tensor(1.8682e-06),tensor(0.9999),tensor(0.0002),tensor(0.0065),tensor(1.),tensor(1.),tensor(1.),tensor(0.3643),tensor(0.1941),tensor(0.0063),tensor(0.0161),tensor(0.1113),tensor(0.0007),tensor(0.0078),tensor(1.),tensor(0.1248),tensor(0.0408),tensor(6.6126e-05),tensor(1.),tensor(1.),tensor(0.0420),tensor(0.1874),tensor(0.0006)
s_11791_jpg,tensor(0.0515),tensor(2.2207e-09),tensor(6.2885e-05),tensor(4.9448e-07),tensor(0.0094),tensor(5.0687e-08),tensor(1.6304e-18),tensor(1.0346e-07),tensor(1.3855e-22),tensor(0.9199),tensor(0.9096),tensor(0.9111),tensor(0.0135),tensor(0.4700),tensor(1.),tensor(1.),tensor(0.3965),tensor(0.1425),tensor(0.0061),tensor(0.0296),tensor(0.0909),tensor(0.0010),tensor(0.0169),tensor(1.),tensor(0.1804),tensor(0.0597),tensor(0.0002),tensor(1.),tensor(1.),tensor(0.0126),tensor(1.),tensor(0.0036)
s_7749_jpg,tensor(0.2346),tensor(0.9993),tensor(0.0025),tensor(0.0001),tensor(0.1894),tensor(2.8057e-09),tensor(5.3573e-19),tensor(5.0115e-20),tensor(8.2390e-08),tensor(1.5934e-05),tensor(3.6529e-05),tensor(0.1506),tensor(0.0093),tensor(1.),tensor(1.),tensor(1.),tensor(1.),tensor(1.),tensor(0.3400),tensor(0.0237),tensor(0.9999),tensor(0.2308),tensor(0.0127),tensor(1.0000),tensor(1.),tensor(1.),tensor(0.0119),tensor(0.3909),tensor(0.2967),tensor(0.0569),tensor(0.4156),tensor(0.0149)
s_120_jpg,tensor(0.7224),tensor(0.9186),tensor(0.9985),tensor(0.4843),tensor(0.9883),tensor(1.3678e-05),tensor(5.5325e-09),tensor(2.8243e-08),tensor(7.9510e-05),tensor(3.0968e-06),tensor(0.0003),tensor(0.2218),tensor(0.1158),tensor(0.9990),tensor(1.),tensor(1.),tensor(1.),tensor(1.),tensor(0.4911),tensor(0.2583),tensor(1.0000),tensor(0.4799),tensor(0.2158),tensor(1.0000),tensor(1.),tensor(1.),tensor(0.1451),tensor(0.3156),tensor(0.2621),tensor(0.1323),tensor(1.0000),tensor(0.2919)
s_9740_jpg,tensor(0.0002),tensor(6.1850e-08),tensor(1.1958e-13),tensor(8.7073e-05),tensor(0.0002),tensor(0.1410),tensor(1.0000),tensor(0.0001),tensor(8.5452e-17),tensor(6.7467e-13),tensor(7.1102e-15),tensor(4.3404e-09),tensor(1.),tensor(0.1297),tensor(0.1512),tensor(1.),tensor(0.3171),tensor(0.1927),tensor(0.0158),tensor(1.),tensor(0.1030),tensor(0.0011),tensor(1.),tensor(1.),tensor(0.0305),tensor(0.0274),tensor(0.0002),tensor(0.0436),tensor(0.0852),tensor(0.0061),tensor(0.0157),tensor(0.2937)
s_7468_jpg,tensor(0.0033),tensor(4.0466e-16),tensor(1.3864e-07),tensor(2.2680e-12),tensor(7.8653e-06),tensor(9.8290e-09),tensor(2.5589e-21),tensor(0.0002),tensor(1.1030e-18),tensor(0.9994),tensor(5.7167e-06),tensor(0.9256),tensor(0.0386),tensor(0.2572),tensor(1.),tensor(1.),tensor(0.4129),tensor(0.1011),tensor(0.0017),tensor(0.0748),tensor(0.0406),tensor(0.0002),tensor(0.0292),tensor(1.),tensor(0.0608),tensor(0.0244),tensor(9.5941e-05),tensor(0.2703),tensor(1.),tensor(0.0046),tensor(1.),tensor(0.0083)
s_1821_jpg,tensor(0.6733),tensor(0.0690),tensor(0.4644),tensor(0.0257),tensor(0.9881),tensor(0.0003),tensor(0.0015),tensor(6.8759e-07),tensor(0.5963),tensor(0.0015),tensor(0.0017),tensor(0.1160),tensor(0.2028),tensor(1.0000),tensor(1.0000),tensor(1.),tensor(1.),tensor(1.0000),tensor(0.3739),tensor(0.2930),tensor(0.8409),tensor(0.3753),tensor(0.2608),tensor(0.4893),tensor(0.4622),tensor(0.4704),tensor(0.1460),tensor(0.4079),tensor(0.3932),tensor(0.2946),tensor(0.4144),tensor(0.2222)
s_7831_jpg,tensor(0.2698),tensor(1.6157e-13),tensor(6.2575e-07),tensor(8.8103e-08),tensor(0.0145),tensor(2.0755e-10),tensor(8.5227e-24),tensor(3.7593e-22),tensor(1.),tensor(3.6072e-09),tensor(0.9942),tensor(3.1400e-06),tensor(0.0021),tensor(1.),tensor(1.),tensor(1.),tensor(0.3501),tensor(0.4112),tensor(0.0129),tensor(0.0067),tensor(0.1742),tensor(0.0011),tensor(0.0022),tensor(1.),tensor(0.1203),tensor(0.0502),tensor(8.2249e-05),tensor(1.),tensor(1.),tensor(1.),tensor(0.0047),tensor(9.4117e-05)
s_6272_jpg,tensor(1.3747e-05),tensor(3.2051e-21),tensor(3.6636e-25),tensor(2.0452e-21),tensor(1.2203e-14),tensor(1.),tensor(8.9931e-11),tensor(3.9203e-12),tensor(1.6795e-16),tensor(6.3191e-06),tensor(1.1181e-32),tensor(1.7032e-05),tensor(1.),tensor(0.0244),tensor(0.1520),tensor(1.),tensor(0.3467),tensor(0.0463),tensor(0.0002),tensor(1.),tensor(0.0186),tensor(6.7297e-06),tensor(0.2180),tensor(1.),tensor(0.0052),tensor(0.0036),tensor(9.6706e-07),tensor(0.0056),tensor(0.0624),tensor(8.6244e-05),tensor(0.0762),tensor(0.1168)
s_6743_jpg,tensor(1.2888e-10),tensor(5.9208e-23),tensor(0.),tensor(7.5337e-16),tensor(3.9615e-13),tensor(1.0000),tensor(1.),tensor(1.0000),tensor(0.),tensor(1.7828e-20),tensor(0.),tensor(5.4350e-22),tensor(1.),tensor(0.0012),tensor(0.0069),tensor(1.),tensor(0.1025),tensor(0.0077),tensor(7.2205e-06),tensor(1.),tensor(0.0023),tensor(3.6604e-09),tensor(1.),tensor(1.),tensor(0.0002),tensor(6.7691e-05),tensor(1.0971e-10),tensor(9.6496e-05),tensor(0.0005),tensor(3.0543e-08),tensor(7.4525e-05),tensor(1.)
s_9128_jpg,tensor(8.7165e-06),tensor(4.1679e-10),tensor(4.9791e-17),tensor(0.0001),tensor(9.5775e-06),tensor(0.0303),tensor(1.0000),tensor(1.2516e-05),tensor(2.4884e-22),tensor(4.1443e-16),tensor(4.5390e-19),tensor(4.3285e-12),tensor(1.),tensor(0.0795),tensor(0.1074),tensor(1.),tensor(0.2793),tensor(0.1402),tensor(0.0063),tensor(1.),tensor(0.0690),tensor(0.0002),tensor(1.),tensor(1.),tensor(0.0147),tensor(0.0118),tensor(2.0416e-05),tensor(0.0214),tensor(0.0447),tensor(0.0011),tensor(0.0058),tensor(0.2605)
s_14238_jpg,tensor(1.0000),tensor(1.0000),tensor(2.0184e-16),tensor(8.0039e-07),tensor(1.7003e-08),tensor(1.8893e-18),tensor(0.),tensor(0.),tensor(2.7976e-19),tensor(5.7131e-24),tensor(2.5372e-13),tensor(0.0060),tensor(0.0002),tensor(1.),tensor(1.),tensor(1.),tensor(1.),tensor(1.),tensor(0.2829),tensor(0.0014),tensor(1.),tensor(0.1252),tensor(0.0007),tensor(0.4657),tensor(1.),tensor(1.),tensor(0.0004),tensor(0.3832),tensor(0.2367),tensor(0.0447),tensor(0.0528),tensor(0.0001)
s_9798_jpg,tensor(0.9904),tensor(0.3401),tensor(0.9998),tensor(0.1000),tensor(0.9363),tensor(5.2718e-12),tensor(2.5305e-20),tensor(3.3344e-18),tensor(1.5332e-11),tensor(3.2112e-15),tensor(5.6967e-10),tensor(0.1675),tensor(0.0111),tensor(1.),tensor(1.),tensor(1.),tensor(1.),tensor(1.),tensor(0.4516),tensor(0.0564),tensor(1.),tensor(0.4363),tensor(0.0383),tensor(1.),tensor(1.),tensor(1.),tensor(0.0237),tensor(0.2678),tensor(0.1779),tensor(0.0321),tensor(1.),tensor(0.0885)
s_1500_jpg,tensor(0.9575),tensor(0.9699),tensor(1.0000),tensor(1.),tensor(3.6726e-05),tensor(2.9836e-26),tensor(3.2703e-37),tensor(0.),tensor(7.3704e-33),tensor(1.3135e-33),tensor(3.3149e-24),tensor(9.7142e-06),tensor(2.8481e-05),tensor(1.),tensor(1.),tensor(1.),tensor(1.),tensor(1.),tensor(1.),tensor(0.0013),tensor(1.),tensor(0.1135),tensor(0.0004),tensor(1.),tensor(1.),tensor(1.),tensor(0.0003),tensor(0.0887),tensor(0.0408),tensor(0.0008),tensor(1.),tensor(0.0037)
s_611_jpg,tensor(0.0008),tensor(0.0002),tensor(1.1301e-09),tensor(0.0021),tensor(0.0048),tensor(0.3635),tensor(1.),tensor(1.0000),tensor(2.3711e-11),tensor(2.5421e-06),tensor(3.1619e-16),tensor(1.7551e-05),tensor(1.),tensor(0.1918),tensor(0.1892),tensor(1.0000),tensor(0.3637),tensor(0.2887),tensor(0.0756),tensor(1.),tensor(0.2114),tensor(0.0144),tensor(1.),tensor(1.),tensor(0.1130),tensor(0.1081),tensor(0.0043),tensor(0.1100),tensor(0.1223),tensor(0.0208),tensor(0.0440),tensor(1.)
s_14492_jpg,tensor(0.0006),tensor(5.8314e-13),tensor(4.3901e-16),tensor(6.0168e-13),tensor(2.6664e-09),tensor(1.),tensor(3.9277e-07),tensor(1.3741e-07),tensor(9.7559e-10),tensor(0.0006),tensor(1.4515e-22),tensor(0.0003),tensor(1.),tensor(0.0869),tensor(0.2469),tensor(1.0000),tensor(0.4171),tensor(0.1319),tensor(0.0058),tensor(1.),tensor(0.0870),tensor(0.0005),tensor(0.3116),tensor(1.),tensor(0.0372),tensor(0.0339),tensor(0.0002),tensor(0.0325),tensor(0.1427),tensor(0.0025),tensor(0.1694),tensor(0.2255)
s_2151_jpg,tensor(0.4253),tensor(0.9292),tensor(1.1452e-07),tensor(1.),tensor(0.9830),tensor(7.3382e-22),tensor(1.8154e-32),tensor(0.),tensor(9.5091e-20),tensor(5.6400e-28),tensor(7.6532e-21),tensor(1.2888e-05),tensor(7.9139e-05),tensor(1.),tensor(1.),tensor(1.),tensor(1.),tensor(1.),tensor(1.),tensor(0.0018),tensor(1.),tensor(0.3081),tensor(0.0009),tensor(1.),tensor(1.),tensor(1.),tensor(0.0004),tensor(0.1373),tensor(0.0491),tensor(0.0025),tensor(0.2082),tensor(0.0006)
s_5685_jpg,tensor(0.9991),tensor(0.0555),tensor(0.0002),tensor(1.0000),tensor(0.0332),tensor(1.5902e-20),tensor(1.7147e-33),tensor(0.),tensor(3.0463e-20),tensor(7.2672e-30),tensor(1.9474e-19),tensor(0.0015),tensor(0.0002),tensor(1.),tensor(1.),tensor(1.),tensor(1.),tensor(1.),tensor(1.),tensor(0.0033),tensor(1.),tensor(0.2635),tensor(0.0015),tensor(1.),tensor(1.),tensor(1.),tensor(0.0010),tensor(0.2235),tensor(0.0938),tensor(0.0071),tensor(0.3262),tensor(0.0022)
s_2528_jpg,tensor(1.4177e-07),tensor(9.1261e-19),tensor(3.4942e-31),tensor(3.4336e-10),tensor(4.9937e-10),tensor(0.0304),tensor(1.),tensor(1.2828e-07),tensor(2.7264e-34),tensor(7.0550e-22),tensor(1.3031e-33),tensor(7.4408e-18),tensor(1.),tensor(0.0159),tensor(0.0317),tensor(1.),tensor(0.1623),tensor(0.0368),tensor(0.0001),tensor(1.),tensor(0.0084),tensor(5.7248e-07),tensor(1.),tensor(1.),tensor(0.0009),tensor(0.0005),tensor(2.9397e-08),tensor(0.0024),tensor(0.0100),tensor(1.9646e-05),tensor(0.0005),tensor(0.1963)
s_1117_jpg,tensor(0.1603),tensor(1.9430e-08),tensor(0.0006),tensor(4.6344e-05),tensor(0.0248),tensor(0.0001),tensor(1.9594e-10),tensor(3.6197e-17),tensor(1.),tensor(3.4634e-10),tensor(6.5293e-05),tensor(3.7945e-05),tensor(0.0253),tensor(1.),tensor(1.),tensor(1.),tensor(0.4234),tensor(0.4897),tensor(0.0306),tensor(0.0696),tensor(0.1954),tensor(0.0073),tensor(0.0243),tensor(0.4472),tensor(0.0934),tensor(0.0911),tensor(0.0011),tensor(0.4021),tensor(0.4946),tensor(1.),tensor(0.0152),tensor(0.0031)
s_4318_jpg,tensor(0.3797),tensor(1.8731e-09),tensor(0.0007),tensor(6.7666e-05),tensor(0.0375),tensor(2.5936e-07),tensor(2.5891e-18),tensor(5.0561e-17),tensor(1.),tensor(3.5909e-06),tensor(0.9720),tensor(8.1793e-05),tensor(0.0110),tensor(1.),tensor(1.),tensor(1.),tensor(0.3989),tensor(0.4411),tensor(0.0557),tensor(0.0280),tensor(0.2812),tensor(0.0109),tensor(0.0108),tensor(1.),tensor(0.2564),tensor(0.1529),tensor(0.0017),tensor(1.),tensor(1.),tensor(1.),tensor(0.0435),tensor(0.0015)
s_5844_jpg,tensor(0.9983),tensor(0.9973),tensor(2.4573e-09),tensor(1.),tensor(1.4139e-05),tensor(5.2214e-22),tensor(0.),tensor(0.),tensor(4.1071e-26),tensor(6.2416e-31),tensor(1.1992e-19),tensor(0.0045),tensor(2.7550e-05),tensor(1.),tensor(1.),tensor(1.),tensor(1.),tensor(1.),tensor(1.),tensor(0.0010),tensor(1.),tensor(0.1564),tensor(0.0004),tensor(1.),tensor(1.),tensor(1.),tensor(0.0001),tensor(0.2108),tensor(0.1009),tensor(0.0037),tensor(0.0874),tensor(0.0002)
s_3000_jpg,tensor(0.9256),tensor(0.9935),tensor(0.9996),tensor(1.0000),tensor(0.0914),tensor(5.0403e-23),tensor(0.),tensor(0.),tensor(8.2176e-25),tensor(1.7605e-27),tensor(2.4572e-19),tensor(0.0007),tensor(4.7542e-05),tensor(1.),tensor(1.),tensor(1.),tensor(1.),tensor(1.),tensor(1.),tensor(0.0014),tensor(1.),tensor(0.2861),tensor(0.0007),tensor(1.),tensor(1.),tensor(1.),tensor(0.0004),tensor(0.1394),tensor(0.0499),tensor(0.0008),tensor(1.),tensor(0.0025)
s_1534_jpg,tensor(0.2908),tensor(6.8734e-09),tensor(7.8617e-06),tensor(3.5793e-05),tensor(0.0198),tensor(2.2523e-08),tensor(5.9127e-17),tensor(4.2606e-20),tensor(1.),tensor(2.0298e-08),tensor(0.9754),tensor(9.0094e-05),tensor(0.0064),tensor(1.),tensor(1.),tensor(1.),tensor(0.3994),tensor(0.4605),tensor(0.0345),tensor(0.0193),tensor(0.2611),tensor(0.0038),tensor(0.0074),tensor(1.0000),tensor(0.1602),tensor(0.1019),tensor(0.0004),tensor(1.),tensor(1.),tensor(1.),tensor(0.0097),tensor(0.0006)
s_1585_jpg,tensor(0.1442),tensor(6.6430e-06),tensor(1.6677e-05),tensor(0.0021),tensor(0.0706),tensor(6.0880e-08),tensor(1.0180e-10),tensor(2.6513e-19),tensor(1.),tensor(2.9195e-09),tensor(0.0313),tensor(2.6926e-05),tensor(0.0131),tensor(1.),tensor(1.),tensor(1.),tensor(0.4572),tensor(1.0000),tensor(0.0993),tensor(0.0378),tensor(0.3537),tensor(0.0154),tensor(0.0164),tensor(0.6365),tensor(0.2133),tensor(0.1671),tensor(0.0011),tensor(0.4861),tensor(0.4697),tensor(1.),tensor(0.0096),tensor(0.0019)
s_7124_jpg,tensor(6.7245e-09),tensor(6.9372e-18),tensor(0.),tensor(3.9949e-14),tensor(4.2026e-10),tensor(1.0000),tensor(1.0000),tensor(0.0137),tensor(1.0468e-31),tensor(2.3993e-18),tensor(0.),tensor(1.8617e-17),tensor(1.),tensor(0.0071),tensor(0.0279),tensor(1.),tensor(0.1779),tensor(0.0258),tensor(0.0001),tensor(1.),tensor(0.0090),tensor(3.6113e-07),tensor(1.),tensor(1.),tensor(0.0015),tensor(0.0007),tensor(1.3696e-08),tensor(0.0005),tensor(0.0020),tensor(1.5931e-06),tensor(0.0010),tensor(0.3204)
s_11573_jpg,tensor(2.1040e-05),tensor(2.5601e-10),tensor(7.2731e-18),tensor(9.0063e-06),tensor(6.1757e-06),tensor(0.0546),tensor(1.0000),tensor(0.0004),tensor(1.8951e-21),tensor(2.1126e-14),tensor(4.5556e-19),tensor(2.0003e-11),tensor(1.),tensor(0.0853),tensor(0.1198),tensor(1.),tensor(0.2839),tensor(0.1364),tensor(0.0062),tensor(1.),tensor(0.0671),tensor(0.0002),tensor(1.),tensor(1.),tensor(0.0170),tensor(0.0132),tensor(3.8271e-05),tensor(0.0294),tensor(0.0614),tensor(0.0018),tensor(0.0089),tensor(0.2954)
s_3705_jpg,tensor(0.9795),tensor(0.8373),tensor(1.4665e-05),tensor(1.),tensor(0.0080),tensor(6.8722e-16),tensor(2.8155e-25),tensor(3.0287e-34),tensor(1.5255e-19),tensor(2.3800e-22),tensor(2.3476e-14),tensor(0.0023),tensor(0.0014),tensor(1.),tensor(1.),tensor(1.),tensor(1.),tensor(1.),tensor(1.),tensor(0.0150),tensor(1.),tensor(0.2439),tensor(0.0087),tensor(1.),tensor(1.),tensor(1.),tensor(0.0035),tensor(0.3756),tensor(0.2194),tensor(0.0245),tensor(0.3007),tensor(0.0043)
s_15746_jpg,tensor(5.6174e-06),tensor(4.2508e-22),tensor(4.3537e-34),tensor(4.8194e-21),tensor(3.7455e-13),tensor(1.),tensor(1.8354e-09),tensor(3.5210e-11),tensor(2.5326e-17),tensor(1.0005e-08),tensor(0.),tensor(4.7921e-09),tensor(1.),tensor(0.0106),tensor(0.0752),tensor(1.),tensor(0.2944),tensor(0.0325),tensor(8.1766e-05),tensor(1.),tensor(0.0109),tensor(9.8894e-07),tensor(0.2834),tensor(1.),tensor(0.0021),tensor(0.0015),tensor(6.3215e-08),tensor(0.0011),tensor(0.0116),tensor(1.1524e-05),tensor(0.0134),tensor(0.1463)
s_2245_jpg,tensor(0.1312),tensor(4.4292e-05),tensor(0.0016),tensor(0.0103),tensor(0.1786),tensor(6.1150e-06),tensor(4.2226e-10),tensor(3.0069e-16),tensor(1.),tensor(1.7646e-09),tensor(0.0010),tensor(3.0177e-05),tensor(0.0324),tensor(1.),tensor(1.),tensor(1.),tensor(0.4853),tensor(1.),tensor(0.0736),tensor(0.0731),tensor(0.3155),tensor(0.0235),tensor(0.0274),tensor(0.4414),tensor(0.1759),tensor(0.1488),tensor(0.0022),tensor(0.4393),tensor(0.4484),tensor(1.),tensor(0.0223),tensor(0.0045)
s_7623_jpg,tensor(0.8429),tensor(0.9948),tensor(8.7761e-12),tensor(1.0000),tensor(0.9879),tensor(2.6454e-19),tensor(2.0703e-30),tensor(1.0652e-37),tensor(2.9969e-17),tensor(8.0573e-25),tensor(2.6849e-17),tensor(0.0003),tensor(0.0001),tensor(1.),tensor(1.),tensor(1.),tensor(1.),tensor(1.),tensor(1.),tensor(0.0035),tensor(1.),tensor(0.3614),tensor(0.0020),tensor(1.),tensor(1.),tensor(1.),tensor(0.0005),tensor(0.1534),tensor(0.0770),tensor(0.0094),tensor(0.0441),tensor(0.0004)
s_6276_jpg,tensor(0.9924),tensor(0.9660),tensor(0.0102),tensor(0.1393),tensor(0.9867),tensor(1.0723e-11),tensor(1.0377e-23),tensor(1.0346e-22),tensor(9.5969e-12),tensor(2.8480e-16),tensor(8.1952e-11),tensor(0.2748),tensor(0.0059),tensor(1.),tensor(1.),tensor(1.),tensor(1.),tensor(1.),tensor(0.4704),tensor(0.0369),tensor(1.),tensor(0.4322),tensor(0.0269),tensor(1.0000),tensor(1.),tensor(1.),tensor(0.0125),tensor(0.2592),tensor(0.1646),tensor(0.0387),tensor(0.3534),tensor(0.0289)
s_4494_jpg,tensor(0.4976),tensor(0.4923),tensor(0.9999),tensor(1.0000),tensor(0.0191),tensor(4.5007e-13),tensor(3.9045e-17),tensor(2.4367e-18),tensor(4.3395e-15),tensor(4.6062e-17),tensor(3.7017e-12),tensor(0.0008),tensor(0.0089),tensor(1.),tensor(1.),tensor(1.),tensor(1.),tensor(1.),tensor(1.),tensor(0.0569),tensor(1.),tensor(0.3424),tensor(0.0332),tensor(1.),tensor(1.),tensor(1.),tensor(0.0262),tensor(0.2310),tensor(0.1393),tensor(0.0306),tensor(1.),tensor(0.0760)
s_15936_jpg,tensor(0.7797),tensor(0.9065),tensor(0.9991),tensor(0.0793),tensor(0.9816),tensor(3.6707e-10),tensor(2.0734e-18),tensor(1.5273e-14),tensor(3.8891e-08),tensor(2.3653e-10),tensor(4.2701e-07),tensor(0.2270),tensor(0.0232),tensor(1.),tensor(1.),tensor(1.),tensor(1.),tensor(1.),tensor(0.4607),tensor(0.0787),tensor(1.),tensor(0.4329),tensor(0.0537),tensor(1.),tensor(1.),tensor(1.),tensor(0.0339),tensor(0.2844),tensor(0.1822),tensor(0.0389),tensor(1.),tensor(0.0980)
s_9216_jpg,tensor(0.9284),tensor(0.9951),tensor(7.8359e-07),tensor(0.0010),tensor(0.9394),tensor(2.6405e-10),tensor(4.9212e-22),tensor(2.5910e-21),tensor(3.6201e-07),tensor(1.1991e-11),tensor(6.5045e-07),tensor(0.1819),tensor(0.0087),tensor(1.),tensor(1.),tensor(1.),tensor(1.),tensor(1.),tensor(0.4275),tensor(0.0364),tensor(1.),tensor(0.3254),tensor(0.0218),tensor(0.9896),tensor(1.),tensor(1.),tensor(0.0083),tensor(0.3094),tensor(0.2019),tensor(0.0817),tensor(0.1454),tensor(0.0084)
s_10223_jpg,tensor(9.4643e-09),tensor(4.7996e-17),tensor(3.3376e-34),tensor(1.3671e-10),tensor(4.5183e-10),tensor(0.3289),tensor(1.),tensor(1.),tensor(3.1089e-35),tensor(1.3278e-15),tensor(0.),tensor(8.1254e-16),tensor(1.),tensor(0.0062),tensor(0.0183),tensor(1.),tensor(0.1558),tensor(0.0263),tensor(0.0001),tensor(1.),tensor(0.0095),tensor(3.9577e-07),tensor(1.),tensor(1.),tensor(0.0010),tensor(0.0005),tensor(2.1617e-08),tensor(0.0016),tensor(0.0040),tensor(2.2624e-06),tensor(0.0003),tensor(1.)
s_10999_jpg,tensor(0.3440),tensor(1.0110e-08),tensor(4.3946e-05),tensor(1.8991e-05),tensor(0.0786),tensor(1.8147e-07),tensor(1.7387e-14),tensor(2.3598e-16),tensor(1.),tensor(4.4037e-07),tensor(0.8957),tensor(0.0001),tensor(0.0135),tensor(1.),tensor(1.),tensor(1.),tensor(0.4117),tensor(0.4624),tensor(0.0482),tensor(0.0322),tensor(0.2382),tensor(0.0101),tensor(0.0136),tensor(1.0000),tensor(0.1983),tensor(0.1210),tensor(0.0016),tensor(1.),tensor(1.),tensor(1.),tensor(0.0315),tensor(0.0018)
s_10068_jpg,tensor(0.9967),tensor(0.9974),tensor(4.2696e-11),tensor(1.),tensor(0.9979),tensor(0.),tensor(0.),tensor(0.),tensor(0.),tensor(0.),tensor(0.),tensor(1.8106e-09),tensor(4.1659e-08),tensor(1.),tensor(1.),tensor(1.),tensor(1.),tensor(1.),tensor(1.),tensor(1.8458e-05),tensor(1.),tensor(0.2215),tensor(6.4312e-06),tensor(1.),tensor(1.),tensor(1.),tensor(1.1744e-06),tensor(0.0402),tensor(0.0077),tensor(2.6521e-05),tensor(0.0970),tensor(3.7983e-06)
s_6550_jpg,tensor(0.0069),tensor(1.7728e-12),tensor(8.4296e-07),tensor(1.2260e-10),tensor(0.0004),tensor(6.4541e-12),tensor(1.1403e-25),tensor(1.8685e-10),tensor(9.3899e-27),tensor(0.9997),tensor(0.0019),tensor(0.9920),tensor(0.0061),tensor(0.3248),tensor(1.),tensor(1.),tensor(0.4176),tensor(0.0807),tensor(0.0009),tensor(0.0212),tensor(0.0408),tensor(7.8411e-05),tensor(0.0069),tensor(1.),tensor(0.0729),tensor(0.0225),tensor(1.1851e-05),tensor(0.3665),tensor(1.),tensor(0.0015),tensor(1.),tensor(0.0013)
s_13913_jpg,tensor(3.2735e-10),tensor(5.4621e-20),tensor(0.),tensor(2.4411e-13),tensor(4.1245e-11),tensor(0.9997),tensor(1.),tensor(1.),tensor(1.8483e-37),tensor(4.0760e-16),tensor(0.),tensor(9.2618e-18),tensor(1.),tensor(0.0025),tensor(0.0127),tensor(1.),tensor(0.1375),tensor(0.0134),tensor(2.6863e-05),tensor(1.),tensor(0.0054),tensor(3.9082e-08),tensor(1.),tensor(1.),tensor(0.0004),tensor(0.0002),tensor(1.5371e-09),tensor(0.0004),tensor(0.0013),tensor(1.8730e-07),tensor(0.0002),tensor(1.)
s_7849_jpg,tensor(0.1271),tensor(7.0612e-12),tensor(7.5093e-07),tensor(7.0379e-09),tensor(0.0252),tensor(2.1850e-12),tensor(7.4761e-22),tensor(4.7105e-16),tensor(5.0794e-19),tensor(2.4695e-07),tensor(1.0000),tensor(5.4240e-05),tensor(0.0024),tensor(1.),tensor(1.),tensor(1.),tensor(0.3622),tensor(0.1682),tensor(0.0022),tensor(0.0072),tensor(0.0822),tensor(0.0002),tensor(0.0029),tensor(1.),tensor(0.1108),tensor(0.0273),tensor(1.3351e-05),tensor(1.),tensor(1.),tensor(0.0280),tensor(0.1652),tensor(0.0002)
s_12446_jpg,tensor(5.0173e-13),tensor(3.7901e-29),tensor(0.),tensor(7.0169e-20),tensor(4.4925e-17),tensor(1.),tensor(1.),tensor(1.),tensor(0.),tensor(1.5841e-22),tensor(0.),tensor(3.3609e-25),tensor(1.),tensor(0.0002),tensor(0.0020),tensor(1.),tensor(0.0611),tensor(0.0018),tensor(3.0176e-07),tensor(1.),tensor(0.0005),tensor(1.9070e-11),tensor(1.),tensor(1.),tensor(1.6786e-05),tensor(6.0520e-06),tensor(3.3601e-13),tensor(8.5912e-06),tensor(8.0702e-05),tensor(2.6494e-10),tensor(8.0488e-06),tensor(1.)
s_8003_jpg,tensor(7.5295e-06),tensor(2.0202e-21),tensor(1.5860e-28),tensor(2.6381e-23),tensor(8.1847e-16),tensor(1.),tensor(2.6286e-11),tensor(7.1356e-10),tensor(1.1067e-15),tensor(1.0122e-06),tensor(0.),tensor(2.0399e-07),tensor(1.),tensor(0.0160),tensor(0.1238),tensor(1.0000),tensor(0.3547),tensor(0.0429),tensor(0.0002),tensor(1.),tensor(0.0181),tensor(3.0903e-06),tensor(0.1976),tensor(1.),tensor(0.0051),tensor(0.0037),tensor(3.6856e-07),tensor(0.0017),tensor(0.0205),tensor(2.0165e-05),tensor(0.0345),tensor(0.1456)
s_1828_jpg,tensor(0.0507),tensor(2.0589e-09),tensor(9.2384e-05),tensor(4.0204e-07),tensor(0.0209),tensor(1.5460e-09),tensor(6.8536e-18),tensor(9.1391e-08),tensor(2.2854e-24),tensor(0.9495),tensor(0.5599),tensor(0.9206),tensor(0.0112),tensor(0.4741),tensor(1.),tensor(1.),tensor(0.4132),tensor(0.1407),tensor(0.0041),tensor(0.0237),tensor(0.0702),tensor(0.0009),tensor(0.0135),tensor(1.),tensor(0.1676),tensor(0.0516),tensor(0.0002),tensor(1.0000),tensor(1.),tensor(0.0098),tensor(1.),tensor(0.0032)
s_14641_jpg,tensor(0.2027),tensor(0.0001),tensor(0.0013),tensor(0.0279),tensor(0.0749),tensor(5.5266e-06),tensor(3.5428e-08),tensor(2.4939e-16),tensor(1.),tensor(1.0124e-07),tensor(0.0175),tensor(8.1598e-05),tensor(0.0328),tensor(1.),tensor(1.),tensor(1.),tensor(0.4263),tensor(1.0000),tensor(0.1361),tensor(0.0709),tensor(0.3350),tensor(0.0349),tensor(0.0326),tensor(0.8574),tensor(0.2542),tensor(0.2197),tensor(0.0056),tensor(0.8495),tensor(0.4619),tensor(1.),tensor(0.0357),tensor(0.0071)
s_14867_jpg,tensor(1.8080e-07),tensor(9.6916e-19),tensor(4.3534e-32),tensor(6.0882e-10),tensor(5.7817e-10),tensor(0.0454),tensor(1.),tensor(2.7988e-06),tensor(7.8092e-34),tensor(4.3701e-20),tensor(2.3075e-34),tensor(1.2923e-17),tensor(1.),tensor(0.0156),tensor(0.0311),tensor(1.),tensor(0.1599),tensor(0.0352),tensor(0.0001),tensor(1.),tensor(0.0083),tensor(6.6795e-07),tensor(1.),tensor(1.),tensor(0.0010),tensor(0.0006),tensor(4.4018e-08),tensor(0.0029),tensor(0.0120),tensor(2.2124e-05),tensor(0.0006),tensor(0.2445)
s_15123_jpg,tensor(0.8624),tensor(0.9957),tensor(0.9992),tensor(0.0562),tensor(0.9913),tensor(3.9312e-09),tensor(9.9626e-18),tensor(9.1171e-16),tensor(2.5689e-09),tensor(2.2573e-10),tensor(2.7008e-07),tensor(0.1928),tensor(0.0198),tensor(1.),tensor(1.),tensor(1.),tensor(1.),tensor(1.),tensor(0.4412),tensor(0.0801),tensor(1.),tensor(0.4136),tensor(0.0562),tensor(1.0000),tensor(1.),tensor(1.),tensor(0.0308),tensor(0.2226),tensor(0.1523),tensor(0.0329),tensor(1.),tensor(0.1015)
s_1898_jpg,tensor(2.3328e-06),tensor(6.0665e-19),tensor(4.6961e-29),tensor(3.0442e-20),tensor(8.9583e-12),tensor(1.),tensor(5.8686e-09),tensor(4.6139e-10),tensor(1.1716e-15),tensor(6.0990e-09),tensor(0.),tensor(7.4942e-08),tensor(1.),tensor(0.0171),tensor(0.1103),tensor(1.),tensor(0.3202),tensor(0.0481),tensor(0.0002),tensor(1.),tensor(0.0165),tensor(3.6090e-06),tensor(0.2449),tensor(1.),tensor(0.0046),tensor(0.0029),tensor(1.9735e-07),tensor(0.0022),tensor(0.0143),tensor(3.0691e-05),tensor(0.0185),tensor(0.1178)
s_700_jpg,tensor(0.2189),tensor(1.5655e-06),tensor(7.7236e-05),tensor(0.0004),tensor(0.0001),tensor(1.4953e-09),tensor(5.3988e-16),tensor(3.7384e-19),tensor(3.1889e-06),tensor(4.4996e-05),tensor(0.9996),tensor(0.0002),tensor(0.0068),tensor(1.),tensor(1.),tensor(1.),tensor(0.4748),tensor(0.3665),tensor(0.0647),tensor(0.0298),tensor(0.3225),tensor(0.0059),tensor(0.0133),tensor(1.),tensor(0.2962),tensor(0.2500),tensor(0.0008),tensor(1.),tensor(1.),tensor(0.1643),tensor(0.1610),tensor(0.0027)
s_4389_jpg,tensor(0.6222),tensor(0.8716),tensor(0.9988),tensor(0.6727),tensor(0.9448),tensor(7.2303e-09),tensor(9.6597e-16),tensor(1.6705e-13),tensor(7.8900e-07),tensor(5.5097e-09),tensor(1.5774e-06),tensor(0.2152),tensor(0.0342),tensor(1.),tensor(1.),tensor(1.),tensor(1.),tensor(1.),tensor(0.4984),tensor(0.1079),tensor(1.),tensor(0.4769),tensor(0.0759),tensor(1.),tensor(1.),tensor(1.),tensor(0.0624),tensor(0.2873),tensor(0.2080),tensor(0.0610),tensor(1.),tensor(0.1467)
s_11837_jpg,tensor(9.8827e-11),tensor(4.4934e-18),tensor(4.9248e-39),tensor(8.6882e-11),tensor(1.1505e-10),tensor(0.4661),tensor(1.),tensor(1.),tensor(3.7018e-39),tensor(6.7759e-17),tensor(0.),tensor(8.0413e-19),tensor(1.),tensor(0.0031),tensor(0.0131),tensor(1.),tensor(0.1527),tensor(0.0171),tensor(4.0722e-05),tensor(1.),tensor(0.0067),tensor(8.6768e-08),tensor(1.),tensor(1.),tensor(0.0005),tensor(0.0002),tensor(2.3259e-09),tensor(0.0008),tensor(0.0020),tensor(3.2416e-07),tensor(0.0001),tensor(1.)
s_8070_jpg,tensor(0.5061),tensor(0.9938),tensor(1.0000),tensor(1.),tensor(0.0029),tensor(4.2572e-25),tensor(3.1844e-35),tensor(0.),tensor(2.5625e-33),tensor(3.0085e-32),tensor(5.3265e-25),tensor(1.9346e-06),tensor(7.4128e-05),tensor(1.),tensor(1.),tensor(1.),tensor(1.),tensor(1.),tensor(1.),tensor(0.0021),tensor(1.),tensor(0.2434),tensor(0.0011),tensor(1.),tensor(1.),tensor(1.),tensor(0.0007),tensor(0.1069),tensor(0.0393),tensor(0.0006),tensor(1.),tensor(0.0053)
s_10642_jpg,tensor(0.1703),tensor(3.6104e-06),tensor(0.0002),tensor(0.0051),tensor(0.0534),tensor(1.8133e-06),tensor(2.2229e-07),tensor(6.3815e-16),tensor(1.),tensor(1.9335e-09),tensor(0.0107),tensor(1.8372e-05),tensor(0.0314),tensor(1.),tensor(1.),tensor(1.),tensor(0.4203),tensor(1.0000),tensor(0.1175),tensor(0.0727),tensor(0.3304),tensor(0.0236),tensor(0.0374),tensor(0.9734),tensor(0.1962),tensor(0.1856),tensor(0.0032),tensor(0.4810),tensor(0.4793),tensor(1.),tensor(0.0173),tensor(0.0057)
s_7561_jpg,tensor(0.2686),tensor(1.9123e-09),tensor(2.4218e-07),tensor(9.7017e-07),tensor(0.0175),tensor(3.7600e-10),tensor(1.0745e-16),tensor(2.8210e-23),tensor(1.),tensor(2.4788e-10),tensor(0.8116),tensor(4.2580e-06),tensor(0.0032),tensor(1.),tensor(1.),tensor(1.),tensor(0.4015),tensor(0.8656),tensor(0.0227),tensor(0.0112),tensor(0.2140),tensor(0.0028),tensor(0.0035),tensor(0.9999),tensor(0.1181),tensor(0.0672),tensor(0.0002),tensor(1.0000),tensor(1.),tensor(1.),tensor(0.0044),tensor(0.0002)
s_4556_jpg,tensor(1.8518e-08),tensor(4.0385e-08),tensor(1.8895e-21),tensor(0.0001),tensor(4.2081e-05),tensor(0.4541),tensor(1.),tensor(1.),tensor(6.7631e-25),tensor(2.7455e-09),tensor(2.3846e-37),tensor(4.7477e-09),tensor(1.),tensor(0.0274),tensor(0.0655),tensor(1.),tensor(0.2632),tensor(0.0822),tensor(0.0026),tensor(1.),tensor(0.0584),tensor(5.5659e-05),tensor(1.),tensor(1.),tensor(0.0120),tensor(0.0085),tensor(5.3348e-06),tensor(0.0135),tensor(0.0192),tensor(7.9003e-05),tensor(0.0033),tensor(1.)
s_9139_jpg,tensor(0.1274),tensor(0.0004),tensor(0.0001),tensor(0.0049),tensor(0.0944),tensor(1.1221e-06),tensor(1.1374e-08),tensor(2.0252e-16),tensor(1.0000),tensor(2.5250e-08),tensor(0.0033),tensor(4.1552e-05),tensor(0.0283),tensor(1.),tensor(1.),tensor(1.),tensor(0.4652),tensor(1.),tensor(0.1224),tensor(0.0661),tensor(0.3558),tensor(0.0396),tensor(0.0276),tensor(0.4728),tensor(0.2516),tensor(0.2213),tensor(0.0045),tensor(0.4720),tensor(0.4894),tensor(1.),tensor(0.0341),tensor(0.0054)
s_1606_jpg,tensor(0.0309),tensor(1.0043e-10),tensor(9.8127e-06),tensor(3.9595e-08),tensor(0.0020),tensor(3.4175e-09),tensor(3.9713e-21),tensor(9.7271e-09),tensor(1.3632e-26),tensor(0.9639),tensor(0.9589),tensor(0.9016),tensor(0.0080),tensor(0.4291),tensor(1.),tensor(1.),tensor(0.4036),tensor(0.1071),tensor(0.0025),tensor(0.0188),tensor(0.0716),tensor(0.0003),tensor(0.0109),tensor(1.),tensor(0.1416),tensor(0.0379),tensor(4.7173e-05),tensor(1.),tensor(1.),tensor(0.0049),tensor(1.),tensor(0.0017)
s_10104_jpg,tensor(0.3303),tensor(0.9645),tensor(6.7021e-08),tensor(1.),tensor(0.9827),tensor(4.3605e-28),tensor(3.5815e-37),tensor(0.),tensor(4.6499e-29),tensor(2.2733e-36),tensor(9.1384e-28),tensor(2.7946e-08),tensor(6.7593e-06),tensor(1.),tensor(1.),tensor(1.),tensor(1.),tensor(1.),tensor(1.),tensor(0.0005),tensor(1.),tensor(0.2961),tensor(0.0002),tensor(1.),tensor(1.),tensor(1.),tensor(6.1903e-05),tensor(0.1070),tensor(0.0317),tensor(0.0006),tensor(0.1243),tensor(0.0001)
s_5290_jpg,tensor(0.0337),tensor(1.9040e-11),tensor(0.0002),tensor(2.0255e-08),tensor(0.0004),tensor(1.1377e-07),tensor(1.0484e-25),tensor(1.7441e-10),tensor(1.4885e-22),tensor(0.0002),tensor(0.9999),tensor(0.0051),tensor(0.0040),tensor(0.3844),tensor(1.),tensor(1.),tensor(0.4228),tensor(0.0773),tensor(0.0009),tensor(0.0087),tensor(0.0759),tensor(7.1820e-05),tensor(0.0054),tensor(1.),tensor(0.1065),tensor(0.0233),tensor(9.0674e-06),tensor(1.),tensor(1.),tensor(0.0029),tensor(0.4438),tensor(0.0010)
s_10436_jpg,tensor(0.0021),tensor(2.8746e-08),tensor(6.7127e-15),tensor(1.1630e-11),tensor(1.8629e-07),tensor(1.),tensor(0.0249),tensor(0.1282),tensor(1.0703e-09),tensor(3.3259e-09),tensor(3.1330e-20),tensor(3.1412e-07),tensor(1.),tensor(0.1466),tensor(0.2609),tensor(0.4780),tensor(0.3783),tensor(0.2227),tensor(0.0459),tensor(1.),tensor(0.2150),tensor(0.0026),tensor(0.3120),tensor(1.),tensor(0.1603),tensor(0.1531),tensor(0.0008),tensor(0.0321),tensor(0.0493),tensor(0.0047),tensor(0.0858),tensor(0.3093)
s_9402_jpg,tensor(0.9992),tensor(0.9520),tensor(0.9998),tensor(0.0004),tensor(0.0009),tensor(1.4713e-13),tensor(1.3863e-28),tensor(7.9654e-27),tensor(5.0462e-17),tensor(1.0460e-18),tensor(3.2510e-11),tensor(0.1073),tensor(0.0017),tensor(1.),tensor(1.),tensor(1.),tensor(1.),tensor(1.),tensor(0.3971),tensor(0.0126),tensor(1.),tensor(0.2988),tensor(0.0082),tensor(1.),tensor(1.),tensor(1.),tensor(0.0069),tensor(0.3169),tensor(0.1797),tensor(0.0219),tensor(1.),tensor(0.0262)
s_9968_jpg,tensor(1.8300e-11),tensor(1.6876e-22),tensor(0.),tensor(3.0610e-14),tensor(1.7764e-12),tensor(1.0000),tensor(1.),tensor(1.),tensor(0.),tensor(1.6381e-17),tensor(0.),tensor(3.0887e-19),tensor(1.),tensor(0.0010),tensor(0.0059),tensor(1.),tensor(0.0996),tensor(0.0066),tensor(5.0942e-06),tensor(1.),tensor(0.0021),tensor(2.6636e-09),tensor(1.),tensor(1.),tensor(0.0001),tensor(5.6024e-05),tensor(7.5424e-11),tensor(0.0001),tensor(0.0005),tensor(1.9180e-08),tensor(6.0277e-05),tensor(1.)
s_14066_jpg,tensor(5.0622e-06),tensor(3.3473e-28),tensor(1.1227e-38),tensor(3.8251e-29),tensor(8.0714e-21),tensor(1.),tensor(7.5468e-12),tensor(1.3377e-10),tensor(4.6585e-22),tensor(3.0316e-07),tensor(0.),tensor(1.0527e-09),tensor(1.),tensor(0.0042),tensor(0.0606),tensor(0.4972),tensor(0.2657),tensor(0.0125),tensor(1.6624e-05),tensor(1.),tensor(0.0039),tensor(5.0606e-08),tensor(0.1983),tensor(1.),tensor(0.0010),tensor(0.0005),tensor(6.3654e-09),tensor(0.0003),tensor(0.0091),tensor(1.0464e-06),tensor(0.0124),tensor(0.1214)
s_4575_jpg,tensor(0.9856),tensor(0.1156),tensor(0.0035),tensor(0.0010),tensor(0.0121),tensor(0.0012),tensor(7.8846e-06),tensor(0.0003),tensor(0.0735),tensor(2.1427e-06),tensor(0.0012),tensor(0.0002),tensor(0.2472),tensor(0.4548),tensor(0.8053),tensor(0.8356),tensor(1.),tensor(0.4503),tensor(0.2758),tensor(0.2618),tensor(1.),tensor(0.2021),tensor(0.2452),tensor(0.4786),tensor(0.4798),tensor(0.4677),tensor(0.0633),tensor(0.4344),tensor(0.4054),tensor(0.1504),tensor(0.3448),tensor(0.2432)
s_1632_jpg,tensor(0.5490),tensor(0.0592),tensor(0.0128),tensor(0.0010),tensor(0.3284),tensor(0.0002),tensor(7.7774e-05),tensor(8.6204e-09),tensor(0.4834),tensor(2.8912e-05),tensor(0.0054),tensor(0.0040),tensor(0.1350),tensor(1.),tensor(1.),tensor(1.),tensor(1.),tensor(1.0000),tensor(0.3349),tensor(0.2276),tensor(0.9411),tensor(0.2468),tensor(0.1698),tensor(0.4714),tensor(0.4611),tensor(0.4446),tensor(0.0693),tensor(0.4430),tensor(0.4433),tensor(0.4373),tensor(0.2100),tensor(0.0905)
s_15880_jpg,tensor(0.0017),tensor(3.3994e-18),tensor(2.7486e-10),tensor(5.8741e-14),tensor(3.0687e-06),tensor(3.4417e-10),tensor(4.9940e-21),tensor(2.0453e-06),tensor(2.0953e-23),tensor(0.9999),tensor(1.9635e-05),tensor(0.9785),tensor(0.0275),tensor(0.2095),tensor(1.),tensor(1.),tensor(0.3905),tensor(0.0737),tensor(0.0006),tensor(0.0552),tensor(0.0247),tensor(7.4949e-05),tensor(0.0232),tensor(1.),tensor(0.0410),tensor(0.0113),tensor(1.8907e-05),tensor(0.2700),tensor(1.),tensor(0.0018),tensor(1.),tensor(0.0039)
s_7275_jpg,tensor(0.8394),tensor(0.2003),tensor(0.1271),tensor(1.),tensor(0.9976),tensor(9.3273e-14),tensor(2.5754e-14),tensor(3.9697e-24),tensor(3.3411e-15),tensor(4.7545e-21),tensor(4.2191e-15),tensor(8.4518e-05),tensor(0.0110),tensor(1.),tensor(1.),tensor(1.),tensor(1.),tensor(1.),tensor(1.),tensor(0.0730),tensor(1.),tensor(0.3642),tensor(0.0457),tensor(1.),tensor(1.),tensor(1.),tensor(0.0131),tensor(0.2279),tensor(0.1334),tensor(0.0185),tensor(0.4322),tensor(0.0354)
s_15173_jpg,tensor(6.4730e-09),tensor(1.2414e-16),tensor(7.3324e-34),tensor(1.1184e-09),tensor(7.6401e-10),tensor(0.3061),tensor(1.),tensor(1.),tensor(1.6916e-34),tensor(1.5308e-14),tensor(0.),tensor(5.4865e-16),tensor(1.),tensor(0.0071),tensor(0.0210),tensor(1.),tensor(0.1728),tensor(0.0278),tensor(0.0001),tensor(1.),tensor(0.0109),tensor(6.7915e-07),tensor(1.),tensor(1.),tensor(0.0013),tensor(0.0007),tensor(3.5153e-08),tensor(0.0021),tensor(0.0051),tensor(3.1618e-06),tensor(0.0005),tensor(1.)
s_8942_jpg,tensor(5.4218e-10),tensor(1.3855e-15),tensor(4.3199e-34),tensor(4.8635e-10),tensor(1.9479e-08),tensor(1.),tensor(1.),tensor(1.),tensor(9.2690e-28),tensor(8.5192e-09),tensor(0.),tensor(2.7141e-09),tensor(1.),tensor(0.0023),tensor(0.0097),tensor(1.0000),tensor(0.1511),tensor(0.0172),tensor(4.0088e-05),tensor(1.),tensor(0.0070),tensor(9.8383e-08),tensor(1.),tensor(1.),tensor(0.0006),tensor(0.0004),tensor(3.5428e-09),tensor(0.0002),tensor(0.0007),tensor(2.2653e-07),tensor(0.0002),tensor(1.)
s_10667_jpg,tensor(4.0545e-07),tensor(3.3059e-14),tensor(5.7052e-27),tensor(9.6087e-08),tensor(1.8472e-07),tensor(0.3581),tensor(1.0000),tensor(0.0037),tensor(6.0344e-26),tensor(7.3503e-13),tensor(1.0847e-29),tensor(1.9067e-13),tensor(1.),tensor(0.0259),tensor(0.0695),tensor(1.),tensor(0.2521),tensor(0.0637),tensor(0.0011),tensor(1.),tensor(0.0300),tensor(1.8885e-05),tensor(1.),tensor(1.),tensor(0.0074),tensor(0.0037),tensor(1.7282e-06),tensor(0.0078),tensor(0.0170),tensor(5.8596e-05),tensor(0.0081),tensor(0.3883)
s_4833_jpg,tensor(0.9820),tensor(0.9063),tensor(1.9774e-08),tensor(1.),tensor(0.9957),tensor(6.3488e-22),tensor(7.5950e-34),tensor(0.),tensor(8.9922e-23),tensor(7.2389e-31),tensor(1.5296e-22),tensor(0.0001),tensor(0.0001),tensor(1.),tensor(1.),tensor(1.),tensor(1.),tensor(1.),tensor(1.),tensor(0.0029),tensor(1.),tensor(0.4212),tensor(0.0018),tensor(1.),tensor(1.),tensor(1.),tensor(0.0005),tensor(0.1368),tensor(0.0555),tensor(0.0041),tensor(0.1607),tensor(0.0008)
s_15897_jpg,tensor(0.9167),tensor(0.9945),tensor(1.0000),tensor(0.0010),tensor(0.0009),tensor(2.4298e-08),tensor(2.4407e-17),tensor(5.1191e-15),tensor(8.3180e-12),tensor(7.5313e-09),tensor(7.6725e-05),tensor(0.1931),tensor(0.0174),tensor(1.),tensor(1.),tensor(1.),tensor(1.),tensor(0.9975),tensor(0.3556),tensor(0.0524),tensor(1.0000),tensor(0.1434),tensor(0.0375),tensor(1.),tensor(1.),tensor(1.),tensor(0.0200),tensor(0.3734),tensor(0.3193),tensor(0.0480),tensor(1.),tensor(0.0907)
s_6596_jpg,tensor(1.1127e-12),tensor(7.9476e-30),tensor(0.),tensor(3.8725e-22),tensor(2.5398e-18),tensor(1.),tensor(1.),tensor(1.),tensor(0.),tensor(1.8715e-24),tensor(0.),tensor(1.4998e-27),tensor(1.),tensor(0.0002),tensor(0.0018),tensor(1.),tensor(0.0653),tensor(0.0018),tensor(2.4552e-07),tensor(1.),tensor(0.0005),tensor(1.3077e-11),tensor(1.),tensor(1.),tensor(1.6227e-05),tensor(6.7006e-06),tensor(1.6602e-13),tensor(4.1513e-06),tensor(4.6910e-05),tensor(1.5947e-10),tensor(6.4653e-06),tensor(1.)
s_15951_jpg,tensor(0.9969),tensor(0.9835),tensor(7.2013e-09),tensor(1.),tensor(0.9980),tensor(1.3302e-32),tensor(0.),tensor(0.),tensor(3.3797e-37),tensor(0.),tensor(1.0551e-33),tensor(6.8857e-07),tensor(9.4513e-07),tensor(1.),tensor(1.),tensor(1.),tensor(1.),tensor(1.),tensor(1.),tensor(0.0002),tensor(1.),tensor(0.3500),tensor(7.6227e-05),tensor(1.),tensor(1.),tensor(1.),tensor(1.2171e-05),tensor(0.0708),tensor(0.0165),tensor(0.0002),tensor(0.1454),tensor(3.7359e-05)
s_15995_jpg,tensor(0.0003),tensor(5.8842e-09),tensor(3.0667e-14),tensor(3.4385e-06),tensor(0.0001),tensor(0.0126),tensor(0.9999),tensor(4.1975e-05),tensor(1.5402e-17),tensor(1.0696e-14),tensor(6.9865e-15),tensor(8.1758e-10),tensor(1.),tensor(0.1301),tensor(0.1333),tensor(1.),tensor(0.2970),tensor(0.1830),tensor(0.0106),tensor(1.),tensor(0.0800),tensor(0.0007),tensor(1.),tensor(1.),tensor(0.0217),tensor(0.0177),tensor(0.0001),tensor(0.0463),tensor(0.0798),tensor(0.0067),tensor(0.0107),tensor(0.2625)
s_9666_jpg,tensor(0.7401),tensor(0.6264),tensor(0.2098),tensor(0.0039),tensor(0.9103),tensor(0.0018),tensor(5.8088e-05),tensor(2.1613e-06),tensor(0.0429),tensor(0.0065),tensor(0.0666),tensor(0.2538),tensor(0.2077),tensor(1.),tensor(1.),tensor(1.),tensor(1.),tensor(0.9886),tensor(0.4045),tensor(0.2793),tensor(0.9931),tensor(0.3850),tensor(0.2482),tensor(0.9864),tensor(1.0000),tensor(0.7276),tensor(0.1842),tensor(0.4771),tensor(0.4266),tensor(0.3009),tensor(0.4819),tensor(0.2302)
s_2845_jpg,tensor(0.1952),tensor(2.6442e-08),tensor(1.5431e-05),tensor(1.1898e-06),tensor(0.0536),tensor(1.8888e-10),tensor(1.2984e-15),tensor(1.7629e-13),tensor(2.0105e-15),tensor(2.5932e-06),tensor(0.9998),tensor(0.0002),tensor(0.0098),tensor(1.),tensor(1.),tensor(1.),tensor(0.3799),tensor(0.2339),tensor(0.0097),tensor(0.0234),tensor(0.1308),tensor(0.0014),tensor(0.0110),tensor(1.),tensor(0.1579),tensor(0.0575),tensor(0.0002),tensor(1.),tensor(1.),tensor(0.0649),tensor(0.1810),tensor(0.0011)
s_9976_jpg,tensor(0.0071),tensor(1.5759e-13),tensor(2.2003e-06),tensor(6.3499e-11),tensor(0.0002),tensor(1.0130e-08),tensor(2.6691e-21),tensor(8.1172e-06),tensor(8.5036e-19),tensor(0.9995),tensor(2.7707e-05),tensor(0.9543),tensor(0.0293),tensor(0.3048),tensor(1.),tensor(1.),tensor(0.4339),tensor(0.1197),tensor(0.0028),tensor(0.0665),tensor(0.0506),tensor(0.0004),tensor(0.0254),tensor(1.),tensor(0.0781),tensor(0.0356),tensor(0.0001),tensor(0.2904),tensor(1.),tensor(0.0052),tensor(1.),tensor(0.0072)
s_2451_jpg,tensor(0.9481),tensor(0.9982),tensor(0.9999),tensor(1.),tensor(0.9968),tensor(1.0936e-31),tensor(0.),tensor(0.),tensor(2.4233e-35),tensor(0.),tensor(1.4854e-31),tensor(5.0857e-07),tensor(3.6593e-06),tensor(1.),tensor(1.),tensor(1.),tensor(1.),tensor(1.),tensor(1.),tensor(0.0003),tensor(1.),tensor(0.3826),tensor(0.0001),tensor(1.),tensor(1.),tensor(1.),tensor(5.0886e-05),tensor(0.0447),tensor(0.0111),tensor(4.6855e-05),tensor(1.),tensor(0.0007)
s_6892_jpg,tensor(0.1468),tensor(2.3444e-10),tensor(8.5002e-07),tensor(4.6594e-08),tensor(0.0205),tensor(7.1321e-12),tensor(3.2111e-18),tensor(1.2549e-15),tensor(4.8806e-18),tensor(3.4463e-06),tensor(0.9999),tensor(0.0001),tensor(0.0046),tensor(1.),tensor(1.),tensor(1.),tensor(0.3571),tensor(0.1973),tensor(0.0057),tensor(0.0140),tensor(0.1012),tensor(0.0006),tensor(0.0058),tensor(1.),tensor(0.1240),tensor(0.0438),tensor(5.9324e-05),tensor(1.),tensor(1.),tensor(0.0461),tensor(0.1899),tensor(0.0005)
s_13066_jpg,tensor(0.2098),tensor(4.5623e-10),tensor(2.2139e-07),tensor(2.2021e-08),tensor(0.0330),tensor(2.3742e-11),tensor(1.6777e-18),tensor(1.1460e-15),tensor(9.3644e-13),tensor(2.7042e-07),tensor(0.9999),tensor(0.0002),tensor(0.0045),tensor(1.),tensor(1.),tensor(1.),tensor(0.3917),tensor(0.2692),tensor(0.0087),tensor(0.0126),tensor(0.1538),tensor(0.0012),tensor(0.0051),tensor(1.),tensor(0.1670),tensor(0.0543),tensor(7.2671e-05),tensor(1.),tensor(1.),tensor(0.0821),tensor(0.1187),tensor(0.0004)
s_2389_jpg,tensor(0.0229),tensor(4.5866e-10),tensor(1.2692e-05),tensor(5.0160e-08),tensor(0.0009),tensor(7.4756e-08),tensor(8.1225e-16),tensor(5.4728e-06),tensor(5.0062e-18),tensor(0.9942),tensor(0.0110),tensor(0.9173),tensor(0.0482),tensor(0.3262),tensor(1.),tensor(1.),tensor(0.4397),tensor(0.1546),tensor(0.0083),tensor(0.0958),tensor(0.0988),tensor(0.0016),tensor(0.0526),tensor(1.),tensor(0.1297),tensor(0.0638),tensor(0.0005),tensor(0.3834),tensor(1.),tensor(0.0117),tensor(1.),tensor(0.0160)
s_13331_jpg,tensor(3.2404e-08),tensor(9.6244e-15),tensor(5.5551e-31),tensor(3.2252e-09),tensor(2.6635e-08),tensor(0.2318),tensor(1.),tensor(1.),tensor(5.6578e-31),tensor(4.4444e-12),tensor(0.),tensor(3.2250e-13),tensor(1.),tensor(0.0122),tensor(0.0329),tensor(1.),tensor(0.1975),tensor(0.0396),tensor(0.0003),tensor(1.),tensor(0.0175),tensor(2.9174e-06),tensor(1.),tensor(1.),tensor(0.0026),tensor(0.0016),tensor(2.5492e-07),tensor(0.0046),tensor(0.0101),tensor(1.2821e-05),tensor(0.0011),tensor(1.)
s_2487_jpg,tensor(0.7990),tensor(0.2895),tensor(0.9732),tensor(0.0004),tensor(0.4658),tensor(0.0016),tensor(5.0654e-05),tensor(5.0930e-08),tensor(0.0113),tensor(2.2817e-07),tensor(0.0031),tensor(0.0007),tensor(0.1387),tensor(1.0000),tensor(1.),tensor(1.),tensor(1.),tensor(0.4847),tensor(0.3084),tensor(0.2579),tensor(0.4852),tensor(0.1704),tensor(0.2097),tensor(0.9976),tensor(0.4127),tensor(0.4271),tensor(0.0590),tensor(0.3925),tensor(0.4200),tensor(0.2318),tensor(0.3034),tensor(0.1871)
s_4648_jpg,tensor(0.0045),tensor(6.7376e-16),tensor(8.3361e-08),tensor(1.0529e-11),tensor(0.0001),tensor(2.3968e-10),tensor(1.1261e-21),tensor(3.6183e-07),tensor(1.2364e-21),tensor(0.9997),tensor(3.7782e-05),tensor(0.9746),tensor(0.0239),tensor(0.2758),tensor(1.),tensor(1.),tensor(0.3938),tensor(0.0868),tensor(0.0011),tensor(0.0571),tensor(0.0336),tensor(0.0002),tensor(0.0220),tensor(1.),tensor(0.0582),tensor(0.0180),tensor(4.8376e-05),tensor(0.3161),tensor(1.),tensor(0.0039),tensor(1.),tensor(0.0043)
s_9038_jpg,tensor(4.6696e-07),tensor(4.3556e-16),tensor(5.3503e-27),tensor(2.3954e-08),tensor(2.0145e-08),tensor(0.0211),tensor(1.0000),tensor(1.0672e-06),tensor(6.9166e-30),tensor(2.3371e-18),tensor(4.3176e-29),tensor(2.7125e-15),tensor(1.),tensor(0.0260),tensor(0.0498),tensor(1.),tensor(0.2011),tensor(0.0535),tensor(0.0004),tensor(1.),tensor(0.0165),tensor(4.2600e-06),tensor(1.),tensor(1.),tensor(0.0023),tensor(0.0014),tensor(3.3096e-07),tensor(0.0057),tensor(0.0193),tensor(7.9361e-05),tensor(0.0016),tensor(0.2361)
s_6478_jpg,tensor(0.0228),tensor(5.8553e-09),tensor(2.6799e-05),tensor(1.5109e-08),tensor(0.0010),tensor(9.4826e-07),tensor(1.8369e-16),tensor(2.2364e-05),tensor(6.3211e-16),tensor(0.9952),tensor(0.0008),tensor(0.9441),tensor(0.0525),tensor(0.3450),tensor(1.),tensor(1.),tensor(0.4660),tensor(0.1780),tensor(0.0109),tensor(0.1011),tensor(0.1135),tensor(0.0022),tensor(0.0479),tensor(1.),tensor(0.1474),tensor(0.0839),tensor(0.0007),tensor(0.3414),tensor(1.),tensor(0.0128),tensor(1.),tensor(0.0168)
s_7867_jpg,tensor(0.1024),tensor(1.0796e-09),tensor(0.0002),tensor(3.3166e-05),tensor(0.0007),tensor(1.4396e-05),tensor(1.2271e-14),tensor(2.1614e-20),tensor(1.),tensor(8.7993e-12),tensor(0.0019),tensor(2.6411e-06),tensor(0.0117),tensor(1.),tensor(1.),tensor(1.),tensor(0.3344),tensor(0.3977),tensor(0.0108),tensor(0.0345),tensor(0.1268),tensor(0.0010),tensor(0.0081),tensor(0.4445),tensor(0.0516),tensor(0.0415),tensor(0.0002),tensor(0.4133),tensor(0.4998),tensor(1.),tensor(0.0052),tensor(0.0005)
s_15403_jpg,tensor(0.0021),tensor(1.3897e-17),tensor(1.2245e-08),tensor(6.0134e-13),tensor(2.3258e-06),tensor(6.1863e-10),tensor(1.2291e-22),tensor(3.5261e-06),tensor(2.2258e-22),tensor(0.9997),tensor(1.6921e-05),tensor(0.9470),tensor(0.0256),tensor(0.2442),tensor(1.),tensor(1.),tensor(0.3851),tensor(0.0770),tensor(0.0008),tensor(0.0544),tensor(0.0307),tensor(9.8326e-05),tensor(0.0216),tensor(1.),tensor(0.0462),tensor(0.0155),tensor(3.2453e-05),tensor(0.2877),tensor(1.),tensor(0.0028),tensor(1.),tensor(0.0045)
s_7735_jpg,tensor(0.1586),tensor(2.3702e-12),tensor(9.2331e-08),tensor(1.0028e-08),tensor(0.0100),tensor(4.7979e-13),tensor(7.6782e-19),tensor(3.1838e-17),tensor(1.6330e-14),tensor(2.0969e-07),tensor(1.0000),tensor(1.5497e-05),tensor(0.0033),tensor(1.),tensor(1.),tensor(1.),tensor(0.3337),tensor(0.2078),tensor(0.0050),tensor(0.0094),tensor(0.0918),tensor(0.0005),tensor(0.0036),tensor(1.),tensor(0.1162),tensor(0.0362),tensor(4.6808e-05),tensor(1.),tensor(1.),tensor(0.0758),tensor(0.1180),tensor(0.0003)
s_7693_jpg,tensor(0.1487),tensor(6.9998e-08),tensor(0.0022),tensor(5.0002e-05),tensor(0.0075),tensor(6.7623e-05),tensor(1.5605e-12),tensor(1.3404e-18),tensor(1.),tensor(2.6429e-10),tensor(3.5460e-05),tensor(2.1329e-05),tensor(0.0235),tensor(1.),tensor(1.),tensor(1.),tensor(0.4448),tensor(0.4941),tensor(0.0275),tensor(0.0626),tensor(0.2138),tensor(0.0070),tensor(0.0152),tensor(0.4253),tensor(0.1096),tensor(0.0897),tensor(0.0008),tensor(0.4000),tensor(0.4427),tensor(1.),tensor(0.0204),tensor(0.0023)
s_3729_jpg,tensor(0.9999),tensor(0.9994),tensor(7.9785e-12),tensor(0.0018),tensor(8.2825e-06),tensor(1.8149e-14),tensor(1.2544e-34),tensor(1.1906e-32),tensor(2.4986e-16),tensor(2.5944e-20),tensor(1.0030e-10),tensor(0.0745),tensor(0.0011),tensor(1.),tensor(1.),tensor(1.),tensor(1.),tensor(1.),tensor(0.3427),tensor(0.0073),tensor(1.),tensor(0.1371),tensor(0.0033),tensor(1.),tensor(1.),tensor(1.),tensor(0.0010),tensor(0.4096),tensor(0.2759),tensor(0.0489),tensor(0.1301),tensor(0.0007)
s_14496_jpg,tensor(0.0256),tensor(0.0088),tensor(0.0001),tensor(0.0022),tensor(0.9691),tensor(0.0024),tensor(0.7068),tensor(6.6550e-05),tensor(0.0001),tensor(3.4250e-10),tensor(6.4163e-06),tensor(0.0002),tensor(0.4719),tensor(0.3564),tensor(0.3172),tensor(1.),tensor(0.4276),tensor(0.4056),tensor(0.1255),tensor(1.),tensor(0.2876),tensor(0.0439),tensor(0.9879),tensor(1.),tensor(0.1510),tensor(0.1309),tensor(0.0146),tensor(0.1998),tensor(0.1957),tensor(0.1312),tensor(0.0728),tensor(0.2663)
s_15315_jpg,tensor(0.9935),tensor(0.9907),tensor(1.0000),tensor(0.0002),tensor(0.7200),tensor(2.7660e-15),tensor(4.7833e-30),tensor(7.4119e-24),tensor(4.2817e-16),tensor(3.9066e-18),tensor(2.8400e-12),tensor(0.1830),tensor(0.0021),tensor(1.),tensor(1.),tensor(1.),tensor(1.),tensor(1.),tensor(0.3872),tensor(0.0134),tensor(1.),tensor(0.3361),tensor(0.0089),tensor(1.0000),tensor(1.),tensor(1.),tensor(0.0059),tensor(0.2452),tensor(0.1502),tensor(0.0124),tensor(1.),tensor(0.0336)
s_13529_jpg,tensor(1.5524e-09),tensor(3.8773e-19),tensor(0.),tensor(4.6069e-14),tensor(1.0335e-10),tensor(1.),tensor(1.),tensor(1.),tensor(1.2371e-31),tensor(5.4622e-15),tensor(0.),tensor(1.4326e-15),tensor(1.),tensor(0.0019),tensor(0.0085),tensor(1.),tensor(0.1272),tensor(0.0131),tensor(2.3075e-05),tensor(1.),tensor(0.0045),tensor(2.7765e-08),tensor(1.),tensor(1.),tensor(0.0004),tensor(0.0002),tensor(9.3172e-10),tensor(0.0001),tensor(0.0005),tensor(1.0032e-07),tensor(0.0001),tensor(1.)
s_7317_jpg,tensor(0.8982),tensor(0.3645),tensor(0.0070),tensor(0.0495),tensor(0.9906),tensor(1.4545e-06),tensor(3.3912e-08),tensor(3.2740e-11),tensor(0.0194),tensor(4.8429e-07),tensor(0.0002),tensor(0.0842),tensor(0.0970),tensor(1.),tensor(1.),tensor(1.),tensor(1.),tensor(1.),tensor(0.4150),tensor(0.1925),tensor(1.),tensor(0.4173),tensor(0.1541),tensor(0.6532),tensor(1.0000),tensor(0.9999),tensor(0.0997),tensor(0.4288),tensor(0.3890),tensor(0.2692),tensor(0.3372),tensor(0.1090)
s_3431_jpg,tensor(2.5137e-14),tensor(1.4934e-31),tensor(0.),tensor(1.3540e-20),tensor(1.8730e-18),tensor(1.),tensor(1.),tensor(1.),tensor(0.),tensor(1.8776e-24),tensor(0.),tensor(7.2828e-28),tensor(1.),tensor(7.4639e-05),tensor(0.0009),tensor(1.),tensor(0.0480),tensor(0.0011),tensor(6.1193e-08),tensor(1.),tensor(0.0002),tensor(1.8250e-12),tensor(1.),tensor(1.),tensor(4.8659e-06),tensor(1.7491e-06),tensor(1.5058e-14),tensor(3.3602e-06),tensor(3.3292e-05),tensor(3.0680e-11),tensor(1.6205e-06),tensor(1.)
s_9358_jpg,tensor(0.1271),tensor(4.3683e-05),tensor(0.0018),tensor(0.0132),tensor(0.0566),tensor(8.8777e-07),tensor(9.4914e-09),tensor(2.0246e-17),tensor(1.),tensor(7.8914e-11),tensor(0.0003),tensor(1.5115e-06),tensor(0.0282),tensor(1.),tensor(1.),tensor(1.),tensor(0.9367),tensor(1.),tensor(0.1307),tensor(0.0677),tensor(0.3909),tensor(0.0308),tensor(0.0293),tensor(0.4622),tensor(0.2574),tensor(0.2144),tensor(0.0026),tensor(0.4343),tensor(0.4279),tensor(1.0000),tensor(0.0226),tensor(0.0049)
s_7208_jpg,tensor(1.3376e-05),tensor(8.6168e-11),tensor(7.0274e-19),tensor(8.4035e-05),tensor(1.2920e-05),tensor(0.0766),tensor(1.0000),tensor(2.6039e-05),tensor(7.3288e-22),tensor(1.1164e-15),tensor(6.8135e-22),tensor(1.5608e-12),tensor(1.),tensor(0.0695),tensor(0.0968),tensor(1.),tensor(0.2686),tensor(0.1231),tensor(0.0043),tensor(1.),tensor(0.0541),tensor(0.0001),tensor(1.),tensor(1.),tensor(0.0120),tensor(0.0089),tensor(1.6896e-05),tensor(0.0185),tensor(0.0405),tensor(0.0009),tensor(0.0063),tensor(0.3001)
s_7131_jpg,tensor(0.8204),tensor(0.7804),tensor(0.9968),tensor(0.0890),tensor(0.9213),tensor(1.5657e-08),tensor(2.5774e-14),tensor(1.9153e-12),tensor(1.1028e-06),tensor(5.9601e-09),tensor(4.2395e-06),tensor(0.1770),tensor(0.0434),tensor(1.),tensor(1.),tensor(1.),tensor(1.),tensor(1.),tensor(0.4473),tensor(0.1126),tensor(1.),tensor(0.4154),tensor(0.0760),tensor(1.0000),tensor(1.),tensor(1.),tensor(0.0589),tensor(0.3281),tensor(0.2513),tensor(0.0738),tensor(1.),tensor(0.1365)
s_2185_jpg,tensor(0.0023),tensor(1.3166e-18),tensor(3.4090e-08),tensor(3.0895e-13),tensor(4.3098e-05),tensor(9.1377e-13),tensor(5.1387e-27),tensor(4.0377e-07),tensor(2.4448e-26),tensor(1.0000),tensor(5.3083e-05),tensor(0.9743),tensor(0.0113),tensor(0.2662),tensor(1.),tensor(1.),tensor(0.3768),tensor(0.0610),tensor(0.0004),tensor(0.0328),tensor(0.0189),tensor(3.9987e-05),tensor(0.0114),tensor(1.),tensor(0.0364),tensor(0.0104),tensor(1.1656e-05),tensor(0.3060),tensor(1.),tensor(0.0017),tensor(1.),tensor(0.0018)
s_15554_jpg,tensor(2.7047e-10),tensor(1.2566e-27),tensor(0.),tensor(3.3245e-18),tensor(3.0454e-16),tensor(1.0000),tensor(1.),tensor(6.5776e-06),tensor(0.),tensor(4.6416e-24),tensor(0.),tensor(6.1048e-24),tensor(1.),tensor(0.0012),tensor(0.0079),tensor(1.),tensor(0.0987),tensor(0.0059),tensor(3.1224e-06),tensor(1.),tensor(0.0014),tensor(9.3598e-10),tensor(1.),tensor(1.),tensor(8.7857e-05),tensor(3.5974e-05),tensor(1.8841e-11),tensor(6.8934e-05),tensor(0.0006),tensor(1.9518e-08),tensor(9.2611e-05),tensor(0.2484)
s_13153_jpg,tensor(0.1667),tensor(6.4946e-08),tensor(8.1977e-06),tensor(1.8236e-05),tensor(0.0001),tensor(1.1674e-05),tensor(5.2421e-10),tensor(6.4158e-19),tensor(1.),tensor(7.7289e-10),tensor(0.1072),tensor(3.0293e-06),tensor(0.0102),tensor(1.),tensor(1.),tensor(1.),tensor(0.3373),tensor(0.4683),tensor(0.0403),tensor(0.0259),tensor(0.1927),tensor(0.0045),tensor(0.0079),tensor(0.4982),tensor(0.1443),tensor(0.1087),tensor(0.0007),tensor(0.4549),tensor(0.7758),tensor(1.),tensor(0.0098),tensor(0.0009)
s_9573_jpg,tensor(0.7877),tensor(0.3714),tensor(0.9818),tensor(1.),tensor(0.9555),tensor(1.0710e-15),tensor(4.8284e-19),tensor(6.4187e-26),tensor(8.8266e-18),tensor(1.6680e-22),tensor(1.0340e-16),tensor(2.8977e-05),tensor(0.0035),tensor(1.),tensor(1.),tensor(1.),tensor(1.),tensor(1.),tensor(1.),tensor(0.0341),tensor(1.),tensor(0.4346),tensor(0.0223),tensor(1.),tensor(1.),tensor(1.),tensor(0.0105),tensor(0.2091),tensor(0.1027),tensor(0.0118),tensor(1.0000),tensor(0.0340)
s_355_jpg,tensor(0.0388),tensor(9.1521e-10),tensor(0.0002),tensor(4.9476e-07),tensor(0.0039),tensor(1.0432e-08),tensor(5.6592e-20),tensor(4.4328e-08),tensor(8.3131e-24),tensor(0.9532),tensor(0.8788),tensor(0.9111),tensor(0.0081),tensor(0.4510),tensor(1.),tensor(1.),tensor(0.4112),tensor(0.1243),tensor(0.0035),tensor(0.0194),tensor(0.0795),tensor(0.0005),tensor(0.0105),tensor(1.),tensor(0.1682),tensor(0.0529),tensor(9.2709e-05),tensor(1.),tensor(1.),tensor(0.0071),tensor(1.),tensor(0.0025)
s_6344_jpg,tensor(1.9454e-05),tensor(1.9542e-10),tensor(4.4346e-23),tensor(3.0343e-09),tensor(2.5487e-06),tensor(1.0000),tensor(0.9981),tensor(0.0574),tensor(1.1135e-17),tensor(1.7127e-10),tensor(2.9687e-27),tensor(7.4318e-10),tensor(1.),tensor(0.0483),tensor(0.1099),tensor(1.),tensor(0.3027),tensor(0.1077),tensor(0.0058),tensor(1.),tensor(0.0576),tensor(0.0002),tensor(1.),tensor(1.),tensor(0.0239),tensor(0.0168),tensor(2.6555e-05),tensor(0.0115),tensor(0.0210),tensor(0.0003),tensor(0.0187),tensor(0.4419)
s_1455_jpg,tensor(0.8229),tensor(0.7047),tensor(0.0002),tensor(0.0024),tensor(0.9164),tensor(3.9366e-06),tensor(1.4821e-11),tensor(1.6235e-11),tensor(0.0080),tensor(1.6987e-06),tensor(0.0009),tensor(0.2214),tensor(0.0712),tensor(1.),tensor(1.),tensor(1.),tensor(1.),tensor(1.),tensor(0.4378),tensor(0.1418),tensor(1.),tensor(0.3838),tensor(0.1163),tensor(0.6627),tensor(1.),tensor(1.0000),tensor(0.0720),tensor(0.4304),tensor(0.3679),tensor(0.2860),tensor(0.2648),tensor(0.0721)
s_4760_jpg,tensor(1.2646e-08),tensor(3.0406e-15),tensor(1.1784e-31),tensor(2.1049e-10),tensor(1.4251e-08),tensor(0.4868),tensor(1.),tensor(1.),tensor(1.5502e-31),tensor(4.7378e-14),tensor(0.),tensor(7.2903e-14),tensor(1.),tensor(0.0083),tensor(0.0212),tensor(1.),tensor(0.1777),tensor(0.0342),tensor(0.0002),tensor(1.),tensor(0.0138),tensor(1.2007e-06),tensor(1.),tensor(1.),tensor(0.0015),tensor(0.0009),tensor(5.9245e-08),tensor(0.0022),tensor(0.0048),tensor(4.8675e-06),tensor(0.0004),tensor(1.)
s_9323_jpg,tensor(2.0155e-06),tensor(1.2520e-13),tensor(6.3504e-28),tensor(9.8619e-10),tensor(6.3448e-08),tensor(0.9998),tensor(1.0000),tensor(0.0159),tensor(6.4118e-24),tensor(1.5035e-15),tensor(3.2713e-33),tensor(1.7810e-14),tensor(1.),tensor(0.0270),tensor(0.0647),tensor(1.),tensor(0.2357),tensor(0.0672),tensor(0.0014),tensor(1.),tensor(0.0306),tensor(1.7810e-05),tensor(1.),tensor(1.),tensor(0.0066),tensor(0.0043),tensor(1.5587e-06),tensor(0.0044),tensor(0.0115),tensor(6.4423e-05),tensor(0.0045),tensor(0.3693)
s_1996_jpg,tensor(0.2876),tensor(1.5195e-05),tensor(0.0002),tensor(2.0139e-05),tensor(0.2464),tensor(3.6547e-08),tensor(6.5401e-13),tensor(1.0384e-11),tensor(3.8729e-11),tensor(1.1339e-05),tensor(0.9985),tensor(0.0024),tensor(0.0222),tensor(1.),tensor(1.),tensor(1.),tensor(0.4448),tensor(0.3051),tensor(0.0261),tensor(0.0433),tensor(0.2174),tensor(0.0060),tensor(0.0241),tensor(1.),tensor(0.2304),tensor(0.1025),tensor(0.0007),tensor(1.),tensor(1.),tensor(0.1082),tensor(0.1971),tensor(0.0037)
s_683_jpg,tensor(1.1491e-10),tensor(1.8648e-17),tensor(3.7208e-37),tensor(5.3680e-11),tensor(3.2395e-10),tensor(0.4482),tensor(1.),tensor(1.),tensor(4.0609e-38),tensor(7.5537e-15),tensor(0.),tensor(4.8546e-16),tensor(1.),tensor(0.0034),tensor(0.0121),tensor(1.),tensor(0.1476),tensor(0.0180),tensor(3.8885e-05),tensor(1.),tensor(0.0069),tensor(1.2232e-07),tensor(1.),tensor(1.),tensor(0.0006),tensor(0.0003),tensor(3.5149e-09),tensor(0.0009),tensor(0.0022),tensor(5.0026e-07),tensor(0.0001),tensor(1.)
s_3670_jpg,tensor(0.0129),tensor(6.0471e-12),tensor(5.3864e-06),tensor(1.8945e-09),tensor(0.0002),tensor(9.6890e-08),tensor(1.3949e-17),tensor(3.8774e-05),tensor(5.6259e-18),tensor(0.9964),tensor(0.0005),tensor(0.8785),tensor(0.0554),tensor(0.3040),tensor(1.),tensor(1.),tensor(0.4429),tensor(0.1403),tensor(0.0055),tensor(0.1055),tensor(0.0793),tensor(0.0011),tensor(0.0543),tensor(1.),tensor(0.1097),tensor(0.0510),tensor(0.0004),tensor(0.3376),tensor(1.),tensor(0.0096),tensor(1.),tensor(0.0142)
s_4780_jpg,tensor(0.0047),tensor(4.8029e-15),tensor(1.0705e-07),tensor(1.3082e-11),tensor(1.8006e-05),tensor(7.6749e-10),tensor(4.0718e-22),tensor(5.4518e-06),tensor(1.9153e-23),tensor(0.9999),tensor(0.0007),tensor(0.9583),tensor(0.0241),tensor(0.2715),tensor(1.),tensor(1.),tensor(0.3987),tensor(0.0901),tensor(0.0016),tensor(0.0564),tensor(0.0415),tensor(0.0002),tensor(0.0249),tensor(1.),tensor(0.0656),tensor(0.0243),tensor(5.6195e-05),tensor(0.3264),tensor(1.),tensor(0.0033),tensor(1.),tensor(0.0047)
s_2621_jpg,tensor(0.0013),tensor(2.3928e-15),tensor(2.6351e-23),tensor(9.3677e-17),tensor(1.2772e-10),tensor(1.),tensor(7.7235e-07),tensor(1.9668e-05),tensor(1.2100e-11),tensor(1.9478e-07),tensor(1.6269e-31),tensor(1.8862e-07),tensor(1.),tensor(0.0669),tensor(0.1893),tensor(0.9901),tensor(0.3570),tensor(0.1145),tensor(0.0055),tensor(1.),tensor(0.0942),tensor(0.0002),tensor(0.2735),tensor(1.),tensor(0.0377),tensor(0.0351),tensor(3.2451e-05),tensor(0.0100),tensor(0.0379),tensor(0.0007),tensor(0.0541),tensor(0.2145)
s_9200_jpg,tensor(1.7449e-09),tensor(2.4646e-28),tensor(0.),tensor(8.4740e-20),tensor(5.1348e-17),tensor(1.0000),tensor(1.0000),tensor(1.4251e-06),tensor(0.),tensor(5.5980e-21),tensor(0.),tensor(3.9079e-21),tensor(1.),tensor(0.0015),tensor(0.0111),tensor(1.),tensor(0.1085),tensor(0.0061),tensor(3.5983e-06),tensor(1.),tensor(0.0016),tensor(1.4217e-09),tensor(1.),tensor(1.),tensor(0.0001),tensor(5.0840e-05),tensor(4.1377e-11),tensor(0.0001),tensor(0.0011),tensor(3.3654e-08),tensor(0.0002),tensor(0.2070)
s_11621_jpg,tensor(3.7465e-08),tensor(1.9596e-17),tensor(9.1022e-35),tensor(2.3597e-11),tensor(5.7620e-10),tensor(0.9999),tensor(1.0000),tensor(0.0012),tensor(1.3943e-30),tensor(3.7742e-15),tensor(3.3502e-39),tensor(1.6235e-15),tensor(1.),tensor(0.0114),tensor(0.0417),tensor(1.),tensor(0.2054),tensor(0.0326),tensor(0.0002),tensor(1.),tensor(0.0147),tensor(1.1454e-06),tensor(1.),tensor(1.),tensor(0.0023),tensor(0.0013),tensor(7.3337e-08),tensor(0.0018),tensor(0.0065),tensor(6.1524e-06),tensor(0.0026),tensor(0.3150)
s_11338_jpg,tensor(0.0506),tensor(5.1032e-10),tensor(0.0004),tensor(6.8721e-06),tensor(0.0025),tensor(8.7289e-08),tensor(6.1426e-19),tensor(8.3886e-07),tensor(5.3021e-24),tensor(0.9887),tensor(0.9627),tensor(0.9800),tensor(0.0117),tensor(0.4761),tensor(1.),tensor(1.),tensor(0.3969),tensor(0.1325),tensor(0.0064),tensor(0.0231),tensor(0.1008),tensor(0.0011),tensor(0.0150),tensor(1.),tensor(0.1865),tensor(0.0589),tensor(0.0002),tensor(1.),tensor(1.),tensor(0.0104),tensor(1.),tensor(0.0034)
s_4400_jpg,tensor(1.5675e-05),tensor(7.0461e-17),tensor(2.3506e-23),tensor(2.2848e-18),tensor(2.4493e-12),tensor(1.),tensor(6.1272e-09),tensor(2.6764e-08),tensor(1.8730e-13),tensor(8.7279e-06),tensor(3.0431e-32),tensor(5.5269e-06),tensor(1.),tensor(0.0358),tensor(0.1732),tensor(1.0000),tensor(0.3976),tensor(0.0698),tensor(0.0010),tensor(1.),tensor(0.0413),tensor(3.8512e-05),tensor(0.2507),tensor(1.),tensor(0.0124),tensor(0.0110),tensor(6.5331e-06),tensor(0.0085),tensor(0.0602),tensor(0.0002),tensor(0.0833),tensor(0.1709)
s_8930_jpg,tensor(3.4183e-11),tensor(1.0527e-30),tensor(0.),tensor(9.7298e-24),tensor(2.2417e-19),tensor(1.),tensor(1.),tensor(0.0007),tensor(0.),tensor(8.1529e-25),tensor(0.),tensor(2.4923e-25),tensor(1.),tensor(0.0004),tensor(0.0044),tensor(1.),tensor(0.0764),tensor(0.0028),tensor(7.6567e-07),tensor(1.),tensor(0.0006),tensor(6.0615e-11),tensor(1.),tensor(1.),tensor(4.0546e-05),tensor(1.4448e-05),tensor(1.2162e-12),tensor(1.5621e-05),tensor(0.0002),tensor(1.4402e-09),tensor(3.9239e-05),tensor(0.2873)
s_2131_jpg,tensor(0.0038),tensor(9.5423e-15),tensor(5.5334e-08),tensor(8.0380e-12),tensor(2.0477e-05),tensor(2.0444e-11),tensor(2.4770e-25),tensor(2.4684e-10),tensor(2.3522e-27),tensor(0.9993),tensor(0.0015),tensor(0.9600),tensor(0.0081),tensor(0.2820),tensor(1.),tensor(1.),tensor(0.3936),tensor(0.0683),tensor(0.0006),tensor(0.0249),tensor(0.0339),tensor(5.2640e-05),tensor(0.0092),tensor(1.),tensor(0.0554),tensor(0.0161),tensor(9.2778e-06),tensor(0.3608),tensor(1.),tensor(0.0014),tensor(1.),tensor(0.0015)
s_10090_jpg,tensor(0.0686),tensor(8.9239e-09),tensor(0.0009),tensor(4.5365e-06),tensor(0.0152),tensor(5.7402e-08),tensor(5.7870e-18),tensor(2.3100e-06),tensor(1.2048e-22),tensor(0.9601),tensor(0.8316),tensor(0.9577),tensor(0.0139),tensor(0.4847),tensor(1.),tensor(1.),tensor(0.4279),tensor(0.1562),tensor(0.0073),tensor(0.0270),tensor(0.1043),tensor(0.0017),tensor(0.0169),tensor(1.),tensor(0.2109),tensor(0.0740),tensor(0.0004),tensor(1.),tensor(1.),tensor(0.0131),tensor(1.),tensor(0.0047)
s_8393_jpg,tensor(1.4579e-05),tensor(1.5879e-12),tensor(1.3120e-21),tensor(4.0714e-08),tensor(4.5526e-06),tensor(0.1616),tensor(0.9999),tensor(6.8735e-06),tensor(5.3116e-22),tensor(1.7814e-14),tensor(4.1084e-23),tensor(4.0717e-11),tensor(1.),tensor(0.0626),tensor(0.1000),tensor(1.),tensor(0.2527),tensor(0.0949),tensor(0.0022),tensor(1.),tensor(0.0407),tensor(6.2108e-05),tensor(1.),tensor(1.),tensor(0.0093),tensor(0.0062),tensor(8.5296e-06),tensor(0.0168),tensor(0.0376),tensor(0.0007),tensor(0.0069),tensor(0.2488)
s_5172_jpg,tensor(0.7255),tensor(0.9281),tensor(0.9973),tensor(1.0000),tensor(0.9351),tensor(6.4112e-14),tensor(4.7432e-20),tensor(3.2543e-22),tensor(8.2185e-16),tensor(1.9113e-19),tensor(2.1285e-14),tensor(0.0005),tensor(0.0057),tensor(1.),tensor(1.),tensor(1.),tensor(1.),tensor(1.),tensor(1.),tensor(0.0349),tensor(1.),tensor(0.3967),tensor(0.0237),tensor(1.),tensor(1.),tensor(1.),tensor(0.0117),tensor(0.1853),tensor(0.1017),tensor(0.0100),tensor(1.),tensor(0.0456)
s_13424_jpg,tensor(1.8121e-13),tensor(8.2501e-29),tensor(0.),tensor(1.0442e-19),tensor(1.9097e-16),tensor(1.),tensor(1.),tensor(1.),tensor(0.),tensor(8.2921e-24),tensor(0.),tensor(5.0188e-26),tensor(1.),tensor(0.0002),tensor(0.0018),tensor(1.),tensor(0.0620),tensor(0.0021),tensor(2.9947e-07),tensor(1.),tensor(0.0005),tensor(2.2132e-11),tensor(1.),tensor(1.),tensor(1.5905e-05),tensor(6.1495e-06),tensor(2.8266e-13),tensor(8.5111e-06),tensor(6.5460e-05),tensor(2.8918e-10),tensor(6.8510e-06),tensor(1.)
s_11247_jpg,tensor(0.9700),tensor(0.9909),tensor(3.8551e-05),tensor(3.2752e-05),tensor(0.0025),tensor(7.7175e-12),tensor(3.0850e-23),tensor(1.1824e-27),tensor(1.9002e-10),tensor(8.1842e-12),tensor(5.1447e-06),tensor(0.0460),tensor(0.0026),tensor(1.),tensor(1.),tensor(1.),tensor(1.),tensor(1.),tensor(0.3018),tensor(0.0124),tensor(1.),tensor(0.1063),tensor(0.0072),tensor(1.),tensor(1.),tensor(1.),tensor(0.0038),tensor(0.4297),tensor(0.3536),tensor(0.0787),tensor(0.2283),tensor(0.0045)
s_15256_jpg,tensor(0.0022),tensor(3.4009e-16),tensor(1.2833e-09),tensor(4.6033e-13),tensor(1.2598e-06),tensor(1.0852e-07),tensor(6.1337e-18),tensor(4.5695e-05),tensor(1.7502e-19),tensor(0.9997),tensor(7.8352e-06),tensor(0.9701),tensor(0.0525),tensor(0.2095),tensor(1.),tensor(1.),tensor(0.4134),tensor(0.0972),tensor(0.0015),tensor(0.0926),tensor(0.0428),tensor(0.0002),tensor(0.0408),tensor(1.),tensor(0.0559),tensor(0.0216),tensor(7.2421e-05),tensor(0.2463),tensor(1.),tensor(0.0034),tensor(1.),tensor(0.0097)
s_9903_jpg,tensor(0.9847),tensor(0.9827),tensor(0.9998),tensor(1.),tensor(0.9989),tensor(3.7213e-34),tensor(0.),tensor(0.),tensor(0.),tensor(0.),tensor(1.2867e-35),tensor(3.1384e-08),tensor(1.0842e-06),tensor(1.),tensor(1.),tensor(1.),tensor(1.),tensor(1.),tensor(1.),tensor(0.0002),tensor(1.),tensor(0.4331),tensor(9.5455e-05),tensor(1.),tensor(1.),tensor(1.),tensor(2.3619e-05),tensor(0.0396),tensor(0.0077),tensor(3.0308e-05),tensor(1.),tensor(0.0004)
s_10363_jpg,tensor(0.0144),tensor(2.6287e-13),tensor(3.1951e-07),tensor(2.9135e-10),tensor(0.0007),tensor(6.6474e-12),tensor(1.3893e-24),tensor(6.1490e-09),tensor(1.5387e-32),tensor(0.9852),tensor(0.9481),tensor(0.9402),tensor(0.0033),tensor(0.4159),tensor(1.),tensor(1.),tensor(0.3722),tensor(0.0686),tensor(0.0007),tensor(0.0091),tensor(0.0358),tensor(6.5130e-05),tensor(0.0047),tensor(1.),tensor(0.0896),tensor(0.0174),tensor(7.7969e-06),tensor(1.),tensor(1.),tensor(0.0020),tensor(1.),tensor(0.0005)
s_3570_jpg,tensor(0.9085),tensor(0.1217),tensor(3.6924e-09),tensor(1.0000),tensor(0.9850),tensor(1.2536e-16),tensor(1.1015e-21),tensor(8.2592e-30),tensor(6.5600e-13),tensor(2.5924e-22),tensor(1.2587e-15),tensor(0.0003),tensor(0.0013),tensor(1.),tensor(1.),tensor(1.),tensor(1.),tensor(1.),tensor(1.),tensor(0.0106),tensor(1.),tensor(0.3490),tensor(0.0066),tensor(1.),tensor(1.),tensor(1.),tensor(0.0029),tensor(0.2399),tensor(0.1296),tensor(0.0216),tensor(0.1430),tensor(0.0031)
s_13398_jpg,tensor(0.8345),tensor(0.1590),tensor(8.1734e-07),tensor(1.0000),tensor(0.3121),tensor(4.6074e-13),tensor(8.2057e-16),tensor(2.1427e-24),tensor(1.1843e-12),tensor(2.6758e-18),tensor(8.0236e-13),tensor(0.0005),tensor(0.0058),tensor(1.),tensor(1.),tensor(1.),tensor(1.),tensor(1.),tensor(1.),tensor(0.0321),tensor(1.),tensor(0.3438),tensor(0.0226),tensor(1.),tensor(1.),tensor(1.),tensor(0.0140),tensor(0.3367),tensor(0.2171),tensor(0.0653),tensor(0.2271),tensor(0.0122)
s_1588_jpg,tensor(0.1742),tensor(1.3600e-08),tensor(2.0343e-05),tensor(8.0414e-05),tensor(0.0283),tensor(1.1490e-07),tensor(2.5320e-09),tensor(1.3036e-19),tensor(1.),tensor(1.3967e-13),tensor(0.0059),tensor(3.6843e-07),tensor(0.0108),tensor(1.),tensor(1.),tensor(1.),tensor(0.3872),tensor(0.9978),tensor(0.0382),tensor(0.0316),tensor(0.2356),tensor(0.0041),tensor(0.0127),tensor(0.4975),tensor(0.0853),tensor(0.0804),tensor(0.0003),tensor(0.4365),tensor(0.4771),tensor(1.),tensor(0.0032),tensor(0.0009)
s_13392_jpg,tensor(0.9917),tensor(0.9440),tensor(0.0074),tensor(0.9991),tensor(0.9872),tensor(1.6158e-16),tensor(3.1786e-28),tensor(7.7829e-32),tensor(3.4879e-17),tensor(5.3236e-22),tensor(1.1122e-15),tensor(0.0217),tensor(0.0009),tensor(1.),tensor(1.),tensor(1.),tensor(1.),tensor(1.),tensor(1.0000),tensor(0.0104),tensor(1.),tensor(0.4145),tensor(0.0064),tensor(1.),tensor(1.),tensor(1.),tensor(0.0032),tensor(0.1934),tensor(0.0998),tensor(0.0064),tensor(0.4372),tensor(0.0080)
s_3272_jpg,tensor(2.6972e-07),tensor(3.1733e-15),tensor(9.4616e-32),tensor(3.1197e-11),tensor(5.0961e-09),tensor(1.0000),tensor(0.9999),tensor(0.0610),tensor(9.1516e-26),tensor(2.3376e-12),tensor(2.3446e-36),tensor(1.5019e-13),tensor(1.),tensor(0.0160),tensor(0.0625),tensor(1.),tensor(0.2521),tensor(0.0472),tensor(0.0006),tensor(1.),tensor(0.0248),tensor(6.4318e-06),tensor(1.),tensor(1.),tensor(0.0059),tensor(0.0032),tensor(5.2375e-07),tensor(0.0034),tensor(0.0103),tensor(1.8093e-05),tensor(0.0070),tensor(0.4024)
s_11774_jpg,tensor(1.3955e-08),tensor(9.1409e-16),tensor(6.2136e-33),tensor(2.4938e-09),tensor(2.7843e-09),tensor(0.2728),tensor(1.),tensor(1.),tensor(8.0687e-34),tensor(1.5818e-13),tensor(0.),tensor(9.9056e-15),tensor(1.),tensor(0.0086),tensor(0.0249),tensor(1.),tensor(0.1742),tensor(0.0312),tensor(0.0002),tensor(1.),tensor(0.0132),tensor(1.0056e-06),tensor(1.),tensor(1.),tensor(0.0017),tensor(0.0010),tensor(7.2481e-08),tensor(0.0031),tensor(0.0070),tensor(5.1807e-06),tensor(0.0006),tensor(1.)
s_22_jpg,tensor(0.0029),tensor(4.2460e-15),tensor(6.5364e-08),tensor(1.8413e-12),tensor(6.6062e-06),tensor(2.5663e-09),tensor(5.4724e-23),tensor(2.3963e-07),tensor(2.4538e-22),tensor(0.9992),tensor(1.0486e-05),tensor(0.9552),tensor(0.0207),tensor(0.2492),tensor(1.),tensor(1.),tensor(0.4307),tensor(0.0842),tensor(0.0012),tensor(0.0526),tensor(0.0408),tensor(0.0001),tensor(0.0188),tensor(1.),tensor(0.0548),tensor(0.0220),tensor(2.7474e-05),tensor(0.2626),tensor(1.),tensor(0.0020),tensor(1.),tensor(0.0039)
s_130_jpg,tensor(0.2248),tensor(3.4921e-05),tensor(0.0007),tensor(0.0036),tensor(0.0835),tensor(3.7491e-05),tensor(7.1291e-08),tensor(2.1068e-14),tensor(1.),tensor(2.9228e-08),tensor(0.0277),tensor(0.0001),tensor(0.0372),tensor(1.),tensor(1.),tensor(1.),tensor(0.4500),tensor(0.9995),tensor(0.0911),tensor(0.0791),tensor(0.3086),tensor(0.0271),tensor(0.0357),tensor(0.4714),tensor(0.2046),tensor(0.1868),tensor(0.0042),tensor(0.4590),tensor(0.4925),tensor(1.),tensor(0.0332),tensor(0.0069)
s_15390_jpg,tensor(0.8121),tensor(0.9998),tensor(1.9884e-05),tensor(1.),tensor(0.9993),tensor(1.4855e-33),tensor(0.),tensor(0.),tensor(7.3856e-38),tensor(0.),tensor(1.7556e-34),tensor(7.9488e-08),tensor(4.2312e-07),tensor(1.),tensor(1.),tensor(1.),tensor(1.),tensor(1.),tensor(1.),tensor(8.0330e-05),tensor(1.),tensor(0.3448),tensor(3.9193e-05),tensor(1.),tensor(1.),tensor(1.),tensor(8.3662e-06),tensor(0.0425),tensor(0.0089),tensor(4.2312e-05),tensor(0.2336),tensor(3.8161e-05)
s_13945_jpg,tensor(0.3061),tensor(1.2195e-05),tensor(0.0019),tensor(0.0021),tensor(0.0197),tensor(1.9226e-05),tensor(6.6836e-09),tensor(2.3954e-17),tensor(1.),tensor(1.2438e-09),tensor(0.0499),tensor(1.6449e-05),tensor(0.0221),tensor(1.),tensor(1.),tensor(1.),tensor(0.4163),tensor(0.5903),tensor(0.0694),tensor(0.0525),tensor(0.2772),tensor(0.0132),tensor(0.0221),tensor(0.4898),tensor(0.1690),tensor(0.1466),tensor(0.0020),tensor(0.4711),tensor(0.4881),tensor(1.),tensor(0.0171),tensor(0.0032)
s_4561_jpg,tensor(0.0777),tensor(1.4117e-13),tensor(2.6319e-07),tensor(3.2600e-09),tensor(0.0664),tensor(1.7117e-14),tensor(6.9506e-23),tensor(5.4548e-19),tensor(7.4616e-25),tensor(2.1791e-07),tensor(0.9999),tensor(6.1281e-05),tensor(0.0013),tensor(1.),tensor(1.),tensor(1.),tensor(0.3133),tensor(0.1111),tensor(0.0007),tensor(0.0044),tensor(0.0403),tensor(4.1291e-05),tensor(0.0015),tensor(1.),tensor(0.0629),tensor(0.0120),tensor(2.7799e-06),tensor(1.),tensor(1.),tensor(0.0122),tensor(0.1702),tensor(7.4572e-05)
s_5297_jpg,tensor(8.7441e-09),tensor(3.9287e-14),tensor(1.5820e-30),tensor(3.9921e-08),tensor(6.2885e-09),tensor(0.3950),tensor(1.),tensor(1.),tensor(4.1736e-32),tensor(3.6716e-12),tensor(0.),tensor(2.6337e-14),tensor(1.),tensor(0.0120),tensor(0.0426),tensor(1.),tensor(0.2156),tensor(0.0389),tensor(0.0004),tensor(1.),tensor(0.0243),tensor(3.9079e-06),tensor(1.),tensor(1.),tensor(0.0035),tensor(0.0020),tensor(3.3468e-07),tensor(0.0058),tensor(0.0116),tensor(1.0645e-05),tensor(0.0016),tensor(1.)
s_14927_jpg,tensor(3.1552e-09),tensor(8.5135e-15),tensor(2.6998e-31),tensor(4.8723e-09),tensor(3.0781e-09),tensor(0.4191),tensor(1.),tensor(1.),tensor(8.4099e-34),tensor(2.0718e-13),tensor(0.),tensor(3.9429e-14),tensor(1.),tensor(0.0084),tensor(0.0240),tensor(1.),tensor(0.1860),tensor(0.0341),tensor(0.0002),tensor(1.),tensor(0.0154),tensor(1.1845e-06),tensor(1.),tensor(1.),tensor(0.0017),tensor(0.0011),tensor(6.4265e-08),tensor(0.0033),tensor(0.0066),tensor(4.4362e-06),tensor(0.0004),tensor(1.)
s_4107_jpg,tensor(0.8473),tensor(0.3446),tensor(0.6146),tensor(0.9998),tensor(0.9941),tensor(2.6240e-08),tensor(2.1074e-09),tensor(4.4990e-14),tensor(9.4043e-09),tensor(4.2541e-12),tensor(1.4318e-08),tensor(0.0091),tensor(0.0548),tensor(1.),tensor(1.),tensor(1.),tensor(1.),tensor(1.),tensor(1.),tensor(0.1654),tensor(1.),tensor(0.4391),tensor(0.1340),tensor(1.),tensor(1.),tensor(1.),tensor(0.0605),tensor(0.2937),tensor(0.2212),tensor(0.0661),tensor(0.4517),tensor(0.1289)
s_12553_jpg,tensor(0.3021),tensor(2.3033e-05),tensor(0.0005),tensor(0.0005),tensor(0.0185),tensor(1.8593e-05),tensor(1.2396e-08),tensor(1.5534e-16),tensor(1.),tensor(6.1759e-09),tensor(0.0656),tensor(4.3997e-05),tensor(0.0238),tensor(1.),tensor(1.),tensor(1.),tensor(0.4301),tensor(0.5323),tensor(0.0628),tensor(0.0546),tensor(0.2583),tensor(0.0156),tensor(0.0240),tensor(0.4753),tensor(0.1730),tensor(0.1478),tensor(0.0026),tensor(0.4778),tensor(0.4986),tensor(1.),tensor(0.0252),tensor(0.0040)
s_11100_jpg,tensor(0.9739),tensor(0.9874),tensor(0.9999),tensor(1.),tensor(7.8134e-09),tensor(4.2174e-22),tensor(8.6682e-37),tensor(0.),tensor(2.8179e-33),tensor(6.3111e-29),tensor(1.4023e-20),tensor(0.0007),tensor(8.6665e-05),tensor(1.),tensor(1.),tensor(1.),tensor(1.),tensor(1.),tensor(1.),tensor(0.0018),tensor(1.),tensor(0.1074),tensor(0.0010),tensor(1.),tensor(1.),tensor(1.),tensor(0.0007),tensor(0.1923),tensor(0.0854),tensor(0.0022),tensor(1.),tensor(0.0041)
s_7045_jpg,tensor(0.2900),tensor(2.1046e-12),tensor(6.3409e-05),tensor(4.4298e-05),tensor(0.0137),tensor(3.4253e-09),tensor(1.3268e-24),tensor(1.9165e-24),tensor(1.),tensor(4.8107e-09),tensor(0.9924),tensor(6.7784e-06),tensor(0.0018),tensor(1.),tensor(1.),tensor(1.),tensor(0.3371),tensor(0.4239),tensor(0.0172),tensor(0.0072),tensor(0.2083),tensor(0.0009),tensor(0.0020),tensor(1.),tensor(0.1241),tensor(0.0649),tensor(6.8536e-05),tensor(1.),tensor(1.),tensor(1.),tensor(0.0036),tensor(8.4420e-05)
s_12270_jpg,tensor(0.8214),tensor(0.7877),tensor(0.1639),tensor(0.9999),tensor(0.9673),tensor(1.2831e-14),tensor(1.0123e-22),tensor(1.0145e-27),tensor(2.7135e-14),tensor(4.8086e-19),tensor(1.5321e-13),tensor(0.0013),tensor(0.0022),tensor(1.),tensor(1.),tensor(1.),tensor(1.),tensor(1.),tensor(1.),tensor(0.0209),tensor(1.),tensor(0.4137),tensor(0.0123),tensor(1.),tensor(1.),tensor(1.),tensor(0.0059),tensor(0.2195),tensor(0.1103),tensor(0.0112),tensor(0.4330),tensor(0.0151)
s_6619_jpg,tensor(0.0008),tensor(4.7084e-21),tensor(2.3923e-10),tensor(9.7035e-16),tensor(4.4149e-06),tensor(2.4374e-15),tensor(8.2852e-32),tensor(2.5874e-10),tensor(1.8420e-34),tensor(1.0000),tensor(0.0001),tensor(0.9795),tensor(0.0032),tensor(0.2326),tensor(1.),tensor(1.),tensor(0.3436),tensor(0.0321),tensor(6.3267e-05),tensor(0.0118),tensor(0.0087),tensor(3.3719e-06),tensor(0.0034),tensor(1.),tensor(0.0227),tensor(0.0037),tensor(5.5535e-07),tensor(0.3205),tensor(1.),tensor(0.0003),tensor(1.),tensor(0.0003)
s_1141_jpg,tensor(0.0344),tensor(3.9933e-07),tensor(0.0001),tensor(1.9241e-07),tensor(0.0005),tensor(0.0002),tensor(1.0252e-12),tensor(4.7020e-05),tensor(5.0269e-11),tensor(0.9405),tensor(0.0003),tensor(0.8963),tensor(0.0894),tensor(0.3550),tensor(1.),tensor(1.),tensor(0.8088),tensor(0.2444),tensor(0.0291),tensor(0.1548),tensor(0.1771),tensor(0.0076),tensor(0.0824),tensor(1.),tensor(0.1968),tensor(0.1439),tensor(0.0028),tensor(0.3292),tensor(1.),tensor(0.0255),tensor(1.),tensor(0.0460)
s_696_jpg,tensor(0.9993),tensor(0.0292),tensor(1.2277e-07),tensor(0.0066),tensor(0.9994),tensor(3.3302e-16),tensor(2.7523e-27),tensor(3.0692e-29),tensor(1.6134e-11),tensor(1.8086e-20),tensor(1.8397e-13),tensor(0.1476),tensor(0.0017),tensor(1.),tensor(1.),tensor(1.),tensor(1.),tensor(1.),tensor(0.3735),tensor(0.0074),tensor(1.),tensor(0.4524),tensor(0.0066),tensor(1.),tensor(1.),tensor(1.),tensor(0.0044),tensor(0.2476),tensor(0.1870),tensor(0.0320),tensor(0.1089),tensor(0.0068)
s_14292_jpg,tensor(1.0000),tensor(0.9999),tensor(9.6200e-16),tensor(1.4763e-06),tensor(2.4318e-08),tensor(1.4060e-19),tensor(0.),tensor(0.),tensor(6.0826e-21),tensor(1.0356e-26),tensor(3.5263e-15),tensor(0.0058),tensor(0.0002),tensor(1.),tensor(1.),tensor(1.),tensor(1.),tensor(1.),tensor(0.3450),tensor(0.0011),tensor(1.),tensor(0.1745),tensor(0.0007),tensor(0.4610),tensor(1.),tensor(1.),tensor(0.0003),tensor(0.3309),tensor(0.1703),tensor(0.0279),tensor(0.0459),tensor(0.0002)
s_13677_jpg,tensor(0.7805),tensor(0.6300),tensor(0.9986),tensor(1.0000),tensor(0.9566),tensor(1.2591e-16),tensor(1.1390e-23),tensor(6.7650e-27),tensor(1.9775e-16),tensor(1.8404e-21),tensor(1.5091e-15),tensor(0.0004),tensor(0.0021),tensor(1.),tensor(1.),tensor(1.),tensor(1.),tensor(1.),tensor(1.),tensor(0.0209),tensor(1.),tensor(0.4218),tensor(0.0124),tensor(1.),tensor(1.),tensor(1.),tensor(0.0076),tensor(0.1826),tensor(0.0937),tensor(0.0090),tensor(1.),tensor(0.0287)
s_1553_jpg,tensor(1.6538e-10),tensor(2.8384e-20),tensor(0.),tensor(6.2184e-12),tensor(1.0690e-11),tensor(0.5159),tensor(1.),tensor(1.),tensor(0.),tensor(2.4698e-17),tensor(0.),tensor(5.9151e-19),tensor(1.),tensor(0.0021),tensor(0.0079),tensor(1.),tensor(0.1152),tensor(0.0117),tensor(1.5737e-05),tensor(1.),tensor(0.0035),tensor(1.8244e-08),tensor(1.),tensor(1.),tensor(0.0002),tensor(0.0001),tensor(6.4904e-10),tensor(0.0005),tensor(0.0015),tensor(1.5815e-07),tensor(6.4613e-05),tensor(1.)
s_8601_jpg,tensor(0.3824),tensor(0.6995),tensor(0.9869),tensor(0.9998),tensor(0.8800),tensor(4.7235e-11),tensor(2.3836e-15),tensor(6.1986e-17),tensor(3.4012e-10),tensor(3.9206e-13),tensor(5.3301e-10),tensor(0.0038),tensor(0.0176),tensor(1.),tensor(1.),tensor(1.),tensor(1.),tensor(1.),tensor(1.),tensor(0.0697),tensor(1.),tensor(0.4183),tensor(0.0467),tensor(1.),tensor(1.),tensor(1.),tensor(0.0350),tensor(0.2766),tensor(0.1812),tensor(0.0362),tensor(1.),tensor(0.0824)
s_3601_jpg,tensor(0.0018),tensor(4.6091e-18),tensor(4.7750e-09),tensor(8.7408e-14),tensor(1.5323e-05),tensor(3.6884e-14),tensor(2.2902e-29),tensor(2.6444e-10),tensor(4.3106e-32),tensor(0.9999),tensor(0.0005),tensor(0.9760),tensor(0.0044),tensor(0.2627),tensor(1.),tensor(1.),tensor(0.3656),tensor(0.0446),tensor(0.0002),tensor(0.0160),tensor(0.0155),tensor(1.0928e-05),tensor(0.0052),tensor(1.),tensor(0.0348),tensor(0.0070),tensor(1.8378e-06),tensor(0.3461),tensor(1.),tensor(0.0006),tensor(1.),tensor(0.0005)
s_7053_jpg,tensor(0.5317),tensor(0.9187),tensor(1.6490e-05),tensor(0.4164),tensor(0.4937),tensor(3.9697e-08),tensor(3.4979e-14),tensor(1.5077e-16),tensor(0.0003),tensor(2.4639e-07),tensor(3.8993e-05),tensor(0.1410),tensor(0.0212),tensor(1.),tensor(1.),tensor(1.),tensor(1.0000),tensor(1.),tensor(0.4681),tensor(0.0605),tensor(1.),tensor(0.3125),tensor(0.0428),tensor(0.9999),tensor(1.),tensor(1.),tensor(0.0288),tensor(0.3912),tensor(0.3115),tensor(0.1731),tensor(0.2137),tensor(0.0263)
s_9993_jpg,tensor(0.9440),tensor(0.9993),tensor(5.6889e-07),tensor(1.0000),tensor(2.3871e-06),tensor(8.3440e-17),tensor(2.1885e-33),tensor(3.5115e-39),tensor(2.2294e-22),tensor(8.8722e-24),tensor(2.6013e-15),tensor(0.0072),tensor(0.0002),tensor(1.),tensor(1.),tensor(1.),tensor(1.),tensor(1.),tensor(1.),tensor(0.0024),tensor(1.),tensor(0.1251),tensor(0.0014),tensor(1.),tensor(1.),tensor(1.),tensor(0.0005),tensor(0.2329),tensor(0.1154),tensor(0.0064),tensor(0.1763),tensor(0.0007)
s_12659_jpg,tensor(5.9781e-11),tensor(2.1909e-26),tensor(0.),tensor(5.4049e-19),tensor(1.5002e-15),tensor(1.),tensor(1.),tensor(8.6088e-06),tensor(0.),tensor(2.8213e-26),tensor(0.),tensor(1.7001e-24),tensor(1.),tensor(0.0010),tensor(0.0068),tensor(1.),tensor(0.0918),tensor(0.0056),tensor(3.0292e-06),tensor(1.),tensor(0.0014),tensor(5.3769e-10),tensor(1.),tensor(1.),tensor(8.3409e-05),tensor(3.3504e-05),tensor(9.5855e-12),tensor(3.9638e-05),tensor(0.0003),tensor(1.1253e-08),tensor(5.3473e-05),tensor(0.2337)
s_14915_jpg,tensor(4.9685e-11),tensor(3.2539e-22),tensor(0.),tensor(6.0930e-14),tensor(1.8326e-12),tensor(0.1778),tensor(1.),tensor(1.),tensor(0.),tensor(6.2665e-17),tensor(0.),tensor(3.1641e-19),tensor(1.),tensor(0.0018),tensor(0.0080),tensor(1.),tensor(0.1116),tensor(0.0094),tensor(8.8981e-06),tensor(1.),tensor(0.0025),tensor(8.7352e-09),tensor(1.),tensor(1.),tensor(0.0002),tensor(7.9675e-05),tensor(3.4612e-10),tensor(0.0005),tensor(0.0017),tensor(9.8899e-08),tensor(6.7179e-05),tensor(1.)
s_10855_jpg,tensor(0.0061),tensor(3.6247e-15),tensor(5.5388e-08),tensor(8.2955e-13),tensor(1.7114e-08),tensor(3.7968e-10),tensor(1.5100e-26),tensor(4.4560e-08),tensor(5.4048e-30),tensor(2.7921e-10),tensor(1.0000),tensor(4.4123e-07),tensor(0.0018),tensor(0.2896),tensor(1.),tensor(1.),tensor(0.3279),tensor(0.0329),tensor(0.0001),tensor(0.0038),tensor(0.0398),tensor(2.6634e-06),tensor(0.0025),tensor(1.),tensor(0.0287),tensor(0.0048),tensor(2.7880e-07),tensor(1.),tensor(1.),tensor(0.0007),tensor(0.1991),tensor(0.0002)
s_8249_jpg,tensor(2.0135e-11),tensor(2.4515e-22),tensor(0.),tensor(1.0419e-14),tensor(1.2450e-12),tensor(1.0000),tensor(1.),tensor(1.),tensor(0.),tensor(8.9368e-18),tensor(0.),tensor(1.2871e-19),tensor(1.),tensor(0.0008),tensor(0.0053),tensor(1.),tensor(0.1031),tensor(0.0066),tensor(4.7660e-06),tensor(1.),tensor(0.0023),tensor(2.1733e-09),tensor(1.),tensor(1.),tensor(0.0001),tensor(5.4074e-05),tensor(4.7282e-11),tensor(8.0094e-05),tensor(0.0004),tensor(1.2745e-08),tensor(4.2180e-05),tensor(1.)
s_7883_jpg,tensor(2.8399e-11),tensor(2.1749e-17),tensor(4.9651e-38),tensor(9.3162e-11),tensor(8.2989e-11),tensor(0.3041),tensor(1.),tensor(1.),tensor(0.),tensor(2.0643e-14),tensor(0.),tensor(2.6673e-15),tensor(1.),tensor(0.0030),tensor(0.0101),tensor(1.),tensor(0.1297),tensor(0.0161),tensor(3.0394e-05),tensor(1.),tensor(0.0058),tensor(5.7395e-08),tensor(1.),tensor(1.),tensor(0.0004),tensor(0.0003),tensor(1.9026e-09),tensor(0.0010),tensor(0.0024),tensor(3.4628e-07),tensor(7.4831e-05),tensor(1.)
s_13785_jpg,tensor(0.9538),tensor(0.0860),tensor(2.0791e-05),tensor(1.),tensor(0.0886),tensor(5.9528e-20),tensor(1.0962e-28),tensor(0.),tensor(4.2682e-18),tensor(6.3896e-26),tensor(2.1979e-17),tensor(0.0001),tensor(0.0002),tensor(1.),tensor(1.),tensor(1.),tensor(1.),tensor(1.),tensor(1.),tensor(0.0037),tensor(1.),tensor(0.2444),tensor(0.0019),tensor(1.),tensor(1.),tensor(1.),tensor(0.0013),tensor(0.2323),tensor(0.1090),tensor(0.0117),tensor(0.2755),tensor(0.0022)
s_205_jpg,tensor(0.0707),tensor(7.8459e-09),tensor(4.9281e-05),tensor(1.4738e-07),tensor(0.0217),tensor(4.7835e-09),tensor(1.4381e-21),tensor(1.4977e-08),tensor(1.7362e-26),tensor(0.6111),tensor(0.9769),tensor(0.9486),tensor(0.0057),tensor(0.9859),tensor(1.),tensor(1.),tensor(0.4211),tensor(0.1459),tensor(0.0057),tensor(0.0157),tensor(0.1013),tensor(0.0009),tensor(0.0089),tensor(1.),tensor(0.1927),tensor(0.0615),tensor(9.9781e-05),tensor(1.),tensor(1.),tensor(0.0079),tensor(1.),tensor(0.0016)
s_4135_jpg,tensor(0.2693),tensor(1.9378e-11),tensor(3.4543e-06),tensor(1.1558e-05),tensor(0.0172),tensor(6.0301e-10),tensor(7.3221e-20),tensor(2.3107e-26),tensor(1.),tensor(4.0187e-11),tensor(0.8397),tensor(1.2292e-06),tensor(0.0018),tensor(1.),tensor(1.),tensor(1.),tensor(0.3216),tensor(0.4383),tensor(0.0135),tensor(0.0078),tensor(0.1590),tensor(0.0008),tensor(0.0020),tensor(1.0000),tensor(0.0740),tensor(0.0432),tensor(4.9974e-05),tensor(1.),tensor(1.),tensor(1.),tensor(0.0021),tensor(6.6275e-05)
s_7184_jpg,tensor(5.6185e-07),tensor(1.5874e-16),tensor(3.9632e-28),tensor(3.3072e-09),tensor(3.6216e-09),tensor(0.1025),tensor(1.0000),tensor(6.7831e-06),tensor(1.4253e-30),tensor(8.3122e-20),tensor(7.5565e-31),tensor(1.2877e-16),tensor(1.),tensor(0.0230),tensor(0.0422),tensor(1.),tensor(0.1916),tensor(0.0521),tensor(0.0004),tensor(1.),tensor(0.0149),tensor(2.7729e-06),tensor(1.),tensor(1.),tensor(0.0020),tensor(0.0012),tensor(1.8458e-07),tensor(0.0040),tensor(0.0137),tensor(4.9248e-05),tensor(0.0010),tensor(0.2543)
s_4338_jpg,tensor(0.7400),tensor(0.7605),tensor(0.9996),tensor(0.9998),tensor(0.1625),tensor(1.3436e-12),tensor(5.9691e-19),tensor(1.6656e-19),tensor(1.4755e-12),tensor(1.4016e-14),tensor(5.1579e-10),tensor(0.0172),tensor(0.0072),tensor(1.),tensor(1.),tensor(1.),tensor(1.),tensor(1.),tensor(1.0000),tensor(0.0419),tensor(1.),tensor(0.3474),tensor(0.0273),tensor(1.),tensor(1.),tensor(1.),tensor(0.0219),tensor(0.2576),tensor(0.1606),tensor(0.0290),tensor(1.),tensor(0.0606)
s_6867_jpg,tensor(0.9875),tensor(0.4415),tensor(0.0007),tensor(1.),tensor(0.0024),tensor(5.6810e-25),tensor(2.9854e-38),tensor(0.),tensor(3.9529e-29),tensor(2.7915e-34),tensor(1.0023e-23),tensor(1.2786e-05),tensor(2.5449e-05),tensor(1.),tensor(1.),tensor(1.),tensor(1.),tensor(1.),tensor(1.),tensor(0.0012),tensor(1.),tensor(0.1971),tensor(0.0005),tensor(1.),tensor(1.),tensor(1.),tensor(0.0002),tensor(0.1989),tensor(0.0716),tensor(0.0018),tensor(0.4173),tensor(0.0006)
s_3720_jpg,tensor(0.9678),tensor(0.2915),tensor(2.9221e-07),tensor(0.0257),tensor(0.9870),tensor(7.6241e-09),tensor(2.1909e-13),tensor(2.8796e-16),tensor(3.1620e-05),tensor(6.6842e-10),tensor(6.1354e-06),tensor(0.1866),tensor(0.0264),tensor(1.),tensor(1.),tensor(1.),tensor(1.),tensor(1.),tensor(0.4419),tensor(0.0799),tensor(1.),tensor(0.3429),tensor(0.0550),tensor(1.0000),tensor(1.),tensor(1.0000),tensor(0.0251),tensor(0.4310),tensor(0.3343),tensor(0.1923),tensor(0.2176),tensor(0.0242)
s_830_jpg,tensor(1.4768e-08),tensor(1.8696e-18),tensor(1.1811e-38),tensor(3.6338e-13),tensor(2.5186e-10),tensor(0.9999),tensor(1.0000),tensor(0.1188),tensor(4.8551e-32),tensor(1.8226e-17),tensor(0.),tensor(4.9486e-18),tensor(1.),tensor(0.0075),tensor(0.0273),tensor(1.),tensor(0.1739),tensor(0.0265),tensor(0.0001),tensor(1.),tensor(0.0097),tensor(4.5443e-07),tensor(1.),tensor(1.),tensor(0.0014),tensor(0.0007),tensor(2.6625e-08),tensor(0.0010),tensor(0.0033),tensor(2.5479e-06),tensor(0.0013),tensor(0.4125)
s_5779_jpg,tensor(0.0673),tensor(1.4407e-05),tensor(5.6875e-05),tensor(2.9825e-06),tensor(3.9410e-05),tensor(3.8021e-05),tensor(3.7375e-12),tensor(1.2141e-05),tensor(1.9811e-17),tensor(2.7089e-05),tensor(0.9999),tensor(0.0029),tensor(0.0363),tensor(0.3739),tensor(1.),tensor(1.),tensor(0.4242),tensor(0.1774),tensor(0.0144),tensor(0.0567),tensor(0.2067),tensor(0.0018),tensor(0.0478),tensor(1.),tensor(0.1779),tensor(0.0796),tensor(0.0003),tensor(1.),tensor(1.),tensor(0.0140),tensor(0.2813),tensor(0.0122)
s_3624_jpg,tensor(1.0000),tensor(0.9998),tensor(2.8453e-06),tensor(0.0003),tensor(0.0008),tensor(2.4111e-09),tensor(1.4992e-22),tensor(2.8176e-19),tensor(4.0463e-16),tensor(3.5130e-14),tensor(3.7581e-08),tensor(0.0897),tensor(0.0115),tensor(1.),tensor(1.),tensor(0.4989),tensor(1.),tensor(0.8779),tensor(0.3058),tensor(0.0331),tensor(1.),tensor(0.1749),tensor(0.0312),tensor(1.0000),tensor(1.),tensor(1.),tensor(0.0056),tensor(0.4077),tensor(0.2440),tensor(0.0334),tensor(0.3219),tensor(0.0179)
s_5895_jpg,tensor(0.9651),tensor(0.9747),tensor(9.5495e-12),tensor(0.0003),tensor(0.9970),tensor(1.6326e-11),tensor(1.5777e-21),tensor(1.6395e-21),tensor(3.1229e-06),tensor(9.9625e-12),tensor(1.9009e-07),tensor(0.1684),tensor(0.0051),tensor(1.),tensor(1.),tensor(1.),tensor(1.),tensor(1.),tensor(0.3719),tensor(0.0215),tensor(1.),tensor(0.3074),tensor(0.0136),tensor(0.5815),tensor(1.),tensor(1.),tensor(0.0049),tensor(0.3368),tensor(0.2422),tensor(0.1002),tensor(0.1037),tensor(0.0029)
s_3435_jpg,tensor(0.4746),tensor(0.9597),tensor(6.6482e-09),tensor(1.0000),tensor(0.3595),tensor(1.4262e-16),tensor(1.6505e-25),tensor(1.5016e-33),tensor(2.1662e-13),tensor(7.6437e-20),tensor(1.1943e-13),tensor(0.0005),tensor(0.0004),tensor(1.),tensor(1.),tensor(1.),tensor(1.),tensor(1.),tensor(1.),tensor(0.0051),tensor(1.),tensor(0.2897),tensor(0.0031),tensor(1.),tensor(1.),tensor(1.),tensor(0.0019),tensor(0.2165),tensor(0.1094),tensor(0.0183),tensor(0.1125),tensor(0.0014)
s_10658_jpg,tensor(2.5738e-06),tensor(3.0742e-28),tensor(0.),tensor(9.9897e-30),tensor(3.1037e-20),tensor(1.),tensor(1.8669e-11),tensor(1.4562e-10),tensor(5.4450e-23),tensor(1.0084e-07),tensor(0.),tensor(2.0002e-09),tensor(1.),tensor(0.0041),tensor(0.0588),tensor(0.9748),tensor(0.2641),tensor(0.0124),tensor(1.2423e-05),tensor(1.),tensor(0.0034),tensor(5.0646e-08),tensor(0.2123),tensor(1.),tensor(0.0008),tensor(0.0004),tensor(5.8117e-09),tensor(0.0004),tensor(0.0103),tensor(1.0773e-06),tensor(0.0124),tensor(0.1287)
s_15841_jpg,tensor(0.4055),tensor(2.6675e-06),tensor(0.0046),tensor(0.0010),tensor(0.0496),tensor(2.0121e-05),tensor(4.8637e-14),tensor(2.3462e-13),tensor(1.),tensor(0.0002),tensor(0.9572),tensor(0.0014),tensor(0.0308),tensor(1.),tensor(1.),tensor(1.),tensor(0.4104),tensor(0.4536),tensor(0.1220),tensor(0.0650),tensor(0.3512),tensor(0.0367),tensor(0.0306),tensor(1.0000),tensor(0.3139),tensor(0.2336),tensor(0.0078),tensor(1.),tensor(1.),tensor(1.0000),tensor(0.0812),tensor(0.0064)
s_3892_jpg,tensor(0.0146),tensor(2.4011e-13),tensor(2.3148e-07),tensor(1.0108e-10),tensor(0.0010),tensor(2.1339e-11),tensor(7.3001e-24),tensor(1.0504e-07),tensor(5.6830e-30),tensor(0.9864),tensor(0.8789),tensor(0.9236),tensor(0.0048),tensor(0.4111),tensor(1.),tensor(1.),tensor(0.3737),tensor(0.0775),tensor(0.0007),tensor(0.0111),tensor(0.0369),tensor(8.5233e-05),tensor(0.0058),tensor(1.),tensor(0.0993),tensor(0.0188),tensor(1.2624e-05),tensor(1.),tensor(1.),tensor(0.0028),tensor(1.),tensor(0.0007)
s_10520_jpg,tensor(2.2130e-10),tensor(8.1587e-26),tensor(0.),tensor(1.7230e-20),tensor(1.2632e-14),tensor(1.),tensor(1.0000),tensor(0.0002),tensor(0.),tensor(5.7594e-23),tensor(0.),tensor(3.5851e-22),tensor(1.),tensor(0.0013),tensor(0.0088),tensor(1.),tensor(0.1097),tensor(0.0070),tensor(4.1004e-06),tensor(1.),tensor(0.0015),tensor(1.5817e-09),tensor(1.),tensor(1.),tensor(0.0001),tensor(4.5903e-05),tensor(2.4253e-11),tensor(4.8507e-05),tensor(0.0003),tensor(1.8202e-08),tensor(0.0001),tensor(0.2471)
s_7019_jpg,tensor(0.0004),tensor(5.6375e-13),tensor(2.1357e-17),tensor(5.3489e-13),tensor(1.2549e-08),tensor(1.),tensor(3.1570e-07),tensor(1.1448e-07),tensor(1.5448e-09),tensor(0.0001),tensor(9.7874e-25),tensor(0.0001),tensor(1.),tensor(0.0811),tensor(0.2254),tensor(1.),tensor(0.4085),tensor(0.1314),tensor(0.0055),tensor(1.),tensor(0.0826),tensor(0.0005),tensor(0.3192),tensor(1.),tensor(0.0336),tensor(0.0309),tensor(0.0001),tensor(0.0268),tensor(0.1169),tensor(0.0022),tensor(0.1404),tensor(0.2361)
s_735_jpg,tensor(0.6531),tensor(0.9904),tensor(0.9998),tensor(0.0036),tensor(4.2159e-05),tensor(4.1094e-09),tensor(2.0828e-21),tensor(1.6354e-18),tensor(5.3932e-10),tensor(4.6384e-09),tensor(5.8778e-05),tensor(0.1724),tensor(0.0119),tensor(1.),tensor(1.),tensor(1.),tensor(1.),tensor(1.0000),tensor(0.3537),tensor(0.0326),tensor(1.0000),tensor(0.1813),tensor(0.0170),tensor(1.),tensor(1.),tensor(1.),tensor(0.0204),tensor(0.4283),tensor(0.3127),tensor(0.0667),tensor(1.),tensor(0.0442)
s_2222_jpg,tensor(1.6995e-07),tensor(3.5078e-10),tensor(7.3700e-22),tensor(7.3905e-07),tensor(2.5855e-06),tensor(0.2997),tensor(1.),tensor(1.),tensor(4.3769e-25),tensor(3.8981e-12),tensor(2.0754e-37),tensor(1.0116e-10),tensor(1.),tensor(0.0297),tensor(0.0533),tensor(1.),tensor(0.2555),tensor(0.0850),tensor(0.0020),tensor(1.),tensor(0.0454),tensor(4.7332e-05),tensor(1.),tensor(1.),tensor(0.0085),tensor(0.0062),tensor(3.9652e-06),tensor(0.0117),tensor(0.0188),tensor(0.0001),tensor(0.0022),tensor(1.)
s_5494_jpg,tensor(0.2431),tensor(2.0252e-06),tensor(0.0399),tensor(0.0111),tensor(0.0128),tensor(3.5897e-05),tensor(1.0267e-10),tensor(1.3369e-18),tensor(1.),tensor(2.4405e-12),tensor(0.0067),tensor(7.2895e-07),tensor(0.0176),tensor(1.),tensor(1.),tensor(1.),tensor(0.4422),tensor(0.9431),tensor(0.0475),tensor(0.0481),tensor(0.2619),tensor(0.0071),tensor(0.0150),tensor(0.4533),tensor(0.1393),tensor(0.1110),tensor(0.0006),tensor(0.4196),tensor(0.4344),tensor(1.),tensor(0.0092),tensor(0.0018)
s_6681_jpg,tensor(0.9740),tensor(0.5855),tensor(1.0000),tensor(1.),tensor(0.0297),tensor(1.5584e-26),tensor(4.7419e-36),tensor(0.),tensor(2.5145e-31),tensor(1.4769e-35),tensor(4.8442e-25),tensor(5.3915e-06),tensor(5.0279e-05),tensor(1.),tensor(1.),tensor(1.),tensor(1.),tensor(1.),tensor(1.),tensor(0.0024),tensor(1.),tensor(0.2269),tensor(0.0010),tensor(1.),tensor(1.),tensor(1.),tensor(0.0005),tensor(0.1223),tensor(0.0426),tensor(0.0011),tensor(1.),tensor(0.0033)
s_5028_jpg,tensor(0.6850),tensor(0.3343),tensor(0.9996),tensor(1.0000),tensor(0.9978),tensor(4.3567e-14),tensor(2.1270e-17),tensor(6.2181e-22),tensor(3.8065e-13),tensor(5.6906e-19),tensor(8.1575e-14),tensor(0.0003),tensor(0.0063),tensor(1.),tensor(1.),tensor(1.),tensor(1.),tensor(1.),tensor(1.),tensor(0.0500),tensor(1.),tensor(0.4225),tensor(0.0334),tensor(1.),tensor(1.),tensor(1.),tensor(0.0138),tensor(0.1755),tensor(0.0895),tensor(0.0131),tensor(1.),tensor(0.0640)
s_155_jpg,tensor(6.4767e-06),tensor(2.4715e-13),tensor(7.9837e-22),tensor(3.2805e-07),tensor(4.0133e-07),tensor(0.0658),tensor(1.0000),tensor(1.1809e-06),tensor(6.5413e-25),tensor(2.5412e-16),tensor(1.2734e-23),tensor(1.0047e-12),tensor(1.),tensor(0.0500),tensor(0.0789),tensor(1.),tensor(0.2492),tensor(0.0923),tensor(0.0016),tensor(1.),tensor(0.0332),tensor(3.0883e-05),tensor(1.),tensor(1.),tensor(0.0060),tensor(0.0043),tensor(3.1242e-06),tensor(0.0116),tensor(0.0335),tensor(0.0004),tensor(0.0035),tensor(0.2354)
s_15353_jpg,tensor(4.0740e-11),tensor(2.5777e-24),tensor(0.),tensor(1.3799e-18),tensor(2.3740e-14),tensor(1.),tensor(1.0000),tensor(0.0018),tensor(0.),tensor(3.3650e-23),tensor(0.),tensor(7.6713e-23),tensor(1.),tensor(0.0013),tensor(0.0084),tensor(1.),tensor(0.1161),tensor(0.0073),tensor(5.8701e-06),tensor(1.),tensor(0.0020),tensor(1.7492e-09),tensor(1.),tensor(1.),tensor(0.0002),tensor(6.9603e-05),tensor(3.4082e-11),tensor(5.3639e-05),tensor(0.0003),tensor(1.7936e-08),tensor(0.0001),tensor(0.3012)
s_12590_jpg,tensor(0.0001),tensor(1.5982e-06),tensor(5.9680e-15),tensor(0.0001),tensor(0.0007),tensor(0.4443),tensor(1.),tensor(1.0000),tensor(2.8298e-15),tensor(3.5523e-09),tensor(7.1228e-23),tensor(2.3919e-08),tensor(1.),tensor(0.1015),tensor(0.1256),tensor(1.),tensor(0.3069),tensor(0.1818),tensor(0.0211),tensor(1.),tensor(0.1176),tensor(0.0016),tensor(1.),tensor(1.),tensor(0.0435),tensor(0.0351),tensor(0.0004),tensor(0.0410),tensor(0.0579),tensor(0.0035),tensor(0.0156),tensor(1.)
s_12527_jpg,tensor(1.2146e-12),tensor(2.9011e-19),tensor(0.),tensor(1.1336e-12),tensor(4.1224e-12),tensor(0.9995),tensor(1.),tensor(1.),tensor(0.),tensor(1.0118e-16),tensor(0.),tensor(2.4594e-17),tensor(1.),tensor(0.0009),tensor(0.0040),tensor(1.0000),tensor(0.1009),tensor(0.0078),tensor(5.4045e-06),tensor(1.),tensor(0.0030),tensor(2.4866e-09),tensor(1.),tensor(1.),tensor(0.0001),tensor(6.3691e-05),tensor(4.4039e-11),tensor(0.0002),tensor(0.0006),tensor(1.6168e-08),tensor(9.9043e-06),tensor(1.)
s_1405_jpg,tensor(0.3119),tensor(6.1775e-10),tensor(7.1676e-05),tensor(0.0004),tensor(0.0494),tensor(4.8670e-08),tensor(4.1257e-18),tensor(2.9660e-21),tensor(1.),tensor(3.6093e-08),tensor(0.9738),tensor(9.4302e-05),tensor(0.0059),tensor(1.),tensor(1.),tensor(1.),tensor(0.3576),tensor(0.4309),tensor(0.0294),tensor(0.0188),tensor(0.2119),tensor(0.0026),tensor(0.0061),tensor(1.),tensor(0.1323),tensor(0.0730),tensor(0.0003),tensor(1.),tensor(1.),tensor(1.),tensor(0.0088),tensor(0.0004)
s_740_jpg,tensor(2.8188e-10),tensor(9.0061e-19),tensor(0.),tensor(3.3965e-11),tensor(1.2107e-10),tensor(0.9958),tensor(1.),tensor(1.),tensor(3.3109e-38),tensor(5.4573e-17),tensor(0.),tensor(1.7661e-18),tensor(1.),tensor(0.0023),tensor(0.0097),tensor(1.),tensor(0.1303),tensor(0.0129),tensor(2.4974e-05),tensor(1.),tensor(0.0050),tensor(2.9992e-08),tensor(1.),tensor(1.),tensor(0.0003),tensor(0.0002),tensor(1.1727e-09),tensor(0.0004),tensor(0.0013),tensor(1.8412e-07),tensor(0.0001),tensor(1.)
s_15267_jpg,tensor(0.6299),tensor(0.7716),tensor(0.0019),tensor(1.0000),tensor(0.1242),tensor(1.0206e-11),tensor(2.8556e-16),tensor(5.8081e-23),tensor(4.2961e-14),tensor(1.5825e-16),tensor(9.7359e-12),tensor(0.0006),tensor(0.0083),tensor(1.),tensor(1.),tensor(1.),tensor(1.),tensor(1.),tensor(1.),tensor(0.0477),tensor(1.),tensor(0.3407),tensor(0.0351),tensor(1.),tensor(1.),tensor(1.),tensor(0.0170),tensor(0.3266),tensor(0.2110),tensor(0.0518),tensor(0.3413),tensor(0.0221)
s_3785_jpg,tensor(8.8092e-05),tensor(1.1260e-08),tensor(1.0898e-14),tensor(0.0002),tensor(0.0003),tensor(0.0233),tensor(0.9999),tensor(5.0973e-05),tensor(1.2039e-17),tensor(2.9008e-13),tensor(1.4231e-16),tensor(6.6972e-10),tensor(1.),tensor(0.1178),tensor(0.1526),tensor(1.),tensor(0.3209),tensor(0.1901),tensor(0.0134),tensor(1.),tensor(0.0961),tensor(0.0008),tensor(1.),tensor(1.),tensor(0.0306),tensor(0.0217),tensor(0.0001),tensor(0.0434),tensor(0.0711),tensor(0.0037),tensor(0.0162),tensor(0.2954)
s_12010_jpg,tensor(0.0266),tensor(2.9965e-12),tensor(8.6915e-06),tensor(9.9140e-09),tensor(0.0024),tensor(2.3415e-09),tensor(7.8288e-23),tensor(1.6395e-07),tensor(3.6226e-26),tensor(0.9718),tensor(0.9356),tensor(0.9511),tensor(0.0060),tensor(0.4620),tensor(1.),tensor(1.),tensor(0.3754),tensor(0.0971),tensor(0.0017),tensor(0.0135),tensor(0.0558),tensor(0.0002),tensor(0.0069),tensor(1.),tensor(0.1334),tensor(0.0305),tensor(4.2825e-05),tensor(1.),tensor(1.),tensor(0.0058),tensor(1.),tensor(0.0012)
s_2356_jpg,tensor(0.0178),tensor(3.6199e-13),tensor(7.6435e-07),tensor(1.4165e-09),tensor(0.0010),tensor(7.0127e-11),tensor(9.7193e-24),tensor(1.8397e-09),tensor(3.3332e-30),tensor(0.9721),tensor(0.9602),tensor(0.9001),tensor(0.0046),tensor(0.4257),tensor(1.),tensor(1.),tensor(0.3525),tensor(0.0762),tensor(0.0011),tensor(0.0118),tensor(0.0426),tensor(9.5800e-05),tensor(0.0060),tensor(1.),tensor(0.0917),tensor(0.0200),tensor(1.4769e-05),tensor(1.),tensor(1.),tensor(0.0032),tensor(1.),tensor(0.0007)
s_5040_jpg,tensor(0.6465),tensor(0.9874),tensor(7.3309e-05),tensor(1.),tensor(0.0110),tensor(1.2922e-19),tensor(1.8460e-31),tensor(0.),tensor(4.7059e-22),tensor(9.9608e-26),tensor(6.0690e-19),tensor(8.3943e-05),tensor(0.0002),tensor(1.),tensor(1.),tensor(1.),tensor(1.),tensor(1.),tensor(1.),tensor(0.0028),tensor(1.),tensor(0.2669),tensor(0.0016),tensor(1.),tensor(1.),tensor(1.),tensor(0.0011),tensor(0.2134),tensor(0.0965),tensor(0.0044),tensor(0.3541),tensor(0.0015)
s_5978_jpg,tensor(0.0009),tensor(6.0939e-08),tensor(2.5435e-16),tensor(8.8967e-11),tensor(0.0013),tensor(1.0000),tensor(7.3042e-05),tensor(0.0010),tensor(6.3336e-06),tensor(4.3977e-08),tensor(1.7607e-23),tensor(8.1384e-06),tensor(1.),tensor(0.1631),tensor(0.2664),tensor(1.),tensor(0.4174),tensor(0.2499),tensor(0.0292),tensor(1.),tensor(0.1617),tensor(0.0038),tensor(0.3416),tensor(1.0000),tensor(0.0913),tensor(0.0928),tensor(0.0008),tensor(0.0418),tensor(0.0624),tensor(0.0129),tensor(0.0652),tensor(0.2484)
s_11471_jpg,tensor(2.3829e-05),tensor(3.0269e-09),tensor(3.9682e-21),tensor(1.1389e-07),tensor(1.2694e-05),tensor(1.0000),tensor(0.9997),tensor(0.0476),tensor(4.1331e-17),tensor(1.9504e-13),tensor(8.8235e-27),tensor(1.3936e-11),tensor(1.),tensor(0.0588),tensor(0.1039),tensor(1.),tensor(0.2811),tensor(0.1206),tensor(0.0077),tensor(1.),tensor(0.0692),tensor(0.0002),tensor(1.),tensor(1.),tensor(0.0255),tensor(0.0166),tensor(2.4642e-05),tensor(0.0102),tensor(0.0160),tensor(0.0004),tensor(0.0119),tensor(0.3993)
s_10454_jpg,tensor(3.5115e-09),tensor(5.0945e-23),tensor(0.),tensor(2.3119e-14),tensor(1.1716e-13),tensor(1.0000),tensor(1.),tensor(0.0003),tensor(5.0722e-39),tensor(8.3252e-22),tensor(0.),tensor(6.6637e-22),tensor(1.),tensor(0.0033),tensor(0.0139),tensor(1.),tensor(0.1229),tensor(0.0123),tensor(2.0315e-05),tensor(1.),tensor(0.0040),tensor(1.5978e-08),tensor(1.),tensor(1.),tensor(0.0003),tensor(0.0002),tensor(5.6953e-10),tensor(0.0003),tensor(0.0015),tensor(2.4845e-07),tensor(0.0003),tensor(0.3153)
s_6201_jpg,tensor(0.8349),tensor(0.1154),tensor(5.4902e-05),tensor(0.0021),tensor(0.9868),tensor(1.1261e-09),tensor(7.4730e-12),tensor(5.3721e-17),tensor(0.0263),tensor(1.4919e-08),tensor(7.1812e-06),tensor(0.0172),tensor(0.0263),tensor(1.),tensor(1.),tensor(1.),tensor(1.),tensor(1.),tensor(0.3946),tensor(0.0755),tensor(1.),tensor(0.2783),tensor(0.0454),tensor(0.4879),tensor(1.),tensor(1.0000),tensor(0.0229),tensor(0.3873),tensor(0.3310),tensor(0.2151),tensor(0.2312),tensor(0.0283)
s_7031_jpg,tensor(6.8209e-07),tensor(1.4324e-16),tensor(9.3006e-32),tensor(9.5050e-12),tensor(4.0380e-10),tensor(1.0000),tensor(1.0000),tensor(0.0021),tensor(1.5648e-27),tensor(1.5483e-15),tensor(1.2107e-36),tensor(3.6838e-15),tensor(1.),tensor(0.0159),tensor(0.0487),tensor(1.),tensor(0.2062),tensor(0.0418),tensor(0.0005),tensor(1.),tensor(0.0202),tensor(2.9548e-06),tensor(1.),tensor(1.),tensor(0.0035),tensor(0.0021),tensor(2.3521e-07),tensor(0.0024),tensor(0.0079),tensor(1.5775e-05),tensor(0.0029),tensor(0.3329)
s_14483_jpg,tensor(9.4422e-06),tensor(7.6767e-21),tensor(1.3742e-33),tensor(2.1315e-20),tensor(3.4501e-13),tensor(1.),tensor(1.9340e-07),tensor(3.8143e-09),tensor(3.5967e-18),tensor(1.9076e-09),tensor(0.),tensor(1.1701e-09),tensor(1.),tensor(0.0114),tensor(0.0750),tensor(1.),tensor(0.2987),tensor(0.0360),tensor(0.0001),tensor(1.),tensor(0.0147),tensor(1.5924e-06),tensor(0.3182),tensor(1.),tensor(0.0031),tensor(0.0022),tensor(1.2009e-07),tensor(0.0010),tensor(0.0101),tensor(1.1005e-05),tensor(0.0134),tensor(0.1879)
s_11359_jpg,tensor(0.0071),tensor(4.8207e-15),tensor(6.2848e-06),tensor(2.5643e-10),tensor(0.0006),tensor(9.9905e-11),tensor(7.7827e-24),tensor(1.7101e-07),tensor(9.9075e-22),tensor(0.9999),tensor(0.0001),tensor(0.9645),tensor(0.0179),tensor(0.3244),tensor(1.),tensor(1.),tensor(0.3958),tensor(0.0954),tensor(0.0016),tensor(0.0506),tensor(0.0387),tensor(0.0002),tensor(0.0183),tensor(1.),tensor(0.0640),tensor(0.0253),tensor(6.6263e-05),tensor(0.3315),tensor(1.),tensor(0.0048),tensor(1.),tensor(0.0039)
s_3862_jpg,tensor(0.2764),tensor(7.3971e-07),tensor(1.9277e-05),tensor(2.2573e-05),tensor(0.0179),tensor(1.9095e-09),tensor(9.7378e-14),tensor(6.3113e-16),tensor(3.7621e-11),tensor(4.0437e-05),tensor(0.9991),tensor(0.0010),tensor(0.0101),tensor(1.),tensor(1.),tensor(1.),tensor(0.4231),tensor(0.3285),tensor(0.0376),tensor(0.0259),tensor(0.2218),tensor(0.0065),tensor(0.0138),tensor(1.),tensor(0.2275),tensor(0.1351),tensor(0.0008),tensor(1.),tensor(1.),tensor(0.1035),tensor(0.1694),tensor(0.0024)
s_7564_jpg,tensor(0.0102),tensor(7.3089e-13),tensor(1.0494e-06),tensor(3.3290e-10),tensor(0.0002),tensor(1.8646e-09),tensor(5.0038e-20),tensor(6.7170e-06),tensor(3.3970e-21),tensor(0.9990),tensor(0.0019),tensor(0.9447),tensor(0.0305),tensor(0.3170),tensor(1.),tensor(1.),tensor(0.4054),tensor(0.1098),tensor(0.0029),tensor(0.0628),tensor(0.0572),tensor(0.0005),tensor(0.0290),tensor(1.),tensor(0.0884),tensor(0.0336),tensor(0.0002),tensor(0.3647),tensor(1.),tensor(0.0073),tensor(1.),tensor(0.0070)
s_13248_jpg,tensor(0.9456),tensor(0.9991),tensor(0.0008),tensor(1.),tensor(0.0002),tensor(7.9892e-24),tensor(0.),tensor(0.),tensor(3.1471e-28),tensor(5.3275e-32),tensor(2.7757e-22),tensor(0.0002),tensor(1.5112e-05),tensor(1.),tensor(1.),tensor(1.),tensor(1.),tensor(1.),tensor(1.),tensor(0.0006),tensor(1.),tensor(0.1802),tensor(0.0002),tensor(1.),tensor(1.),tensor(1.),tensor(0.0001),tensor(0.1495),tensor(0.0501),tensor(0.0007),tensor(0.3494),tensor(0.0003)
s_14949_jpg,tensor(0.9995),tensor(0.1420),tensor(8.9499e-11),tensor(1.),tensor(0.9972),tensor(0.),tensor(0.),tensor(0.),tensor(0.),tensor(0.),tensor(0.),tensor(5.4118e-09),tensor(4.8282e-08),tensor(1.),tensor(1.),tensor(1.),tensor(1.),tensor(1.),tensor(1.),tensor(1.7877e-05),tensor(1.),tensor(0.2592),tensor(5.7492e-06),tensor(1.),tensor(1.),tensor(1.),tensor(8.7973e-07),tensor(0.0511),tensor(0.0076),tensor(2.0810e-05),tensor(0.1273),tensor(3.2729e-06)
s_13017_jpg,tensor(0.9887),tensor(0.6863),tensor(9.1292e-05),tensor(1.),tensor(0.0412),tensor(5.7954e-24),tensor(8.1660e-34),tensor(0.),tensor(3.4687e-33),tensor(2.1376e-37),tensor(1.6958e-28),tensor(2.9601e-06),tensor(6.8960e-05),tensor(1.),tensor(1.),tensor(1.),tensor(1.),tensor(1.),tensor(1.),tensor(0.0023),tensor(1.),tensor(0.3413),tensor(0.0014),tensor(1.),tensor(1.),tensor(1.),tensor(0.0005),tensor(0.1722),tensor(0.0606),tensor(0.0015),tensor(0.4012),tensor(0.0014)
s_10341_jpg,tensor(1.0000),tensor(0.0056),tensor(1.3084e-14),tensor(2.5247e-06),tensor(1.0000),tensor(1.7396e-14),tensor(6.5508e-19),tensor(1.2638e-20),tensor(4.1918e-05),tensor(1.0452e-15),tensor(9.6473e-10),tensor(0.0092),tensor(0.0075),tensor(1.),tensor(1.),tensor(1.),tensor(1.),tensor(1.),tensor(0.3672),tensor(0.0181),tensor(1.),tensor(0.3792),tensor(0.0220),tensor(0.4560),tensor(1.),tensor(0.4997),tensor(0.0067),tensor(0.2780),tensor(0.2427),tensor(0.1469),tensor(0.0491),tensor(0.0057)
s_273_jpg,tensor(0.9609),tensor(0.7576),tensor(0.9997),tensor(1.),tensor(0.9879),tensor(2.0660e-20),tensor(6.8595e-28),tensor(1.5524e-30),tensor(1.1723e-23),tensor(6.9375e-28),tensor(7.7281e-21),tensor(0.0001),tensor(0.0006),tensor(1.),tensor(1.),tensor(1.),tensor(1.),tensor(1.),tensor(1.),tensor(0.0115),tensor(1.),tensor(0.4284),tensor(0.0072),tensor(1.),tensor(1.),tensor(1.),tensor(0.0030),tensor(0.1337),tensor(0.0517),tensor(0.0029),tensor(1.),tensor(0.0178)
s_12681_jpg,tensor(0.8738),tensor(0.9259),tensor(0.9988),tensor(1.),tensor(0.9101),tensor(1.0329e-18),tensor(4.2015e-27),tensor(3.4872e-31),tensor(9.9995e-20),tensor(3.1309e-25),tensor(2.3268e-18),tensor(0.0001),tensor(0.0008),tensor(1.),tensor(1.),tensor(1.),tensor(1.),tensor(1.),tensor(1.),tensor(0.0117),tensor(1.),tensor(0.3630),tensor(0.0059),tensor(1.),tensor(1.),tensor(1.),tensor(0.0032),tensor(0.1442),tensor(0.0678),tensor(0.0043),tensor(1.),tensor(0.0149)
s_1832_jpg,tensor(6.8165e-10),tensor(8.5116e-24),tensor(0.),tensor(6.3875e-19),tensor(3.8851e-14),tensor(1.),tensor(1.0000),tensor(0.0004),tensor(1.1445e-38),tensor(3.0914e-18),tensor(0.),tensor(1.5906e-18),tensor(1.),tensor(0.0023),tensor(0.0170),tensor(1.),tensor(0.1502),tensor(0.0103),tensor(1.3597e-05),tensor(1.),tensor(0.0030),tensor(1.2807e-08),tensor(1.),tensor(1.),tensor(0.0004),tensor(0.0001),tensor(3.4624e-10),tensor(0.0001),tensor(0.0010),tensor(8.1444e-08),tensor(0.0005),tensor(0.2762)
s_6896_jpg,tensor(1.7545e-10),tensor(3.5235e-16),tensor(4.9042e-37),tensor(5.9919e-10),tensor(9.2547e-09),tensor(1.0000),tensor(1.),tensor(1.),tensor(2.2955e-31),tensor(3.0748e-13),tensor(0.),tensor(1.0527e-13),tensor(1.),tensor(0.0017),tensor(0.0072),tensor(1.),tensor(0.1390),tensor(0.0137),tensor(2.8377e-05),tensor(1.),tensor(0.0062),tensor(2.6121e-08),tensor(1.),tensor(1.),tensor(0.0003),tensor(0.0002),tensor(7.8619e-10),tensor(0.0002),tensor(0.0005),tensor(7.7109e-08),tensor(6.5301e-05),tensor(1.)
s_4143_jpg,tensor(0.9984),tensor(0.9986),tensor(1.0000),tensor(0.0009),tensor(3.6945e-06),tensor(7.9099e-18),tensor(2.7244e-36),tensor(1.3053e-32),tensor(3.3101e-25),tensor(2.3450e-20),tensor(2.5291e-12),tensor(0.2960),tensor(0.0004),tensor(1.),tensor(1.),tensor(1.),tensor(1.),tensor(1.),tensor(0.3743),tensor(0.0040),tensor(1.),tensor(0.0997),tensor(0.0022),tensor(1.),tensor(1.),tensor(1.),tensor(0.0012),tensor(0.2954),tensor(0.1554),tensor(0.0047),tensor(1.),tensor(0.0091)
s_5514_jpg,tensor(0.8783),tensor(0.6441),tensor(0.9993),tensor(1.0000),tensor(0.9598),tensor(1.9433e-15),tensor(1.0905e-22),tensor(1.8812e-23),tensor(2.1865e-15),tensor(4.2445e-19),tensor(1.1107e-13),tensor(0.0057),tensor(0.0033),tensor(1.),tensor(1.),tensor(1.),tensor(1.),tensor(1.),tensor(1.),tensor(0.0310),tensor(1.),tensor(0.4402),tensor(0.0184),tensor(1.),tensor(1.),tensor(1.),tensor(0.0104),tensor(0.2049),tensor(0.1075),tensor(0.0109),tensor(1.),tensor(0.0389)
s_621_jpg,tensor(0.7950),tensor(0.9974),tensor(1.0219e-05),tensor(1.),tensor(0.0109),tensor(2.7693e-16),tensor(1.0425e-27),tensor(1.2746e-34),tensor(1.8911e-19),tensor(1.4137e-21),tensor(2.7997e-15),tensor(0.0012),tensor(0.0006),tensor(1.),tensor(1.),tensor(1.),tensor(1.),tensor(1.),tensor(1.),tensor(0.0067),tensor(1.),tensor(0.2951),tensor(0.0043),tensor(1.),tensor(1.),tensor(1.),tensor(0.0021),tensor(0.2673),tensor(0.1396),tensor(0.0108),tensor(0.2582),tensor(0.0023)
s_5977_jpg,tensor(0.0749),tensor(4.8550e-13),tensor(7.9739e-07),tensor(1.7910e-09),tensor(0.0006),tensor(7.0468e-10),tensor(1.9982e-15),tensor(4.4253e-22),tensor(1.),tensor(3.5074e-16),tensor(0.0001),tensor(2.7015e-09),tensor(0.0045),tensor(1.),tensor(1.),tensor(1.),tensor(0.3359),tensor(0.3973),tensor(0.0035),tensor(0.0165),tensor(0.0869),tensor(0.0004),tensor(0.0032),tensor(0.4885),tensor(0.0366),tensor(0.0234),tensor(3.1660e-05),tensor(0.4160),tensor(1.),tensor(1.),tensor(0.0038),tensor(0.0002)
s_6995_jpg,tensor(2.2620e-07),tensor(1.8671e-11),tensor(1.1461e-24),tensor(2.1312e-06),tensor(7.1120e-07),tensor(0.2339),tensor(1.),tensor(1.),tensor(3.8582e-26),tensor(2.5782e-12),tensor(3.4092e-36),tensor(6.9570e-13),tensor(1.),tensor(0.0243),tensor(0.0531),tensor(1.),tensor(0.2447),tensor(0.0701),tensor(0.0014),tensor(1.),tensor(0.0378),tensor(2.5217e-05),tensor(1.),tensor(1.),tensor(0.0070),tensor(0.0045),tensor(2.4078e-06),tensor(0.0092),tensor(0.0168),tensor(6.6959e-05),tensor(0.0026),tensor(1.)
s_12466_jpg,tensor(0.1274),tensor(4.1266e-07),tensor(6.2325e-07),tensor(1.7110e-06),tensor(0.0022),tensor(1.9648e-08),tensor(3.4276e-13),tensor(8.7329e-20),tensor(1.),tensor(4.3052e-11),tensor(0.0763),tensor(1.2406e-06),tensor(0.0069),tensor(1.),tensor(1.),tensor(1.),tensor(0.4175),tensor(1.0000),tensor(0.0257),tensor(0.0214),tensor(0.2153),tensor(0.0054),tensor(0.0058),tensor(0.4580),tensor(0.1338),tensor(0.1000),tensor(0.0004),tensor(0.4603),tensor(0.9999),tensor(1.),tensor(0.0116),tensor(0.0006)
s_5153_jpg,tensor(1.3789e-13),tensor(1.9436e-28),tensor(0.),tensor(7.3427e-19),tensor(3.7022e-16),tensor(1.),tensor(1.),tensor(1.),tensor(0.),tensor(4.4325e-20),tensor(0.),tensor(2.6341e-23),tensor(1.),tensor(0.0002),tensor(0.0017),tensor(1.),tensor(0.0679),tensor(0.0018),tensor(2.0398e-07),tensor(1.),tensor(0.0005),tensor(2.1214e-11),tensor(1.),tensor(1.),tensor(1.4215e-05),tensor(5.2879e-06),tensor(2.2940e-13),tensor(8.0201e-06),tensor(6.3652e-05),tensor(1.7992e-10),tensor(7.1013e-06),tensor(1.)
s_536_jpg,tensor(4.9220e-08),tensor(1.1840e-17),tensor(1.3630e-37),tensor(4.6392e-13),tensor(6.0460e-10),tensor(1.0000),tensor(1.0000),tensor(0.2207),tensor(6.9028e-30),tensor(1.8238e-16),tensor(0.),tensor(3.0468e-17),tensor(1.),tensor(0.0084),tensor(0.0326),tensor(1.),tensor(0.1859),tensor(0.0274),tensor(0.0002),tensor(1.),tensor(0.0112),tensor(6.6301e-07),tensor(1.),tensor(1.),tensor(0.0018),tensor(0.0009),tensor(5.1381e-08),tensor(0.0011),tensor(0.0045),tensor(3.7342e-06),tensor(0.0019),tensor(0.4159)
s_9346_jpg,tensor(0.4000),tensor(9.3875e-08),tensor(0.0073),tensor(0.0046),tensor(0.1467),tensor(3.6896e-05),tensor(6.2880e-15),tensor(8.1823e-13),tensor(1.),tensor(0.0012),tensor(0.9874),tensor(0.0084),tensor(0.0295),tensor(1.),tensor(1.),tensor(1.),tensor(0.4243),tensor(0.4296),tensor(0.0864),tensor(0.0596),tensor(0.2885),tensor(0.0243),tensor(0.0287),tensor(1.),tensor(0.3139),tensor(0.2003),tensor(0.0087),tensor(1.),tensor(1.),tensor(1.),tensor(0.1197),tensor(0.0079)
s_10665_jpg,tensor(0.8160),tensor(0.3104),tensor(0.9964),tensor(1.),tensor(0.9501),tensor(1.6296e-20),tensor(1.3605e-23),tensor(6.6461e-32),tensor(9.2204e-24),tensor(4.0119e-29),tensor(6.4370e-22),tensor(1.3316e-06),tensor(0.0008),tensor(1.),tensor(1.),tensor(1.),tensor(1.),tensor(1.),tensor(1.),tensor(0.0126),tensor(1.),tensor(0.3946),tensor(0.0070),tensor(1.),tensor(1.),tensor(1.),tensor(0.0035),tensor(0.1491),tensor(0.0632),tensor(0.0031),tensor(1.),tensor(0.0156)
s_8132_jpg,tensor(6.5444e-07),tensor(7.4490e-13),tensor(3.2639e-29),tensor(1.5781e-10),tensor(8.8452e-07),tensor(1.0000),tensor(0.9998),tensor(0.0065),tensor(2.0060e-22),tensor(2.9225e-15),tensor(2.1079e-35),tensor(1.3748e-13),tensor(1.),tensor(0.0226),tensor(0.0648),tensor(1.),tensor(0.2630),tensor(0.0669),tensor(0.0011),tensor(1.),tensor(0.0336),tensor(1.2870e-05),tensor(1.),tensor(1.),tensor(0.0070),tensor(0.0045),tensor(7.5945e-07),tensor(0.0029),tensor(0.0073),tensor(3.7545e-05),tensor(0.0038),tensor(0.3205)
s_9244_jpg,tensor(0.0058),tensor(4.7380e-15),tensor(9.7848e-07),tensor(1.6384e-11),tensor(0.0001),tensor(4.2728e-10),tensor(7.2364e-23),tensor(2.3804e-05),tensor(1.6289e-20),tensor(0.9995),tensor(7.0609e-05),tensor(0.9402),tensor(0.0245),tensor(0.2978),tensor(1.),tensor(1.),tensor(0.4119),tensor(0.1013),tensor(0.0017),tensor(0.0549),tensor(0.0389),tensor(0.0002),tensor(0.0217),tensor(1.),tensor(0.0678),tensor(0.0250),tensor(8.1121e-05),tensor(0.3175),tensor(1.),tensor(0.0047),tensor(1.),tensor(0.0055)
s_9792_jpg,tensor(0.6460),tensor(0.9843),tensor(0.0125),tensor(1.),tensor(0.9918),tensor(1.5905e-13),tensor(1.4152e-18),tensor(4.4139e-25),tensor(9.9758e-17),tensor(1.5349e-19),tensor(1.7575e-14),tensor(0.0002),tensor(0.0034),tensor(1.),tensor(1.),tensor(1.),tensor(1.),tensor(1.),tensor(1.),tensor(0.0380),tensor(1.),tensor(0.4759),tensor(0.0301),tensor(1.),tensor(1.),tensor(1.),tensor(0.0101),tensor(0.2159),tensor(0.1286),tensor(0.0232),tensor(0.3051),tensor(0.0187)
s_11805_jpg,tensor(0.9974),tensor(0.9925),tensor(4.4943e-07),tensor(1.),tensor(5.8112e-07),tensor(5.3753e-24),tensor(0.),tensor(0.),tensor(1.8382e-31),tensor(3.2106e-35),tensor(5.3442e-23),tensor(0.0005),tensor(1.2782e-05),tensor(1.),tensor(1.),tensor(1.),tensor(1.),tensor(1.),tensor(1.),tensor(0.0005),tensor(1.),tensor(0.0833),tensor(0.0002),tensor(1.),tensor(1.),tensor(1.),tensor(6.4322e-05),tensor(0.1724),tensor(0.0696),tensor(0.0016),tensor(0.1810),tensor(0.0001)
s_14304_jpg,tensor(0.3216),tensor(0.9952),tensor(0.0002),tensor(0.0054),tensor(0.0912),tensor(4.9774e-10),tensor(3.9028e-23),tensor(8.0973e-22),tensor(1.9113e-06),tensor(5.8143e-09),tensor(2.7687e-06),tensor(0.1831),tensor(0.0061),tensor(1.),tensor(1.),tensor(1.),tensor(1.0000),tensor(1.),tensor(0.4256),tensor(0.0223),tensor(1.),tensor(0.2863),tensor(0.0136),tensor(0.9998),tensor(1.),tensor(1.),tensor(0.0110),tensor(0.3133),tensor(0.2166),tensor(0.0751),tensor(0.2273),tensor(0.0136)
s_12613_jpg,tensor(0.0086),tensor(1.4580e-12),tensor(1.1109e-06),tensor(2.4809e-11),tensor(0.0021),tensor(5.5311e-13),tensor(7.9403e-28),tensor(1.4560e-11),tensor(6.2149e-29),tensor(0.9966),tensor(0.0062),tensor(0.9579),tensor(0.0032),tensor(0.3794),tensor(1.),tensor(1.),tensor(0.3942),tensor(0.0744),tensor(0.0005),tensor(0.0112),tensor(0.0291),tensor(4.1398e-05),tensor(0.0035),tensor(1.),tensor(0.0696),tensor(0.0163),tensor(5.6743e-06),tensor(0.4210),tensor(1.),tensor(0.0015),tensor(1.),tensor(0.0005)
s_11710_jpg,tensor(0.3443),tensor(1.0155e-13),tensor(5.1171e-05),tensor(1.1306e-05),tensor(0.1402),tensor(5.7239e-09),tensor(4.9531e-29),tensor(1.9829e-23),tensor(1.),tensor(1.4484e-06),tensor(0.9996),tensor(0.0001),tensor(0.0012),tensor(1.),tensor(1.),tensor(1.),tensor(0.3376),tensor(0.3880),tensor(0.0093),tensor(0.0046),tensor(0.1515),tensor(0.0007),tensor(0.0010),tensor(1.0000),tensor(0.1442),tensor(0.0583),tensor(6.2543e-05),tensor(1.),tensor(1.),tensor(1.),tensor(0.0117),tensor(5.5336e-05)
s_10459_jpg,tensor(0.1928),tensor(0.0017),tensor(0.0005),tensor(0.0082),tensor(0.0912),tensor(1.3420e-06),tensor(1.2737e-10),tensor(9.0403e-17),tensor(1.),tensor(2.0739e-07),tensor(0.0299),tensor(0.0001),tensor(0.0274),tensor(1.),tensor(1.),tensor(1.),tensor(0.4811),tensor(1.0000),tensor(0.1176),tensor(0.0630),tensor(0.3785),tensor(0.0399),tensor(0.0255),tensor(0.4645),tensor(0.2767),tensor(0.2347),tensor(0.0046),tensor(0.4947),tensor(0.9783),tensor(1.),tensor(0.0458),tensor(0.0048)
s_12283_jpg,tensor(0.0355),tensor(1.3925e-08),tensor(0.0001),tensor(8.9707e-08),tensor(0.0105),tensor(2.9252e-09),tensor(2.4829e-19),tensor(6.4388e-08),tensor(6.1425e-20),tensor(0.9769),tensor(0.0347),tensor(0.9090),tensor(0.0197),tensor(0.4016),tensor(1.),tensor(1.),tensor(0.4317),tensor(0.1467),tensor(0.0054),tensor(0.0479),tensor(0.0868),tensor(0.0010),tensor(0.0224),tensor(1.),tensor(0.1439),tensor(0.0585),tensor(0.0003),tensor(0.4409),tensor(1.),tensor(0.0110),tensor(1.),tensor(0.0060)
s_15881_jpg,tensor(1.5705e-10),tensor(6.3147e-20),tensor(0.),tensor(1.3106e-11),tensor(8.3912e-12),tensor(0.3627),tensor(1.),tensor(1.),tensor(0.),tensor(1.7044e-16),tensor(0.),tensor(2.0390e-18),tensor(1.),tensor(0.0023),tensor(0.0094),tensor(1.),tensor(0.1187),tensor(0.0122),tensor(1.9391e-05),tensor(1.),tensor(0.0042),tensor(2.2869e-08),tensor(1.),tensor(1.),tensor(0.0003),tensor(0.0002),tensor(9.2367e-10),tensor(0.0006),tensor(0.0020),tensor(1.8159e-07),tensor(7.9199e-05),tensor(1.)
s_15882_jpg,tensor(0.9998),tensor(0.0655),tensor(6.3289e-13),tensor(1.0000),tensor(0.9973),tensor(1.2973e-19),tensor(6.4828e-29),tensor(8.8751e-36),tensor(9.3678e-18),tensor(1.7166e-28),tensor(5.7648e-19),tensor(0.0087),tensor(0.0003),tensor(1.),tensor(1.),tensor(1.),tensor(1.),tensor(1.),tensor(1.),tensor(0.0046),tensor(1.),tensor(0.3648),tensor(0.0031),tensor(1.),tensor(1.),tensor(1.),tensor(0.0008),tensor(0.2098),tensor(0.1121),tensor(0.0154),tensor(0.0710),tensor(0.0008)
s_14168_jpg,tensor(1.1628e-09),tensor(5.0048e-19),tensor(5.9896e-39),tensor(2.8713e-11),tensor(7.2444e-11),tensor(0.3366),tensor(1.),tensor(1.),tensor(3.9266e-38),tensor(1.5545e-16),tensor(0.),tensor(2.5287e-18),tensor(1.),tensor(0.0036),tensor(0.0126),tensor(1.),tensor(0.1441),tensor(0.0173),tensor(4.0105e-05),tensor(1.),tensor(0.0062),tensor(1.0510e-07),tensor(1.),tensor(1.),tensor(0.0006),tensor(0.0003),tensor(3.4672e-09),tensor(0.0008),tensor(0.0022),tensor(5.9797e-07),tensor(0.0002),tensor(1.)
s_14987_jpg,tensor(3.9943e-08),tensor(6.6150e-12),tensor(2.3947e-27),tensor(4.1123e-07),tensor(4.5446e-07),tensor(0.4843),tensor(1.),tensor(1.),tensor(3.6921e-28),tensor(1.9033e-12),tensor(0.),tensor(2.7514e-13),tensor(1.),tensor(0.0191),tensor(0.0517),tensor(1.),tensor(0.2332),tensor(0.0558),tensor(0.0009),tensor(1.),tensor(0.0338),tensor(1.1774e-05),tensor(1.),tensor(1.),tensor(0.0055),tensor(0.0034),tensor(1.1583e-06),tensor(0.0076),tensor(0.0130),tensor(3.2113e-05),tensor(0.0020),tensor(1.)
s_12969_jpg,tensor(0.9417),tensor(0.9830),tensor(2.2843e-06),tensor(1.0000),tensor(0.9943),tensor(8.1353e-24),tensor(0.),tensor(0.),tensor(5.2564e-24),tensor(6.5802e-32),tensor(8.0470e-23),tensor(0.0002),tensor(2.3472e-05),tensor(1.),tensor(1.),tensor(1.),tensor(1.),tensor(1.),tensor(1.),tensor(0.0010),tensor(1.),tensor(0.3751),tensor(0.0005),tensor(1.),tensor(1.),tensor(1.),tensor(0.0001),tensor(0.0849),tensor(0.0241),tensor(0.0007),tensor(0.2196),tensor(0.0003)
s_1246_jpg,tensor(0.0934),tensor(2.6899e-12),tensor(0.0004),tensor(5.7794e-06),tensor(0.0014),tensor(3.2841e-07),tensor(1.9414e-11),tensor(4.5408e-23),tensor(1.),tensor(1.7784e-18),tensor(5.0304e-06),tensor(1.0111e-09),tensor(0.0073),tensor(1.),tensor(1.0000),tensor(1.),tensor(0.3335),tensor(0.4350),tensor(0.0071),tensor(0.0282),tensor(0.1279),tensor(0.0005),tensor(0.0051),tensor(0.4713),tensor(0.0333),tensor(0.0253),tensor(3.3679e-05),tensor(0.3449),tensor(0.4232),tensor(1.),tensor(0.0014),tensor(0.0002)
s_12863_jpg,tensor(1.6580e-11),tensor(5.8763e-19),tensor(0.),tensor(6.2000e-12),tensor(4.0270e-11),tensor(0.3952),tensor(1.),tensor(1.),tensor(0.),tensor(5.5645e-17),tensor(0.),tensor(2.5212e-18),tensor(1.),tensor(0.0019),tensor(0.0074),tensor(1.),tensor(0.1218),tensor(0.0126),tensor(1.6050e-05),tensor(1.),tensor(0.0042),tensor(2.3108e-08),tensor(1.),tensor(1.),tensor(0.0003),tensor(0.0001),tensor(4.2214e-10),tensor(0.0004),tensor(0.0011),tensor(1.1555e-07),tensor(4.8405e-05),tensor(1.)
s_10599_jpg,tensor(0.4563),tensor(0.8071),tensor(0.9992),tensor(1.),tensor(0.0020),tensor(1.2012e-15),tensor(1.3540e-18),tensor(2.5472e-26),tensor(9.1754e-22),tensor(1.9640e-21),tensor(5.6158e-16),tensor(2.3832e-05),tensor(0.0028),tensor(1.),tensor(1.),tensor(1.),tensor(1.),tensor(1.),tensor(1.),tensor(0.0253),tensor(1.),tensor(0.2355),tensor(0.0143),tensor(1.),tensor(1.),tensor(1.),tensor(0.0076),tensor(0.2077),tensor(0.1284),tensor(0.0104),tensor(1.),tensor(0.0259)
s_6714_jpg,tensor(0.8251),tensor(0.9813),tensor(2.7848e-06),tensor(1.),tensor(7.6549e-08),tensor(2.2213e-13),tensor(2.2854e-22),tensor(5.9441e-32),tensor(3.4172e-23),tensor(1.4751e-26),tensor(3.0354e-15),tensor(9.8868e-06),tensor(0.0026),tensor(1.),tensor(1.),tensor(1.),tensor(0.4923),tensor(1.),tensor(1.),tensor(0.0183),tensor(1.),tensor(0.1958),tensor(0.0129),tensor(1.),tensor(1.),tensor(1.),tensor(0.0044),tensor(0.2586),tensor(0.1447),tensor(0.0202),tensor(0.1859),tensor(0.0031)
s_12372_jpg,tensor(0.2921),tensor(0.9930),tensor(0.9992),tensor(0.0210),tensor(0.4855),tensor(1.0778e-05),tensor(6.0221e-15),tensor(5.4278e-10),tensor(3.3884e-05),tensor(2.8066e-06),tensor(0.0003),tensor(0.2325),tensor(0.0704),tensor(1.),tensor(1.),tensor(1.),tensor(1.0000),tensor(1.),tensor(0.4475),tensor(0.1258),tensor(0.9994),tensor(0.4142),tensor(0.1006),tensor(0.9718),tensor(1.),tensor(1.),tensor(0.0681),tensor(0.3061),tensor(0.2187),tensor(0.0671),tensor(1.),tensor(0.1786)
s_2184_jpg,tensor(0.9384),tensor(0.9121),tensor(0.9998),tensor(1.),tensor(1.5985e-05),tensor(6.7457e-20),tensor(5.7590e-30),tensor(1.8282e-36),tensor(1.6514e-25),tensor(1.8128e-24),tensor(1.6663e-16),tensor(0.0007),tensor(0.0003),tensor(1.),tensor(1.),tensor(1.),tensor(1.),tensor(1.),tensor(1.),tensor(0.0051),tensor(1.),tensor(0.1505),tensor(0.0024),tensor(1.),tensor(1.),tensor(1.),tensor(0.0017),tensor(0.2349),tensor(0.1228),tensor(0.0041),tensor(1.),tensor(0.0071)
s_13554_jpg,tensor(0.9211),tensor(0.9994),tensor(3.4240e-09),tensor(1.),tensor(0.9919),tensor(1.9884e-26),tensor(0.),tensor(0.),tensor(2.6159e-23),tensor(3.3402e-33),tensor(4.9282e-24),tensor(0.0001),tensor(6.2672e-06),tensor(1.),tensor(1.),tensor(1.),tensor(1.),tensor(1.),tensor(1.),tensor(0.0003),tensor(1.),tensor(0.2908),tensor(0.0002),tensor(1.),tensor(1.),tensor(1.),tensor(5.3431e-05),tensor(0.0815),tensor(0.0267),tensor(0.0008),tensor(0.0982),tensor(9.8944e-05)
s_10292_jpg,tensor(2.2277e-12),tensor(7.6893e-22),tensor(0.),tensor(2.5040e-13),tensor(5.8480e-13),tensor(0.3285),tensor(1.),tensor(1.),tensor(0.),tensor(1.9071e-18),tensor(0.),tensor(8.2555e-20),tensor(1.),tensor(0.0010),tensor(0.0044),tensor(1.),tensor(0.0897),tensor(0.0071),tensor(4.0986e-06),tensor(1.),tensor(0.0019),tensor(2.0243e-09),tensor(1.),tensor(1.),tensor(8.8986e-05),tensor(4.4496e-05),tensor(4.3025e-11),tensor(0.0002),tensor(0.0008),tensor(2.1708e-08),tensor(1.4206e-05),tensor(1.)
s_7359_jpg,tensor(0.7682),tensor(0.8875),tensor(0.9646),tensor(0.9998),tensor(0.9884),tensor(3.8130e-09),tensor(1.0106e-12),tensor(1.4516e-16),tensor(1.8809e-10),tensor(3.0490e-13),tensor(1.4970e-09),tensor(0.0047),tensor(0.0324),tensor(1.),tensor(1.),tensor(1.),tensor(1.),tensor(1.),tensor(1.),tensor(0.1404),tensor(1.),tensor(0.4710),tensor(0.1116),tensor(1.),tensor(1.),tensor(1.),tensor(0.0554),tensor(0.2857),tensor(0.1990),tensor(0.0658),tensor(0.4961),tensor(0.1217)
s_14826_jpg,tensor(0.8819),tensor(0.1980),tensor(2.9720e-09),tensor(0.0341),tensor(0.9951),tensor(4.4972e-10),tensor(9.9607e-12),tensor(1.1245e-16),tensor(0.1102),tensor(5.0316e-08),tensor(6.7972e-06),tensor(0.0201),tensor(0.0303),tensor(1.),tensor(1.),tensor(1.),tensor(1.),tensor(1.),tensor(0.3703),tensor(0.0692),tensor(1.),tensor(0.2595),tensor(0.0447),tensor(0.4859),tensor(0.9999),tensor(0.4588),tensor(0.0153),tensor(0.4392),tensor(0.3641),tensor(0.2849),tensor(0.1066),tensor(0.0121)
s_8377_jpg,tensor(0.0231),tensor(9.2413e-13),tensor(2.1291e-06),tensor(2.2348e-09),tensor(0.0042),tensor(3.7470e-11),tensor(2.2486e-22),tensor(1.9614e-08),tensor(2.8559e-29),tensor(0.9669),tensor(0.8111),tensor(0.8956),tensor(0.0059),tensor(0.4558),tensor(1.),tensor(1.),tensor(0.3612),tensor(0.0865),tensor(0.0015),tensor(0.0149),tensor(0.0392),tensor(0.0002),tensor(0.0077),tensor(1.),tensor(0.1085),tensor(0.0243),tensor(3.3860e-05),tensor(1.),tensor(1.),tensor(0.0052),tensor(1.),tensor(0.0011)
s_82_jpg,tensor(0.0148),tensor(9.9852e-12),tensor(8.3016e-06),tensor(2.2647e-09),tensor(0.0041),tensor(3.1133e-11),tensor(3.2541e-22),tensor(8.7872e-09),tensor(1.7006e-23),tensor(0.9966),tensor(0.0061),tensor(0.9618),tensor(0.0109),tensor(0.3527),tensor(1.),tensor(1.),tensor(0.4139),tensor(0.1018),tensor(0.0017),tensor(0.0306),tensor(0.0461),tensor(0.0002),tensor(0.0121),tensor(1.),tensor(0.0889),tensor(0.0289),tensor(5.0936e-05),tensor(0.3900),tensor(1.),tensor(0.0041),tensor(1.),tensor(0.0028)
s_6292_jpg,tensor(0.0051),tensor(3.6340e-15),tensor(9.0023e-07),tensor(3.9373e-12),tensor(0.0003),tensor(6.3881e-11),tensor(1.3098e-25),tensor(8.3897e-07),tensor(9.9007e-23),tensor(0.9998),tensor(4.6122e-05),tensor(0.9554),tensor(0.0146),tensor(0.3103),tensor(1.),tensor(1.),tensor(0.4067),tensor(0.0883),tensor(0.0010),tensor(0.0376),tensor(0.0309),tensor(0.0001),tensor(0.0129),tensor(1.),tensor(0.0590),tensor(0.0203),tensor(3.4910e-05),tensor(0.3122),tensor(1.),tensor(0.0031),tensor(1.),tensor(0.0027)
s_8900_jpg,tensor(4.5930e-06),tensor(3.9313e-15),tensor(3.6313e-27),tensor(7.1334e-10),tensor(7.9757e-08),tensor(0.2953),tensor(0.9999),tensor(0.0014),tensor(3.8809e-25),tensor(9.7394e-10),tensor(1.6824e-26),tensor(2.2935e-10),tensor(1.),tensor(0.0363),tensor(0.0878),tensor(1.),tensor(0.2425),tensor(0.0650),tensor(0.0012),tensor(1.),tensor(0.0273),tensor(3.0206e-05),tensor(1.),tensor(1.),tensor(0.0087),tensor(0.0043),tensor(5.5364e-06),tensor(0.0149),tensor(0.0353),tensor(0.0002),tensor(0.0153),tensor(0.3528)
s_8742_jpg,tensor(0.9305),tensor(0.9629),tensor(0.0449),tensor(0.2112),tensor(0.2183),tensor(5.9874e-09),tensor(1.1317e-17),tensor(3.3048e-20),tensor(2.4948e-10),tensor(6.9761e-10),tensor(6.9864e-06),tensor(0.2887),tensor(0.0124),tensor(1.),tensor(1.),tensor(1.),tensor(1.),tensor(1.),tensor(0.4403),tensor(0.0493),tensor(1.),tensor(0.3163),tensor(0.0362),tensor(1.),tensor(1.),tensor(1.),tensor(0.0241),tensor(0.4430),tensor(0.3039),tensor(0.0621),tensor(0.4738),tensor(0.0427)
s_10458_jpg,tensor(0.7437),tensor(0.9178),tensor(0.9998),tensor(1.0000),tensor(0.0199),tensor(8.8460e-14),tensor(2.4065e-18),tensor(3.9048e-24),tensor(1.7761e-18),tensor(2.5305e-18),tensor(4.1482e-13),tensor(0.0005),tensor(0.0051),tensor(1.),tensor(1.),tensor(1.),tensor(1.),tensor(1.),tensor(1.),tensor(0.0376),tensor(1.),tensor(0.2830),tensor(0.0224),tensor(1.),tensor(1.),tensor(1.),tensor(0.0130),tensor(0.2317),tensor(0.1525),tensor(0.0162),tensor(1.),tensor(0.0482)
s_9769_jpg,tensor(0.0822),tensor(4.4110e-07),tensor(0.0007),tensor(1.1757e-06),tensor(0.0006),tensor(2.8770e-06),tensor(1.9379e-18),tensor(2.2550e-06),tensor(7.1546e-18),tensor(2.9346e-06),tensor(1.0000),tensor(0.0012),tensor(0.0126),tensor(0.4086),tensor(1.),tensor(1.),tensor(0.4198),tensor(0.1235),tensor(0.0065),tensor(0.0241),tensor(0.1551),tensor(0.0005),tensor(0.0186),tensor(1.),tensor(0.1392),tensor(0.0530),tensor(0.0001),tensor(1.),tensor(1.),tensor(0.0094),tensor(0.3463),tensor(0.0053)
s_14607_jpg,tensor(0.9989),tensor(0.6344),tensor(0.0047),tensor(1.0000),tensor(0.9914),tensor(3.0788e-21),tensor(7.3946e-33),tensor(0.),tensor(1.5350e-23),tensor(1.7401e-30),tensor(1.5256e-21),tensor(0.0007),tensor(0.0002),tensor(1.),tensor(1.),tensor(1.),tensor(1.),tensor(1.),tensor(1.),tensor(0.0042),tensor(1.),tensor(0.3986),tensor(0.0025),tensor(1.),tensor(1.),tensor(1.),tensor(0.0010),tensor(0.1729),tensor(0.0703),tensor(0.0026),tensor(0.4258),tensor(0.0031)
s_11042_jpg,tensor(8.7757e-08),tensor(8.7557e-20),tensor(3.0697e-37),tensor(1.6051e-12),tensor(1.2738e-11),tensor(0.9999),tensor(1.0000),tensor(0.0003),tensor(4.2068e-33),tensor(7.5631e-17),tensor(0.),tensor(4.1716e-17),tensor(1.),tensor(0.0084),tensor(0.0313),tensor(1.),tensor(0.1683),tensor(0.0258),tensor(0.0001),tensor(1.),tensor(0.0092),tensor(3.5085e-07),tensor(1.),tensor(1.),tensor(0.0013),tensor(0.0007),tensor(2.3578e-08),tensor(0.0013),tensor(0.0054),tensor(3.3263e-06),tensor(0.0014),tensor(0.3140)
s_15924_jpg,tensor(0.9984),tensor(0.9687),tensor(8.2516e-06),tensor(0.0008),tensor(0.0320),tensor(1.0923e-10),tensor(1.5991e-23),tensor(5.5083e-24),tensor(6.3515e-14),tensor(4.4845e-15),tensor(3.1371e-08),tensor(0.4304),tensor(0.0068),tensor(1.),tensor(1.),tensor(1.),tensor(1.),tensor(1.),tensor(0.3469),tensor(0.0273),tensor(1.),tensor(0.2045),tensor(0.0166),tensor(1.),tensor(1.),tensor(1.),tensor(0.0070),tensor(0.4392),tensor(0.3056),tensor(0.0570),tensor(0.3221),tensor(0.0094)
s_14470_jpg,tensor(0.0053),tensor(1.3969e-14),tensor(1.3793e-07),tensor(4.0025e-11),tensor(2.6187e-05),tensor(5.8923e-09),tensor(8.5058e-20),tensor(1.6614e-06),tensor(3.9306e-21),tensor(0.9993),tensor(8.9430e-05),tensor(0.9575),tensor(0.0329),tensor(0.2887),tensor(1.),tensor(1.),tensor(0.3920),tensor(0.0969),tensor(0.0021),tensor(0.0665),tensor(0.0467),tensor(0.0003),tensor(0.0281),tensor(1.),tensor(0.0694),tensor(0.0267),tensor(0.0001),tensor(0.3183),tensor(1.),tensor(0.0055),tensor(1.),tensor(0.0069)
s_659_jpg,tensor(4.6606e-10),tensor(1.6665e-23),tensor(0.),tensor(2.8568e-18),tensor(7.1895e-14),tensor(1.),tensor(1.0000),tensor(0.0038),tensor(5.0975e-39),tensor(2.6497e-21),tensor(0.),tensor(3.3711e-21),tensor(1.),tensor(0.0020),tensor(0.0113),tensor(1.),tensor(0.1248),tensor(0.0096),tensor(1.1451e-05),tensor(1.),tensor(0.0029),tensor(6.1328e-09),tensor(1.),tensor(1.),tensor(0.0003),tensor(0.0001),tensor(1.9957e-10),tensor(0.0001),tensor(0.0007),tensor(6.8872e-08),tensor(0.0002),tensor(0.3279)
s_10381_jpg,tensor(0.0168),tensor(9.6483e-13),tensor(1.8283e-05),tensor(3.5198e-08),tensor(0.0014),tensor(6.7829e-09),tensor(2.2610e-16),tensor(2.6620e-05),tensor(3.5080e-18),tensor(0.9990),tensor(0.0008),tensor(0.9521),tensor(0.0563),tensor(0.3232),tensor(1.),tensor(1.),tensor(0.4235),tensor(0.1443),tensor(0.0051),tensor(0.0995),tensor(0.0679),tensor(0.0012),tensor(0.0534),tensor(1.),tensor(0.1099),tensor(0.0442),tensor(0.0005),tensor(0.3561),tensor(1.),tensor(0.0112),tensor(1.),tensor(0.0144)
s_9698_jpg,tensor(8.4639e-12),tensor(1.5696e-24),tensor(0.),tensor(1.4609e-17),tensor(3.6622e-15),tensor(1.),tensor(1.),tensor(1.),tensor(0.),tensor(5.1996e-19),tensor(0.),tensor(6.2255e-22),tensor(1.),tensor(0.0003),tensor(0.0032),tensor(1.0000),tensor(0.0960),tensor(0.0037),tensor(1.3615e-06),tensor(1.),tensor(0.0014),tensor(2.1289e-10),tensor(1.),tensor(1.),tensor(4.7717e-05),tensor(2.6386e-05),tensor(3.5567e-12),tensor(2.0779e-05),tensor(0.0001),tensor(1.2386e-09),tensor(1.5602e-05),tensor(1.)
s_6081_jpg,tensor(0.9628),tensor(0.2477),tensor(0.9999),tensor(1.),tensor(0.9715),tensor(1.0991e-24),tensor(1.6187e-31),tensor(1.6284e-37),tensor(9.4059e-27),tensor(3.2351e-34),tensor(4.5513e-25),tensor(1.4278e-06),tensor(0.0001),tensor(1.),tensor(1.),tensor(1.),tensor(1.),tensor(1.),tensor(1.),tensor(0.0045),tensor(1.),tensor(0.3875),tensor(0.0023),tensor(1.),tensor(1.),tensor(1.),tensor(0.0010),tensor(0.1056),tensor(0.0368),tensor(0.0012),tensor(1.),tensor(0.0075)
s_12545_jpg,tensor(2.1966e-05),tensor(3.3269e-15),tensor(1.6561e-28),tensor(5.2798e-18),tensor(1.3372e-08),tensor(1.),tensor(6.5902e-07),tensor(1.6227e-05),tensor(1.3908e-12),tensor(4.4235e-09),tensor(1.9827e-38),tensor(4.5297e-08),tensor(1.),tensor(0.0356),tensor(0.1365),tensor(1.0000),tensor(0.3704),tensor(0.0964),tensor(0.0018),tensor(1.),tensor(0.0430),tensor(5.8832e-05),tensor(0.3012),tensor(1.),tensor(0.0158),tensor(0.0125),tensor(6.6903e-06),tensor(0.0038),tensor(0.0184),tensor(0.0002),tensor(0.0251),tensor(0.2639)
s_14453_jpg,tensor(7.2122e-05),tensor(1.2384e-10),tensor(2.7279e-21),tensor(7.4389e-08),tensor(6.0921e-06),tensor(0.9957),tensor(0.9996),tensor(0.0209),tensor(6.0721e-18),tensor(9.2406e-13),tensor(2.3166e-25),tensor(1.9657e-11),tensor(1.),tensor(0.0634),tensor(0.1002),tensor(1.),tensor(0.2653),tensor(0.1241),tensor(0.0064),tensor(1.),tensor(0.0626),tensor(0.0002),tensor(1.),tensor(1.),tensor(0.0194),tensor(0.0141),tensor(3.1337e-05),tensor(0.0143),tensor(0.0310),tensor(0.0008),tensor(0.0101),tensor(0.4034)
s_13572_jpg,tensor(0.9886),tensor(0.6395),tensor(0.0056),tensor(0.0375),tensor(0.9756),tensor(1.2115e-08),tensor(5.2699e-15),tensor(5.1177e-16),tensor(1.9160e-07),tensor(8.4305e-12),tensor(1.7866e-07),tensor(0.1992),tensor(0.0392),tensor(1.),tensor(1.),tensor(1.),tensor(1.),tensor(1.),tensor(0.4301),tensor(0.0993),tensor(1.),tensor(0.4294),tensor(0.0796),tensor(0.9988),tensor(1.),tensor(1.),tensor(0.0505),tensor(0.3920),tensor(0.3007),tensor(0.1234),tensor(0.3809),tensor(0.0686)
s_12655_jpg,tensor(0.0451),tensor(7.8245e-10),tensor(5.6907e-05),tensor(5.9007e-07),tensor(0.0064),tensor(5.8963e-08),tensor(5.5419e-18),tensor(2.9245e-08),tensor(8.8864e-22),tensor(0.9339),tensor(0.8833),tensor(0.8471),tensor(0.0142),tensor(0.4471),tensor(1.),tensor(1.),tensor(0.4073),tensor(0.1356),tensor(0.0054),tensor(0.0317),tensor(0.0928),tensor(0.0009),tensor(0.0182),tensor(1.),tensor(0.1632),tensor(0.0573),tensor(0.0002),tensor(1.),tensor(1.),tensor(0.0113),tensor(1.),tensor(0.0042)
s_11979_jpg,tensor(0.7793),tensor(0.8898),tensor(0.9993),tensor(1.),tensor(0.9672),tensor(3.0294e-22),tensor(1.8443e-31),tensor(2.1258e-35),tensor(1.4821e-23),tensor(5.7668e-29),tensor(7.9106e-22),tensor(1.8133e-05),tensor(0.0002),tensor(1.),tensor(1.),tensor(1.),tensor(1.),tensor(1.),tensor(1.),tensor(0.0045),tensor(1.),tensor(0.3920),tensor(0.0024),tensor(1.),tensor(1.),tensor(1.),tensor(0.0013),tensor(0.1084),tensor(0.0425),tensor(0.0016),tensor(1.),tensor(0.0076)
s_10691_jpg,tensor(0.0009),tensor(1.7125e-11),tensor(9.7793e-16),tensor(1.3415e-16),tensor(2.7966e-11),tensor(1.0000),tensor(1.1368e-07),tensor(0.0049),tensor(4.7638e-10),tensor(1.3719e-08),tensor(1.1782e-18),tensor(1.3656e-06),tensor(1.),tensor(0.0525),tensor(0.1991),tensor(0.4921),tensor(0.4300),tensor(0.0996),tensor(0.0030),tensor(1.),tensor(0.0857),tensor(0.0003),tensor(0.3721),tensor(1.),tensor(0.0247),tensor(0.0211),tensor(6.2643e-05),tensor(0.0270),tensor(0.1132),tensor(0.0009),tensor(0.0981),tensor(0.3742)
s_3109_jpg,tensor(0.0577),tensor(8.8394e-10),tensor(7.2336e-05),tensor(8.6456e-08),tensor(0.0151),tensor(1.7627e-08),tensor(1.0696e-22),tensor(7.5747e-08),tensor(3.1479e-25),tensor(0.7922),tensor(0.9702),tensor(0.9669),tensor(0.0050),tensor(0.9380),tensor(1.),tensor(1.),tensor(0.4276),tensor(0.1383),tensor(0.0038),tensor(0.0125),tensor(0.0898),tensor(0.0006),tensor(0.0067),tensor(1.),tensor(0.1949),tensor(0.0525),tensor(7.3368e-05),tensor(1.),tensor(1.),tensor(0.0069),tensor(1.),tensor(0.0013)
s_13862_jpg,tensor(2.4009e-11),tensor(2.7209e-29),tensor(0.),tensor(1.4812e-21),tensor(1.5402e-17),tensor(1.),tensor(1.),tensor(0.0006),tensor(0.),tensor(1.4042e-26),tensor(0.),tensor(1.1846e-26),tensor(1.),tensor(0.0006),tensor(0.0047),tensor(1.),tensor(0.0862),tensor(0.0037),tensor(1.1292e-06),tensor(1.),tensor(0.0008),tensor(1.6019e-10),tensor(1.),tensor(1.),tensor(4.6931e-05),tensor(1.5094e-05),tensor(1.9570e-12),tensor(1.6928e-05),tensor(0.0002),tensor(2.3534e-09),tensor(3.7746e-05),tensor(0.2841)
s_9437_jpg,tensor(3.9140e-05),tensor(3.5066e-11),tensor(5.5510e-19),tensor(7.8931e-07),tensor(8.5605e-06),tensor(0.0473),tensor(1.0000),tensor(7.5115e-05),tensor(6.8765e-21),tensor(9.9762e-17),tensor(1.1784e-21),tensor(8.7330e-13),tensor(1.),tensor(0.0710),tensor(0.0910),tensor(1.),tensor(0.2651),tensor(0.1311),tensor(0.0040),tensor(1.),tensor(0.0473),tensor(0.0001),tensor(1.),tensor(1.),tensor(0.0111),tensor(0.0073),tensor(1.3488e-05),tensor(0.0174),tensor(0.0367),tensor(0.0010),tensor(0.0046),tensor(0.3013)
s_2584_jpg,tensor(0.2317),tensor(3.4021e-13),tensor(3.8246e-06),tensor(1.9192e-08),tensor(0.0014),tensor(2.8827e-09),tensor(1.0436e-20),tensor(6.1825e-16),tensor(1.),tensor(8.5338e-09),tensor(0.9929),tensor(1.1329e-06),tensor(0.0067),tensor(1.),tensor(1.),tensor(1.),tensor(0.3857),tensor(0.3824),tensor(0.0202),tensor(0.0172),tensor(0.1816),tensor(0.0031),tensor(0.0058),tensor(1.),tensor(0.2013),tensor(0.0897),tensor(0.0005),tensor(1.),tensor(1.),tensor(0.9911),tensor(0.0412),tensor(0.0006)
s_6696_jpg,tensor(0.9938),tensor(0.0467),tensor(9.9086e-07),tensor(1.),tensor(0.9960),tensor(9.9500e-37),tensor(0.),tensor(0.),tensor(0.),tensor(0.),tensor(0.),tensor(8.1995e-11),tensor(6.1616e-07),tensor(1.),tensor(1.),tensor(1.),tensor(1.),tensor(1.),tensor(1.),tensor(0.0001),tensor(1.),tensor(0.3192),tensor(5.3753e-05),tensor(1.),tensor(1.),tensor(1.),tensor(1.0858e-05),tensor(0.0446),tensor(0.0095),tensor(6.1916e-05),tensor(0.2527),tensor(5.5771e-05)
s_6244_jpg,tensor(0.2996),tensor(7.5054e-12),tensor(2.7458e-05),tensor(0.0002),tensor(0.0196),tensor(2.7810e-09),tensor(1.7971e-20),tensor(2.3822e-24),tensor(1.),tensor(4.6156e-09),tensor(0.9792),tensor(1.3815e-05),tensor(0.0026),tensor(1.),tensor(1.),tensor(1.),tensor(0.3658),tensor(0.4451),tensor(0.0237),tensor(0.0099),tensor(0.2163),tensor(0.0015),tensor(0.0031),tensor(1.),tensor(0.1254),tensor(0.0683),tensor(0.0001),tensor(1.),tensor(1.),tensor(1.),tensor(0.0048),tensor(0.0002)
s_9753_jpg,tensor(0.9073),tensor(0.3985),tensor(0.9974),tensor(0.9994),tensor(0.9329),tensor(4.4836e-13),tensor(2.0064e-18),tensor(5.4597e-19),tensor(1.1628e-12),tensor(3.0823e-16),tensor(2.5240e-11),tensor(0.0127),tensor(0.0088),tensor(1.),tensor(1.),tensor(1.),tensor(1.),tensor(1.),tensor(1.),tensor(0.0555),tensor(1.),tensor(0.4397),tensor(0.0347),tensor(1.),tensor(1.),tensor(1.),tensor(0.0210),tensor(0.2405),tensor(0.1452),tensor(0.0224),tensor(1.),tensor(0.0634)
s_70_jpg,tensor(0.0115),tensor(2.1458e-14),tensor(9.6439e-07),tensor(1.0698e-09),tensor(0.0005),tensor(1.2679e-11),tensor(3.9769e-26),tensor(1.9588e-11),tensor(1.1931e-31),tensor(0.9838),tensor(0.9273),tensor(0.9297),tensor(0.0021),tensor(0.4233),tensor(1.),tensor(1.),tensor(0.3531),tensor(0.0617),tensor(0.0005),tensor(0.0065),tensor(0.0308),tensor(3.4866e-05),tensor(0.0029),tensor(1.),tensor(0.0830),tensor(0.0152),tensor(4.1890e-06),tensor(1.),tensor(1.),tensor(0.0016),tensor(1.),tensor(0.0003)
s_11943_jpg,tensor(0.1327),tensor(0.9985),tensor(2.7171e-06),tensor(1.),tensor(0.0043),tensor(3.4396e-21),tensor(8.2502e-36),tensor(0.),tensor(9.7452e-25),tensor(1.2695e-27),tensor(4.0948e-21),tensor(2.4177e-05),tensor(7.3579e-05),tensor(1.),tensor(1.),tensor(1.),tensor(1.),tensor(1.),tensor(1.),tensor(0.0013),tensor(1.),tensor(0.2820),tensor(0.0008),tensor(1.),tensor(1.),tensor(1.),tensor(0.0004),tensor(0.1885),tensor(0.0655),tensor(0.0014),tensor(0.3225),tensor(0.0005)
s_10712_jpg,tensor(3.3389e-13),tensor(2.6348e-27),tensor(0.),tensor(3.4236e-18),tensor(5.5508e-16),tensor(1.),tensor(1.),tensor(1.),tensor(0.),tensor(1.6492e-21),tensor(0.),tensor(6.0412e-25),tensor(1.),tensor(0.0003),tensor(0.0028),tensor(1.),tensor(0.0789),tensor(0.0025),tensor(5.4083e-07),tensor(1.),tensor(0.0008),tensor(7.4855e-11),tensor(1.),tensor(1.),tensor(2.9039e-05),tensor(1.1320e-05),tensor(9.1419e-13),tensor(2.1381e-05),tensor(0.0001),tensor(6.5152e-10),tensor(1.4476e-05),tensor(1.)
s_4480_jpg,tensor(0.0023),tensor(8.9227e-18),tensor(3.4224e-08),tensor(6.1599e-13),tensor(5.8181e-06),tensor(1.8308e-10),tensor(1.1566e-24),tensor(2.6732e-07),tensor(9.4343e-23),tensor(0.9996),tensor(1.7643e-05),tensor(0.9208),tensor(0.0197),tensor(0.2598),tensor(1.),tensor(1.),tensor(0.3875),tensor(0.0768),tensor(0.0007),tensor(0.0459),tensor(0.0286),tensor(7.7487e-05),tensor(0.0177),tensor(1.),tensor(0.0449),tensor(0.0148),tensor(2.4507e-05),tensor(0.3019),tensor(1.),tensor(0.0026),tensor(1.),tensor(0.0034)
s_8253_jpg,tensor(0.9979),tensor(0.9776),tensor(1.0000),tensor(1.0000),tensor(0.0589),tensor(1.9063e-27),tensor(0.),tensor(0.),tensor(2.1218e-29),tensor(4.8289e-32),tensor(3.2702e-22),tensor(0.0385),tensor(1.0110e-05),tensor(1.),tensor(1.),tensor(1.),tensor(1.),tensor(1.),tensor(0.9985),tensor(0.0006),tensor(1.),tensor(0.2405),tensor(0.0002),tensor(1.),tensor(1.),tensor(1.),tensor(0.0001),tensor(0.1091),tensor(0.0330),tensor(0.0003),tensor(1.),tensor(0.0012)
s_9747_jpg,tensor(0.8390),tensor(0.9609),tensor(0.9998),tensor(0.2593),tensor(0.9667),tensor(3.7824e-11),tensor(1.9436e-20),tensor(6.9193e-17),tensor(1.5830e-09),tensor(3.2821e-12),tensor(1.8087e-08),tensor(0.1630),tensor(0.0141),tensor(1.),tensor(1.),tensor(1.),tensor(1.),tensor(1.),tensor(0.4793),tensor(0.0587),tensor(1.),tensor(0.4257),tensor(0.0382),tensor(1.),tensor(1.),tensor(1.),tensor(0.0238),tensor(0.2411),tensor(0.1424),tensor(0.0214),tensor(1.),tensor(0.0856)
s_7678_jpg,tensor(0.2938),tensor(4.6545e-12),tensor(3.3426e-05),tensor(6.7951e-06),tensor(0.0673),tensor(1.0063e-07),tensor(1.2791e-23),tensor(1.5483e-19),tensor(1.),tensor(5.0014e-08),tensor(0.9933),tensor(6.1115e-05),tensor(0.0038),tensor(1.),tensor(1.),tensor(1.),tensor(0.3623),tensor(0.4319),tensor(0.0181),tensor(0.0110),tensor(0.2082),tensor(0.0016),tensor(0.0038),tensor(0.9697),tensor(0.1235),tensor(0.0632),tensor(0.0001),tensor(1.),tensor(1.),tensor(1.),tensor(0.0065),tensor(0.0002)
s_13522_jpg,tensor(0.0186),tensor(9.9679e-13),tensor(1.1368e-06),tensor(3.1008e-10),tensor(0.0016),tensor(7.1745e-11),tensor(9.0827e-25),tensor(1.8938e-07),tensor(5.0215e-30),tensor(0.9853),tensor(0.9076),tensor(0.9581),tensor(0.0039),tensor(0.4380),tensor(1.),tensor(1.),tensor(0.3782),tensor(0.0857),tensor(0.0009),tensor(0.0094),tensor(0.0431),tensor(0.0001),tensor(0.0047),tensor(1.),tensor(0.1149),tensor(0.0231),tensor(1.3965e-05),tensor(1.),tensor(1.),tensor(0.0029),tensor(1.),tensor(0.0006)
s_7606_jpg,tensor(0.0472),tensor(5.4674e-11),tensor(5.4186e-05),tensor(2.1428e-07),tensor(0.0106),tensor(2.5930e-09),tensor(1.3931e-19),tensor(9.0643e-07),tensor(5.0476e-26),tensor(0.9467),tensor(0.9217),tensor(0.9409),tensor(0.0098),tensor(0.4661),tensor(1.),tensor(1.),tensor(0.3946),tensor(0.1203),tensor(0.0035),tensor(0.0194),tensor(0.0694),tensor(0.0006),tensor(0.0122),tensor(1.),tensor(0.1547),tensor(0.0400),tensor(0.0001),tensor(1.),tensor(1.),tensor(0.0086),tensor(1.),tensor(0.0023)
s_860_jpg,tensor(2.2523e-09),tensor(1.4405e-25),tensor(0.),tensor(5.6872e-19),tensor(5.0976e-15),tensor(1.),tensor(1.0000),tensor(7.7626e-06),tensor(0.),tensor(6.2905e-22),tensor(0.),tensor(7.4896e-21),tensor(1.),tensor(0.0021),tensor(0.0118),tensor(1.),tensor(0.1141),tensor(0.0087),tensor(8.6053e-06),tensor(1.),tensor(0.0024),tensor(4.1756e-09),tensor(1.),tensor(1.),tensor(0.0002),tensor(8.6011e-05),tensor(1.3367e-10),tensor(0.0001),tensor(0.0009),tensor(7.0363e-08),tensor(0.0002),tensor(0.2382)
s_15389_jpg,tensor(2.0086e-08),tensor(1.6168e-17),tensor(7.0686e-35),tensor(1.0262e-09),tensor(8.0558e-10),tensor(0.9412),tensor(1.),tensor(0.0560),tensor(1.5631e-32),tensor(1.3362e-17),tensor(0.),tensor(1.4106e-18),tensor(1.),tensor(0.0098),tensor(0.0313),tensor(1.),tensor(0.1855),tensor(0.0332),tensor(0.0002),tensor(1.),tensor(0.0124),tensor(8.8452e-07),tensor(1.),tensor(1.),tensor(0.0017),tensor(0.0009),tensor(4.8957e-08),tensor(0.0018),tensor(0.0059),tensor(5.3407e-06),tensor(0.0013),tensor(0.4105)
s_14918_jpg,tensor(0.0002),tensor(9.3761e-07),tensor(1.3930e-12),tensor(0.0012),tensor(0.0093),tensor(0.0449),tensor(0.9992),tensor(0.0003),tensor(4.6278e-14),tensor(2.6887e-10),tensor(4.9051e-14),tensor(1.3966e-07),tensor(1.),tensor(0.1590),tensor(0.2022),tensor(1.),tensor(0.3582),tensor(0.2189),tensor(0.0225),tensor(1.),tensor(0.1466),tensor(0.0026),tensor(1.),tensor(1.),tensor(0.0504),tensor(0.0432),tensor(0.0006),tensor(0.0755),tensor(0.1181),tensor(0.0106),tensor(0.0356),tensor(0.3006)
s_6203_jpg,tensor(7.6941e-12),tensor(1.6474e-19),tensor(0.),tensor(9.0503e-13),tensor(1.5599e-10),tensor(1.),tensor(1.),tensor(1.),tensor(1.3266e-37),tensor(2.3161e-15),tensor(0.),tensor(8.5639e-16),tensor(1.),tensor(0.0007),tensor(0.0036),tensor(1.),tensor(0.0970),tensor(0.0076),tensor(5.3633e-06),tensor(1.),tensor(0.0023),tensor(2.0942e-09),tensor(1.),tensor(1.),tensor(0.0001),tensor(6.1591e-05),tensor(3.5486e-11),tensor(3.9380e-05),tensor(0.0002),tensor(8.7417e-09),tensor(1.9384e-05),tensor(1.)
s_15448_jpg,tensor(0.0789),tensor(5.4028e-08),tensor(0.0031),tensor(1.2376e-06),tensor(0.0013),tensor(1.7106e-06),tensor(2.1284e-18),tensor(6.6019e-08),tensor(2.7445e-17),tensor(2.1756e-06),tensor(0.9991),tensor(0.0004),tensor(0.0150),tensor(0.4690),tensor(1.),tensor(1.),tensor(0.3912),tensor(0.1344),tensor(0.0062),tensor(0.0280),tensor(0.1335),tensor(0.0006),tensor(0.0178),tensor(1.),tensor(0.1246),tensor(0.0504),tensor(0.0001),tensor(1.),tensor(1.),tensor(0.0219),tensor(0.3018),tensor(0.0041)
s_8386_jpg,tensor(0.0281),tensor(7.9680e-12),tensor(1.6331e-06),tensor(4.3919e-09),tensor(0.0031),tensor(2.0930e-09),tensor(1.2370e-20),tensor(4.4568e-08),tensor(2.9817e-26),tensor(0.9615),tensor(0.9386),tensor(0.8182),tensor(0.0102),tensor(0.4328),tensor(1.),tensor(1.),tensor(0.3755),tensor(0.1036),tensor(0.0022),tensor(0.0218),tensor(0.0610),tensor(0.0003),tensor(0.0125),tensor(1.),tensor(0.1138),tensor(0.0312),tensor(5.4841e-05),tensor(1.),tensor(1.),tensor(0.0065),tensor(1.),tensor(0.0016)
s_6286_jpg,tensor(0.0077),tensor(7.1225e-14),tensor(2.4426e-06),tensor(2.8675e-11),tensor(0.0011),tensor(1.3090e-11),tensor(5.2974e-26),tensor(1.7200e-08),tensor(1.2811e-24),tensor(0.9994),tensor(0.0005),tensor(0.9533),tensor(0.0098),tensor(0.3436),tensor(1.),tensor(1.),tensor(0.4092),tensor(0.0866),tensor(0.0010),tensor(0.0290),tensor(0.0325),tensor(0.0001),tensor(0.0102),tensor(1.),tensor(0.0659),tensor(0.0212),tensor(2.6828e-05),tensor(0.3523),tensor(1.),tensor(0.0030),tensor(1.),tensor(0.0019)
s_13880_jpg,tensor(0.0091),tensor(2.5659e-06),tensor(2.5930e-08),tensor(8.8488e-10),tensor(2.4259e-06),tensor(1.0000),tensor(4.9813e-06),tensor(0.0177),tensor(0.0009),tensor(6.6345e-05),tensor(1.3207e-12),tensor(0.0006),tensor(1.),tensor(0.1702),tensor(0.3387),tensor(0.4982),tensor(0.4836),tensor(0.2500),tensor(0.0440),tensor(1.),tensor(0.2349),tensor(0.0128),tensor(0.3661),tensor(0.9979),tensor(0.1192),tensor(0.1233),tensor(0.0054),tensor(0.0996),tensor(0.2132),tensor(0.0236),tensor(0.2391),tensor(0.4092)
s_14432_jpg,tensor(9.9476e-10),tensor(2.9302e-23),tensor(0.),tensor(1.5896e-17),tensor(2.2697e-14),tensor(1.),tensor(1.0000),tensor(0.0005),tensor(4.4482e-38),tensor(1.4093e-21),tensor(0.),tensor(2.5161e-21),tensor(1.),tensor(0.0021),tensor(0.0129),tensor(1.),tensor(0.1353),tensor(0.0102),tensor(1.4114e-05),tensor(1.),tensor(0.0038),tensor(8.1390e-09),tensor(1.),tensor(1.),tensor(0.0003),tensor(0.0002),tensor(2.1472e-10),tensor(0.0001),tensor(0.0008),tensor(7.8153e-08),tensor(0.0002),tensor(0.2653)
s_2426_jpg,tensor(7.9673e-08),tensor(1.0859e-15),tensor(2.9326e-34),tensor(7.9650e-12),tensor(4.7904e-09),tensor(1.0000),tensor(1.0000),tensor(0.1158),tensor(3.1009e-27),tensor(2.4687e-16),tensor(0.),tensor(2.1536e-16),tensor(1.),tensor(0.0116),tensor(0.0396),tensor(1.),tensor(0.2163),tensor(0.0399),tensor(0.0004),tensor(1.),tensor(0.0177),tensor(2.1785e-06),tensor(1.),tensor(1.),tensor(0.0032),tensor(0.0019),tensor(1.3314e-07),tensor(0.0015),tensor(0.0043),tensor(6.7156e-06),tensor(0.0025),tensor(0.4181)
s_11521_jpg,tensor(0.0129),tensor(5.6028e-14),tensor(1.4469e-06),tensor(4.2551e-10),tensor(0.0009),tensor(1.5856e-11),tensor(7.4996e-30),tensor(4.8669e-12),tensor(2.7078e-33),tensor(0.9518),tensor(0.9718),tensor(0.9806),tensor(0.0009),tensor(0.4694),tensor(1.),tensor(1.),tensor(0.3490),tensor(0.0578),tensor(0.0004),tensor(0.0034),tensor(0.0303),tensor(2.2301e-05),tensor(0.0013),tensor(1.),tensor(0.0913),tensor(0.0140),tensor(1.9444e-06),tensor(1.),tensor(1.),tensor(0.0011),tensor(1.),tensor(0.0001)
s_2126_jpg,tensor(5.1030e-06),tensor(6.1680e-11),tensor(7.2734e-25),tensor(2.4809e-09),tensor(4.3971e-06),tensor(1.0000),tensor(0.9998),tensor(0.0215),tensor(1.1505e-19),tensor(1.2620e-14),tensor(2.4337e-30),tensor(2.0649e-12),tensor(1.),tensor(0.0423),tensor(0.0809),tensor(1.),tensor(0.2439),tensor(0.0970),tensor(0.0032),tensor(1.),tensor(0.0448),tensor(5.9195e-05),tensor(1.),tensor(1.),tensor(0.0139),tensor(0.0091),tensor(7.0150e-06),tensor(0.0076),tensor(0.0139),tensor(0.0003),tensor(0.0054),tensor(0.3723)
s_1190_jpg,tensor(9.1116e-11),tensor(1.2946e-23),tensor(0.),tensor(2.1072e-17),tensor(1.2847e-13),tensor(1.0000),tensor(1.),tensor(0.0333),tensor(0.),tensor(9.9887e-23),tensor(0.),tensor(5.0913e-23),tensor(1.),tensor(0.0017),tensor(0.0092),tensor(1.),tensor(0.1171),tensor(0.0088),tensor(9.3389e-06),tensor(1.),tensor(0.0025),tensor(4.2712e-09),tensor(1.),tensor(1.),tensor(0.0002),tensor(9.5189e-05),tensor(1.2358e-10),tensor(9.8457e-05),tensor(0.0005),tensor(4.5674e-08),tensor(0.0002),tensor(0.3760)
s_2717_jpg,tensor(7.1774e-10),tensor(1.2724e-16),tensor(4.9363e-36),tensor(7.7335e-12),tensor(8.8481e-10),tensor(0.4735),tensor(1.),tensor(1.),tensor(9.5729e-36),tensor(8.5962e-13),tensor(0.),tensor(3.9095e-14),tensor(1.),tensor(0.0045),tensor(0.0151),tensor(1.0000),tensor(0.1534),tensor(0.0212),tensor(6.1104e-05),tensor(1.),tensor(0.0094),tensor(2.7262e-07),tensor(1.),tensor(1.),tensor(0.0008),tensor(0.0004),tensor(1.0257e-08),tensor(0.0016),tensor(0.0041),tensor(1.2421e-06),tensor(0.0002),tensor(1.)
s_15492_jpg,tensor(0.9898),tensor(0.9761),tensor(0.9997),tensor(4.1133e-05),tensor(0.8774),tensor(1.7783e-12),tensor(9.4822e-26),tensor(1.8482e-19),tensor(1.9131e-13),tensor(2.1665e-15),tensor(4.8760e-10),tensor(0.2764),tensor(0.0062),tensor(1.),tensor(1.),tensor(1.),tensor(1.),tensor(1.),tensor(0.3593),tensor(0.0272),tensor(1.),tensor(0.3319),tensor(0.0179),tensor(0.9999),tensor(1.),tensor(1.),tensor(0.0101),tensor(0.2705),tensor(0.1674),tensor(0.0207),tensor(1.),tensor(0.0445)
s_6982_jpg,tensor(0.4265),tensor(7.3988e-08),tensor(0.0002),tensor(0.0007),tensor(0.1350),tensor(1.3987e-06),tensor(2.3931e-16),tensor(9.9371e-17),tensor(1.),tensor(0.0007),tensor(0.9940),tensor(0.0098),tensor(0.0138),tensor(1.),tensor(1.),tensor(1.),tensor(0.4223),tensor(0.4626),tensor(0.0855),tensor(0.0358),tensor(0.3071),tensor(0.0194),tensor(0.0157),tensor(1.),tensor(0.2865),tensor(0.1720),tensor(0.0032),tensor(1.),tensor(1.),tensor(1.),tensor(0.0575),tensor(0.0025)
s_75_jpg,tensor(0.8608),tensor(0.4090),tensor(2.3622e-05),tensor(1.0000),tensor(0.9966),tensor(3.9323e-11),tensor(1.2360e-13),tensor(4.3855e-19),tensor(1.4192e-10),tensor(6.6189e-17),tensor(8.7843e-12),tensor(0.0017),tensor(0.0151),tensor(1.),tensor(1.),tensor(1.),tensor(1.),tensor(1.),tensor(1.),tensor(0.0878),tensor(1.),tensor(0.4218),tensor(0.0657),tensor(1.),tensor(1.),tensor(1.),tensor(0.0182),tensor(0.2503),tensor(0.1698),tensor(0.0782),tensor(0.2159),tensor(0.0265)
s_12706_jpg,tensor(0.0076),tensor(3.4295e-13),tensor(4.1684e-07),tensor(1.2435e-10),tensor(4.8622e-05),tensor(4.6048e-09),tensor(4.1725e-20),tensor(4.4838e-06),tensor(2.5716e-21),tensor(0.9992),tensor(0.0007),tensor(0.9529),tensor(0.0308),tensor(0.3047),tensor(1.),tensor(1.),tensor(0.4038),tensor(0.1041),tensor(0.0027),tensor(0.0639),tensor(0.0557),tensor(0.0004),tensor(0.0283),tensor(1.),tensor(0.0825),tensor(0.0321),tensor(0.0001),tensor(0.3460),tensor(1.),tensor(0.0063),tensor(1.),tensor(0.0069)
s_10671_jpg,tensor(0.9940),tensor(0.6206),tensor(1.8772e-08),tensor(1.0000),tensor(0.9992),tensor(7.6671e-20),tensor(3.1700e-30),tensor(9.4527e-36),tensor(3.6659e-20),tensor(5.3924e-29),tensor(2.6446e-20),tensor(0.0004),tensor(0.0003),tensor(1.),tensor(1.),tensor(1.),tensor(1.),tensor(1.),tensor(1.),tensor(0.0059),tensor(1.),tensor(0.4064),tensor(0.0041),tensor(1.),tensor(1.),tensor(1.),tensor(0.0008),tensor(0.1362),tensor(0.0568),tensor(0.0059),tensor(0.1210),tensor(0.0014)
s_4519_jpg,tensor(0.0207),tensor(4.4390e-09),tensor(3.5972e-05),tensor(2.0524e-08),tensor(0.0026),tensor(8.8918e-09),tensor(7.1008e-20),tensor(1.0351e-08),tensor(9.1457e-21),tensor(0.9973),tensor(0.0024),tensor(0.9732),tensor(0.0170),tensor(0.3567),tensor(1.),tensor(1.),tensor(0.4726),tensor(0.1436),tensor(0.0055),tensor(0.0478),tensor(0.0843),tensor(0.0007),tensor(0.0203),tensor(1.),tensor(0.1211),tensor(0.0615),tensor(0.0001),tensor(0.3569),tensor(1.),tensor(0.0049),tensor(1.),tensor(0.0059)
s_1594_jpg,tensor(0.0085),tensor(1.5221e-13),tensor(4.4984e-08),tensor(2.4360e-11),tensor(0.0004),tensor(1.9022e-13),tensor(2.7987e-24),tensor(3.9239e-10),tensor(8.8059e-33),tensor(0.9970),tensor(0.3881),tensor(0.9171),tensor(0.0040),tensor(0.3746),tensor(1.),tensor(1.),tensor(0.3620),tensor(0.0647),tensor(0.0004),tensor(0.0108),tensor(0.0269),tensor(3.9985e-05),tensor(0.0047),tensor(1.),tensor(0.0715),tensor(0.0137),tensor(5.5581e-06),tensor(0.5341),tensor(1.),tensor(0.0017),tensor(1.),tensor(0.0005)
s_1827_jpg,tensor(0.6037),tensor(0.9331),tensor(0.0597),tensor(1.),tensor(0.0564),tensor(2.6839e-13),tensor(1.7509e-18),tensor(1.3744e-26),tensor(4.4497e-19),tensor(2.7517e-19),tensor(1.9134e-14),tensor(0.0002),tensor(0.0061),tensor(1.),tensor(1.),tensor(1.),tensor(1.),tensor(1.),tensor(1.),tensor(0.0434),tensor(1.),tensor(0.3459),tensor(0.0283),tensor(1.),tensor(1.),tensor(1.),tensor(0.0138),tensor(0.3169),tensor(0.2034),tensor(0.0243),tensor(0.4796),tensor(0.0229)
s_3009_jpg,tensor(0.8845),tensor(0.3761),tensor(0.9998),tensor(1.),tensor(0.0008),tensor(1.0469e-20),tensor(1.5758e-28),tensor(1.7344e-34),tensor(2.9102e-23),tensor(4.1014e-24),tensor(2.2050e-16),tensor(0.0004),tensor(0.0004),tensor(1.),tensor(1.),tensor(1.),tensor(1.),tensor(1.),tensor(1.),tensor(0.0068),tensor(1.),tensor(0.2215),tensor(0.0030),tensor(1.),tensor(1.),tensor(1.),tensor(0.0026),tensor(0.2309),tensor(0.1117),tensor(0.0052),tensor(1.),tensor(0.0098)
s_3985_jpg,tensor(0.0044),tensor(5.5645e-16),tensor(3.6489e-07),tensor(5.9875e-12),tensor(3.9953e-05),tensor(1.3407e-09),tensor(4.3255e-22),tensor(0.0002),tensor(1.5766e-19),tensor(0.9997),tensor(2.4509e-05),tensor(0.9336),tensor(0.0314),tensor(0.2778),tensor(1.),tensor(1.),tensor(0.4068),tensor(0.1013),tensor(0.0017),tensor(0.0647),tensor(0.0377),tensor(0.0002),tensor(0.0261),tensor(1.),tensor(0.0633),tensor(0.0239),tensor(9.5681e-05),tensor(0.3000),tensor(1.),tensor(0.0049),tensor(1.),tensor(0.0071)
s_14120_jpg,tensor(1.7855e-06),tensor(7.7268e-15),tensor(4.0804e-26),tensor(1.7629e-08),tensor(4.2665e-08),tensor(0.2920),tensor(1.0000),tensor(0.0001),tensor(9.7419e-27),tensor(2.1843e-16),tensor(6.0703e-29),tensor(1.4647e-14),tensor(1.),tensor(0.0293),tensor(0.0608),tensor(1.),tensor(0.2294),tensor(0.0662),tensor(0.0009),tensor(1.),tensor(0.0252),tensor(1.1756e-05),tensor(1.),tensor(1.),tensor(0.0045),tensor(0.0028),tensor(1.0700e-06),tensor(0.0067),tensor(0.0185),tensor(9.3963e-05),tensor(0.0032),tensor(0.3202)
s_6050_jpg,tensor(2.7559e-09),tensor(1.3547e-24),tensor(0.),tensor(3.7543e-18),tensor(9.1364e-15),tensor(1.),tensor(1.0000),tensor(0.0007),tensor(0.),tensor(2.5273e-21),tensor(0.),tensor(2.2550e-21),tensor(1.),tensor(0.0022),tensor(0.0119),tensor(1.),tensor(0.1171),tensor(0.0093),tensor(1.1614e-05),tensor(1.),tensor(0.0028),tensor(6.9583e-09),tensor(1.),tensor(1.),tensor(0.0002),tensor(0.0001),tensor(2.6676e-10),tensor(0.0002),tensor(0.0010),tensor(1.0645e-07),tensor(0.0003),tensor(0.3173)
s_1744_jpg,tensor(0.0245),tensor(3.1875e-12),tensor(1.2371e-06),tensor(2.5652e-09),tensor(0.0023),tensor(2.5270e-10),tensor(4.6744e-22),tensor(2.8941e-08),tensor(2.1996e-28),tensor(0.9542),tensor(0.9553),tensor(0.8934),tensor(0.0068),tensor(0.4377),tensor(1.),tensor(1.),tensor(0.3722),tensor(0.0909),tensor(0.0015),tensor(0.0149),tensor(0.0494),tensor(0.0002),tensor(0.0083),tensor(1.),tensor(0.1090),tensor(0.0238),tensor(3.1318e-05),tensor(1.),tensor(1.),tensor(0.0049),tensor(1.),tensor(0.0011)
s_5070_jpg,tensor(0.9672),tensor(0.2492),tensor(6.2326e-05),tensor(1.),tensor(0.0740),tensor(2.3925e-26),tensor(1.2473e-34),tensor(0.),tensor(2.7711e-29),tensor(5.4745e-37),tensor(1.0138e-25),tensor(1.8908e-07),tensor(2.0604e-05),tensor(1.),tensor(1.),tensor(1.),tensor(1.),tensor(1.),tensor(1.),tensor(0.0012),tensor(1.),tensor(0.1929),tensor(0.0005),tensor(1.),tensor(1.),tensor(1.),tensor(0.0002),tensor(0.1705),tensor(0.0557),tensor(0.0016),tensor(0.3077),tensor(0.0004)
s_4357_jpg,tensor(0.0197),tensor(4.3687e-13),tensor(2.6690e-06),tensor(1.9667e-09),tensor(0.0023),tensor(5.7964e-11),tensor(4.4340e-24),tensor(6.2093e-09),tensor(8.9683e-29),tensor(0.9628),tensor(0.8548),tensor(0.9292),tensor(0.0041),tensor(0.4619),tensor(1.),tensor(1.),tensor(0.3631),tensor(0.0858),tensor(0.0012),tensor(0.0110),tensor(0.0397),tensor(0.0001),tensor(0.0052),tensor(1.),tensor(0.1085),tensor(0.0230),tensor(2.1029e-05),tensor(1.),tensor(1.),tensor(0.0041),tensor(1.),tensor(0.0008)
s_12451_jpg,tensor(0.2165),tensor(1.3311e-05),tensor(4.8704e-06),tensor(0.0003),tensor(2.3808e-05),tensor(7.3393e-09),tensor(3.4872e-15),tensor(8.7930e-21),tensor(2.9579e-05),tensor(0.0008),tensor(0.9998),tensor(0.0021),tensor(0.0042),tensor(1.),tensor(1.),tensor(1.),tensor(0.4145),tensor(0.3536),tensor(0.1016),tensor(0.0194),tensor(0.3238),tensor(0.0072),tensor(0.0074),tensor(1.),tensor(0.3697),tensor(0.3281),tensor(0.0016),tensor(1.),tensor(1.),tensor(0.1740),tensor(0.2208),tensor(0.0027)
s_4906_jpg,tensor(0.2916),tensor(7.7885e-13),tensor(3.6946e-07),tensor(9.2731e-08),tensor(0.0195),tensor(3.8935e-10),tensor(6.6424e-24),tensor(1.0501e-21),tensor(1.),tensor(2.6826e-08),tensor(0.9979),tensor(1.8164e-05),tensor(0.0021),tensor(1.),tensor(1.),tensor(1.),tensor(0.3727),tensor(0.4307),tensor(0.0148),tensor(0.0075),tensor(0.1829),tensor(0.0015),tensor(0.0022),tensor(1.),tensor(0.1458),tensor(0.0630),tensor(0.0001),tensor(1.),tensor(1.),tensor(1.),tensor(0.0084),tensor(0.0001)
s_1571_jpg,tensor(0.0004),tensor(2.2444e-07),tensor(1.7998e-13),tensor(0.0002),tensor(0.0006),tensor(0.3195),tensor(0.9964),tensor(0.0135),tensor(1.1466e-13),tensor(5.0967e-06),tensor(1.1277e-13),tensor(5.8120e-06),tensor(1.),tensor(0.1494),tensor(0.2439),tensor(1.),tensor(0.3798),tensor(0.2100),tensor(0.0325),tensor(1.),tensor(0.1575),tensor(0.0048),tensor(1.),tensor(1.),tensor(0.0864),tensor(0.0611),tensor(0.0015),tensor(0.0991),tensor(0.1380),tensor(0.0088),tensor(0.1068),tensor(0.3903)
s_10659_jpg,tensor(0.2314),tensor(0.9945),tensor(3.6115e-05),tensor(0.0647),tensor(0.0240),tensor(2.6833e-11),tensor(1.0814e-20),tensor(4.5093e-25),tensor(5.2683e-08),tensor(6.6550e-08),tensor(5.9302e-06),tensor(0.0604),tensor(0.0028),tensor(1.),tensor(1.),tensor(1.),tensor(1.),tensor(1.),tensor(0.3741),tensor(0.0150),tensor(1.),tensor(0.1644),tensor(0.0070),tensor(1.),tensor(1.),tensor(1.),tensor(0.0038),tensor(0.3966),tensor(0.2845),tensor(0.0547),tensor(0.2577),tensor(0.0040)
s_4125_jpg,tensor(0.8177),tensor(0.9628),tensor(0.0053),tensor(0.0010),tensor(0.9447),tensor(4.2929e-07),tensor(1.0140e-13),tensor(7.9491e-14),tensor(6.3574e-06),tensor(9.2434e-07),tensor(9.3960e-05),tensor(0.2591),tensor(0.0545),tensor(1.),tensor(1.),tensor(1.),tensor(1.),tensor(1.),tensor(0.4258),tensor(0.1056),tensor(1.),tensor(0.3495),tensor(0.0786),tensor(0.9997),tensor(1.),tensor(1.),tensor(0.0527),tensor(0.4457),tensor(0.3489),tensor(0.1354),tensor(0.4263),tensor(0.0647)
s_13867_jpg,tensor(0.1359),tensor(7.4485e-08),tensor(0.0436),tensor(0.0001),tensor(0.0027),tensor(0.0016),tensor(3.0943e-12),tensor(2.3672e-18),tensor(1.),tensor(3.0068e-11),tensor(1.3407e-06),tensor(4.3787e-06),tensor(0.0313),tensor(1.),tensor(1.),tensor(1.),tensor(0.4786),tensor(0.5032),tensor(0.0429),tensor(0.0824),tensor(0.2297),tensor(0.0093),tensor(0.0223),tensor(0.4030),tensor(0.1204),tensor(0.1047),tensor(0.0011),tensor(0.3622),tensor(0.3706),tensor(1.),tensor(0.0164),tensor(0.0043)
s_13918_jpg,tensor(0.0069),tensor(6.5390e-14),tensor(3.2997e-07),tensor(7.8139e-11),tensor(9.0630e-05),tensor(4.1140e-09),tensor(1.0087e-19),tensor(6.4869e-06),tensor(9.4248e-20),tensor(0.9990),tensor(0.0001),tensor(0.9579),tensor(0.0384),tensor(0.2811),tensor(1.),tensor(1.),tensor(0.4277),tensor(0.1165),tensor(0.0022),tensor(0.0750),tensor(0.0533),tensor(0.0004),tensor(0.0334),tensor(1.),tensor(0.0785),tensor(0.0293),tensor(0.0001),tensor(0.3220),tensor(1.),tensor(0.0056),tensor(1.),tensor(0.0076)
s_12079_jpg,tensor(0.2258),tensor(7.9045e-18),tensor(3.2615e-07),tensor(7.0698e-07),tensor(0.0059),tensor(1.1150e-12),tensor(7.5104e-31),tensor(8.7274e-32),tensor(1.),tensor(2.9849e-11),tensor(0.9992),tensor(2.4895e-07),tensor(0.0002),tensor(1.),tensor(1.),tensor(1.),tensor(0.2722),tensor(0.3776),tensor(0.0026),tensor(0.0014),tensor(0.0983),tensor(7.6777e-05),tensor(0.0002),tensor(1.),tensor(0.0573),tensor(0.0199),tensor(3.0777e-06),tensor(1.),tensor(1.),tensor(1.),tensor(0.0011),tensor(3.7642e-06)
s_9191_jpg,tensor(3.3541e-12),tensor(1.6366e-21),tensor(0.),tensor(5.5934e-15),tensor(2.3309e-12),tensor(1.),tensor(1.),tensor(1.),tensor(0.),tensor(7.4636e-14),tensor(0.),tensor(4.4335e-16),tensor(1.),tensor(0.0004),tensor(0.0033),tensor(0.9971),tensor(0.0961),tensor(0.0042),tensor(2.0209e-06),tensor(1.),tensor(0.0020),tensor(5.1196e-10),tensor(1.),tensor(1.),tensor(6.7792e-05),tensor(3.5569e-05),tensor(1.1408e-11),tensor(3.0486e-05),tensor(0.0002),tensor(2.4824e-09),tensor(1.8011e-05),tensor(1.)
s_13767_jpg,tensor(0.7650),tensor(0.0174),tensor(6.7192e-06),tensor(0.0919),tensor(0.9978),tensor(3.6521e-07),tensor(0.1098),tensor(0.0005),tensor(0.1482),tensor(2.4805e-05),tensor(0.0027),tensor(0.0047),tensor(0.2779),tensor(0.4838),tensor(0.4705),tensor(1.),tensor(0.6035),tensor(1.),tensor(0.3880),tensor(0.3398),tensor(1.0000),tensor(0.3033),tensor(0.3930),tensor(0.4279),tensor(0.4180),tensor(0.3480),tensor(0.0733),tensor(0.3303),tensor(0.2388),tensor(0.3180),tensor(0.1450),tensor(0.1663)
s_13155_jpg,tensor(0.8931),tensor(0.9955),tensor(0.9999),tensor(0.0009),tensor(0.0425),tensor(1.7451e-07),tensor(2.5177e-17),tensor(1.9749e-15),tensor(3.3582e-10),tensor(1.4748e-09),tensor(4.8158e-06),tensor(0.1388),tensor(0.0251),tensor(1.),tensor(1.),tensor(1.),tensor(1.),tensor(1.0000),tensor(0.3878),tensor(0.0704),tensor(1.),tensor(0.2393),tensor(0.0502),tensor(0.9999),tensor(1.),tensor(1.),tensor(0.0274),tensor(0.3170),tensor(0.2449),tensor(0.0490),tensor(1.0000),tensor(0.1181)
s_1700_jpg,tensor(2.2720e-12),tensor(6.0871e-25),tensor(0.),tensor(4.1391e-17),tensor(5.6923e-14),tensor(1.),tensor(1.),tensor(1.),tensor(0.),tensor(2.8517e-19),tensor(0.),tensor(1.6685e-20),tensor(1.),tensor(0.0003),tensor(0.0028),tensor(1.),tensor(0.0748),tensor(0.0032),tensor(1.0892e-06),tensor(1.),tensor(0.0010),tensor(1.4265e-10),tensor(1.),tensor(1.),tensor(4.0581e-05),tensor(1.7172e-05),tensor(2.9468e-12),tensor(1.4253e-05),tensor(0.0001),tensor(1.1496e-09),tensor(1.4894e-05),tensor(1.)
s_2725_jpg,tensor(0.1889),tensor(8.9829e-06),tensor(0.0002),tensor(0.0002),tensor(0.0003),tensor(1.0661e-05),tensor(7.8102e-05),tensor(2.1980e-14),tensor(1.0000),tensor(1.5805e-09),tensor(0.0154),tensor(1.7565e-06),tensor(0.0398),tensor(1.),tensor(1.),tensor(1.),tensor(0.3933),tensor(0.9692),tensor(0.1264),tensor(0.0857),tensor(0.2889),tensor(0.0337),tensor(0.0432),tensor(0.9680),tensor(0.2497),tensor(0.2120),tensor(0.0087),tensor(0.4878),tensor(0.4719),tensor(0.9224),tensor(0.0500),tensor(0.0117)
s_6457_jpg,tensor(0.0172),tensor(7.1011e-13),tensor(1.1204e-06),tensor(1.0282e-09),tensor(0.0009),tensor(1.3475e-11),tensor(1.5916e-24),tensor(1.6109e-09),tensor(3.5723e-32),tensor(0.9736),tensor(0.9582),tensor(0.8950),tensor(0.0032),tensor(0.4288),tensor(1.),tensor(1.),tensor(0.3597),tensor(0.0721),tensor(0.0009),tensor(0.0094),tensor(0.0390),tensor(7.7580e-05),tensor(0.0045),tensor(1.),tensor(0.0914),tensor(0.0203),tensor(1.0191e-05),tensor(1.),tensor(1.),tensor(0.0024),tensor(1.),tensor(0.0005)
s_13746_jpg,tensor(0.1375),tensor(0.9973),tensor(1.1439e-07),tensor(0.0029),tensor(0.0137),tensor(2.7746e-07),tensor(2.4716e-16),tensor(3.5500e-16),tensor(6.5334e-05),tensor(0.0005),tensor(0.0008),tensor(0.3562),tensor(0.0160),tensor(1.),tensor(1.),tensor(1.0000),tensor(0.7229),tensor(1.),tensor(0.3880),tensor(0.0401),tensor(1.),tensor(0.3139),tensor(0.0230),tensor(0.4827),tensor(1.),tensor(1.),tensor(0.0177),tensor(0.3712),tensor(0.2903),tensor(0.1460),tensor(0.1779),tensor(0.0124)
s_6971_jpg,tensor(3.3910e-06),tensor(1.8543e-13),tensor(5.6545e-27),tensor(3.0808e-09),tensor(1.5607e-07),tensor(0.9990),tensor(1.0000),tensor(0.0109),tensor(4.8950e-23),tensor(6.3106e-16),tensor(1.1265e-32),tensor(1.0252e-14),tensor(1.),tensor(0.0301),tensor(0.0662),tensor(1.),tensor(0.2318),tensor(0.0689),tensor(0.0015),tensor(1.),tensor(0.0318),tensor(1.8411e-05),tensor(1.),tensor(1.),tensor(0.0069),tensor(0.0047),tensor(2.0928e-06),tensor(0.0065),tensor(0.0151),tensor(0.0001),tensor(0.0045),tensor(0.3826)
s_67_jpg,tensor(0.0308),tensor(3.6489e-11),tensor(5.4079e-06),tensor(4.1951e-09),tensor(0.0053),tensor(8.4192e-10),tensor(6.9633e-23),tensor(6.2415e-08),tensor(8.2676e-27),tensor(0.8978),tensor(0.9280),tensor(0.9298),tensor(0.0059),tensor(0.4670),tensor(1.),tensor(1.),tensor(0.3906),tensor(0.1053),tensor(0.0020),tensor(0.0138),tensor(0.0567),tensor(0.0002),tensor(0.0073),tensor(1.),tensor(0.1390),tensor(0.0318),tensor(4.0000e-05),tensor(1.),tensor(1.),tensor(0.0054),tensor(1.),tensor(0.0011)
s_667_jpg,tensor(0.0519),tensor(9.9701e-10),tensor(7.6494e-05),tensor(6.6351e-07),tensor(0.0072),tensor(5.9093e-08),tensor(2.1740e-17),tensor(5.0405e-06),tensor(1.0240e-21),tensor(0.9610),tensor(0.8880),tensor(0.9230),tensor(0.0193),tensor(0.4637),tensor(1.),tensor(1.),tensor(0.3969),tensor(0.1438),tensor(0.0066),tensor(0.0352),tensor(0.0910),tensor(0.0013),tensor(0.0222),tensor(1.),tensor(0.1776),tensor(0.0571),tensor(0.0004),tensor(1.),tensor(1.),tensor(0.0166),tensor(1.),tensor(0.0050)
s_7770_jpg,tensor(0.4058),tensor(0.9889),tensor(9.9734e-06),tensor(1.),tensor(0.9929),tensor(4.3881e-31),tensor(0.),tensor(0.),tensor(5.5922e-33),tensor(0.),tensor(2.9564e-31),tensor(1.5378e-08),tensor(1.9420e-06),tensor(1.),tensor(1.),tensor(1.),tensor(1.),tensor(1.),tensor(1.),tensor(0.0002),tensor(1.),tensor(0.3085),tensor(9.2354e-05),tensor(1.),tensor(1.),tensor(1.),tensor(2.3656e-05),tensor(0.0701),tensor(0.0168),tensor(0.0001),tensor(0.2067),tensor(8.3381e-05)
s_12958_jpg,tensor(0.0938),tensor(8.4113e-11),tensor(8.6526e-06),tensor(2.9566e-08),tensor(0.0571),tensor(1.0235e-10),tensor(1.8787e-21),tensor(2.3377e-13),tensor(5.6770e-23),tensor(2.4182e-05),tensor(0.9998),tensor(0.0011),tensor(0.0058),tensor(1.),tensor(1.),tensor(1.),tensor(0.3471),tensor(0.1342),tensor(0.0025),tensor(0.0149),tensor(0.0807),tensor(0.0002),tensor(0.0072),tensor(1.),tensor(0.0989),tensor(0.0265),tensor(2.2827e-05),tensor(1.),tensor(1.),tensor(0.0182),tensor(0.2562),tensor(0.0005)
s_12243_jpg,tensor(0.8444),tensor(0.9828),tensor(0.9997),tensor(0.0492),tensor(0.9872),tensor(2.8200e-08),tensor(1.7256e-16),tensor(2.7137e-12),tensor(2.9330e-07),tensor(8.5920e-10),tensor(2.8290e-06),tensor(0.2323),tensor(0.0411),tensor(1.),tensor(1.),tensor(1.),tensor(1.),tensor(1.),tensor(0.4523),tensor(0.1137),tensor(1.),tensor(0.4518),tensor(0.0892),tensor(0.9999),tensor(1.),tensor(1.),tensor(0.0550),tensor(0.2587),tensor(0.1760),tensor(0.0530),tensor(1.),tensor(0.1605)
s_5082_jpg,tensor(0.7590),tensor(0.9700),tensor(0.3328),tensor(1.),tensor(0.9922),tensor(3.4069e-21),tensor(6.2059e-29),tensor(0.),tensor(3.7207e-24),tensor(2.1794e-29),tensor(3.2549e-22),tensor(3.3643e-06),tensor(0.0002),tensor(1.),tensor(1.),tensor(1.),tensor(1.),tensor(1.),tensor(1.),tensor(0.0053),tensor(1.),tensor(0.3849),tensor(0.0028),tensor(1.),tensor(1.),tensor(1.),tensor(0.0011),tensor(0.1327),tensor(0.0559),tensor(0.0016),tensor(0.4422),tensor(0.0045)
s_9263_jpg,tensor(3.0220e-08),tensor(2.1367e-19),tensor(8.3638e-38),tensor(1.8714e-12),tensor(4.7015e-11),tensor(0.9995),tensor(1.0000),tensor(0.0049),tensor(4.3128e-33),tensor(4.9026e-15),tensor(0.),tensor(2.0122e-16),tensor(1.),tensor(0.0080),tensor(0.0340),tensor(1.),tensor(0.1859),tensor(0.0252),tensor(0.0001),tensor(1.),tensor(0.0101),tensor(4.8415e-07),tensor(1.),tensor(1.),tensor(0.0016),tensor(0.0008),tensor(3.5658e-08),tensor(0.0016),tensor(0.0062),tensor(3.2609e-06),tensor(0.0025),tensor(0.3681)
s_13122_jpg,tensor(0.5083),tensor(0.8524),tensor(0.9999),tensor(1.),tensor(0.0148),tensor(2.6247e-20),tensor(5.9719e-29),tensor(1.1587e-33),tensor(1.6082e-20),tensor(5.8763e-23),tensor(1.6203e-16),tensor(0.0002),tensor(0.0004),tensor(1.),tensor(1.),tensor(1.),tensor(1.),tensor(1.),tensor(1.),tensor(0.0060),tensor(1.),tensor(0.2505),tensor(0.0027),tensor(1.),tensor(1.),tensor(1.),tensor(0.0027),tensor(0.1945),tensor(0.0896),tensor(0.0041),tensor(1.),tensor(0.0112)
s_119_jpg,tensor(2.4210e-05),tensor(5.4692e-23),tensor(1.3737e-30),tensor(6.8141e-23),tensor(2.2344e-16),tensor(1.),tensor(8.3160e-11),tensor(1.0503e-10),tensor(4.5883e-17),tensor(7.6539e-07),tensor(0.),tensor(4.2811e-08),tensor(1.),tensor(0.0138),tensor(0.1075),tensor(1.0000),tensor(0.3251),tensor(0.0348),tensor(0.0002),tensor(1.),tensor(0.0167),tensor(1.9536e-06),tensor(0.2128),tensor(1.),tensor(0.0038),tensor(0.0027),tensor(2.0763e-07),tensor(0.0014),tensor(0.0176),tensor(1.4860e-05),tensor(0.0308),tensor(0.1514)
s_14761_jpg,tensor(0.0019),tensor(3.4279e-18),tensor(8.2199e-10),tensor(7.7454e-14),tensor(3.8659e-06),tensor(3.6595e-10),tensor(2.1774e-21),tensor(0.0001),tensor(9.4218e-23),tensor(1.0000),tensor(2.8661e-05),tensor(0.9825),tensor(0.0303),tensor(0.2181),tensor(1.),tensor(1.),tensor(0.3805),tensor(0.0785),tensor(0.0008),tensor(0.0592),tensor(0.0273),tensor(0.0001),tensor(0.0251),tensor(1.),tensor(0.0436),tensor(0.0138),tensor(3.3481e-05),tensor(0.2717),tensor(1.),tensor(0.0024),tensor(1.),tensor(0.0051)
s_420_jpg,tensor(0.9897),tensor(0.6660),tensor(0.0055),tensor(1.),tensor(0.9889),tensor(5.3117e-26),tensor(2.7549e-37),tensor(0.),tensor(1.9435e-30),tensor(2.7559e-38),tensor(3.4301e-28),tensor(1.2525e-06),tensor(2.6767e-05),tensor(1.),tensor(1.),tensor(1.),tensor(1.),tensor(1.),tensor(1.),tensor(0.0014),tensor(1.),tensor(0.4152),tensor(0.0007),tensor(1.),tensor(1.),tensor(1.),tensor(0.0002),tensor(0.1025),tensor(0.0301),tensor(0.0005),tensor(0.3774),tensor(0.0008)
s_7170_jpg,tensor(0.9659),tensor(0.9555),tensor(0.9991),tensor(0.0046),tensor(0.0006),tensor(3.9574e-13),tensor(1.6880e-26),tensor(3.9614e-27),tensor(8.3475e-15),tensor(1.6168e-14),tensor(2.1683e-09),tensor(0.1121),tensor(0.0023),tensor(1.),tensor(1.),tensor(1.),tensor(1.),tensor(1.),tensor(0.4219),tensor(0.0142),tensor(1.),tensor(0.2069),tensor(0.0084),tensor(1.),tensor(1.),tensor(1.),tensor(0.0079),tensor(0.3234),tensor(0.2233),tensor(0.0239),tensor(1.),tensor(0.0295)
s_109_jpg,tensor(0.0278),tensor(1.4549e-11),tensor(2.9614e-06),tensor(4.3294e-09),tensor(0.0033),tensor(7.1365e-10),tensor(7.9120e-23),tensor(7.0770e-09),tensor(8.3107e-28),tensor(0.9272),tensor(0.9544),tensor(0.9089),tensor(0.0055),tensor(0.4449),tensor(1.),tensor(1.),tensor(0.3896),tensor(0.0984),tensor(0.0017),tensor(0.0136),tensor(0.0586),tensor(0.0002),tensor(0.0073),tensor(1.),tensor(0.1249),tensor(0.0297),tensor(2.7952e-05),tensor(1.),tensor(1.),tensor(0.0043),tensor(1.),tensor(0.0010)
s_9984_jpg,tensor(0.7629),tensor(0.9623),tensor(0.0002),tensor(1.0000),tensor(0.9784),tensor(7.1065e-18),tensor(1.4819e-29),tensor(8.3374e-34),tensor(3.4643e-17),tensor(9.3645e-24),tensor(1.6298e-17),tensor(0.0006),tensor(0.0005),tensor(1.),tensor(1.),tensor(1.),tensor(1.),tensor(1.),tensor(1.),tensor(0.0073),tensor(1.),tensor(0.3582),tensor(0.0040),tensor(1.),tensor(1.),tensor(1.),tensor(0.0017),tensor(0.1549),tensor(0.0703),tensor(0.0067),tensor(0.3062),tensor(0.0040)
s_719_jpg,tensor(1.3330e-07),tensor(4.9083e-18),tensor(1.8546e-30),tensor(1.5622e-09),tensor(6.9124e-10),tensor(0.0343),tensor(1.),tensor(2.0616e-06),tensor(1.7821e-33),tensor(3.7400e-21),tensor(2.6509e-33),tensor(5.3994e-18),tensor(1.),tensor(0.0166),tensor(0.0327),tensor(1.),tensor(0.1726),tensor(0.0398),tensor(0.0002),tensor(1.),tensor(0.0100),tensor(9.5344e-07),tensor(1.),tensor(1.),tensor(0.0011),tensor(0.0007),tensor(5.3198e-08),tensor(0.0028),tensor(0.0110),tensor(2.2985e-05),tensor(0.0006),tensor(0.2405)
s_2315_jpg,tensor(0.0042),tensor(1.1092e-09),tensor(2.1994e-07),tensor(1.0213e-10),tensor(7.0344e-08),tensor(0.9995),tensor(5.2074e-07),tensor(2.7116e-07),tensor(1.1887e-06),tensor(0.0064),tensor(3.1924e-10),tensor(0.0622),tensor(0.4709),tensor(0.1831),tensor(0.3614),tensor(1.),tensor(0.4658),tensor(0.2215),tensor(0.0234),tensor(0.7452),tensor(0.1656),tensor(0.0055),tensor(0.2969),tensor(1.),tensor(0.0909),tensor(0.0877),tensor(0.0022),tensor(0.1111),tensor(0.3137),tensor(0.0189),tensor(0.3398),tensor(0.2150)
s_13466_jpg,tensor(1.2311e-06),tensor(8.9580e-13),tensor(2.7558e-29),tensor(2.4016e-11),tensor(9.3263e-08),tensor(1.0000),tensor(0.9999),tensor(0.0595),tensor(1.8343e-22),tensor(1.5776e-14),tensor(4.4968e-35),tensor(3.8177e-13),tensor(1.),tensor(0.0250),tensor(0.0665),tensor(1.),tensor(0.2430),tensor(0.0702),tensor(0.0015),tensor(1.),tensor(0.0341),tensor(1.7545e-05),tensor(1.),tensor(1.),tensor(0.0092),tensor(0.0059),tensor(1.5811e-06),tensor(0.0036),tensor(0.0087),tensor(6.0582e-05),tensor(0.0044),tensor(0.3642)
s_10521_jpg,tensor(0.8873),tensor(0.9997),tensor(0.0018),tensor(1.0000),tensor(0.9769),tensor(1.3425e-20),tensor(9.5786e-36),tensor(0.),tensor(2.3341e-21),tensor(1.2062e-25),tensor(6.8369e-20),tensor(0.0015),tensor(0.0001),tensor(1.),tensor(1.),tensor(1.),tensor(1.),tensor(1.),tensor(1.),tensor(0.0020),tensor(1.),tensor(0.3862),tensor(0.0011),tensor(1.),tensor(1.),tensor(1.),tensor(0.0006),tensor(0.1253),tensor(0.0545),tensor(0.0017),tensor(0.3435),tensor(0.0018)
s_8640_jpg,tensor(0.9976),tensor(0.8303),tensor(3.4260e-10),tensor(0.0147),tensor(0.9926),tensor(6.8053e-15),tensor(5.8535e-29),tensor(9.3366e-29),tensor(3.5060e-12),tensor(4.8538e-19),tensor(3.7611e-12),tensor(0.3374),tensor(0.0013),tensor(1.),tensor(1.),tensor(1.),tensor(1.),tensor(1.),tensor(0.4310),tensor(0.0092),tensor(1.),tensor(0.3865),tensor(0.0072),tensor(1.0000),tensor(1.),tensor(1.),tensor(0.0027),tensor(0.2777),tensor(0.1620),tensor(0.0315),tensor(0.1320),tensor(0.0026)
s_5649_jpg,tensor(0.2500),tensor(0.9968),tensor(1.2291e-05),tensor(1.),tensor(0.9982),tensor(3.9285e-24),tensor(2.6378e-35),tensor(0.),tensor(6.4965e-26),tensor(4.8567e-33),tensor(2.4472e-25),tensor(3.2795e-07),tensor(4.2966e-05),tensor(1.),tensor(1.),tensor(1.),tensor(1.),tensor(1.),tensor(1.),tensor(0.0018),tensor(1.),tensor(0.3487),tensor(0.0011),tensor(1.),tensor(1.),tensor(1.),tensor(0.0003),tensor(0.1055),tensor(0.0337),tensor(0.0014),tensor(0.2556),tensor(0.0008)
s_14323_jpg,tensor(0.0104),tensor(3.6424e-14),tensor(9.0161e-07),tensor(5.1213e-10),tensor(0.0002),tensor(1.6749e-12),tensor(1.6637e-26),tensor(6.8776e-10),tensor(2.8722e-34),tensor(0.9963),tensor(0.9228),tensor(0.9524),tensor(0.0021),tensor(0.4280),tensor(1.),tensor(1.),tensor(0.3493),tensor(0.0583),tensor(0.0005),tensor(0.0067),tensor(0.0275),tensor(3.6630e-05),tensor(0.0031),tensor(1.),tensor(0.0825),tensor(0.0161),tensor(5.1638e-06),tensor(1.),tensor(1.),tensor(0.0016),tensor(1.),tensor(0.0004)
s_7573_jpg,tensor(0.0017),tensor(1.8441e-18),tensor(6.0969e-10),tensor(7.5883e-14),tensor(1.8776e-06),tensor(8.2341e-10),tensor(9.9144e-21),tensor(0.0001),tensor(1.2492e-22),tensor(1.0000),tensor(2.2055e-05),tensor(0.9763),tensor(0.0341),tensor(0.2091),tensor(1.),tensor(1.),tensor(0.3777),tensor(0.0763),tensor(0.0007),tensor(0.0641),tensor(0.0274),tensor(0.0001),tensor(0.0279),tensor(1.),tensor(0.0423),tensor(0.0135),tensor(3.2853e-05),tensor(0.2672),tensor(1.),tensor(0.0024),tensor(1.),tensor(0.0055)
s_14571_jpg,tensor(0.5708),tensor(0.9465),tensor(0.9967),tensor(1.),tensor(0.9928),tensor(2.9599e-18),tensor(1.4847e-26),tensor(3.9712e-33),tensor(8.6754e-20),tensor(1.1798e-24),tensor(2.4203e-18),tensor(2.2529e-05),tensor(0.0006),tensor(1.),tensor(1.),tensor(1.),tensor(1.),tensor(1.),tensor(1.),tensor(0.0112),tensor(1.),tensor(0.4329),tensor(0.0069),tensor(1.),tensor(1.),tensor(1.),tensor(0.0031),tensor(0.1390),tensor(0.0611),tensor(0.0039),tensor(0.9996),tensor(0.0139)
s_8497_jpg,tensor(0.2780),tensor(6.3749e-06),tensor(0.0002),tensor(0.0001),tensor(0.0037),tensor(1.6702e-07),tensor(1.1459e-12),tensor(9.1705e-14),tensor(0.0002),tensor(0.0001),tensor(0.9955),tensor(0.0010),tensor(0.0243),tensor(1.),tensor(1.),tensor(1.),tensor(0.4709),tensor(0.3768),tensor(0.0840),tensor(0.0580),tensor(0.3230),tensor(0.0164),tensor(0.0332),tensor(1.),tensor(0.3282),tensor(0.2385),tensor(0.0038),tensor(1.),tensor(1.),tensor(0.2334),tensor(0.1925),tensor(0.0086)
s_7854_jpg,tensor(0.9752),tensor(0.9964),tensor(0.9997),tensor(0.0006),tensor(0.9426),tensor(1.9557e-14),tensor(7.0479e-30),tensor(1.5669e-24),tensor(1.9663e-14),tensor(1.1477e-16),tensor(1.6665e-11),tensor(0.1954),tensor(0.0024),tensor(1.),tensor(1.),tensor(1.),tensor(1.),tensor(1.),tensor(0.3726),tensor(0.0148),tensor(1.),tensor(0.3787),tensor(0.0092),tensor(1.0000),tensor(1.),tensor(1.),tensor(0.0061),tensor(0.2364),tensor(0.1371),tensor(0.0120),tensor(1.),tensor(0.0281)
s_4536_jpg,tensor(0.9278),tensor(0.8953),tensor(1.0000),tensor(0.0950),tensor(0.0011),tensor(7.4103e-13),tensor(1.4640e-22),tensor(1.0811e-19),tensor(2.5972e-15),tensor(9.6533e-12),tensor(3.1453e-07),tensor(0.3839),tensor(0.0066),tensor(1.),tensor(1.),tensor(1.),tensor(1.),tensor(1.),tensor(0.4305),tensor(0.0287),tensor(1.),tensor(0.2352),tensor(0.0177),tensor(1.),tensor(1.),tensor(1.),tensor(0.0149),tensor(0.4041),tensor(0.2680),tensor(0.0248),tensor(1.),tensor(0.0517)
s_13543_jpg,tensor(0.0216),tensor(1.6396e-11),tensor(8.1747e-05),tensor(4.2385e-08),tensor(0.0121),tensor(8.0590e-11),tensor(1.8730e-20),tensor(5.4276e-08),tensor(4.0127e-22),tensor(0.9981),tensor(0.0014),tensor(0.9734),tensor(0.0198),tensor(0.3634),tensor(1.),tensor(1.),tensor(0.4266),tensor(0.1329),tensor(0.0036),tensor(0.0507),tensor(0.0600),tensor(0.0005),tensor(0.0224),tensor(1.),tensor(0.1022),tensor(0.0408),tensor(0.0002),tensor(0.3712),tensor(1.),tensor(0.0061),tensor(1.),tensor(0.0050)
s_15317_jpg,tensor(2.2542e-06),tensor(3.1784e-16),tensor(6.7347e-26),tensor(1.1119e-08),tensor(7.7393e-09),tensor(0.0206),tensor(1.0000),tensor(2.3603e-07),tensor(1.1776e-29),tensor(4.6223e-19),tensor(1.6442e-27),tensor(3.9052e-15),tensor(1.),tensor(0.0299),tensor(0.0547),tensor(1.),tensor(0.2082),tensor(0.0648),tensor(0.0006),tensor(1.),tensor(0.0186),tensor(4.9922e-06),tensor(1.),tensor(1.),tensor(0.0029),tensor(0.0017),tensor(3.5765e-07),tensor(0.0061),tensor(0.0184),tensor(8.4374e-05),tensor(0.0015),tensor(0.2095)
s_15065_jpg,tensor(6.0438e-14),tensor(6.6164e-31),tensor(0.),tensor(1.1374e-20),tensor(3.9856e-18),tensor(1.),tensor(1.),tensor(1.),tensor(0.),tensor(9.7688e-23),tensor(0.),tensor(1.8066e-26),tensor(1.),tensor(7.5585e-05),tensor(0.0009),tensor(1.),tensor(0.0489),tensor(0.0011),tensor(6.7051e-08),tensor(1.),tensor(0.0003),tensor(2.0809e-12),tensor(1.),tensor(1.),tensor(5.0073e-06),tensor(2.1100e-06),tensor(2.1472e-14),tensor(3.7793e-06),tensor(4.0980e-05),tensor(3.6034e-11),tensor(1.7277e-06),tensor(1.)
s_11923_jpg,tensor(0.2788),tensor(6.1182e-11),tensor(1.8194e-07),tensor(2.2835e-07),tensor(0.0223),tensor(6.8091e-09),tensor(9.1316e-20),tensor(6.2482e-21),tensor(1.),tensor(3.1986e-08),tensor(0.9862),tensor(6.5311e-05),tensor(0.0032),tensor(1.),tensor(1.),tensor(1.),tensor(0.3682),tensor(0.4716),tensor(0.0184),tensor(0.0098),tensor(0.1935),tensor(0.0022),tensor(0.0030),tensor(0.9999),tensor(0.1447),tensor(0.0752),tensor(0.0002),tensor(1.),tensor(1.),tensor(1.),tensor(0.0086),tensor(0.0002)
s_15819_jpg,tensor(0.9930),tensor(0.9182),tensor(1.1807e-08),tensor(5.3449e-05),tensor(0.9781),tensor(3.7037e-11),tensor(3.8275e-21),tensor(3.1966e-21),tensor(7.7163e-08),tensor(3.2169e-13),tensor(6.6198e-08),tensor(0.1502),tensor(0.0073),tensor(1.),tensor(1.),tensor(1.),tensor(1.),tensor(1.),tensor(0.3166),tensor(0.0272),tensor(1.),tensor(0.2904),tensor(0.0168),tensor(0.4958),tensor(1.),tensor(1.),tensor(0.0068),tensor(0.3741),tensor(0.2785),tensor(0.0957),tensor(0.1602),tensor(0.0061)
s_6916_jpg,tensor(0.0125),tensor(1.1958e-10),tensor(1.9329e-07),tensor(5.3929e-10),tensor(0.0001),tensor(3.3204e-05),tensor(4.0452e-13),tensor(0.0003),tensor(3.8283e-13),tensor(0.9983),tensor(4.7522e-05),tensor(0.9777),tensor(0.1235),tensor(0.2954),tensor(1.),tensor(1.),tensor(0.4582),tensor(0.1792),tensor(0.0095),tensor(0.1739),tensor(0.1058),tensor(0.0032),tensor(0.0898),tensor(1.),tensor(0.1243),tensor(0.0632),tensor(0.0012),tensor(0.3023),tensor(1.),tensor(0.0193),tensor(1.),tensor(0.0301)
s_126_jpg,tensor(0.5977),tensor(0.9934),tensor(2.6133e-11),tensor(0.0032),tensor(0.9749),tensor(1.7853e-12),tensor(3.1390e-23),tensor(2.2730e-24),tensor(1.4644e-06),tensor(3.7344e-10),tensor(5.1548e-08),tensor(0.1904),tensor(0.0027),tensor(1.),tensor(1.),tensor(1.),tensor(1.),tensor(1.),tensor(0.4187),tensor(0.0134),tensor(1.),tensor(0.3461),tensor(0.0079),tensor(0.9651),tensor(1.),tensor(1.),tensor(0.0041),tensor(0.3320),tensor(0.2253),tensor(0.0889),tensor(0.0801),tensor(0.0024)
s_3787_jpg,tensor(0.2469),tensor(1.4314e-06),tensor(0.0001),tensor(6.2853e-05),tensor(0.0056),tensor(3.1558e-07),tensor(7.8470e-13),tensor(2.4175e-21),tensor(1.),tensor(2.3538e-12),tensor(0.0679),tensor(1.1044e-06),tensor(0.0078),tensor(1.),tensor(1.),tensor(1.),tensor(0.4315),tensor(0.4951),tensor(0.0184),tensor(0.0252),tensor(0.2056),tensor(0.0034),tensor(0.0057),tensor(0.4383),tensor(0.0963),tensor(0.0628),tensor(0.0002),tensor(0.4414),tensor(0.4599),tensor(1.),tensor(0.0064),tensor(0.0005)
s_6593_jpg,tensor(0.0002),tensor(6.9618e-09),tensor(6.3619e-14),tensor(3.6243e-05),tensor(0.0001),tensor(0.0669),tensor(1.0000),tensor(1.8616e-06),tensor(5.4559e-18),tensor(2.0372e-16),tensor(2.2970e-16),tensor(7.8846e-11),tensor(1.),tensor(0.1176),tensor(0.1244),tensor(1.),tensor(0.3012),tensor(0.1820),tensor(0.0095),tensor(1.),tensor(0.0760),tensor(0.0004),tensor(1.),tensor(1.),tensor(0.0190),tensor(0.0147),tensor(5.0260e-05),tensor(0.0270),tensor(0.0559),tensor(0.0036),tensor(0.0064),tensor(0.2413)
s_12700_jpg,tensor(0.1182),tensor(1.4502e-11),tensor(0.0004),tensor(1.4286e-05),tensor(0.0024),tensor(4.6873e-08),tensor(4.2529e-14),tensor(4.2916e-26),tensor(1.),tensor(4.5019e-18),tensor(3.2831e-05),tensor(1.9111e-09),tensor(0.0038),tensor(1.),tensor(1.),tensor(1.),tensor(0.3499),tensor(0.4396),tensor(0.0053),tensor(0.0159),tensor(0.1257),tensor(0.0004),tensor(0.0025),tensor(0.4551),tensor(0.0348),tensor(0.0240),tensor(1.7429e-05),tensor(0.3724),tensor(0.4347),tensor(1.),tensor(0.0013),tensor(9.5786e-05)
s_10655_jpg,tensor(7.5649e-05),tensor(4.1317e-20),tensor(1.2301e-23),tensor(9.2924e-20),tensor(3.6137e-15),tensor(1.),tensor(1.3933e-09),tensor(1.3214e-10),tensor(1.0761e-15),tensor(8.6307e-06),tensor(5.7446e-32),tensor(2.4628e-06),tensor(1.),tensor(0.0284),tensor(0.1596),tensor(1.),tensor(0.3576),tensor(0.0529),tensor(0.0005),tensor(1.),tensor(0.0284),tensor(1.2651e-05),tensor(0.2330),tensor(1.),tensor(0.0080),tensor(0.0062),tensor(1.9455e-06),tensor(0.0054),tensor(0.0536),tensor(9.8632e-05),tensor(0.0688),tensor(0.1388)
s_9647_jpg,tensor(2.1016e-08),tensor(5.7561e-21),tensor(0.),tensor(1.0519e-12),tensor(7.7807e-12),tensor(0.9979),tensor(1.0000),tensor(0.0018),tensor(1.9819e-35),tensor(5.8053e-19),tensor(0.),tensor(1.2194e-19),tensor(1.),tensor(0.0058),tensor(0.0218),tensor(1.),tensor(0.1533),tensor(0.0202),tensor(6.0152e-05),tensor(1.),tensor(0.0064),tensor(1.2749e-07),tensor(1.),tensor(1.),tensor(0.0007),tensor(0.0004),tensor(6.3345e-09),tensor(0.0008),tensor(0.0034),tensor(1.2847e-06),tensor(0.0007),tensor(0.3716)
s_219_jpg,tensor(0.9982),tensor(0.9976),tensor(3.5509e-10),tensor(1.0000),tensor(0.2546),tensor(9.0990e-24),tensor(0.),tensor(0.),tensor(9.4452e-24),tensor(2.9312e-30),tensor(1.1534e-20),tensor(0.0268),tensor(1.6851e-05),tensor(1.),tensor(1.),tensor(1.),tensor(1.),tensor(1.),tensor(1.0000),tensor(0.0005),tensor(1.),tensor(0.2867),tensor(0.0003),tensor(1.),tensor(1.),tensor(1.),tensor(0.0001),tensor(0.1564),tensor(0.0630),tensor(0.0018),tensor(0.1222),tensor(0.0001)
s_10026_jpg,tensor(0.9853),tensor(0.9416),tensor(1.0000),tensor(0.0004),tensor(0.9415),tensor(3.5334e-13),tensor(1.1285e-25),tensor(1.3151e-19),tensor(4.7607e-13),tensor(9.5608e-16),tensor(1.7942e-10),tensor(0.2227),tensor(0.0053),tensor(1.),tensor(1.),tensor(1.),tensor(1.),tensor(1.),tensor(0.3835),tensor(0.0273),tensor(1.),tensor(0.3797),tensor(0.0179),tensor(1.0000),tensor(1.),tensor(1.),tensor(0.0109),tensor(0.2477),tensor(0.1545),tensor(0.0202),tensor(1.),tensor(0.0535)
s_9281_jpg,tensor(6.2502e-06),tensor(3.2604e-20),tensor(2.6195e-28),tensor(8.5554e-22),tensor(3.6732e-13),tensor(1.),tensor(8.8317e-11),tensor(4.5946e-10),tensor(6.7054e-15),tensor(4.4023e-06),tensor(1.2915e-37),tensor(3.1626e-06),tensor(1.),tensor(0.0187),tensor(0.1181),tensor(1.),tensor(0.3340),tensor(0.0466),tensor(0.0002),tensor(1.),tensor(0.0137),tensor(4.6807e-06),tensor(0.2259),tensor(1.),tensor(0.0050),tensor(0.0031),tensor(7.9257e-07),tensor(0.0034),tensor(0.0375),tensor(5.1033e-05),tensor(0.0517),tensor(0.1673)
s_3538_jpg,tensor(0.0338),tensor(2.4389e-08),tensor(1.0430e-06),tensor(4.9794e-09),tensor(4.1089e-07),tensor(8.9830e-06),tensor(7.5389e-15),tensor(0.0012),tensor(4.4967e-16),tensor(5.9395e-08),tensor(1.0000),tensor(7.3154e-05),tensor(0.0200),tensor(0.3340),tensor(1.),tensor(1.),tensor(0.4208),tensor(0.1131),tensor(0.0036),tensor(0.0275),tensor(0.1623),tensor(0.0003),tensor(0.0239),tensor(1.),tensor(0.1244),tensor(0.0414),tensor(5.6349e-05),tensor(1.),tensor(1.),tensor(0.0074),tensor(0.2436),tensor(0.0063)
s_12517_jpg,tensor(0.0418),tensor(7.2082e-12),tensor(2.8198e-05),tensor(2.3413e-08),tensor(0.0080),tensor(1.8896e-08),tensor(1.1131e-24),tensor(2.4467e-12),tensor(8.7493e-25),tensor(0.0317),tensor(0.9986),tensor(0.0954),tensor(0.0052),tensor(0.4264),tensor(1.),tensor(1.),tensor(0.3886),tensor(0.0898),tensor(0.0014),tensor(0.0121),tensor(0.0659),tensor(0.0001),tensor(0.0069),tensor(1.),tensor(0.0852),tensor(0.0210),tensor(1.8255e-05),tensor(1.),tensor(1.),tensor(0.0048),tensor(0.4693),tensor(0.0010)
s_13146_jpg,tensor(0.9418),tensor(0.9274),tensor(6.1830e-10),tensor(1.),tensor(0.5754),tensor(9.2467e-24),tensor(1.2652e-34),tensor(0.),tensor(9.7169e-28),tensor(7.1107e-35),tensor(2.5696e-26),tensor(5.1584e-06),tensor(3.8481e-05),tensor(1.),tensor(1.),tensor(1.),tensor(1.),tensor(1.),tensor(1.),tensor(0.0014),tensor(1.),tensor(0.3881),tensor(0.0008),tensor(1.),tensor(1.),tensor(1.),tensor(0.0002),tensor(0.1209),tensor(0.0434),tensor(0.0015),tensor(0.1212),tensor(0.0003)
s_10857_jpg,tensor(0.9431),tensor(0.9992),tensor(1.3160e-06),tensor(6.1335e-05),tensor(0.9968),tensor(3.0588e-11),tensor(2.4650e-23),tensor(1.6947e-22),tensor(3.0398e-08),tensor(3.1981e-12),tensor(9.3015e-08),tensor(0.1355),tensor(0.0057),tensor(1.),tensor(1.),tensor(1.),tensor(1.),tensor(1.),tensor(0.3779),tensor(0.0256),tensor(1.),tensor(0.2611),tensor(0.0163),tensor(0.4753),tensor(1.),tensor(1.),tensor(0.0040),tensor(0.2532),tensor(0.1694),tensor(0.0607),tensor(0.1292),tensor(0.0067)
s_3896_jpg,tensor(6.3408e-09),tensor(2.8915e-19),tensor(0.),tensor(1.5528e-13),tensor(5.6649e-11),tensor(1.0000),tensor(1.0000),tensor(0.0036),tensor(1.5394e-33),tensor(1.9923e-21),tensor(0.),tensor(2.4134e-20),tensor(1.),tensor(0.0052),tensor(0.0198),tensor(1.),tensor(0.1484),tensor(0.0203),tensor(6.7799e-05),tensor(1.),tensor(0.0066),tensor(9.7527e-08),tensor(1.),tensor(1.),tensor(0.0008),tensor(0.0004),tensor(4.1152e-09),tensor(0.0004),tensor(0.0017),tensor(8.6037e-07),tensor(0.0004),tensor(0.3446)
s_12711_jpg,tensor(0.8577),tensor(0.9572),tensor(0.0181),tensor(0.0015),tensor(0.9568),tensor(2.4326e-07),tensor(1.2476e-14),tensor(1.4526e-14),tensor(3.1684e-06),tensor(1.7247e-07),tensor(7.1305e-05),tensor(0.2616),tensor(0.0399),tensor(1.),tensor(1.),tensor(1.),tensor(1.),tensor(1.),tensor(0.4280),tensor(0.0987),tensor(1.),tensor(0.3813),tensor(0.0728),tensor(1.0000),tensor(1.),tensor(1.),tensor(0.0522),tensor(0.4114),tensor(0.3281),tensor(0.1262),tensor(0.4352),tensor(0.0658)
s_7731_jpg,tensor(0.9961),tensor(0.3617),tensor(1.2453e-11),tensor(0.0049),tensor(0.9908),tensor(8.3586e-15),tensor(8.0145e-27),tensor(4.1756e-28),tensor(2.4831e-09),tensor(8.6344e-18),tensor(4.5617e-11),tensor(0.1930),tensor(0.0015),tensor(1.),tensor(1.),tensor(1.),tensor(1.),tensor(1.),tensor(0.4118),tensor(0.0086),tensor(1.),tensor(0.3673),tensor(0.0063),tensor(1.0000),tensor(1.),tensor(1.),tensor(0.0031),tensor(0.3202),tensor(0.2103),tensor(0.0543),tensor(0.0871),tensor(0.0021)
s_5825_jpg,tensor(1.7022e-09),tensor(1.5252e-23),tensor(0.),tensor(1.1526e-15),tensor(7.5865e-14),tensor(1.0000),tensor(1.0000),tensor(2.2554e-05),tensor(0.),tensor(6.9749e-21),tensor(0.),tensor(1.6996e-20),tensor(1.),tensor(0.0029),tensor(0.0151),tensor(1.),tensor(0.1302),tensor(0.0115),tensor(1.6759e-05),tensor(1.),tensor(0.0035),tensor(1.3441e-08),tensor(1.),tensor(1.),tensor(0.0003),tensor(0.0001),tensor(4.1334e-10),tensor(0.0002),tensor(0.0014),tensor(1.7263e-07),tensor(0.0003),tensor(0.2570)
s_8288_jpg,tensor(2.9376e-13),tensor(3.7576e-26),tensor(0.),tensor(3.0006e-16),tensor(9.5806e-15),tensor(1.0000),tensor(1.),tensor(1.),tensor(0.),tensor(2.6033e-21),tensor(0.),tensor(8.6099e-24),tensor(1.),tensor(0.0003),tensor(0.0025),tensor(1.),tensor(0.0713),tensor(0.0029),tensor(6.7719e-07),tensor(1.),tensor(0.0008),tensor(8.6147e-11),tensor(1.),tensor(1.),tensor(2.7683e-05),tensor(1.0965e-05),tensor(1.1413e-12),tensor(2.0312e-05),tensor(0.0001),tensor(7.3575e-10),tensor(1.0161e-05),tensor(1.)
s_9985_jpg,tensor(0.2330),tensor(5.8146e-13),tensor(1.8129e-07),tensor(7.9291e-08),tensor(0.0068),tensor(1.4402e-10),tensor(2.3206e-21),tensor(1.2329e-21),tensor(1.),tensor(8.3899e-10),tensor(0.9950),tensor(3.4111e-06),tensor(0.0024),tensor(1.),tensor(1.),tensor(1.),tensor(0.3610),tensor(0.4213),tensor(0.0121),tensor(0.0084),tensor(0.1644),tensor(0.0011),tensor(0.0024),tensor(1.),tensor(0.1203),tensor(0.0535),tensor(7.3366e-05),tensor(1.),tensor(1.),tensor(1.),tensor(0.0064),tensor(0.0001)
s_15638_jpg,tensor(8.5557e-12),tensor(6.7161e-22),tensor(0.),tensor(1.2747e-13),tensor(8.6096e-13),tensor(0.2299),tensor(1.),tensor(1.),tensor(0.),tensor(1.6245e-17),tensor(0.),tensor(5.2460e-19),tensor(1.),tensor(0.0013),tensor(0.0055),tensor(1.),tensor(0.0985),tensor(0.0079),tensor(5.4864e-06),tensor(1.),tensor(0.0022),tensor(4.2310e-09),tensor(1.),tensor(1.),tensor(0.0001),tensor(5.7936e-05),tensor(1.1284e-10),tensor(0.0003),tensor(0.0011),tensor(4.7244e-08),tensor(2.7004e-05),tensor(1.)
s_14391_jpg,tensor(0.8650),tensor(0.9601),tensor(0.0210),tensor(0.1278),tensor(0.9933),tensor(7.4122e-07),tensor(4.3302e-13),tensor(1.5392e-12),tensor(6.6691e-06),tensor(2.2670e-08),tensor(6.1142e-06),tensor(0.3134),tensor(0.0535),tensor(1.),tensor(1.),tensor(1.),tensor(1.),tensor(1.),tensor(0.4765),tensor(0.1471),tensor(1.),tensor(0.4586),tensor(0.1187),tensor(0.9926),tensor(1.),tensor(1.),tensor(0.0641),tensor(0.3170),tensor(0.2395),tensor(0.1192),tensor(0.3623),tensor(0.1044)
s_15669_jpg,tensor(0.9931),tensor(0.2523),tensor(0.9999),tensor(0.0165),tensor(0.0085),tensor(1.3167e-09),tensor(2.4429e-18),tensor(1.3739e-15),tensor(1.2196e-12),tensor(1.8582e-13),tensor(2.3307e-08),tensor(0.3564),tensor(0.0245),tensor(1.),tensor(1.),tensor(1.),tensor(1.),tensor(1.0000),tensor(0.4485),tensor(0.0770),tensor(1.),tensor(0.3222),tensor(0.0570),tensor(1.),tensor(1.),tensor(1.),tensor(0.0402),tensor(0.3031),tensor(0.2352),tensor(0.0724),tensor(1.),tensor(0.1413)
s_11437_jpg,tensor(0.4028),tensor(4.2661e-08),tensor(0.0030),tensor(0.0086),tensor(0.0682),tensor(3.4565e-05),tensor(7.6294e-22),tensor(4.6280e-18),tensor(1.),tensor(0.0090),tensor(0.9986),tensor(0.0334),tensor(0.0093),tensor(1.),tensor(1.),tensor(1.),tensor(0.4090),tensor(0.4159),tensor(0.0804),tensor(0.0256),tensor(0.3029),tensor(0.0097),tensor(0.0105),tensor(1.0000),tensor(0.3220),tensor(0.1960),tensor(0.0021),tensor(1.),tensor(1.),tensor(1.),tensor(0.0326),tensor(0.0015)
s_4590_jpg,tensor(0.9893),tensor(0.1058),tensor(0.9986),tensor(1.),tensor(0.1728),tensor(4.1986e-20),tensor(1.2453e-26),tensor(1.3124e-33),tensor(1.5302e-23),tensor(6.0577e-28),tensor(6.0907e-20),tensor(8.5738e-05),tensor(0.0006),tensor(1.),tensor(1.),tensor(1.),tensor(1.),tensor(1.),tensor(1.),tensor(0.0100),tensor(1.),tensor(0.3661),tensor(0.0054),tensor(1.),tensor(1.),tensor(1.),tensor(0.0035),tensor(0.1861),tensor(0.0911),tensor(0.0053),tensor(1.),tensor(0.0158)
s_3630_jpg,tensor(0.9999),tensor(0.9441),tensor(9.6182e-13),tensor(8.4283e-05),tensor(0.9774),tensor(1.0667e-16),tensor(1.2521e-33),tensor(1.0382e-31),tensor(3.6458e-14),tensor(2.3280e-22),tensor(3.8873e-14),tensor(0.2239),tensor(0.0007),tensor(1.),tensor(1.),tensor(1.),tensor(1.),tensor(1.),tensor(0.3617),tensor(0.0049),tensor(1.),tensor(0.3401),tensor(0.0031),tensor(0.4973),tensor(1.),tensor(1.),tensor(0.0012),tensor(0.2748),tensor(0.1740),tensor(0.0283),tensor(0.0720),tensor(0.0010)
s_783_jpg,tensor(0.4094),tensor(0.0460),tensor(8.6123e-08),tensor(1.0000),tensor(0.9853),tensor(7.6289e-17),tensor(1.0030e-19),tensor(1.1893e-29),tensor(4.4915e-10),tensor(1.6271e-19),tensor(1.2495e-14),tensor(5.7288e-05),tensor(0.0012),tensor(1.),tensor(1.),tensor(1.),tensor(1.),tensor(1.),tensor(1.),tensor(0.0113),tensor(1.),tensor(0.2936),tensor(0.0065),tensor(1.),tensor(1.),tensor(1.),tensor(0.0035),tensor(0.2143),tensor(0.1245),tensor(0.0352),tensor(0.1471),tensor(0.0040)
s_8995_jpg,tensor(0.0373),tensor(5.2745e-11),tensor(4.3515e-05),tensor(1.2891e-07),tensor(0.0054),tensor(7.1148e-09),tensor(2.9538e-21),tensor(1.2389e-07),tensor(1.7271e-24),tensor(0.9385),tensor(0.9206),tensor(0.9567),tensor(0.0076),tensor(0.4684),tensor(1.),tensor(1.),tensor(0.3696),tensor(0.1091),tensor(0.0029),tensor(0.0174),tensor(0.0690),tensor(0.0004),tensor(0.0092),tensor(1.),tensor(0.1450),tensor(0.0382),tensor(8.4867e-05),tensor(1.),tensor(1.),tensor(0.0082),tensor(1.),tensor(0.0018)
s_6985_jpg,tensor(0.0094),tensor(8.6070e-16),tensor(3.1543e-08),tensor(1.1755e-12),tensor(0.0019),tensor(4.2291e-13),tensor(5.6359e-33),tensor(5.3054e-13),tensor(2.1393e-37),tensor(0.8897),tensor(0.9760),tensor(0.9574),tensor(0.0005),tensor(0.4946),tensor(1.),tensor(1.),tensor(0.3302),tensor(0.0443),tensor(0.0001),tensor(0.0018),tensor(0.0184),tensor(7.1769e-06),tensor(0.0007),tensor(1.),tensor(0.0585),tensor(0.0068),tensor(4.9597e-07),tensor(1.),tensor(1.),tensor(0.0007),tensor(1.),tensor(4.3846e-05)
s_4659_jpg,tensor(0.9762),tensor(0.9978),tensor(1.8550e-14),tensor(0.0001),tensor(0.9989),tensor(7.5209e-15),tensor(6.1471e-28),tensor(9.5057e-28),tensor(1.7647e-09),tensor(5.0777e-14),tensor(1.9734e-10),tensor(0.1935),tensor(0.0013),tensor(1.),tensor(1.),tensor(1.),tensor(1.),tensor(1.),tensor(0.3604),tensor(0.0077),tensor(1.),tensor(0.3467),tensor(0.0051),tensor(0.4989),tensor(1.),tensor(1.),tensor(0.0018),tensor(0.2851),tensor(0.1913),tensor(0.0636),tensor(0.0603),tensor(0.0009)
s_3510_jpg,tensor(0.5825),tensor(0.9214),tensor(0.9996),tensor(0.9999),tensor(0.9939),tensor(2.0707e-10),tensor(5.8259e-14),tensor(4.7783e-16),tensor(3.4893e-11),tensor(2.2822e-14),tensor(1.7951e-10),tensor(0.0014),tensor(0.0245),tensor(1.),tensor(1.),tensor(1.),tensor(1.),tensor(1.),tensor(1.),tensor(0.1132),tensor(1.),tensor(0.4490),tensor(0.0822),tensor(1.),tensor(1.),tensor(1.),tensor(0.0357),tensor(0.2265),tensor(0.1355),tensor(0.0280),tensor(1.),tensor(0.1233)
s_7873_jpg,tensor(0.0101),tensor(2.3320e-11),tensor(1.1487e-06),tensor(9.1214e-10),tensor(3.1965e-05),tensor(4.2619e-06),tensor(1.6956e-15),tensor(9.3980e-05),tensor(1.0051e-15),tensor(0.9959),tensor(0.0002),tensor(0.9083),tensor(0.0723),tensor(0.2884),tensor(1.),tensor(1.),tensor(0.4511),tensor(0.1516),tensor(0.0070),tensor(0.1232),tensor(0.0935),tensor(0.0014),tensor(0.0610),tensor(1.),tensor(0.1132),tensor(0.0597),tensor(0.0005),tensor(0.3047),tensor(1.),tensor(0.0103),tensor(1.),tensor(0.0197)
s_9830_jpg,tensor(5.3159e-06),tensor(1.0400e-17),tensor(7.4591e-33),tensor(3.8976e-20),tensor(3.4357e-11),tensor(1.),tensor(1.5551e-06),tensor(2.5593e-05),tensor(2.3908e-16),tensor(5.3035e-08),tensor(0.),tensor(1.7979e-08),tensor(1.),tensor(0.0172),tensor(0.0986),tensor(0.7075),tensor(0.3501),tensor(0.0521),tensor(0.0004),tensor(1.),tensor(0.0224),tensor(6.9746e-06),tensor(0.3090),tensor(1.),tensor(0.0067),tensor(0.0055),tensor(9.5959e-07),tensor(0.0020),tensor(0.0173),tensor(4.1553e-05),tensor(0.0259),tensor(0.2374)
s_15657_jpg,tensor(0.9975),tensor(0.0162),tensor(1.7896e-08),tensor(1.),tensor(0.5957),tensor(2.0663e-21),tensor(5.9739e-27),tensor(7.8851e-39),tensor(1.7147e-25),tensor(2.7955e-34),tensor(3.8438e-24),tensor(1.1251e-05),tensor(0.0003),tensor(1.),tensor(1.),tensor(1.),tensor(1.),tensor(1.),tensor(1.),tensor(0.0057),tensor(1.),tensor(0.3572),tensor(0.0032),tensor(1.),tensor(1.),tensor(1.),tensor(0.0011),tensor(0.2369),tensor(0.0947),tensor(0.0074),tensor(0.2501),tensor(0.0017)
s_8527_jpg,tensor(0.3483),tensor(3.5346e-10),tensor(5.9349e-05),tensor(0.0003),tensor(0.1138),tensor(5.0359e-08),tensor(2.4493e-19),tensor(6.4102e-20),tensor(1.),tensor(1.5079e-06),tensor(0.9950),tensor(0.0006),tensor(0.0061),tensor(1.),tensor(1.),tensor(1.),tensor(0.3671),tensor(0.4375),tensor(0.0327),tensor(0.0187),tensor(0.2275),tensor(0.0039),tensor(0.0063),tensor(1.),tensor(0.1637),tensor(0.0906),tensor(0.0005),tensor(1.),tensor(1.),tensor(1.),tensor(0.0133),tensor(0.0005)
s_14952_jpg,tensor(0.9668),tensor(0.9983),tensor(3.2472e-07),tensor(1.),tensor(0.9980),tensor(7.3106e-23),tensor(5.2889e-39),tensor(0.),tensor(1.3849e-25),tensor(1.5954e-31),tensor(1.5540e-22),tensor(0.0002),tensor(4.0537e-05),tensor(1.),tensor(1.),tensor(1.),tensor(1.),tensor(1.),tensor(1.),tensor(0.0020),tensor(1.),tensor(0.3842),tensor(0.0011),tensor(1.),tensor(1.),tensor(1.),tensor(0.0002),tensor(0.1098),tensor(0.0370),tensor(0.0018),tensor(0.1780),tensor(0.0005)
s_4146_jpg,tensor(0.7570),tensor(0.9989),tensor(1.0000),tensor(0.0003),tensor(1.0738e-07),tensor(5.3087e-08),tensor(3.5862e-19),tensor(1.2229e-18),tensor(3.5466e-16),tensor(4.9528e-08),tensor(0.0008),tensor(0.0377),tensor(0.0070),tensor(1.),tensor(1.),tensor(1.),tensor(1.),tensor(0.4627),tensor(0.3082),tensor(0.0310),tensor(0.8571),tensor(0.0466),tensor(0.0174),tensor(1.),tensor(1.),tensor(1.),tensor(0.0057),tensor(0.3598),tensor(0.3346),tensor(0.0213),tensor(1.),tensor(0.0415)
s_8733_jpg,tensor(0.9684),tensor(0.9623),tensor(1.1071e-05),tensor(0.9993),tensor(0.9645),tensor(4.3310e-15),tensor(6.8622e-28),tensor(3.0108e-29),tensor(5.1058e-14),tensor(1.3454e-20),tensor(2.7589e-14),tensor(0.0298),tensor(0.0013),tensor(1.),tensor(1.),tensor(1.),tensor(1.),tensor(1.),tensor(1.0000),tensor(0.0123),tensor(1.),tensor(0.3880),tensor(0.0087),tensor(1.),tensor(1.),tensor(1.),tensor(0.0040),tensor(0.2285),tensor(0.1235),tensor(0.0213),tensor(0.2591),tensor(0.0062)
s_3485_jpg,tensor(3.6161e-12),tensor(1.7600e-23),tensor(0.),tensor(6.6132e-16),tensor(3.0397e-13),tensor(1.),tensor(1.),tensor(1.),tensor(0.),tensor(7.5605e-18),tensor(0.),tensor(5.5933e-20),tensor(1.),tensor(0.0005),tensor(0.0040),tensor(1.),tensor(0.0999),tensor(0.0047),tensor(2.0658e-06),tensor(1.),tensor(0.0015),tensor(7.0224e-10),tensor(1.),tensor(1.),tensor(7.2798e-05),tensor(3.0975e-05),tensor(1.1383e-11),tensor(3.4284e-05),tensor(0.0002),tensor(3.4750e-09),tensor(3.0537e-05),tensor(1.)
s_2257_jpg,tensor(0.0185),tensor(3.2073e-13),tensor(1.4923e-06),tensor(8.4648e-10),tensor(0.0008),tensor(2.3067e-09),tensor(2.2622e-25),tensor(5.7428e-08),tensor(5.8914e-27),tensor(0.9620),tensor(0.9840),tensor(0.9476),tensor(0.0040),tensor(0.4480),tensor(1.),tensor(1.),tensor(0.3653),tensor(0.0789),tensor(0.0009),tensor(0.0090),tensor(0.0474),tensor(0.0001),tensor(0.0046),tensor(1.),tensor(0.1100),tensor(0.0204),tensor(1.5312e-05),tensor(1.),tensor(1.),tensor(0.0037),tensor(1.),tensor(0.0006)
s_12075_jpg,tensor(0.5336),tensor(0.5417),tensor(6.4332e-08),tensor(1.),tensor(0.9234),tensor(4.7365e-19),tensor(1.4594e-23),tensor(1.8750e-34),tensor(6.8873e-20),tensor(3.1601e-27),tensor(4.6300e-20),tensor(1.6706e-06),tensor(0.0005),tensor(1.),tensor(1.),tensor(1.),tensor(1.),tensor(1.),tensor(1.),tensor(0.0082),tensor(1.),tensor(0.3965),tensor(0.0053),tensor(1.),tensor(1.),tensor(1.),tensor(0.0019),tensor(0.1940),tensor(0.0875),tensor(0.0099),tensor(0.1639),tensor(0.0019)
s_14840_jpg,tensor(0.0005),tensor(2.0685e-05),tensor(3.4680e-12),tensor(0.0004),tensor(0.0040),tensor(0.3986),tensor(1.),tensor(1.0000),tensor(2.8078e-12),tensor(1.4794e-06),tensor(1.2764e-19),tensor(4.0945e-06),tensor(1.),tensor(0.1384),tensor(0.1637),tensor(1.0000),tensor(0.3446),tensor(0.2336),tensor(0.0419),tensor(1.),tensor(0.1700),tensor(0.0061),tensor(1.),tensor(1.),tensor(0.0800),tensor(0.0673),tensor(0.0016),tensor(0.0703),tensor(0.0835),tensor(0.0089),tensor(0.0344),tensor(1.)
s_13683_jpg,tensor(0.9978),tensor(0.9968),tensor(1.0000),tensor(6.8464e-05),tensor(0.8517),tensor(6.5075e-21),tensor(0.),tensor(4.5762e-36),tensor(7.0879e-21),tensor(1.0616e-23),tensor(1.9641e-16),tensor(0.0522),tensor(0.0002),tensor(1.),tensor(1.),tensor(1.),tensor(1.),tensor(1.),tensor(0.3582),tensor(0.0021),tensor(1.),tensor(0.2498),tensor(0.0010),tensor(1.),tensor(1.),tensor(1.),tensor(0.0007),tensor(0.1815),tensor(0.0836),tensor(0.0019),tensor(1.),tensor(0.0053)
s_102_jpg,tensor(0.8898),tensor(0.9543),tensor(0.0168),tensor(0.7676),tensor(0.9940),tensor(3.5012e-07),tensor(7.0762e-11),tensor(8.7802e-12),tensor(5.1303e-08),tensor(2.7961e-09),tensor(7.3583e-08),tensor(0.1588),tensor(0.0719),tensor(1.),tensor(1.),tensor(1.),tensor(1.),tensor(1.),tensor(0.9987),tensor(0.1484),tensor(1.),tensor(0.4821),tensor(0.1512),tensor(0.4957),tensor(1.),tensor(1.),tensor(0.0916),tensor(0.3195),tensor(0.2756),tensor(0.0973),tensor(0.3992),tensor(0.1433)
s_6748_jpg,tensor(0.2789),tensor(1.6694e-06),tensor(0.0005),tensor(0.0005),tensor(0.0038),tensor(2.6731e-08),tensor(1.9005e-14),tensor(9.8593e-16),tensor(8.0860e-07),tensor(7.0897e-05),tensor(0.9986),tensor(0.0008),tensor(0.0122),tensor(1.),tensor(1.),tensor(1.),tensor(0.4766),tensor(0.3501),tensor(0.0575),tensor(0.0371),tensor(0.2917),tensor(0.0097),tensor(0.0189),tensor(1.),tensor(0.3130),tensor(0.2233),tensor(0.0017),tensor(1.),tensor(1.),tensor(0.1518),tensor(0.2270),tensor(0.0051)
s_5229_jpg,tensor(0.5013),tensor(0.9992),tensor(2.7651e-09),tensor(0.0285),tensor(0.9861),tensor(1.1016e-12),tensor(1.8356e-26),tensor(6.5687e-25),tensor(1.0900e-08),tensor(1.2146e-11),tensor(1.6986e-09),tensor(0.3332),tensor(0.0019),tensor(1.),tensor(1.),tensor(1.),tensor(1.),tensor(1.),tensor(0.4219),tensor(0.0103),tensor(1.),tensor(0.3728),tensor(0.0064),tensor(0.9813),tensor(1.),tensor(1.),tensor(0.0032),tensor(0.2343),tensor(0.1417),tensor(0.0366),tensor(0.1174),tensor(0.0030)
s_4199_jpg,tensor(0.0004),tensor(1.4521e-08),tensor(4.7848e-17),tensor(3.5888e-11),tensor(0.0008),tensor(1.0000),tensor(1.3403e-05),tensor(0.0003),tensor(3.2757e-06),tensor(9.5031e-07),tensor(3.0040e-24),tensor(5.2140e-05),tensor(1.),tensor(0.1355),tensor(0.2645),tensor(1.),tensor(0.4364),tensor(0.2288),tensor(0.0211),tensor(1.),tensor(0.1506),tensor(0.0032),tensor(0.3115),tensor(1.),tensor(0.0737),tensor(0.0773),tensor(0.0008),tensor(0.0420),tensor(0.0904),tensor(0.0090),tensor(0.1154),tensor(0.2802)
s_2119_jpg,tensor(0.2060),tensor(6.1295e-05),tensor(0.0002),tensor(4.7605e-06),tensor(0.0744),tensor(5.7649e-05),tensor(3.2356e-16),tensor(1.5193e-06),tensor(2.9856e-15),tensor(0.4235),tensor(0.9874),tensor(0.9720),tensor(0.0197),tensor(1.),tensor(1.),tensor(1.),tensor(0.4732),tensor(0.2766),tensor(0.0335),tensor(0.0383),tensor(0.2423),tensor(0.0122),tensor(0.0246),tensor(1.),tensor(0.3659),tensor(0.1778),tensor(0.0019),tensor(1.),tensor(1.),tensor(0.0408),tensor(1.),tensor(0.0083)
s_14633_jpg,tensor(2.1409e-05),tensor(1.5881e-08),tensor(7.2756e-21),tensor(3.3302e-08),tensor(7.3159e-05),tensor(1.0000),tensor(1.),tensor(1.0000),tensor(1.1949e-15),tensor(2.5443e-07),tensor(2.6477e-34),tensor(1.6336e-06),tensor(1.),tensor(0.0492),tensor(0.0881),tensor(0.9313),tensor(0.2785),tensor(0.1290),tensor(0.0075),tensor(1.),tensor(0.0785),tensor(0.0003),tensor(1.),tensor(1.),tensor(0.0237),tensor(0.0227),tensor(5.8281e-05),tensor(0.0128),tensor(0.0213),tensor(0.0006),tensor(0.0095),tensor(1.)
s_182_jpg,tensor(3.7409e-10),tensor(5.8693e-25),tensor(0.),tensor(2.1069e-17),tensor(1.8795e-14),tensor(1.0000),tensor(1.0000),tensor(3.5639e-05),tensor(0.),tensor(5.6115e-23),tensor(0.),tensor(2.7127e-22),tensor(1.),tensor(0.0018),tensor(0.0103),tensor(1.),tensor(0.1102),tensor(0.0083),tensor(7.1168e-06),tensor(1.),tensor(0.0023),tensor(3.2073e-09),tensor(1.),tensor(1.),tensor(0.0002),tensor(7.3342e-05),tensor(7.2199e-11),tensor(9.6272e-05),tensor(0.0007),tensor(5.0065e-08),tensor(0.0001),tensor(0.2502)
s_10518_jpg,tensor(0.8065),tensor(0.9764),tensor(0.9984),tensor(1.),tensor(0.9970),tensor(2.7891e-30),tensor(0.),tensor(0.),tensor(3.7982e-33),tensor(0.),tensor(1.3113e-30),tensor(1.4666e-07),tensor(5.2436e-06),tensor(1.),tensor(1.),tensor(1.),tensor(1.),tensor(1.),tensor(1.),tensor(0.0005),tensor(1.),tensor(0.3901),tensor(0.0002),tensor(1.),tensor(1.),tensor(1.),tensor(7.1542e-05),tensor(0.0558),tensor(0.0139),tensor(9.8581e-05),tensor(1.),tensor(0.0008)
s_2064_jpg,tensor(0.9258),tensor(0.9906),tensor(8.0300e-11),tensor(1.),tensor(0.9906),tensor(1.0019e-21),tensor(1.6034e-31),tensor(0.),tensor(8.0196e-24),tensor(4.2266e-31),tensor(2.9115e-22),tensor(1.4636e-05),tensor(0.0001),tensor(1.),tensor(1.),tensor(1.),tensor(1.),tensor(1.),tensor(1.),tensor(0.0031),tensor(1.),tensor(0.3137),tensor(0.0017),tensor(1.),tensor(1.),tensor(1.),tensor(0.0003),tensor(0.1530),tensor(0.0587),tensor(0.0042),tensor(0.0992),tensor(0.0004)
s_3120_jpg,tensor(0.6738),tensor(0.7193),tensor(0.9964),tensor(1.),tensor(0.8308),tensor(3.4823e-23),tensor(6.0289e-28),tensor(1.0091e-37),tensor(9.6911e-27),tensor(9.2180e-32),tensor(4.4492e-24),tensor(2.4611e-07),tensor(0.0002),tensor(1.),tensor(1.),tensor(1.),tensor(1.),tensor(1.),tensor(1.),tensor(0.0056),tensor(1.),tensor(0.3249),tensor(0.0027),tensor(1.),tensor(1.),tensor(1.),tensor(0.0014),tensor(0.1280),tensor(0.0532),tensor(0.0019),tensor(1.),tensor(0.0062)
s_11993_jpg,tensor(0.0063),tensor(3.5789e-05),tensor(1.5691e-07),tensor(7.4692e-05),tensor(0.0970),tensor(0.0095),tensor(0.9913),tensor(6.9889e-06),tensor(2.0052e-10),tensor(2.6425e-11),tensor(9.5563e-07),tensor(5.0779e-05),tensor(0.9360),tensor(0.3279),tensor(0.2641),tensor(1.),tensor(0.3375),tensor(0.3230),tensor(0.0602),tensor(1.),tensor(0.1690),tensor(0.0112),tensor(0.4983),tensor(1.),tensor(0.0838),tensor(0.0725),tensor(0.0048),tensor(0.1980),tensor(0.2217),tensor(0.1058),tensor(0.0448),tensor(0.2256)
s_13207_jpg,tensor(0.1149),tensor(1.1646e-08),tensor(0.0014),tensor(7.9478e-06),tensor(0.0050),tensor(8.4829e-05),tensor(7.7707e-13),tensor(1.3877e-19),tensor(1.),tensor(1.9760e-11),tensor(1.6211e-06),tensor(6.0608e-06),tensor(0.0211),tensor(1.),tensor(1.),tensor(1.),tensor(0.4536),tensor(0.6045),tensor(0.0185),tensor(0.0599),tensor(0.1778),tensor(0.0053),tensor(0.0136),tensor(0.4152),tensor(0.0823),tensor(0.0653),tensor(0.0005),tensor(0.3703),tensor(0.4366),tensor(1.),tensor(0.0130),tensor(0.0018)
s_13169_jpg,tensor(7.2809e-08),tensor(3.7085e-13),tensor(3.8180e-29),tensor(1.4035e-08),tensor(2.2415e-07),tensor(0.9877),tensor(1.),tensor(1.),tensor(2.3816e-27),tensor(9.3646e-13),tensor(0.),tensor(9.4756e-13),tensor(1.),tensor(0.0120),tensor(0.0301),tensor(1.),tensor(0.1929),tensor(0.0424),tensor(0.0005),tensor(1.),tensor(0.0208),tensor(3.3372e-06),tensor(1.),tensor(1.),tensor(0.0029),tensor(0.0018),tensor(2.9209e-07),tensor(0.0028),tensor(0.0061),tensor(1.2890e-05),tensor(0.0010),tensor(1.)
s_8464_jpg,tensor(0.0243),tensor(1.6121e-11),tensor(1.4306e-05),tensor(2.4618e-08),tensor(0.0008),tensor(6.5242e-10),tensor(1.1856e-22),tensor(5.0354e-08),tensor(1.7332e-28),tensor(0.9941),tensor(0.9186),tensor(0.9591),tensor(0.0056),tensor(0.4548),tensor(1.),tensor(1.),tensor(0.3785),tensor(0.0944),tensor(0.0020),tensor(0.0141),tensor(0.0579),tensor(0.0002),tensor(0.0072),tensor(1.),tensor(0.1263),tensor(0.0350),tensor(4.1330e-05),tensor(1.),tensor(1.),tensor(0.0047),tensor(1.),tensor(0.0012)
s_4508_jpg,tensor(5.7023e-08),tensor(1.5057e-11),tensor(1.2127e-24),tensor(7.4177e-08),tensor(6.5819e-07),tensor(0.4707),tensor(1.),tensor(1.),tensor(1.5894e-26),tensor(3.4815e-11),tensor(0.),tensor(9.0754e-11),tensor(1.),tensor(0.0192),tensor(0.0397),tensor(1.),tensor(0.2228),tensor(0.0634),tensor(0.0010),tensor(1.),tensor(0.0291),tensor(1.8309e-05),tensor(1.),tensor(1.),tensor(0.0054),tensor(0.0034),tensor(1.2354e-06),tensor(0.0072),tensor(0.0116),tensor(4.0887e-05),tensor(0.0016),tensor(1.)
s_14742_jpg,tensor(0.9912),tensor(0.9644),tensor(1.4814e-11),tensor(0.0003),tensor(0.9995),tensor(2.1977e-13),tensor(3.6455e-18),tensor(6.3195e-24),tensor(3.1141e-06),tensor(6.2697e-12),tensor(3.7006e-08),tensor(0.0116),tensor(0.0043),tensor(1.),tensor(1.),tensor(1.),tensor(1.),tensor(1.),tensor(0.3149),tensor(0.0255),tensor(1.),tensor(0.2367),tensor(0.0127),tensor(0.4809),tensor(1.0000),tensor(0.9461),tensor(0.0031),tensor(0.3216),tensor(0.2582),tensor(0.1189),tensor(0.0632),tensor(0.0024)
s_12797_jpg,tensor(2.5147e-10),tensor(1.0590e-23),tensor(0.),tensor(1.1719e-18),tensor(3.8110e-14),tensor(1.),tensor(1.0000),tensor(0.0111),tensor(0.),tensor(4.9381e-20),tensor(0.),tensor(1.3288e-20),tensor(1.),tensor(0.0017),tensor(0.0121),tensor(1.),tensor(0.1298),tensor(0.0088),tensor(1.0044e-05),tensor(1.),tensor(0.0028),tensor(6.0848e-09),tensor(1.),tensor(1.),tensor(0.0003),tensor(0.0001),tensor(2.0337e-10),tensor(0.0001),tensor(0.0008),tensor(5.8515e-08),tensor(0.0003),tensor(0.3376)
s_879_jpg,tensor(0.9994),tensor(0.2735),tensor(2.1312e-12),tensor(0.0010),tensor(0.9996),tensor(1.7637e-15),tensor(1.0621e-27),tensor(1.2795e-27),tensor(1.3729e-11),tensor(5.8969e-20),tensor(4.0078e-13),tensor(0.3392),tensor(0.0015),tensor(1.),tensor(1.),tensor(1.),tensor(1.),tensor(1.),tensor(0.3579),tensor(0.0064),tensor(1.),tensor(0.3819),tensor(0.0059),tensor(0.9963),tensor(1.),tensor(1.),tensor(0.0023),tensor(0.2845),tensor(0.2019),tensor(0.0393),tensor(0.0774),tensor(0.0021)
s_8025_jpg,tensor(0.9999),tensor(0.9995),tensor(2.5178e-06),tensor(0.0014),tensor(5.3735e-05),tensor(1.6830e-09),tensor(2.8151e-22),tensor(1.3138e-20),tensor(4.6734e-14),tensor(1.2540e-12),tensor(1.4161e-06),tensor(0.0327),tensor(0.0107),tensor(1.),tensor(1.),tensor(0.9999),tensor(1.),tensor(0.4857),tensor(0.3139),tensor(0.0306),tensor(1.),tensor(0.1374),tensor(0.0241),tensor(1.),tensor(1.),tensor(1.),tensor(0.0067),tensor(0.4583),tensor(0.3112),tensor(0.0531),tensor(0.3719),tensor(0.0161)
s_2574_jpg,tensor(0.9105),tensor(0.9767),tensor(0.0299),tensor(1.),tensor(3.2822e-06),tensor(8.3175e-17),tensor(4.1396e-25),tensor(2.5813e-38),tensor(6.3248e-26),tensor(3.2648e-25),tensor(8.0110e-17),tensor(0.0001),tensor(0.0005),tensor(1.),tensor(1.),tensor(1.),tensor(1.),tensor(1.),tensor(1.),tensor(0.0077),tensor(1.),tensor(0.1143),tensor(0.0039),tensor(1.),tensor(1.),tensor(1.),tensor(0.0018),tensor(0.2475),tensor(0.1471),tensor(0.0072),tensor(0.4375),tensor(0.0046)
s_11871_jpg,tensor(0.9984),tensor(0.9230),tensor(8.9852e-10),tensor(0.0006),tensor(0.9976),tensor(7.4724e-11),tensor(3.8319e-20),tensor(5.8771e-19),tensor(7.7180e-07),tensor(1.1800e-13),tensor(6.4996e-08),tensor(0.0822),tensor(0.0108),tensor(1.),tensor(1.),tensor(1.),tensor(1.),tensor(1.),tensor(0.4045),tensor(0.0359),tensor(1.),tensor(0.3531),tensor(0.0337),tensor(0.4900),tensor(1.),tensor(1.),tensor(0.0101),tensor(0.2691),tensor(0.2153),tensor(0.1113),tensor(0.1164),tensor(0.0092)
s_12960_jpg,tensor(0.8507),tensor(0.5370),tensor(0.9996),tensor(0.0032),tensor(0.9804),tensor(1.4119e-08),tensor(1.0443e-15),tensor(1.7083e-14),tensor(1.7565e-05),tensor(7.2712e-10),tensor(1.8043e-06),tensor(0.0779),tensor(0.0386),tensor(1.),tensor(1.),tensor(1.),tensor(1.),tensor(1.),tensor(0.4196),tensor(0.1081),tensor(1.),tensor(0.3896),tensor(0.0743),tensor(0.9986),tensor(1.),tensor(1.),tensor(0.0403),tensor(0.2957),tensor(0.2216),tensor(0.0754),tensor(0.9999),tensor(0.1449)
s_4896_jpg,tensor(0.8809),tensor(0.9848),tensor(3.9323e-07),tensor(0.2042),tensor(0.9949),tensor(5.2265e-08),tensor(5.9610e-15),tensor(2.5137e-15),tensor(7.9371e-06),tensor(2.7660e-09),tensor(5.1781e-06),tensor(0.3043),tensor(0.0215),tensor(1.),tensor(1.),tensor(1.),tensor(1.),tensor(1.),tensor(0.4958),tensor(0.0865),tensor(1.),tensor(0.4223),tensor(0.0613),tensor(0.9966),tensor(1.),tensor(1.0000),tensor(0.0193),tensor(0.2663),tensor(0.1933),tensor(0.1038),tensor(0.1272),tensor(0.0193)
s_825_jpg,tensor(0.8676),tensor(0.9724),tensor(0.9997),tensor(0.0565),tensor(0.9883),tensor(1.9630e-08),tensor(4.8864e-16),tensor(5.5373e-13),tensor(1.2340e-07),tensor(1.0029e-09),tensor(1.9988e-06),tensor(0.2213),tensor(0.0378),tensor(1.),tensor(1.),tensor(1.),tensor(1.),tensor(1.),tensor(0.4654),tensor(0.1205),tensor(1.),tensor(0.4714),tensor(0.0947),tensor(1.0000),tensor(1.),tensor(1.),tensor(0.0581),tensor(0.2616),tensor(0.1870),tensor(0.0607),tensor(1.),tensor(0.1663)
s_10227_jpg,tensor(0.9288),tensor(0.0859),tensor(0.9995),tensor(0.0521),tensor(0.9743),tensor(3.0294e-07),tensor(1.2496e-10),tensor(2.2351e-11),tensor(0.0089),tensor(1.6160e-09),tensor(1.2235e-05),tensor(0.0346),tensor(0.0866),tensor(1.),tensor(1.0000),tensor(1.),tensor(1.),tensor(1.0000),tensor(0.4353),tensor(0.1958),tensor(1.),tensor(0.4116),tensor(0.1534),tensor(0.4996),tensor(1.),tensor(1.),tensor(0.0961),tensor(0.3499),tensor(0.2989),tensor(0.1689),tensor(0.9991),tensor(0.2365)
s_6151_jpg,tensor(0.1607),tensor(3.1763e-09),tensor(2.1057e-05),tensor(2.8175e-07),tensor(0.0529),tensor(3.4530e-09),tensor(7.7829e-19),tensor(1.1760e-12),tensor(3.1600e-16),tensor(2.4959e-05),tensor(0.9997),tensor(0.0020),tensor(0.0073),tensor(1.),tensor(1.),tensor(1.),tensor(0.4045),tensor(0.2120),tensor(0.0072),tensor(0.0174),tensor(0.1376),tensor(0.0011),tensor(0.0087),tensor(1.),tensor(0.1696),tensor(0.0576),tensor(0.0001),tensor(1.),tensor(1.),tensor(0.0385),tensor(0.2587),tensor(0.0010)
s_13280_jpg,tensor(4.5856e-05),tensor(7.0162e-08),tensor(7.5169e-19),tensor(1.0080e-06),tensor(0.0002),tensor(1.0000),tensor(0.9992),tensor(0.0184),tensor(5.4397e-15),tensor(1.0229e-12),tensor(2.6801e-24),tensor(2.5340e-10),tensor(1.),tensor(0.0791),tensor(0.1291),tensor(1.),tensor(0.2928),tensor(0.1483),tensor(0.0116),tensor(1.),tensor(0.0893),tensor(0.0004),tensor(1.),tensor(1.),tensor(0.0347),tensor(0.0253),tensor(6.7067e-05),tensor(0.0191),tensor(0.0292),tensor(0.0013),tensor(0.0136),tensor(0.3762)
s_5993_jpg,tensor(5.0946e-10),tensor(4.0638e-15),tensor(1.0043e-33),tensor(4.3243e-10),tensor(4.3937e-09),tensor(0.2701),tensor(1.),tensor(1.),tensor(2.4268e-34),tensor(4.5155e-11),tensor(0.),tensor(3.0089e-12),tensor(1.),tensor(0.0081),tensor(0.0228),tensor(1.),tensor(0.1754),tensor(0.0298),tensor(0.0001),tensor(1.),tensor(0.0118),tensor(9.7490e-07),tensor(1.),tensor(1.),tensor(0.0016),tensor(0.0010),tensor(6.0698e-08),tensor(0.0036),tensor(0.0084),tensor(4.7054e-06),tensor(0.0006),tensor(1.)
s_4703_jpg,tensor(7.0583e-06),tensor(2.4368e-10),tensor(1.5941e-24),tensor(1.0353e-08),tensor(8.9442e-06),tensor(1.0000),tensor(0.9997),tensor(0.0136),tensor(1.5360e-18),tensor(2.8509e-14),tensor(5.7019e-31),tensor(3.8275e-12),tensor(1.),tensor(0.0435),tensor(0.0877),tensor(1.),tensor(0.2605),tensor(0.0965),tensor(0.0036),tensor(1.),tensor(0.0522),tensor(6.0066e-05),tensor(1.),tensor(1.),tensor(0.0155),tensor(0.0110),tensor(7.4970e-06),tensor(0.0079),tensor(0.0143),tensor(0.0002),tensor(0.0075),tensor(0.3664)
s_11140_jpg,tensor(0.0317),tensor(1.0373e-09),tensor(2.9584e-05),tensor(3.4436e-08),tensor(9.6362e-06),tensor(2.6089e-06),tensor(9.4901e-18),tensor(2.0611e-06),tensor(6.6655e-19),tensor(3.4636e-06),tensor(0.9998),tensor(0.0003),tensor(0.0169),tensor(0.3801),tensor(1.),tensor(1.),tensor(0.3654),tensor(0.1032),tensor(0.0031),tensor(0.0255),tensor(0.1151),tensor(0.0002),tensor(0.0185),tensor(1.),tensor(0.1029),tensor(0.0341),tensor(5.9797e-05),tensor(1.),tensor(1.),tensor(0.0095),tensor(0.3222),tensor(0.0038)
s_5834_jpg,tensor(0.0003),tensor(4.7779e-07),tensor(9.7763e-15),tensor(0.0001),tensor(0.0012),tensor(0.6202),tensor(0.9980),tensor(0.1778),tensor(1.6005e-13),tensor(1.3352e-05),tensor(3.9688e-15),tensor(3.7797e-06),tensor(1.),tensor(0.1474),tensor(0.2211),tensor(1.),tensor(0.3643),tensor(0.2038),tensor(0.0327),tensor(1.),tensor(0.1512),tensor(0.0049),tensor(1.),tensor(1.),tensor(0.0869),tensor(0.0650),tensor(0.0018),tensor(0.0944),tensor(0.1269),tensor(0.0085),tensor(0.1057),tensor(0.4387)
s_1785_jpg,tensor(0.9178),tensor(0.1380),tensor(4.7678e-08),tensor(1.),tensor(0.9957),tensor(4.2499e-24),tensor(1.8112e-28),tensor(0.),tensor(6.5461e-25),tensor(5.7370e-34),tensor(8.2199e-25),tensor(3.4500e-07),tensor(8.6805e-05),tensor(1.),tensor(1.),tensor(1.),tensor(1.),tensor(1.),tensor(1.),tensor(0.0028),tensor(1.),tensor(0.2952),tensor(0.0015),tensor(1.),tensor(1.),tensor(1.),tensor(0.0004),tensor(0.1868),tensor(0.0706),tensor(0.0037),tensor(0.1892),tensor(0.0007)
s_4374_jpg,tensor(0.4651),tensor(0.9977),tensor(7.0073e-09),tensor(1.0000),tensor(0.0473),tensor(1.7900e-19),tensor(1.1642e-34),tensor(0.),tensor(3.9744e-18),tensor(8.1693e-23),tensor(1.0149e-16),tensor(0.0013),tensor(8.2295e-05),tensor(1.),tensor(1.),tensor(1.),tensor(1.),tensor(1.),tensor(1.),tensor(0.0014),tensor(1.),tensor(0.2574),tensor(0.0007),tensor(1.),tensor(1.),tensor(1.),tensor(0.0004),tensor(0.1866),tensor(0.0812),tensor(0.0042),tensor(0.1214),tensor(0.0005)
s_4713_jpg,tensor(0.9049),tensor(0.9964),tensor(0.9882),tensor(1.0000),tensor(0.0168),tensor(9.1127e-17),tensor(9.5908e-30),tensor(1.3605e-34),tensor(8.7528e-18),tensor(1.4399e-20),tensor(9.1817e-14),tensor(0.0037),tensor(0.0005),tensor(1.),tensor(1.),tensor(1.),tensor(1.),tensor(1.),tensor(1.0000),tensor(0.0064),tensor(1.),tensor(0.2506),tensor(0.0035),tensor(1.),tensor(1.),tensor(1.),tensor(0.0029),tensor(0.2490),tensor(0.1241),tensor(0.0073),tensor(1.0000),tensor(0.0082)
s_9875_jpg,tensor(2.6773e-08),tensor(8.9591e-17),tensor(1.2761e-37),tensor(1.7205e-13),tensor(2.6825e-10),tensor(1.0000),tensor(1.),tensor(1.),tensor(2.0389e-30),tensor(2.0638e-14),tensor(0.),tensor(7.7716e-15),tensor(1.),tensor(0.0046),tensor(0.0203),tensor(1.0000),tensor(0.1577),tensor(0.0198),tensor(0.0001),tensor(1.),tensor(0.0100),tensor(2.4916e-07),tensor(1.),tensor(1.),tensor(0.0013),tensor(0.0007),tensor(1.8037e-08),tensor(0.0005),tensor(0.0019),tensor(9.1210e-07),tensor(0.0006),tensor(1.)
s_2077_jpg,tensor(0.1383),tensor(9.0474e-06),tensor(0.0054),tensor(8.4689e-05),tensor(0.0302),tensor(6.9194e-06),tensor(7.7377e-17),tensor(7.7960e-07),tensor(9.4306e-18),tensor(0.4721),tensor(0.9809),tensor(0.9204),tensor(0.0155),tensor(0.9991),tensor(1.),tensor(1.),tensor(0.4330),tensor(0.2093),tensor(0.0221),tensor(0.0341),tensor(0.1811),tensor(0.0050),tensor(0.0214),tensor(1.),tensor(0.2814),tensor(0.1315),tensor(0.0010),tensor(1.),tensor(1.),tensor(0.0251),tensor(1.),tensor(0.0076)
s_695_jpg,tensor(4.4624e-08),tensor(3.2706e-13),tensor(9.2492e-28),tensor(5.3882e-08),tensor(1.8032e-07),tensor(0.1724),tensor(1.),tensor(1.),tensor(2.6438e-29),tensor(3.8151e-13),tensor(0.),tensor(7.0326e-13),tensor(1.),tensor(0.0152),tensor(0.0321),tensor(1.),tensor(0.2047),tensor(0.0519),tensor(0.0005),tensor(1.),tensor(0.0209),tensor(5.9305e-06),tensor(1.),tensor(1.),tensor(0.0031),tensor(0.0021),tensor(4.5085e-07),tensor(0.0048),tensor(0.0092),tensor(2.1410e-05),tensor(0.0011),tensor(1.)
s_10674_jpg,tensor(0.9988),tensor(0.6913),tensor(0.0050),tensor(1.0000),tensor(3.9105e-05),tensor(8.3552e-19),tensor(3.4111e-32),tensor(0.),tensor(9.6297e-27),tensor(1.3207e-27),tensor(2.1082e-18),tensor(0.0054),tensor(0.0004),tensor(1.),tensor(1.),tensor(1.),tensor(1.),tensor(1.),tensor(1.),tensor(0.0064),tensor(1.),tensor(0.1806),tensor(0.0029),tensor(1.),tensor(1.),tensor(1.),tensor(0.0015),tensor(0.2793),tensor(0.1496),tensor(0.0079),tensor(0.4722),tensor(0.0039)
s_444_jpg,tensor(0.9177),tensor(0.9610),tensor(6.3883e-10),tensor(0.0002),tensor(0.9922),tensor(1.5322e-11),tensor(7.4716e-21),tensor(6.7481e-22),tensor(1.4928e-06),tensor(5.9785e-11),tensor(1.4511e-07),tensor(0.1694),tensor(0.0061),tensor(1.),tensor(1.),tensor(1.),tensor(1.),tensor(1.),tensor(0.3979),tensor(0.0242),tensor(1.),tensor(0.3015),tensor(0.0151),tensor(0.7357),tensor(1.),tensor(1.),tensor(0.0059),tensor(0.3787),tensor(0.2529),tensor(0.1180),tensor(0.1236),tensor(0.0046)
s_9486_jpg,tensor(0.6836),tensor(0.9843),tensor(1.2388e-06),tensor(0.9998),tensor(0.9912),tensor(7.1830e-11),tensor(9.5248e-17),tensor(4.4719e-20),tensor(5.0512e-11),tensor(4.6781e-14),tensor(1.8177e-10),tensor(0.0098),tensor(0.0083),tensor(1.),tensor(1.),tensor(1.),tensor(1.),tensor(1.),tensor(1.),tensor(0.0476),tensor(1.),tensor(0.4523),tensor(0.0409),tensor(1.),tensor(1.),tensor(1.),tensor(0.0163),tensor(0.2731),tensor(0.1830),tensor(0.0624),tensor(0.1865),tensor(0.0161)
s_8030_jpg,tensor(6.3497e-06),tensor(1.9169e-10),tensor(9.2679e-21),tensor(6.4419e-06),tensor(1.4878e-06),tensor(0.3327),tensor(1.),tensor(1.0000),tensor(6.0337e-22),tensor(1.2891e-10),tensor(6.2950e-29),tensor(3.0677e-11),tensor(1.),tensor(0.0438),tensor(0.0857),tensor(1.),tensor(0.2918),tensor(0.1020),tensor(0.0041),tensor(1.),tensor(0.0621),tensor(0.0001),tensor(1.),tensor(1.),tensor(0.0162),tensor(0.0111),tensor(1.9887e-05),tensor(0.0187),tensor(0.0322),tensor(0.0003),tensor(0.0090),tensor(1.)
s_8262_jpg,tensor(0.9581),tensor(0.9512),tensor(2.6161e-09),tensor(1.),tensor(0.8560),tensor(2.0806e-20),tensor(2.5074e-31),tensor(0.),tensor(5.6613e-19),tensor(2.0983e-27),tensor(1.1763e-18),tensor(0.0001),tensor(0.0001),tensor(1.),tensor(1.),tensor(1.),tensor(1.),tensor(1.),tensor(1.),tensor(0.0029),tensor(1.),tensor(0.2869),tensor(0.0015),tensor(1.),tensor(1.),tensor(1.),tensor(0.0005),tensor(0.1912),tensor(0.0863),tensor(0.0069),tensor(0.1038),tensor(0.0006)
s_5742_jpg,tensor(0.9968),tensor(0.6135),tensor(3.2217e-06),tensor(1.0000),tensor(0.9995),tensor(9.2988e-19),tensor(1.4901e-28),tensor(3.0887e-33),tensor(2.6975e-20),tensor(5.7233e-28),tensor(4.2476e-20),tensor(0.0011),tensor(0.0007),tensor(1.),tensor(1.),tensor(1.),tensor(1.),tensor(1.),tensor(1.),tensor(0.0101),tensor(1.),tensor(0.4284),tensor(0.0068),tensor(1.),tensor(1.),tensor(1.),tensor(0.0018),tensor(0.1480),tensor(0.0698),tensor(0.0063),tensor(0.2617),tensor(0.0042)
s_7196_jpg,tensor(7.1748e-10),tensor(3.4056e-21),tensor(0.),tensor(6.3252e-16),tensor(1.1443e-12),tensor(1.),tensor(1.),tensor(1.),tensor(1.1731e-36),tensor(4.6469e-18),tensor(0.),tensor(1.0689e-18),tensor(1.),tensor(0.0014),tensor(0.0076),tensor(1.),tensor(0.1178),tensor(0.0095),tensor(1.3731e-05),tensor(1.),tensor(0.0036),tensor(8.0785e-09),tensor(1.),tensor(1.),tensor(0.0003),tensor(0.0001),tensor(2.7284e-10),tensor(8.5497e-05),tensor(0.0004),tensor(4.1075e-08),tensor(9.1825e-05),tensor(1.)
s_6780_jpg,tensor(0.9938),tensor(0.0126),tensor(0.0013),tensor(1.),tensor(0.9978),tensor(1.5268e-23),tensor(7.4531e-28),tensor(6.2051e-39),tensor(2.7252e-27),tensor(3.8488e-36),tensor(5.1836e-28),tensor(1.2014e-06),tensor(0.0002),tensor(1.),tensor(1.),tensor(1.),tensor(1.),tensor(1.),tensor(1.),tensor(0.0034),tensor(1.),tensor(0.4095),tensor(0.0023),tensor(1.),tensor(1.),tensor(1.),tensor(0.0009),tensor(0.1043),tensor(0.0386),tensor(0.0016),tensor(0.4422),tensor(0.0037)
s_10762_jpg,tensor(0.0150),tensor(4.9827e-12),tensor(2.0301e-05),tensor(2.1006e-09),tensor(0.0022),tensor(3.0191e-10),tensor(1.4351e-21),tensor(6.0777e-07),tensor(3.6230e-22),tensor(0.9984),tensor(0.0020),tensor(0.9301),tensor(0.0195),tensor(0.3430),tensor(1.),tensor(1.),tensor(0.4138),tensor(0.1119),tensor(0.0030),tensor(0.0499),tensor(0.0565),tensor(0.0004),tensor(0.0207),tensor(1.),tensor(0.0885),tensor(0.0390),tensor(0.0001),tensor(0.3624),tensor(1.),tensor(0.0062),tensor(1.),tensor(0.0051)
s_6262_jpg,tensor(0.0064),tensor(3.1724e-14),tensor(2.3167e-07),tensor(2.2210e-10),tensor(1.6860e-05),tensor(1.0277e-06),tensor(1.6679e-15),tensor(2.2548e-05),tensor(4.0942e-16),tensor(0.9960),tensor(2.1094e-05),tensor(0.8880),tensor(0.0759),tensor(0.2703),tensor(1.),tensor(1.),tensor(0.4157),tensor(0.1306),tensor(0.0044),tensor(0.1263),tensor(0.0664),tensor(0.0009),tensor(0.0622),tensor(1.),tensor(0.0840),tensor(0.0392),tensor(0.0004),tensor(0.2875),tensor(1.),tensor(0.0106),tensor(1.),tensor(0.0201)
s_11407_jpg,tensor(0.0374),tensor(5.1031e-09),tensor(3.9620e-05),tensor(2.4818e-07),tensor(0.0008),tensor(1.0624e-07),tensor(3.4537e-19),tensor(4.9977e-06),tensor(3.5396e-23),tensor(0.9948),tensor(0.9500),tensor(0.9715),tensor(0.0137),tensor(0.4587),tensor(1.),tensor(1.),tensor(0.4014),tensor(0.1261),tensor(0.0056),tensor(0.0276),tensor(0.0920),tensor(0.0010),tensor(0.0160),tensor(1.),tensor(0.1828),tensor(0.0584),tensor(0.0002),tensor(1.),tensor(1.),tensor(0.0109),tensor(1.),tensor(0.0036)
s_3771_jpg,tensor(0.9786),tensor(0.0749),tensor(1.0000),tensor(1.),tensor(3.5456e-06),tensor(2.4513e-15),tensor(3.7686e-20),tensor(8.1963e-28),tensor(3.7833e-21),tensor(2.5904e-20),tensor(3.1864e-13),tensor(0.0043),tensor(0.0026),tensor(1.),tensor(1.),tensor(1.),tensor(1.),tensor(1.),tensor(1.),tensor(0.0235),tensor(1.),tensor(0.1506),tensor(0.0123),tensor(1.),tensor(1.),tensor(1.),tensor(0.0093),tensor(0.2522),tensor(0.1748),tensor(0.0187),tensor(1.),tensor(0.0441)
s_11097_jpg,tensor(0.9909),tensor(0.7672),tensor(1.0000),tensor(0.0044),tensor(0.0006),tensor(2.3941e-13),tensor(3.1747e-25),tensor(2.2778e-19),tensor(2.1728e-16),tensor(6.6083e-15),tensor(2.4823e-08),tensor(0.4087),tensor(0.0060),tensor(1.),tensor(1.),tensor(1.),tensor(1.),tensor(1.),tensor(0.3841),tensor(0.0282),tensor(1.),tensor(0.2314),tensor(0.0163),tensor(1.),tensor(1.),tensor(1.),tensor(0.0115),tensor(0.3970),tensor(0.2331),tensor(0.0300),tensor(1.),tensor(0.0494)
s_3524_jpg,tensor(0.0432),tensor(0.0004),tensor(0.0002),tensor(0.0005),tensor(0.0597),tensor(0.0020),tensor(0.9929),tensor(5.1152e-05),tensor(3.2704e-08),tensor(7.7310e-12),tensor(0.0002),tensor(5.8648e-06),tensor(0.4801),tensor(0.2882),tensor(0.2512),tensor(1.),tensor(0.3980),tensor(0.3825),tensor(0.0990),tensor(0.9999),tensor(0.2454),tensor(0.0231),tensor(0.9989),tensor(1.),tensor(0.1145),tensor(0.0973),tensor(0.0041),tensor(0.0981),tensor(0.1100),tensor(0.0537),tensor(0.0366),tensor(0.2490)
s_8331_jpg,tensor(0.9883),tensor(0.2934),tensor(6.1682e-07),tensor(1.),tensor(0.9858),tensor(3.8446e-21),tensor(1.4096e-32),tensor(7.5152e-39),tensor(6.0889e-21),tensor(2.8884e-31),tensor(1.0749e-21),tensor(9.1875e-05),tensor(0.0002),tensor(1.),tensor(1.),tensor(1.),tensor(1.),tensor(1.),tensor(1.),tensor(0.0040),tensor(1.),tensor(0.3575),tensor(0.0023),tensor(1.),tensor(1.),tensor(1.),tensor(0.0006),tensor(0.1608),tensor(0.0590),tensor(0.0050),tensor(0.2442),tensor(0.0014)
s_15823_jpg,tensor(0.1532),tensor(0.0010),tensor(0.0395),tensor(9.9332e-05),tensor(0.0028),tensor(8.5992e-05),tensor(5.2766e-17),tensor(3.0725e-07),tensor(1.5293e-14),tensor(7.6660e-06),tensor(0.9999),tensor(0.0047),tensor(0.0168),tensor(0.4528),tensor(1.),tensor(1.),tensor(0.4775),tensor(0.1818),tensor(0.0222),tensor(0.0375),tensor(0.2706),tensor(0.0024),tensor(0.0302),tensor(1.),tensor(0.2263),tensor(0.1288),tensor(0.0005),tensor(1.),tensor(1.),tensor(0.0195),tensor(0.3266),tensor(0.0124)
s_9701_jpg,tensor(7.3381e-05),tensor(2.2358e-08),tensor(2.9675e-17),tensor(8.2046e-06),tensor(0.0002),tensor(0.1572),tensor(1.),tensor(1.0000),tensor(4.6272e-17),tensor(1.9320e-05),tensor(1.7269e-22),tensor(5.5901e-06),tensor(1.),tensor(0.0948),tensor(0.1430),tensor(1.0000),tensor(0.3234),tensor(0.1606),tensor(0.0137),tensor(1.),tensor(0.1020),tensor(0.0016),tensor(1.),tensor(1.),tensor(0.0440),tensor(0.0348),tensor(0.0005),tensor(0.0622),tensor(0.0939),tensor(0.0034),tensor(0.0380),tensor(1.)
s_3265_jpg,tensor(0.0257),tensor(4.6326e-11),tensor(4.8437e-05),tensor(1.3412e-07),tensor(0.0004),tensor(9.5699e-09),tensor(1.6816e-22),tensor(1.3089e-07),tensor(7.4507e-26),tensor(0.9905),tensor(0.9724),tensor(0.9618),tensor(0.0063),tensor(0.4391),tensor(1.),tensor(1.),tensor(0.3833),tensor(0.0959),tensor(0.0024),tensor(0.0144),tensor(0.0723),tensor(0.0003),tensor(0.0080),tensor(1.),tensor(0.1375),tensor(0.0387),tensor(4.7928e-05),tensor(1.),tensor(1.),tensor(0.0049),tensor(1.),tensor(0.0015)
s_9470_jpg,tensor(1.4268e-12),tensor(8.2631e-24),tensor(0.),tensor(7.0452e-15),tensor(5.2945e-13),tensor(0.9993),tensor(1.),tensor(1.),tensor(0.),tensor(5.9458e-20),tensor(0.),tensor(7.2196e-22),tensor(1.),tensor(0.0005),tensor(0.0032),tensor(1.),tensor(0.0815),tensor(0.0044),tensor(1.6607e-06),tensor(1.),tensor(0.0012),tensor(4.3392e-10),tensor(1.),tensor(1.),tensor(4.7641e-05),tensor(1.9240e-05),tensor(7.2388e-12),tensor(4.7697e-05),tensor(0.0002),tensor(3.7606e-09),tensor(1.4014e-05),tensor(1.)
s_4121_jpg,tensor(3.9542e-07),tensor(6.9406e-16),tensor(2.6783e-27),tensor(2.0739e-08),tensor(2.9861e-08),tensor(0.0385),tensor(1.0000),tensor(2.6761e-06),tensor(1.3492e-29),tensor(1.4120e-18),tensor(7.9390e-30),tensor(1.4510e-15),tensor(1.),tensor(0.0256),tensor(0.0500),tensor(1.),tensor(0.2040),tensor(0.0566),tensor(0.0004),tensor(1.),tensor(0.0172),tensor(4.2248e-06),tensor(1.),tensor(1.),tensor(0.0025),tensor(0.0015),tensor(3.1006e-07),tensor(0.0055),tensor(0.0173),tensor(6.7668e-05),tensor(0.0016),tensor(0.2465)
s_4202_jpg,tensor(1.0116e-09),tensor(8.1315e-18),tensor(2.7702e-37),tensor(1.8620e-10),tensor(2.0105e-10),tensor(0.3588),tensor(1.),tensor(1.),tensor(8.6631e-38),tensor(9.6836e-16),tensor(0.),tensor(3.3818e-17),tensor(1.),tensor(0.0046),tensor(0.0154),tensor(1.),tensor(0.1478),tensor(0.0201),tensor(5.7577e-05),tensor(1.),tensor(0.0073),tensor(1.7018e-07),tensor(1.),tensor(1.),tensor(0.0007),tensor(0.0004),tensor(8.7352e-09),tensor(0.0014),tensor(0.0038),tensor(1.1038e-06),tensor(0.0002),tensor(1.)
s_11515_jpg,tensor(0.0286),tensor(1.4623e-09),tensor(5.6644e-05),tensor(3.0483e-08),tensor(0.0134),tensor(1.3277e-09),tensor(2.3612e-19),tensor(7.4775e-08),tensor(1.4247e-20),tensor(0.9884),tensor(0.0167),tensor(0.9211),tensor(0.0174),tensor(0.3814),tensor(1.),tensor(1.),tensor(0.4226),tensor(0.1337),tensor(0.0037),tensor(0.0437),tensor(0.0678),tensor(0.0007),tensor(0.0193),tensor(1.),tensor(0.1203),tensor(0.0474),tensor(0.0002),tensor(0.4039),tensor(1.),tensor(0.0087),tensor(1.),tensor(0.0053)
s_5136_jpg,tensor(0.9836),tensor(0.4146),tensor(0.2196),tensor(1.0000),tensor(0.9781),tensor(4.2654e-17),tensor(4.7467e-23),tensor(4.0425e-32),tensor(1.0940e-18),tensor(3.4707e-24),tensor(7.1923e-17),tensor(0.0003),tensor(0.0011),tensor(1.),tensor(1.),tensor(1.),tensor(1.),tensor(1.),tensor(1.),tensor(0.0144),tensor(1.),tensor(0.3727),tensor(0.0079),tensor(1.),tensor(1.),tensor(1.),tensor(0.0038),tensor(0.1846),tensor(0.0936),tensor(0.0060),tensor(0.4856),tensor(0.0127)
s_14670_jpg,tensor(0.9936),tensor(0.9930),tensor(0.9979),tensor(1.0000),tensor(0.0158),tensor(5.3101e-20),tensor(7.2939e-34),tensor(1.1112e-37),tensor(1.5888e-24),tensor(1.9279e-27),tensor(2.1884e-19),tensor(0.0016),tensor(0.0003),tensor(1.),tensor(1.),tensor(1.),tensor(1.),tensor(1.),tensor(1.),tensor(0.0059),tensor(1.),tensor(0.2961),tensor(0.0029),tensor(1.),tensor(1.),tensor(1.),tensor(0.0021),tensor(0.1831),tensor(0.0898),tensor(0.0043),tensor(1.),tensor(0.0090)
s_9631_jpg,tensor(0.0060),tensor(1.6018e-14),tensor(1.2706e-06),tensor(1.2968e-11),tensor(0.0002),tensor(3.8234e-11),tensor(1.6702e-25),tensor(1.5841e-07),tensor(3.6020e-23),tensor(0.9990),tensor(0.0002),tensor(0.9397),tensor(0.0132),tensor(0.3152),tensor(1.),tensor(1.),tensor(0.4208),tensor(0.0926),tensor(0.0012),tensor(0.0354),tensor(0.0362),tensor(0.0001),tensor(0.0133),tensor(1.),tensor(0.0640),tensor(0.0219),tensor(3.3760e-05),tensor(0.3306),tensor(1.),tensor(0.0030),tensor(1.),tensor(0.0027)
s_5453_jpg,tensor(0.0008),tensor(1.9003e-12),tensor(1.5929e-14),tensor(1.4303e-12),tensor(1.0656e-08),tensor(1.0000),tensor(6.1385e-08),tensor(4.0593e-08),tensor(3.6011e-08),tensor(0.0005),tensor(1.3090e-21),tensor(0.0006),tensor(1.),tensor(0.1005),tensor(0.2740),tensor(1.),tensor(0.4333),tensor(0.1425),tensor(0.0067),tensor(1.),tensor(0.0988),tensor(0.0008),tensor(0.3001),tensor(1.),tensor(0.0413),tensor(0.0378),tensor(0.0002),tensor(0.0386),tensor(0.1650),tensor(0.0039),tensor(0.1809),tensor(0.2087)
s_864_jpg,tensor(0.6137),tensor(0.9883),tensor(0.9969),tensor(1.),tensor(0.9785),tensor(1.4165e-21),tensor(3.5083e-30),tensor(6.0153e-37),tensor(2.6931e-23),tensor(3.6205e-29),tensor(5.1258e-22),tensor(2.5594e-06),tensor(0.0003),tensor(1.),tensor(1.),tensor(1.),tensor(1.),tensor(1.),tensor(1.),tensor(0.0057),tensor(1.),tensor(0.3555),tensor(0.0030),tensor(1.),tensor(1.),tensor(1.),tensor(0.0016),tensor(0.1278),tensor(0.0504),tensor(0.0020),tensor(1.),tensor(0.0077)
s_3820_jpg,tensor(0.2936),tensor(2.0776e-13),tensor(8.3525e-07),tensor(9.4007e-08),tensor(0.0246),tensor(5.6848e-11),tensor(1.7431e-22),tensor(4.1312e-22),tensor(1.),tensor(3.4853e-09),tensor(0.9932),tensor(2.0268e-06),tensor(0.0022),tensor(1.),tensor(1.),tensor(1.),tensor(0.3633),tensor(0.4103),tensor(0.0127),tensor(0.0079),tensor(0.1661),tensor(0.0013),tensor(0.0021),tensor(1.),tensor(0.1377),tensor(0.0561),tensor(9.3514e-05),tensor(1.),tensor(1.),tensor(1.),tensor(0.0113),tensor(0.0001)
s_15534_jpg,tensor(0.9945),tensor(0.9586),tensor(4.7191e-13),tensor(1.),tensor(0.9881),tensor(5.4650e-32),tensor(0.),tensor(0.),tensor(2.5987e-31),tensor(0.),tensor(2.0894e-31),tensor(4.0032e-06),tensor(1.1601e-06),tensor(1.),tensor(1.),tensor(1.),tensor(1.),tensor(1.),tensor(1.),tensor(9.5993e-05),tensor(1.),tensor(0.2602),tensor(4.3129e-05),tensor(1.),tensor(1.),tensor(1.),tensor(1.1832e-05),tensor(0.0903),tensor(0.0235),tensor(0.0003),tensor(0.1027),tensor(1.6087e-05)
s_5129_jpg,tensor(7.2602e-12),tensor(5.5287e-17),tensor(0.),tensor(6.5572e-11),tensor(3.3285e-10),tensor(1.0000),tensor(1.),tensor(1.),tensor(2.3873e-36),tensor(9.7237e-14),tensor(0.),tensor(3.1991e-14),tensor(1.),tensor(0.0012),tensor(0.0058),tensor(1.0000),tensor(0.1324),tensor(0.0117),tensor(1.4438e-05),tensor(1.),tensor(0.0051),tensor(1.1325e-08),tensor(1.),tensor(1.),tensor(0.0002),tensor(0.0002),tensor(2.3224e-10),tensor(0.0001),tensor(0.0004),tensor(3.0564e-08),tensor(3.5297e-05),tensor(1.)
s_15798_jpg,tensor(0.9486),tensor(0.9677),tensor(0.9998),tensor(1.),tensor(8.4487e-08),tensor(1.1620e-22),tensor(1.6047e-34),tensor(0.),tensor(1.5522e-33),tensor(1.8188e-31),tensor(7.0682e-22),tensor(9.4120e-06),tensor(5.7654e-05),tensor(1.),tensor(1.),tensor(1.),tensor(1.),tensor(1.),tensor(1.),tensor(0.0019),tensor(1.),tensor(0.0886),tensor(0.0008),tensor(1.),tensor(1.),tensor(1.),tensor(0.0005),tensor(0.1503),tensor(0.0720),tensor(0.0017),tensor(1.),tensor(0.0028)
s_9487_jpg,tensor(0.0280),tensor(4.9147e-11),tensor(3.8702e-06),tensor(9.3677e-09),tensor(0.0036),tensor(4.5001e-10),tensor(3.7372e-19),tensor(3.5623e-07),tensor(3.2672e-25),tensor(0.9777),tensor(0.6729),tensor(0.8702),tensor(0.0124),tensor(0.4270),tensor(1.),tensor(1.),tensor(0.4003),tensor(0.1138),tensor(0.0026),tensor(0.0266),tensor(0.0578),tensor(0.0004),tensor(0.0151),tensor(1.),tensor(0.1338),tensor(0.0372),tensor(9.7339e-05),tensor(1.0000),tensor(1.),tensor(0.0081),tensor(1.),tensor(0.0027)
s_5078_jpg,tensor(4.4531e-05),tensor(2.2875e-13),tensor(7.2942e-25),tensor(7.5681e-16),tensor(1.1157e-06),tensor(1.),tensor(2.7789e-07),tensor(3.7491e-06),tensor(6.4974e-10),tensor(7.9395e-09),tensor(1.0257e-34),tensor(3.4021e-07),tensor(1.),tensor(0.0502),tensor(0.1647),tensor(1.),tensor(0.3820),tensor(0.1143),tensor(0.0024),tensor(1.),tensor(0.0600),tensor(0.0001),tensor(0.2921),tensor(1.),tensor(0.0185),tensor(0.0171),tensor(1.7814e-05),tensor(0.0089),tensor(0.0343),tensor(0.0007),tensor(0.0446),tensor(0.2319)
s_14220_jpg,tensor(0.9564),tensor(0.6540),tensor(1.3594e-05),tensor(1.0000),tensor(0.9682),tensor(2.4276e-21),tensor(2.5388e-35),tensor(0.),tensor(1.2011e-18),tensor(4.9313e-27),tensor(6.0162e-19),tensor(0.0008),tensor(9.4133e-05),tensor(1.),tensor(1.),tensor(1.),tensor(1.),tensor(1.),tensor(1.),tensor(0.0021),tensor(1.),tensor(0.3133),tensor(0.0010),tensor(1.),tensor(1.),tensor(1.),tensor(0.0004),tensor(0.1515),tensor(0.0573),tensor(0.0030),tensor(0.2625),tensor(0.0011)
s_2148_jpg,tensor(0.8939),tensor(0.9621),tensor(0.2922),tensor(1.0000),tensor(0.9227),tensor(2.9728e-13),tensor(6.7343e-19),tensor(3.9544e-25),tensor(7.0258e-16),tensor(7.7871e-19),tensor(7.7916e-14),tensor(0.0008),tensor(0.0053),tensor(1.),tensor(1.),tensor(1.),tensor(1.),tensor(1.),tensor(1.),tensor(0.0382),tensor(1.),tensor(0.4121),tensor(0.0295),tensor(1.),tensor(1.),tensor(1.),tensor(0.0171),tensor(0.2630),tensor(0.1694),tensor(0.0247),tensor(0.4528),tensor(0.0357)
s_8718_jpg,tensor(0.9428),tensor(0.9770),tensor(0.0069),tensor(0.0025),tensor(0.0375),tensor(1.1152e-08),tensor(9.5944e-18),tensor(4.5874e-20),tensor(2.5716e-10),tensor(4.6563e-09),tensor(3.4052e-05),tensor(0.2564),tensor(0.0180),tensor(1.),tensor(1.),tensor(1.),tensor(1.),tensor(1.),tensor(0.4247),tensor(0.0524),tensor(1.),tensor(0.2161),tensor(0.0367),tensor(1.),tensor(1.),tensor(1.),tensor(0.0223),tensor(0.4588),tensor(0.3601),tensor(0.0789),tensor(0.4630),tensor(0.0321)
s_13034_jpg,tensor(0.0005),tensor(1.3009e-08),tensor(2.9816e-16),tensor(3.1824e-13),tensor(1.7367e-06),tensor(1.),tensor(9.0866e-05),tensor(0.0372),tensor(7.1530e-08),tensor(8.5622e-08),tensor(2.4281e-22),tensor(5.0624e-06),tensor(1.),tensor(0.1613),tensor(0.2897),tensor(0.4979),tensor(0.4169),tensor(0.2589),tensor(0.0335),tensor(1.),tensor(0.1917),tensor(0.0032),tensor(0.2525),tensor(1.0000),tensor(0.1403),tensor(0.1389),tensor(0.0006),tensor(0.0375),tensor(0.0600),tensor(0.0065),tensor(0.0863),tensor(0.2028)
s_13658_jpg,tensor(1.0189e-05),tensor(1.9054e-10),tensor(7.7430e-19),tensor(8.2280e-07),tensor(0.0002),tensor(0.0116),tensor(1.0000),tensor(8.6211e-06),tensor(5.0965e-21),tensor(2.8325e-18),tensor(3.5452e-21),tensor(1.6733e-12),tensor(1.),tensor(0.0862),tensor(0.0941),tensor(1.),tensor(0.2521),tensor(0.1347),tensor(0.0035),tensor(1.),tensor(0.0494),tensor(0.0001),tensor(1.),tensor(1.),tensor(0.0098),tensor(0.0071),tensor(1.3763e-05),tensor(0.0219),tensor(0.0432),tensor(0.0018),tensor(0.0035),tensor(0.2272)
s_13422_jpg,tensor(0.9967),tensor(0.9310),tensor(1.7489e-05),tensor(1.),tensor(0.9979),tensor(2.0589e-35),tensor(0.),tensor(0.),tensor(0.),tensor(0.),tensor(4.4493e-38),tensor(5.9502e-09),tensor(5.1719e-07),tensor(1.),tensor(1.),tensor(1.),tensor(1.),tensor(1.),tensor(1.),tensor(0.0001),tensor(1.),tensor(0.3284),tensor(5.0788e-05),tensor(1.),tensor(1.),tensor(1.),tensor(9.5758e-06),tensor(0.0504),tensor(0.0097),tensor(7.1702e-05),tensor(0.2752),tensor(5.2774e-05)
s_4127_jpg,tensor(4.7774e-11),tensor(2.9342e-21),tensor(0.),tensor(2.8328e-13),tensor(3.2364e-12),tensor(0.9998),tensor(1.),tensor(1.),tensor(0.),tensor(3.0385e-17),tensor(0.),tensor(1.6153e-19),tensor(1.),tensor(0.0014),tensor(0.0079),tensor(1.),tensor(0.1188),tensor(0.0087),tensor(1.0150e-05),tensor(1.),tensor(0.0033),tensor(7.7704e-09),tensor(1.),tensor(1.),tensor(0.0002),tensor(9.8499e-05),tensor(2.1371e-10),tensor(0.0002),tensor(0.0008),tensor(4.3420e-08),tensor(8.9945e-05),tensor(1.)
s_801_jpg,tensor(0.2153),tensor(0.8763),tensor(0.0067),tensor(1.),tensor(3.2102e-05),tensor(3.4315e-15),tensor(1.3358e-21),tensor(2.6644e-32),tensor(3.9222e-21),tensor(5.1880e-21),tensor(1.6099e-15),tensor(3.5257e-05),tensor(0.0015),tensor(1.),tensor(1.),tensor(1.),tensor(1.),tensor(1.),tensor(1.),tensor(0.0130),tensor(1.),tensor(0.1900),tensor(0.0085),tensor(1.),tensor(1.),tensor(1.),tensor(0.0054),tensor(0.3105),tensor(0.1796),tensor(0.0200),tensor(0.3960),tensor(0.0087)
s_13551_jpg,tensor(0.9997),tensor(0.9924),tensor(1.1021e-05),tensor(1.0000),tensor(6.4549e-07),tensor(6.7145e-16),tensor(2.0301e-34),tensor(2.2898e-37),tensor(5.7644e-26),tensor(8.1413e-26),tensor(2.5696e-16),tensor(0.3064),tensor(0.0004),tensor(1.),tensor(1.),tensor(1.),tensor(1.),tensor(1.),tensor(1.0000),tensor(0.0048),tensor(1.),tensor(0.1925),tensor(0.0029),tensor(1.),tensor(1.),tensor(1.),tensor(0.0014),tensor(0.3149),tensor(0.1411),tensor(0.0096),tensor(0.3489),tensor(0.0032)
s_5608_jpg,tensor(0.1369),tensor(1.0004e-11),tensor(2.5963e-06),tensor(8.3665e-08),tensor(0.0320),tensor(3.6027e-12),tensor(1.2150e-19),tensor(8.5038e-15),tensor(2.0632e-18),tensor(1.2180e-07),tensor(1.0000),tensor(4.4444e-05),tensor(0.0043),tensor(1.),tensor(1.),tensor(1.),tensor(0.3386),tensor(0.1683),tensor(0.0031),tensor(0.0109),tensor(0.0865),tensor(0.0003),tensor(0.0050),tensor(1.),tensor(0.0986),tensor(0.0249),tensor(2.3121e-05),tensor(1.),tensor(1.),tensor(0.0369),tensor(0.1383),tensor(0.0003)
s_7252_jpg,tensor(0.2784),tensor(3.3280e-12),tensor(2.8696e-05),tensor(4.5743e-06),tensor(0.0196),tensor(1.0544e-08),tensor(2.6177e-20),tensor(8.6612e-18),tensor(1.),tensor(2.4255e-07),tensor(0.9935),tensor(2.1271e-05),tensor(0.0069),tensor(1.),tensor(1.),tensor(1.),tensor(0.3547),tensor(0.3881),tensor(0.0291),tensor(0.0205),tensor(0.2109),tensor(0.0031),tensor(0.0072),tensor(1.),tensor(0.1632),tensor(0.0862),tensor(0.0004),tensor(1.),tensor(1.),tensor(1.),tensor(0.0163),tensor(0.0005)
s_12374_jpg,tensor(3.8952e-10),tensor(3.4148e-24),tensor(0.),tensor(8.2656e-18),tensor(3.1068e-14),tensor(1.),tensor(1.0000),tensor(0.0004),tensor(0.),tensor(3.8977e-22),tensor(0.),tensor(5.3426e-22),tensor(1.),tensor(0.0018),tensor(0.0110),tensor(1.),tensor(0.1216),tensor(0.0089),tensor(8.9187e-06),tensor(1.),tensor(0.0030),tensor(4.5661e-09),tensor(1.),tensor(1.),tensor(0.0002),tensor(0.0001),tensor(1.1598e-10),tensor(0.0001),tensor(0.0007),tensor(5.5735e-08),tensor(0.0002),tensor(0.2731)
s_4662_jpg,tensor(0.9767),tensor(0.9590),tensor(0.0216),tensor(8.5389e-05),tensor(0.9843),tensor(4.4764e-10),tensor(2.6822e-20),tensor(3.6057e-19),tensor(6.1518e-10),tensor(6.5457e-12),tensor(4.2338e-08),tensor(0.2477),tensor(0.0122),tensor(1.),tensor(1.),tensor(1.),tensor(1.),tensor(1.),tensor(0.3776),tensor(0.0388),tensor(1.),tensor(0.3268),tensor(0.0287),tensor(0.9998),tensor(1.),tensor(1.),tensor(0.0158),tensor(0.3685),tensor(0.2429),tensor(0.0448),tensor(0.4863),tensor(0.0315)
s_9296_jpg,tensor(5.2957e-05),tensor(1.5213e-08),tensor(1.0393e-17),tensor(2.9394e-05),tensor(0.0001),tensor(0.7049),tensor(0.9997),tensor(0.1982),tensor(1.7286e-16),tensor(1.4453e-07),tensor(6.4473e-19),tensor(2.9831e-08),tensor(1.),tensor(0.0965),tensor(0.1606),tensor(1.),tensor(0.3255),tensor(0.1563),tensor(0.0151),tensor(1.),tensor(0.1030),tensor(0.0012),tensor(1.),tensor(1.),tensor(0.0489),tensor(0.0332),tensor(0.0003),tensor(0.0492),tensor(0.0765),tensor(0.0025),tensor(0.0496),tensor(0.4417)
s_8217_jpg,tensor(0.7745),tensor(0.9717),tensor(0.9994),tensor(0.6470),tensor(0.9736),tensor(1.3718e-08),tensor(3.0493e-16),tensor(7.9494e-15),tensor(5.1781e-08),tensor(5.2849e-10),tensor(5.4439e-07),tensor(0.1661),tensor(0.0336),tensor(1.),tensor(1.),tensor(1.),tensor(1.),tensor(1.),tensor(0.7787),tensor(0.1200),tensor(1.),tensor(0.4611),tensor(0.0872),tensor(1.),tensor(1.),tensor(1.),tensor(0.0535),tensor(0.2602),tensor(0.1797),tensor(0.0494),tensor(1.0000),tensor(0.1459)
s_1336_jpg,tensor(0.0558),tensor(3.8892e-07),tensor(0.0012),tensor(1.0022e-06),tensor(5.9466e-05),tensor(1.3318e-06),tensor(2.2519e-18),tensor(6.4037e-08),tensor(5.5289e-18),tensor(7.5256e-07),tensor(0.9999),tensor(0.0002),tensor(0.0106),tensor(0.3891),tensor(1.),tensor(1.),tensor(0.4403),tensor(0.1129),tensor(0.0041),tensor(0.0212),tensor(0.1552),tensor(0.0003),tensor(0.0151),tensor(1.),tensor(0.1358),tensor(0.0534),tensor(6.1630e-05),tensor(1.),tensor(1.),tensor(0.0082),tensor(0.3100),tensor(0.0043)
s_14001_jpg,tensor(0.9938),tensor(0.1784),tensor(1.5489e-09),tensor(1.0000),tensor(0.9783),tensor(1.7663e-15),tensor(1.5382e-23),tensor(4.8920e-28),tensor(2.8614e-13),tensor(1.5450e-22),tensor(2.7413e-15),tensor(0.0086),tensor(0.0020),tensor(1.),tensor(1.),tensor(1.),tensor(1.),tensor(1.),tensor(1.),tensor(0.0158),tensor(1.),tensor(0.4077),tensor(0.0109),tensor(1.),tensor(1.),tensor(1.),tensor(0.0037),tensor(0.2638),tensor(0.1522),tensor(0.0383),tensor(0.1320),tensor(0.0041)
s_14410_jpg,tensor(0.0191),tensor(8.6537e-13),tensor(1.6266e-06),tensor(1.1326e-09),tensor(0.0013),tensor(9.5683e-11),tensor(3.9076e-26),tensor(7.8315e-10),tensor(6.8066e-31),tensor(0.9464),tensor(0.9772),tensor(0.9551),tensor(0.0025),tensor(0.4404),tensor(1.),tensor(1.),tensor(0.3596),tensor(0.0715),tensor(0.0008),tensor(0.0072),tensor(0.0430),tensor(7.0455e-05),tensor(0.0035),tensor(1.),tensor(0.0977),tensor(0.0185),tensor(7.9604e-06),tensor(1.),tensor(1.),tensor(0.0022),tensor(1.),tensor(0.0004)
s_9214_jpg,tensor(0.0114),tensor(9.5919e-12),tensor(1.4559e-06),tensor(1.3806e-10),tensor(0.0006),tensor(2.3208e-09),tensor(3.9824e-21),tensor(2.9082e-06),tensor(2.6199e-21),tensor(0.9993),tensor(0.0005),tensor(0.9741),tensor(0.0252),tensor(0.3414),tensor(1.),tensor(1.),tensor(0.4089),tensor(0.1146),tensor(0.0031),tensor(0.0551),tensor(0.0605),tensor(0.0004),tensor(0.0216),tensor(1.),tensor(0.0915),tensor(0.0382),tensor(0.0001),tensor(0.3465),tensor(1.),tensor(0.0070),tensor(1.),tensor(0.0054)
s_10683_jpg,tensor(0.1607),tensor(0.4782),tensor(7.7078e-10),tensor(1.),tensor(0.0202),tensor(6.7916e-14),tensor(2.7864e-18),tensor(6.4104e-28),tensor(8.2779e-13),tensor(1.4818e-16),tensor(7.3095e-12),tensor(0.0004),tensor(0.0025),tensor(1.),tensor(1.),tensor(1.),tensor(0.7390),tensor(1.),tensor(1.),tensor(0.0136),tensor(1.),tensor(0.2498),tensor(0.0094),tensor(1.),tensor(1.),tensor(1.),tensor(0.0045),tensor(0.3180),tensor(0.2075),tensor(0.0409),tensor(0.1432),tensor(0.0029)
s_6746_jpg,tensor(2.8435e-13),tensor(2.1551e-26),tensor(0.),tensor(6.8344e-20),tensor(3.0094e-15),tensor(1.),tensor(1.),tensor(1.),tensor(0.),tensor(4.6122e-18),tensor(0.),tensor(2.7661e-20),tensor(1.),tensor(0.0001),tensor(0.0015),tensor(1.0000),tensor(0.0668),tensor(0.0018),tensor(2.4880e-07),tensor(1.),tensor(0.0006),tensor(1.6568e-11),tensor(1.),tensor(1.),tensor(1.5524e-05),tensor(6.9780e-06),tensor(2.5139e-13),tensor(5.1087e-06),tensor(5.0234e-05),tensor(1.5506e-10),tensor(4.5839e-06),tensor(1.)
s_383_jpg,tensor(1.1118e-12),tensor(1.0444e-19),tensor(0.),tensor(4.9657e-13),tensor(3.0731e-12),tensor(0.9993),tensor(1.),tensor(1.),tensor(0.),tensor(8.6100e-17),tensor(0.),tensor(2.3125e-17),tensor(1.),tensor(0.0008),tensor(0.0037),tensor(1.0000),tensor(0.0968),tensor(0.0072),tensor(4.4334e-06),tensor(1.),tensor(0.0027),tensor(1.8567e-09),tensor(1.),tensor(1.),tensor(9.0528e-05),tensor(5.4478e-05),tensor(3.1909e-11),tensor(0.0001),tensor(0.0005),tensor(1.3179e-08),tensor(8.7342e-06),tensor(1.)
s_2238_jpg,tensor(0.6707),tensor(0.9354),tensor(0.0562),tensor(0.0045),tensor(0.9396),tensor(4.3024e-06),tensor(1.1026e-12),tensor(1.7866e-11),tensor(0.0001),tensor(4.9611e-06),tensor(0.0002),tensor(0.3142),tensor(0.0644),tensor(1.),tensor(1.),tensor(1.),tensor(1.),tensor(1.),tensor(0.4451),tensor(0.1242),tensor(1.),tensor(0.4014),tensor(0.1027),tensor(0.9926),tensor(1.),tensor(1.),tensor(0.0800),tensor(0.4003),tensor(0.3127),tensor(0.1448),tensor(0.4854),tensor(0.0995)
s_13036_jpg,tensor(0.0261),tensor(5.5359e-13),tensor(2.1210e-05),tensor(2.1896e-08),tensor(0.0038),tensor(5.4589e-11),tensor(4.9699e-25),tensor(2.0641e-09),tensor(2.4817e-31),tensor(0.9488),tensor(0.9585),tensor(0.9695),tensor(0.0024),tensor(0.4676),tensor(1.),tensor(1.),tensor(0.3790),tensor(0.0806),tensor(0.0009),tensor(0.0065),tensor(0.0433),tensor(0.0001),tensor(0.0034),tensor(1.),tensor(0.1128),tensor(0.0214),tensor(1.1955e-05),tensor(1.),tensor(1.),tensor(0.0025),tensor(1.),tensor(0.0005)
s_5043_jpg,tensor(0.9996),tensor(0.1715),tensor(4.8244e-11),tensor(0.0007),tensor(0.9971),tensor(6.3293e-16),tensor(2.7394e-28),tensor(3.1147e-30),tensor(4.1332e-11),tensor(2.0001e-20),tensor(4.7793e-12),tensor(0.1554),tensor(0.0011),tensor(1.),tensor(1.),tensor(1.),tensor(1.),tensor(1.),tensor(0.3901),tensor(0.0065),tensor(1.),tensor(0.3631),tensor(0.0055),tensor(1.),tensor(1.),tensor(1.),tensor(0.0025),tensor(0.3317),tensor(0.2071),tensor(0.0427),tensor(0.0904),tensor(0.0021)
s_12639_jpg,tensor(0.8756),tensor(0.4771),tensor(0.9966),tensor(1.0000),tensor(0.9723),tensor(4.6212e-13),tensor(3.2245e-17),tensor(2.7293e-20),tensor(3.1380e-13),tensor(1.3789e-17),tensor(3.3458e-12),tensor(0.0014),tensor(0.0092),tensor(1.),tensor(1.),tensor(1.),tensor(1.),tensor(1.),tensor(1.),tensor(0.0632),tensor(1.),tensor(0.4353),tensor(0.0418),tensor(1.),tensor(1.),tensor(1.),tensor(0.0218),tensor(0.2357),tensor(0.1401),tensor(0.0257),tensor(1.),tensor(0.0619)
s_9432_jpg,tensor(0.8460),tensor(0.9464),tensor(0.9957),tensor(0.4123),tensor(0.9889),tensor(1.1248e-06),tensor(1.0713e-12),tensor(1.8896e-11),tensor(8.0974e-06),tensor(8.4448e-09),tensor(1.2667e-05),tensor(0.1886),tensor(0.0788),tensor(1.),tensor(1.),tensor(1.),tensor(1.),tensor(1.),tensor(0.4906),tensor(0.1904),tensor(1.),tensor(0.4488),tensor(0.1467),tensor(0.9999),tensor(1.),tensor(1.),tensor(0.0779),tensor(0.2957),tensor(0.2039),tensor(0.0738),tensor(0.9999),tensor(0.1891)
s_3852_jpg,tensor(0.9979),tensor(0.0833),tensor(7.6388e-11),tensor(0.0030),tensor(0.9968),tensor(1.0165e-12),tensor(1.0706e-21),tensor(3.1886e-23),tensor(4.2853e-08),tensor(3.5372e-16),tensor(1.4124e-09),tensor(0.2349),tensor(0.0048),tensor(1.),tensor(1.),tensor(1.),tensor(1.),tensor(1.),tensor(0.4504),tensor(0.0239),tensor(1.),tensor(0.3610),tensor(0.0199),tensor(1.0000),tensor(1.),tensor(1.),tensor(0.0069),tensor(0.3361),tensor(0.2431),tensor(0.1120),tensor(0.1141),tensor(0.0051)
s_14703_jpg,tensor(0.9968),tensor(0.8843),tensor(0.0035),tensor(0.9998),tensor(0.9853),tensor(1.9228e-18),tensor(1.2838e-30),tensor(6.8658e-36),tensor(2.0734e-18),tensor(6.9304e-25),tensor(4.5032e-17),tensor(0.0079),tensor(0.0004),tensor(1.),tensor(1.),tensor(1.),tensor(1.),tensor(1.),tensor(1.0000),tensor(0.0060),tensor(1.),tensor(0.3748),tensor(0.0033),tensor(1.),tensor(1.),tensor(1.),tensor(0.0015),tensor(0.1756),tensor(0.0851),tensor(0.0047),tensor(0.3394),tensor(0.0039)
s_14525_jpg,tensor(0.0009),tensor(7.5770e-07),tensor(1.5716e-11),tensor(0.0003),tensor(0.0008),tensor(0.1199),tensor(0.9995),tensor(0.0009),tensor(5.5033e-14),tensor(1.8268e-09),tensor(8.7105e-12),tensor(6.3931e-07),tensor(1.),tensor(0.1874),tensor(0.2291),tensor(1.),tensor(0.3582),tensor(0.2318),tensor(0.0340),tensor(1.),tensor(0.1589),tensor(0.0041),tensor(1.),tensor(1.),tensor(0.0687),tensor(0.0580),tensor(0.0013),tensor(0.0975),tensor(0.1456),tensor(0.0160),tensor(0.0486),tensor(0.3300)
s_3839_jpg,tensor(0.0017),tensor(2.3138e-11),tensor(2.2161e-10),tensor(1.3046e-11),tensor(1.7189e-09),tensor(1.0000),tensor(1.4342e-07),tensor(1.0821e-07),tensor(6.3149e-08),tensor(0.0074),tensor(1.8291e-15),tensor(0.0070),tensor(1.),tensor(0.1378),tensor(0.3217),tensor(1.0000),tensor(0.4432),tensor(0.1731),tensor(0.0137),tensor(1.),tensor(0.1337),tensor(0.0020),tensor(0.2924),tensor(1.),tensor(0.0663),tensor(0.0634),tensor(0.0008),tensor(0.0732),tensor(0.2424),tensor(0.0084),tensor(0.2652),tensor(0.2116)
s_1684_jpg,tensor(0.0023),tensor(8.5272e-17),tensor(2.7061e-08),tensor(1.5464e-14),tensor(0.0001),tensor(5.1414e-16),tensor(6.9253e-34),tensor(1.5719e-09),tensor(1.7244e-34),tensor(0.9999),tensor(0.0011),tensor(0.9847),tensor(0.0016),tensor(0.3156),tensor(1.),tensor(1.),tensor(0.3593),tensor(0.0449),tensor(0.0001),tensor(0.0066),tensor(0.0124),tensor(6.2764e-06),tensor(0.0017),tensor(1.),tensor(0.0343),tensor(0.0064),tensor(9.2956e-07),tensor(0.3684),tensor(1.),tensor(0.0005),tensor(1.),tensor(0.0002)
s_7975_jpg,tensor(0.0465),tensor(4.4871e-10),tensor(8.1998e-05),tensor(2.6850e-07),tensor(0.0040),tensor(3.1033e-08),tensor(1.6079e-21),tensor(4.4526e-07),tensor(3.5879e-25),tensor(0.9723),tensor(0.9629),tensor(0.9814),tensor(0.0075),tensor(0.4937),tensor(1.),tensor(1.),tensor(0.3958),tensor(0.1248),tensor(0.0043),tensor(0.0164),tensor(0.0873),tensor(0.0007),tensor(0.0091),tensor(1.),tensor(0.1752),tensor(0.0494),tensor(0.0001),tensor(1.),tensor(1.),tensor(0.0086),tensor(1.),tensor(0.0018)
s_2108_jpg,tensor(2.4028e-15),tensor(1.3610e-31),tensor(0.),tensor(1.9443e-21),tensor(2.0100e-18),tensor(1.),tensor(1.),tensor(1.),tensor(0.),tensor(1.5422e-21),tensor(0.),tensor(1.4900e-24),tensor(1.),tensor(3.1260e-05),tensor(0.0005),tensor(1.),tensor(0.0397),tensor(0.0006),tensor(1.8830e-08),tensor(1.),tensor(0.0001),tensor(2.1713e-13),tensor(1.),tensor(1.),tensor(2.0015e-06),tensor(7.6462e-07),tensor(1.8310e-15),tensor(9.3226e-07),tensor(1.3178e-05),tensor(3.7259e-12),tensor(4.6912e-07),tensor(1.)
s_4983_jpg,tensor(0.6027),tensor(0.9690),tensor(0.9884),tensor(1.0000),tensor(0.9991),tensor(8.3142e-14),tensor(4.6754e-20),tensor(1.4296e-24),tensor(1.7430e-14),tensor(4.0693e-19),tensor(1.2728e-14),tensor(0.0004),tensor(0.0035),tensor(1.),tensor(1.),tensor(1.),tensor(1.),tensor(1.),tensor(1.),tensor(0.0314),tensor(1.),tensor(0.4710),tensor(0.0232),tensor(1.),tensor(1.),tensor(1.),tensor(0.0094),tensor(0.1652),tensor(0.0847),tensor(0.0086),tensor(0.4981),tensor(0.0409)
s_1288_jpg,tensor(0.1040),tensor(8.5045e-06),tensor(0.0032),tensor(5.1381e-05),tensor(0.0010),tensor(2.7650e-05),tensor(3.2871e-13),tensor(1.9855e-07),tensor(1.2247e-14),tensor(4.7979e-05),tensor(0.9961),tensor(0.0040),tensor(0.0384),tensor(0.4276),tensor(1.),tensor(1.),tensor(0.4507),tensor(0.1925),tensor(0.0199),tensor(0.0680),tensor(0.2173),tensor(0.0033),tensor(0.0543),tensor(1.),tensor(0.2006),tensor(0.1021),tensor(0.0008),tensor(1.0000),tensor(1.),tensor(0.0296),tensor(0.3641),tensor(0.0173)
s_7952_jpg,tensor(2.0243e-05),tensor(2.4453e-15),tensor(5.0137e-28),tensor(2.5922e-17),tensor(1.6346e-09),tensor(1.),tensor(5.3343e-06),tensor(2.1924e-05),tensor(4.9060e-14),tensor(4.9763e-08),tensor(8.7527e-37),tensor(9.1080e-08),tensor(1.),tensor(0.0324),tensor(0.1290),tensor(0.9996),tensor(0.3641),tensor(0.0776),tensor(0.0011),tensor(1.),tensor(0.0362),tensor(3.4448e-05),tensor(0.3128),tensor(1.),tensor(0.0124),tensor(0.0109),tensor(5.9708e-06),tensor(0.0050),tensor(0.0327),tensor(0.0002),tensor(0.0411),tensor(0.2440)
s_7337_jpg,tensor(7.5240e-06),tensor(1.3288e-12),tensor(2.8246e-24),tensor(1.3338e-08),tensor(1.1641e-06),tensor(0.9928),tensor(0.9993),tensor(0.0005),tensor(3.7828e-21),tensor(3.2280e-10),tensor(1.7479e-26),tensor(7.0878e-10),tensor(1.),tensor(0.0446),tensor(0.1105),tensor(1.),tensor(0.2822),tensor(0.0844),tensor(0.0023),tensor(1.),tensor(0.0509),tensor(6.2618e-05),tensor(1.),tensor(1.),tensor(0.0130),tensor(0.0089),tensor(9.6334e-06),tensor(0.0137),tensor(0.0380),tensor(0.0003),tensor(0.0190),tensor(0.3098)
s_15884_jpg,tensor(0.0015),tensor(5.7580e-11),tensor(3.1124e-12),tensor(2.2817e-11),tensor(3.0671e-08),tensor(1.0000),tensor(3.0675e-05),tensor(1.0471e-06),tensor(5.1871e-10),tensor(0.0013),tensor(6.1058e-15),tensor(0.0061),tensor(1.),tensor(0.1379),tensor(0.3031),tensor(1.0000),tensor(0.4255),tensor(0.1782),tensor(0.0149),tensor(1.),tensor(0.1238),tensor(0.0022),tensor(0.3430),tensor(1.),tensor(0.0648),tensor(0.0575),tensor(0.0008),tensor(0.0653),tensor(0.2260),tensor(0.0076),tensor(0.2321),tensor(0.2415)
s_235_jpg,tensor(0.0042),tensor(1.3843e-14),tensor(3.4917e-08),tensor(3.4129e-12),tensor(3.8561e-05),tensor(7.6899e-10),tensor(6.3228e-22),tensor(1.6338e-06),tensor(5.0223e-23),tensor(0.9998),tensor(0.0002),tensor(0.9790),tensor(0.0227),tensor(0.2610),tensor(1.),tensor(1.),tensor(0.4177),tensor(0.0924),tensor(0.0012),tensor(0.0497),tensor(0.0405),tensor(0.0002),tensor(0.0203),tensor(1.),tensor(0.0620),tensor(0.0221),tensor(3.5836e-05),tensor(0.3015),tensor(1.),tensor(0.0024),tensor(1.),tensor(0.0038)
s_2194_jpg,tensor(0.2624),tensor(1.7318e-07),tensor(4.4107e-05),tensor(0.0001),tensor(0.0047),tensor(4.5860e-08),tensor(2.1325e-14),tensor(1.1245e-23),tensor(1.),tensor(5.6845e-12),tensor(0.2731),tensor(1.2888e-06),tensor(0.0057),tensor(1.),tensor(1.),tensor(1.),tensor(0.3804),tensor(0.4953),tensor(0.0266),tensor(0.0185),tensor(0.1982),tensor(0.0024),tensor(0.0055),tensor(0.4875),tensor(0.1002),tensor(0.0635),tensor(0.0002),tensor(0.5688),tensor(0.8449),tensor(1.),tensor(0.0036),tensor(0.0003)
s_14288_jpg,tensor(1.6164e-05),tensor(1.8862e-09),tensor(9.7314e-18),tensor(1.2256e-05),tensor(7.5263e-05),tensor(0.0470),tensor(1.0000),tensor(0.0002),tensor(4.4324e-21),tensor(3.1443e-16),tensor(3.9995e-19),tensor(1.0380e-11),tensor(1.),tensor(0.0956),tensor(0.1092),tensor(1.),tensor(0.2614),tensor(0.1452),tensor(0.0065),tensor(1.),tensor(0.0690),tensor(0.0002),tensor(1.),tensor(1.),tensor(0.0160),tensor(0.0141),tensor(3.7423e-05),tensor(0.0315),tensor(0.0558),tensor(0.0025),tensor(0.0063),tensor(0.2751)
s_13000_jpg,tensor(0.3073),tensor(7.2745e-12),tensor(0.0003),tensor(6.3391e-05),tensor(0.0168),tensor(2.0324e-08),tensor(1.5527e-21),tensor(1.6353e-19),tensor(1.),tensor(2.2163e-07),tensor(0.9925),tensor(1.6756e-05),tensor(0.0054),tensor(1.),tensor(1.),tensor(1.),tensor(0.3681),tensor(0.4138),tensor(0.0286),tensor(0.0159),tensor(0.2236),tensor(0.0030),tensor(0.0055),tensor(1.),tensor(0.1694),tensor(0.0912),tensor(0.0004),tensor(1.),tensor(1.),tensor(1.),tensor(0.0155),tensor(0.0004)
s_4603_jpg,tensor(0.0030),tensor(2.1761e-17),tensor(1.3426e-07),tensor(1.5829e-12),tensor(1.6023e-05),tensor(1.5431e-09),tensor(1.2771e-22),tensor(0.0002),tensor(1.0853e-19),tensor(0.9999),tensor(9.9712e-06),tensor(0.9412),tensor(0.0341),tensor(0.2673),tensor(1.),tensor(1.),tensor(0.3875),tensor(0.0896),tensor(0.0011),tensor(0.0680),tensor(0.0307),tensor(0.0002),tensor(0.0255),tensor(1.),tensor(0.0528),tensor(0.0191),tensor(7.3363e-05),tensor(0.2935),tensor(1.),tensor(0.0044),tensor(1.),tensor(0.0062)
s_1693_jpg,tensor(0.2552),tensor(6.8430e-08),tensor(0.0002),tensor(9.8464e-05),tensor(0.0195),tensor(7.6645e-08),tensor(2.4352e-14),tensor(1.1707e-20),tensor(1.),tensor(6.6814e-11),tensor(0.2250),tensor(3.2877e-06),tensor(0.0075),tensor(1.),tensor(1.),tensor(1.),tensor(0.3946),tensor(0.4490),tensor(0.0199),tensor(0.0249),tensor(0.1887),tensor(0.0027),tensor(0.0068),tensor(0.4848),tensor(0.1189),tensor(0.0773),tensor(0.0003),tensor(0.4878),tensor(1.0000),tensor(1.),tensor(0.0113),tensor(0.0006)
s_13129_jpg,tensor(0.0301),tensor(9.4417e-11),tensor(9.2583e-05),tensor(1.3618e-07),tensor(0.0029),tensor(1.2907e-10),tensor(7.5488e-23),tensor(2.9713e-09),tensor(8.6246e-29),tensor(0.9492),tensor(0.8861),tensor(0.9434),tensor(0.0032),tensor(0.4888),tensor(1.),tensor(1.),tensor(0.3964),tensor(0.1015),tensor(0.0021),tensor(0.0104),tensor(0.0538),tensor(0.0002),tensor(0.0051),tensor(1.),tensor(0.1358),tensor(0.0385),tensor(3.2621e-05),tensor(1.),tensor(1.),tensor(0.0043),tensor(1.),tensor(0.0010)
s_5815_jpg,tensor(0.1407),tensor(2.1435e-07),tensor(2.4819e-05),tensor(0.0008),tensor(0.0611),tensor(1.1233e-07),tensor(1.0298e-09),tensor(1.4807e-19),tensor(1.),tensor(1.6595e-11),tensor(0.0048),tensor(2.4703e-06),tensor(0.0131),tensor(1.),tensor(1.),tensor(1.),tensor(0.4173),tensor(1.0000),tensor(0.0629),tensor(0.0381),tensor(0.2873),tensor(0.0088),tensor(0.0146),tensor(0.5912),tensor(0.1390),tensor(0.1138),tensor(0.0006),tensor(0.4576),tensor(0.4696),tensor(1.),tensor(0.0063),tensor(0.0013)
s_13363_jpg,tensor(0.0683),tensor(4.2215e-08),tensor(1.9532e-05),tensor(9.6015e-05),tensor(0.0059),tensor(6.5625e-07),tensor(2.2313e-10),tensor(6.5064e-18),tensor(1.),tensor(9.8441e-14),tensor(0.0009),tensor(1.3670e-07),tensor(0.0117),tensor(1.),tensor(1.),tensor(1.),tensor(0.4217),tensor(1.),tensor(0.0252),tensor(0.0372),tensor(0.2341),tensor(0.0054),tensor(0.0103),tensor(0.4345),tensor(0.0781),tensor(0.0752),tensor(0.0002),tensor(0.3813),tensor(0.4574),tensor(1.),tensor(0.0045),tensor(0.0008)
s_13948_jpg,tensor(0.2042),tensor(7.3810e-09),tensor(0.0001),tensor(8.1718e-06),tensor(0.0242),tensor(2.8078e-08),tensor(4.7155e-15),tensor(1.1385e-11),tensor(4.1253e-09),tensor(6.1802e-05),tensor(0.9984),tensor(0.0008),tensor(0.0215),tensor(1.),tensor(1.),tensor(1.),tensor(0.3822),tensor(0.2644),tensor(0.0225),tensor(0.0434),tensor(0.1787),tensor(0.0040),tensor(0.0223),tensor(1.),tensor(0.2029),tensor(0.0973),tensor(0.0010),tensor(1.),tensor(1.),tensor(0.1389),tensor(0.2408),tensor(0.0037)
s_3338_jpg,tensor(5.8788e-07),tensor(6.2248e-12),tensor(3.9995e-25),tensor(4.1428e-08),tensor(2.4258e-06),tensor(0.4649),tensor(1.),tensor(1.),tensor(5.1692e-24),tensor(1.1946e-11),tensor(7.6476e-38),tensor(1.5860e-11),tensor(1.),tensor(0.0227),tensor(0.0454),tensor(1.),tensor(0.2310),tensor(0.0703),tensor(0.0013),tensor(1.),tensor(0.0308),tensor(2.5135e-05),tensor(1.),tensor(1.),tensor(0.0065),tensor(0.0039),tensor(2.1182e-06),tensor(0.0064),tensor(0.0114),tensor(6.7130e-05),tensor(0.0025),tensor(1.)
s_15000_jpg,tensor(0.9605),tensor(0.9550),tensor(0.0004),tensor(0.0055),tensor(0.7618),tensor(2.7288e-05),tensor(1.7827e-08),tensor(9.0297e-11),tensor(1.6114e-05),tensor(2.3889e-05),tensor(0.0152),tensor(0.1637),tensor(0.0907),tensor(1.),tensor(1.),tensor(1.),tensor(1.),tensor(0.9940),tensor(0.3702),tensor(0.1632),tensor(1.),tensor(0.2970),tensor(0.1239),tensor(1.0000),tensor(1.0000),tensor(0.9227),tensor(0.0572),tensor(0.4825),tensor(0.4289),tensor(0.2239),tensor(0.3294),tensor(0.0722)
s_545_jpg,tensor(6.6869e-14),tensor(1.0045e-25),tensor(0.),tensor(6.8823e-18),tensor(1.9044e-14),tensor(1.),tensor(1.),tensor(1.),tensor(0.),tensor(8.7361e-18),tensor(0.),tensor(7.2909e-20),tensor(1.),tensor(0.0002),tensor(0.0016),tensor(1.),tensor(0.0691),tensor(0.0021),tensor(3.1022e-07),tensor(1.),tensor(0.0006),tensor(2.6398e-11),tensor(1.),tensor(1.),tensor(1.7944e-05),tensor(7.6549e-06),tensor(3.5623e-13),tensor(6.5885e-06),tensor(5.0327e-05),tensor(1.9610e-10),tensor(5.8024e-06),tensor(1.)
s_8715_jpg,tensor(0.9953),tensor(0.0857),tensor(1.0000),tensor(1.0000),tensor(0.0070),tensor(7.0723e-21),tensor(3.4484e-28),tensor(7.7936e-33),tensor(7.6603e-26),tensor(3.4062e-28),tensor(3.7828e-20),tensor(0.0003),tensor(0.0005),tensor(1.),tensor(1.),tensor(1.),tensor(1.),tensor(1.),tensor(1.),tensor(0.0084),tensor(1.),tensor(0.3229),tensor(0.0046),tensor(1.),tensor(1.),tensor(1.),tensor(0.0035),tensor(0.1747),tensor(0.0888),tensor(0.0046),tensor(1.),tensor(0.0202)
s_9844_jpg,tensor(0.3447),tensor(5.0697e-10),tensor(7.6890e-05),tensor(7.7278e-06),tensor(0.0802),tensor(1.5447e-06),tensor(3.6896e-21),tensor(8.0037e-17),tensor(1.),tensor(5.8070e-06),tensor(0.9891),tensor(0.0004),tensor(0.0072),tensor(1.),tensor(1.),tensor(1.),tensor(0.4132),tensor(0.4626),tensor(0.0328),tensor(0.0188),tensor(0.2598),tensor(0.0057),tensor(0.0070),tensor(0.9802),tensor(0.2136),tensor(0.1215),tensor(0.0006),tensor(1.),tensor(1.),tensor(1.),tensor(0.0214),tensor(0.0006)
s_7709_jpg,tensor(0.0008),tensor(1.8350e-09),tensor(3.8359e-15),tensor(2.4751e-11),tensor(2.8352e-07),tensor(1.0000),tensor(0.0003),tensor(0.0009),tensor(5.0559e-09),tensor(0.0004),tensor(9.5457e-20),tensor(0.0003),tensor(1.),tensor(0.1158),tensor(0.2883),tensor(0.4817),tensor(0.4551),tensor(0.1943),tensor(0.0209),tensor(1.),tensor(0.1487),tensor(0.0027),tensor(0.3698),tensor(1.),tensor(0.0922),tensor(0.0827),tensor(0.0007),tensor(0.0366),tensor(0.1068),tensor(0.0034),tensor(0.1470),tensor(0.3066)
s_15945_jpg,tensor(0.8081),tensor(0.9927),tensor(0.9967),tensor(1.),tensor(0.9912),tensor(5.7713e-24),tensor(1.9890e-35),tensor(0.),tensor(1.9085e-26),tensor(8.4953e-32),tensor(2.4325e-24),tensor(6.4222e-06),tensor(7.6529e-05),tensor(1.),tensor(1.),tensor(1.),tensor(1.),tensor(1.),tensor(1.),tensor(0.0024),tensor(1.),tensor(0.3981),tensor(0.0013),tensor(1.),tensor(1.),tensor(1.),tensor(0.0006),tensor(0.0927),tensor(0.0338),tensor(0.0008),tensor(1.),tensor(0.0044)
s_12159_jpg,tensor(0.6833),tensor(0.6464),tensor(0.2125),tensor(1.0000),tensor(0.9517),tensor(6.7164e-10),tensor(1.8388e-11),tensor(5.6669e-17),tensor(3.6644e-11),tensor(3.6690e-15),tensor(3.1721e-11),tensor(0.0007),tensor(0.0253),tensor(1.),tensor(1.),tensor(1.),tensor(1.),tensor(1.),tensor(1.),tensor(0.0953),tensor(1.),tensor(0.4668),tensor(0.0783),tensor(1.),tensor(1.),tensor(1.),tensor(0.0487),tensor(0.2774),tensor(0.1841),tensor(0.0545),tensor(0.4392),tensor(0.0842)
s_11275_jpg,tensor(0.3178),tensor(4.6859e-08),tensor(0.0005),tensor(0.0005),tensor(0.0202),tensor(1.2167e-06),tensor(4.6622e-17),tensor(5.3659e-18),tensor(1.),tensor(8.9113e-07),tensor(0.9569),tensor(0.0002),tensor(0.0103),tensor(1.),tensor(1.),tensor(1.),tensor(0.3915),tensor(0.4479),tensor(0.0559),tensor(0.0310),tensor(0.2860),tensor(0.0073),tensor(0.0109),tensor(0.9999),tensor(0.2163),tensor(0.1501),tensor(0.0010),tensor(1.),tensor(1.),tensor(1.),tensor(0.0197),tensor(0.0012)
s_3849_jpg,tensor(0.9326),tensor(0.5215),tensor(0.0609),tensor(0.2376),tensor(0.9769),tensor(5.5596e-06),tensor(7.2300e-09),tensor(1.0571e-10),tensor(9.0075e-06),tensor(2.7351e-07),tensor(6.3047e-05),tensor(0.2978),tensor(0.1066),tensor(1.),tensor(1.),tensor(1.),tensor(1.),tensor(1.),tensor(0.4706),tensor(0.2111),tensor(1.),tensor(0.4472),tensor(0.1779),tensor(1.0000),tensor(1.),tensor(1.),tensor(0.1116),tensor(0.4175),tensor(0.3436),tensor(0.1715),tensor(0.4531),tensor(0.1525)
s_10829_jpg,tensor(7.1909e-05),tensor(1.6486e-13),tensor(6.9436e-24),tensor(5.8514e-16),tensor(1.5699e-09),tensor(1.),tensor(3.4019e-05),tensor(0.0004),tensor(5.2716e-13),tensor(3.9148e-07),tensor(4.7829e-31),tensor(5.5267e-07),tensor(1.),tensor(0.0509),tensor(0.1757),tensor(0.4910),tensor(0.3977),tensor(0.1021),tensor(0.0034),tensor(1.),tensor(0.0677),tensor(0.0001),tensor(0.3131),tensor(1.),tensor(0.0257),tensor(0.0260),tensor(3.0663e-05),tensor(0.0103),tensor(0.0557),tensor(0.0006),tensor(0.0657),tensor(0.2422)
s_5014_jpg,tensor(0.0287),tensor(8.0101e-11),tensor(2.7257e-06),tensor(4.4386e-08),tensor(0.0019),tensor(5.2285e-09),tensor(2.4709e-17),tensor(2.9664e-07),tensor(1.1356e-22),tensor(0.9884),tensor(0.7558),tensor(0.9088),tensor(0.0231),tensor(0.4028),tensor(1.),tensor(1.),tensor(0.3965),tensor(0.1228),tensor(0.0033),tensor(0.0393),tensor(0.0735),tensor(0.0007),tensor(0.0247),tensor(1.),tensor(0.1335),tensor(0.0371),tensor(0.0002),tensor(1.0000),tensor(1.),tensor(0.0107),tensor(1.),tensor(0.0042)
s_10340_jpg,tensor(3.1693e-05),tensor(8.3456e-24),tensor(4.6623e-33),tensor(5.9505e-23),tensor(1.2552e-15),tensor(1.),tensor(5.8294e-11),tensor(2.6936e-11),tensor(5.0326e-17),tensor(4.2786e-07),tensor(0.),tensor(1.7496e-08),tensor(1.),tensor(0.0105),tensor(0.0896),tensor(1.),tensor(0.3184),tensor(0.0314),tensor(0.0001),tensor(1.),tensor(0.0125),tensor(1.1859e-06),tensor(0.2473),tensor(1.),tensor(0.0028),tensor(0.0017),tensor(9.8618e-08),tensor(0.0010),tensor(0.0116),tensor(7.9540e-06),tensor(0.0225),tensor(0.1823)
s_5032_jpg,tensor(0.0097),tensor(1.2983e-14),tensor(3.9513e-07),tensor(6.2475e-11),tensor(0.0002),tensor(1.3231e-12),tensor(2.6604e-30),tensor(8.6431e-12),tensor(1.2265e-36),tensor(0.9893),tensor(0.9738),tensor(0.9406),tensor(0.0011),tensor(0.4516),tensor(1.),tensor(1.),tensor(0.3414),tensor(0.0520),tensor(0.0003),tensor(0.0040),tensor(0.0273),tensor(1.7408e-05),tensor(0.0017),tensor(1.),tensor(0.0693),tensor(0.0126),tensor(1.6643e-06),tensor(1.),tensor(1.),tensor(0.0010),tensor(1.),tensor(0.0001)
s_5398_jpg,tensor(0.2895),tensor(7.2437e-10),tensor(0.0005),tensor(0.0010),tensor(0.0202),tensor(3.9548e-07),tensor(9.1567e-20),tensor(7.0339e-20),tensor(1.),tensor(7.7780e-08),tensor(0.9880),tensor(0.0001),tensor(0.0061),tensor(1.),tensor(1.),tensor(1.),tensor(0.3786),tensor(0.4206),tensor(0.0295),tensor(0.0176),tensor(0.2301),tensor(0.0025),tensor(0.0063),tensor(0.9986),tensor(0.1408),tensor(0.0809),tensor(0.0003),tensor(1.),tensor(1.),tensor(1.),tensor(0.0097),tensor(0.0005)
s_6199_jpg,tensor(0.0218),tensor(4.7146e-10),tensor(7.3879e-06),tensor(5.7231e-08),tensor(0.0002),tensor(1.8695e-05),tensor(1.4209e-12),tensor(0.0001),tensor(1.4606e-13),tensor(0.9852),tensor(0.0011),tensor(0.8568),tensor(0.1181),tensor(0.3087),tensor(1.),tensor(1.),tensor(0.4614),tensor(0.1922),tensor(0.0178),tensor(0.1832),tensor(0.1421),tensor(0.0049),tensor(0.1167),tensor(1.),tensor(0.1428),tensor(0.0876),tensor(0.0019),tensor(0.3517),tensor(1.),tensor(0.0235),tensor(1.),tensor(0.0453)
s_11904_jpg,tensor(0.9195),tensor(0.3926),tensor(0.7498),tensor(1.0000),tensor(0.9442),tensor(1.1385e-10),tensor(1.0839e-13),tensor(3.8354e-18),tensor(3.7506e-11),tensor(1.9353e-15),tensor(6.9770e-11),tensor(0.0056),tensor(0.0242),tensor(1.),tensor(1.),tensor(1.),tensor(1.),tensor(1.),tensor(1.),tensor(0.0907),tensor(1.),tensor(0.4413),tensor(0.0639),tensor(1.),tensor(1.),tensor(1.),tensor(0.0462),tensor(0.2807),tensor(0.1987),tensor(0.0481),tensor(0.9999),tensor(0.0944)
s_11968_jpg,tensor(0.1497),tensor(2.4264e-09),tensor(9.1047e-06),tensor(9.1475e-08),tensor(0.0552),tensor(3.2822e-10),tensor(2.2852e-20),tensor(7.9009e-14),tensor(7.0710e-20),tensor(7.0862e-06),tensor(0.9999),tensor(0.0011),tensor(0.0052),tensor(1.),tensor(1.),tensor(1.),tensor(0.3925),tensor(0.1851),tensor(0.0050),tensor(0.0135),tensor(0.1190),tensor(0.0006),tensor(0.0067),tensor(1.),tensor(0.1418),tensor(0.0425),tensor(4.2794e-05),tensor(1.),tensor(1.),tensor(0.0243),tensor(0.2480),tensor(0.0005)
s_12920_jpg,tensor(7.9289e-11),tensor(2.2842e-26),tensor(0.),tensor(2.0924e-19),tensor(9.2518e-16),tensor(1.),tensor(1.),tensor(0.0013),tensor(0.),tensor(1.0739e-23),tensor(0.),tensor(7.4883e-24),tensor(1.),tensor(0.0011),tensor(0.0079),tensor(1.),tensor(0.1062),tensor(0.0062),tensor(4.1789e-06),tensor(1.),tensor(0.0015),tensor(1.3037e-09),tensor(1.),tensor(1.),tensor(0.0001),tensor(4.1770e-05),tensor(2.2050e-11),tensor(4.8423e-05),tensor(0.0003),tensor(1.2438e-08),tensor(0.0001),tensor(0.2929)
s_856_jpg,tensor(0.0029),tensor(5.2018e-16),tensor(5.1418e-09),tensor(7.9754e-13),tensor(8.1080e-06),tensor(7.7999e-09),tensor(6.8988e-20),tensor(9.2412e-06),tensor(9.6845e-21),tensor(0.9997),tensor(1.4581e-05),tensor(0.9722),tensor(0.0362),tensor(0.2302),tensor(1.),tensor(1.),tensor(0.4085),tensor(0.0952),tensor(0.0015),tensor(0.0735),tensor(0.0387),tensor(0.0002),tensor(0.0317),tensor(1.),tensor(0.0560),tensor(0.0204),tensor(5.9832e-05),tensor(0.2624),tensor(1.),tensor(0.0032),tensor(1.),tensor(0.0071)
s_15893_jpg,tensor(4.0030e-11),tensor(2.4990e-30),tensor(0.),tensor(6.0709e-22),tensor(4.4379e-18),tensor(1.),tensor(1.),tensor(0.0008),tensor(0.),tensor(2.3434e-24),tensor(0.),tensor(1.5730e-25),tensor(1.),tensor(0.0006),tensor(0.0048),tensor(1.),tensor(0.0811),tensor(0.0033),tensor(8.7783e-07),tensor(1.),tensor(0.0007),tensor(1.4050e-10),tensor(1.),tensor(1.),tensor(4.4800e-05),tensor(1.4916e-05),tensor(2.6715e-12),tensor(2.8146e-05),tensor(0.0003),tensor(2.9801e-09),tensor(6.0711e-05),tensor(0.3214)
s_7964_jpg,tensor(3.3362e-07),tensor(4.7214e-17),tensor(1.3943e-29),tensor(1.6109e-09),tensor(2.1593e-09),tensor(0.1601),tensor(1.0000),tensor(2.3540e-05),tensor(4.9137e-31),tensor(1.0624e-19),tensor(8.2271e-33),tensor(3.4300e-17),tensor(1.),tensor(0.0193),tensor(0.0388),tensor(1.),tensor(0.1886),tensor(0.0460),tensor(0.0003),tensor(1.),tensor(0.0136),tensor(1.9381e-06),tensor(1.),tensor(1.),tensor(0.0017),tensor(0.0010),tensor(1.2926e-07),tensor(0.0036),tensor(0.0121),tensor(3.2484e-05),tensor(0.0010),tensor(0.2793)
s_14629_jpg,tensor(0.1824),tensor(4.0483e-10),tensor(1.3380e-06),tensor(5.2414e-08),tensor(0.0505),tensor(3.5455e-11),tensor(3.0518e-18),tensor(4.9802e-14),tensor(6.3411e-14),tensor(1.8117e-07),tensor(0.9999),tensor(0.0001),tensor(0.0059),tensor(1.),tensor(1.),tensor(1.),tensor(0.3834),tensor(0.2373),tensor(0.0059),tensor(0.0144),tensor(0.1258),tensor(0.0008),tensor(0.0064),tensor(1.),tensor(0.1424),tensor(0.0415),tensor(6.1138e-05),tensor(1.),tensor(1.),tensor(0.0691),tensor(0.1277),tensor(0.0005)
s_14519_jpg,tensor(2.8561e-07),tensor(3.5199e-12),tensor(1.2467e-28),tensor(9.1079e-10),tensor(1.1955e-06),tensor(1.0000),tensor(1.),tensor(1.),tensor(2.2110e-23),tensor(6.4153e-12),tensor(0.),tensor(2.4703e-11),tensor(1.),tensor(0.0161),tensor(0.0396),tensor(1.),tensor(0.1996),tensor(0.0532),tensor(0.0009),tensor(1.),tensor(0.0269),tensor(8.8079e-06),tensor(1.),tensor(1.),tensor(0.0052),tensor(0.0034),tensor(9.4256e-07),tensor(0.0028),tensor(0.0056),tensor(2.5693e-05),tensor(0.0019),tensor(1.)
s_11049_jpg,tensor(0.9959),tensor(0.9912),tensor(9.8424e-10),tensor(1.),tensor(1.0118e-05),tensor(4.3659e-23),tensor(0.),tensor(0.),tensor(2.5910e-31),tensor(2.4163e-35),tensor(2.9719e-24),tensor(0.0002),tensor(2.2252e-05),tensor(1.),tensor(1.),tensor(1.),tensor(1.),tensor(1.),tensor(1.),tensor(0.0008),tensor(1.),tensor(0.1726),tensor(0.0004),tensor(1.),tensor(1.),tensor(1.),tensor(9.9756e-05),tensor(0.1634),tensor(0.0641),tensor(0.0019),tensor(0.1195),tensor(0.0001)
s_14423_jpg,tensor(6.7291e-05),tensor(3.0944e-08),tensor(5.6448e-15),tensor(0.0001),tensor(0.0011),tensor(0.1086),tensor(0.9992),tensor(0.0001),tensor(7.1912e-16),tensor(9.1627e-11),tensor(7.6828e-17),tensor(2.0702e-08),tensor(1.),tensor(0.1202),tensor(0.1708),tensor(1.),tensor(0.3414),tensor(0.1795),tensor(0.0136),tensor(1.),tensor(0.1057),tensor(0.0011),tensor(1.),tensor(1.),tensor(0.0350),tensor(0.0271),tensor(0.0002),tensor(0.0477),tensor(0.0797),tensor(0.0040),tensor(0.0268),tensor(0.3112)
s_11618_jpg,tensor(1.0993e-11),tensor(9.9811e-30),tensor(0.),tensor(1.1094e-20),tensor(1.0056e-17),tensor(1.),tensor(1.),tensor(2.7317e-05),tensor(0.),tensor(1.2592e-27),tensor(0.),tensor(2.8443e-27),tensor(1.),tensor(0.0005),tensor(0.0041),tensor(1.),tensor(0.0779),tensor(0.0033),tensor(8.5972e-07),tensor(1.),tensor(0.0008),tensor(8.3035e-11),tensor(1.),tensor(1.),tensor(3.1866e-05),tensor(1.3135e-05),tensor(1.0663e-12),tensor(1.6523e-05),tensor(0.0002),tensor(1.9632e-09),tensor(2.6471e-05),tensor(0.2487)
s_6640_jpg,tensor(0.3751),tensor(1.3876e-09),tensor(0.0001),tensor(0.0002),tensor(0.0994),tensor(7.5501e-08),tensor(2.2030e-19),tensor(4.4366e-20),tensor(1.),tensor(1.9108e-06),tensor(0.9932),tensor(0.0004),tensor(0.0058),tensor(1.),tensor(1.),tensor(1.),tensor(0.3887),tensor(0.4445),tensor(0.0334),tensor(0.0194),tensor(0.2491),tensor(0.0048),tensor(0.0062),tensor(1.),tensor(0.1955),tensor(0.1037),tensor(0.0005),tensor(1.),tensor(1.),tensor(1.),tensor(0.0192),tensor(0.0005)
s_12426_jpg,tensor(0.7638),tensor(0.6967),tensor(0.9997),tensor(1.0000),tensor(0.4944),tensor(4.9038e-16),tensor(4.7462e-21),tensor(6.1594e-24),tensor(1.8742e-18),tensor(8.1550e-21),tensor(2.5461e-15),tensor(0.0003),tensor(0.0031),tensor(1.),tensor(1.),tensor(1.),tensor(1.),tensor(1.),tensor(1.),tensor(0.0283),tensor(1.),tensor(0.3831),tensor(0.0172),tensor(1.),tensor(1.),tensor(1.),tensor(0.0109),tensor(0.1947),tensor(0.1121),tensor(0.0112),tensor(1.),tensor(0.0397)
s_775_jpg,tensor(0.1729),tensor(2.9668e-08),tensor(0.0030),tensor(3.5837e-05),tensor(0.0004),tensor(5.2329e-07),tensor(2.4127e-14),tensor(3.3331e-25),tensor(1.),tensor(1.9488e-17),tensor(0.0002),tensor(1.3126e-09),tensor(0.0046),tensor(1.),tensor(1.),tensor(1.),tensor(0.3996),tensor(0.4932),tensor(0.0112),tensor(0.0176),tensor(0.1793),tensor(0.0010),tensor(0.0030),tensor(0.4395),tensor(0.0592),tensor(0.0424),tensor(3.6437e-05),tensor(0.3683),tensor(0.4086),tensor(1.),tensor(0.0017),tensor(0.0002)
s_5888_jpg,tensor(0.0002),tensor(2.5852e-23),tensor(1.0519e-38),tensor(1.7143e-25),tensor(1.2427e-16),tensor(1.),tensor(3.0089e-06),tensor(2.9402e-05),tensor(2.3484e-20),tensor(3.9681e-14),tensor(0.),tensor(4.3125e-14),tensor(1.),tensor(0.0040),tensor(0.0426),tensor(0.4611),tensor(0.2767),tensor(0.0180),tensor(4.9936e-05),tensor(1.),tensor(0.0136),tensor(1.7276e-07),tensor(0.3888),tensor(1.),tensor(0.0012),tensor(0.0011),tensor(1.4363e-08),tensor(0.0003),tensor(0.0045),tensor(8.6399e-07),tensor(0.0042),tensor(0.4166)
s_11228_jpg,tensor(2.7604e-09),tensor(1.3482e-15),tensor(1.1711e-32),tensor(6.1731e-09),tensor(2.6649e-09),tensor(0.3050),tensor(1.),tensor(1.),tensor(2.3721e-34),tensor(4.6351e-14),tensor(0.),tensor(4.0648e-15),tensor(1.),tensor(0.0071),tensor(0.0209),tensor(1.),tensor(0.1769),tensor(0.0291),tensor(0.0001),tensor(1.),tensor(0.0125),tensor(7.5976e-07),tensor(1.),tensor(1.),tensor(0.0014),tensor(0.0008),tensor(3.6801e-08),tensor(0.0022),tensor(0.0050),tensor(2.9670e-06),tensor(0.0004),tensor(1.)
s_6399_jpg,tensor(0.5520),tensor(0.9938),tensor(6.4694e-11),tensor(1.),tensor(0.9977),tensor(3.7899e-17),tensor(1.6770e-25),tensor(1.0957e-31),tensor(3.4151e-17),tensor(9.0231e-23),tensor(6.5158e-17),tensor(0.0002),tensor(0.0004),tensor(1.),tensor(1.),tensor(1.),tensor(1.),tensor(1.),tensor(1.),tensor(0.0079),tensor(1.),tensor(0.4062),tensor(0.0060),tensor(1.),tensor(1.),tensor(1.),tensor(0.0012),tensor(0.1842),tensor(0.0855),tensor(0.0148),tensor(0.0808),tensor(0.0010)
s_3726_jpg,tensor(0.4462),tensor(0.7743),tensor(0.9998),tensor(0.0057),tensor(0.8918),tensor(4.3193e-07),tensor(2.3135e-12),tensor(3.4007e-10),tensor(0.0001),tensor(1.6876e-05),tensor(0.0001),tensor(0.2086),tensor(0.0707),tensor(1.),tensor(1.),tensor(1.),tensor(1.),tensor(1.),tensor(0.4419),tensor(0.1546),tensor(0.4998),tensor(0.3777),tensor(0.1028),tensor(0.9999),tensor(1.),tensor(1.),tensor(0.0728),tensor(0.3427),tensor(0.2557),tensor(0.0856),tensor(1.),tensor(0.1961)
s_14895_jpg,tensor(0.9443),tensor(0.7781),tensor(0.0498),tensor(0.0089),tensor(0.9762),tensor(8.7440e-08),tensor(1.0928e-13),tensor(9.6997e-15),tensor(1.2108e-05),tensor(2.3763e-09),tensor(1.2273e-05),tensor(0.1324),tensor(0.0399),tensor(1.),tensor(1.),tensor(1.),tensor(1.),tensor(1.),tensor(0.4169),tensor(0.1054),tensor(1.),tensor(0.3735),tensor(0.0779),tensor(0.9998),tensor(1.),tensor(1.),tensor(0.0452),tensor(0.3958),tensor(0.2962),tensor(0.1099),tensor(0.4386),tensor(0.0668)
s_2303_jpg,tensor(2.5436e-10),tensor(2.9428e-16),tensor(1.1681e-35),tensor(1.3807e-10),tensor(7.9211e-10),tensor(0.2808),tensor(1.),tensor(1.),tensor(1.9621e-37),tensor(6.1944e-15),tensor(0.),tensor(7.5931e-16),tensor(1.),tensor(0.0043),tensor(0.0125),tensor(1.),tensor(0.1456),tensor(0.0226),tensor(6.6374e-05),tensor(1.),tensor(0.0088),tensor(2.2056e-07),tensor(1.),tensor(1.),tensor(0.0007),tensor(0.0004),tensor(6.1076e-09),tensor(0.0012),tensor(0.0028),tensor(8.8612e-07),tensor(0.0001),tensor(1.)
s_11451_jpg,tensor(0.7993),tensor(0.3018),tensor(0.9530),tensor(0.5100),tensor(0.9819),tensor(2.0524e-05),tensor(1.0214e-05),tensor(6.0443e-08),tensor(0.0211),tensor(3.0048e-06),tensor(0.0002),tensor(0.0854),tensor(0.1539),tensor(1.0000),tensor(1.),tensor(1.),tensor(1.),tensor(1.0000),tensor(0.4583),tensor(0.2546),tensor(1.0000),tensor(0.4253),tensor(0.2130),tensor(0.4996),tensor(1.0000),tensor(1.),tensor(0.1585),tensor(0.3671),tensor(0.3278),tensor(0.2068),tensor(0.9941),tensor(0.2792)
s_3684_jpg,tensor(0.9146),tensor(0.1630),tensor(1.0000),tensor(1.0000),tensor(0.0964),tensor(6.3574e-15),tensor(6.9621e-18),tensor(1.2194e-21),tensor(4.1819e-17),tensor(1.0433e-19),tensor(3.3011e-14),tensor(0.0009),tensor(0.0061),tensor(1.),tensor(1.),tensor(1.),tensor(1.),tensor(1.),tensor(1.),tensor(0.0439),tensor(1.),tensor(0.3580),tensor(0.0255),tensor(1.),tensor(1.),tensor(1.),tensor(0.0215),tensor(0.2219),tensor(0.1472),tensor(0.0206),tensor(1.),tensor(0.0753)
s_11271_jpg,tensor(0.9981),tensor(0.7999),tensor(0.9998),tensor(0.0007),tensor(0.9507),tensor(2.8131e-15),tensor(4.2983e-26),tensor(9.8271e-27),tensor(4.3504e-16),tensor(4.4323e-18),tensor(5.2420e-12),tensor(0.0761),tensor(0.0021),tensor(1.),tensor(1.),tensor(1.),tensor(1.),tensor(1.),tensor(0.3837),tensor(0.0182),tensor(1.),tensor(0.3152),tensor(0.0107),tensor(1.),tensor(1.),tensor(1.),tensor(0.0057),tensor(0.2794),tensor(0.1706),tensor(0.0129),tensor(1.),tensor(0.0321)
s_56_jpg,tensor(2.7762e-08),tensor(3.3014e-15),tensor(2.7643e-31),tensor(9.4335e-09),tensor(7.3967e-09),tensor(0.3052),tensor(1.),tensor(1.),tensor(1.0106e-31),tensor(3.3691e-14),tensor(0.),tensor(3.3358e-15),tensor(1.),tensor(0.0100),tensor(0.0258),tensor(1.),tensor(0.1889),tensor(0.0360),tensor(0.0002),tensor(1.),tensor(0.0148),tensor(1.5914e-06),tensor(1.),tensor(1.),tensor(0.0018),tensor(0.0011),tensor(1.0917e-07),tensor(0.0031),tensor(0.0072),tensor(7.4981e-06),tensor(0.0007),tensor(1.)
s_8789_jpg,tensor(1.5156e-05),tensor(2.7907e-22),tensor(3.9177e-35),tensor(3.8336e-23),tensor(1.9377e-14),tensor(1.),tensor(4.1007e-09),tensor(1.0981e-08),tensor(1.0850e-17),tensor(1.1912e-09),tensor(0.),tensor(4.7807e-10),tensor(1.),tensor(0.0102),tensor(0.0784),tensor(1.0000),tensor(0.3176),tensor(0.0339),tensor(0.0001),tensor(1.),tensor(0.0164),tensor(1.2411e-06),tensor(0.2664),tensor(1.),tensor(0.0029),tensor(0.0024),tensor(9.7073e-08),tensor(0.0008),tensor(0.0098),tensor(8.9105e-06),tensor(0.0141),tensor(0.1858)
s_4764_jpg,tensor(0.3066),tensor(0.9998),tensor(3.6032e-08),tensor(1.),tensor(0.9998),tensor(1.3253e-29),tensor(0.),tensor(0.),tensor(8.4863e-32),tensor(1.3920e-38),tensor(8.5650e-30),tensor(2.1617e-07),tensor(1.8920e-06),tensor(1.),tensor(1.),tensor(1.),tensor(1.),tensor(1.),tensor(1.),tensor(0.0002),tensor(1.),tensor(0.3632),tensor(0.0001),tensor(1.),tensor(1.),tensor(1.),tensor(1.9821e-05),tensor(0.0629),tensor(0.0140),tensor(0.0002),tensor(0.1412),tensor(6.0848e-05)
s_6571_jpg,tensor(0.2491),tensor(3.1779e-07),tensor(0.0043),tensor(0.0015),tensor(0.0010),tensor(8.7514e-07),tensor(6.1484e-14),tensor(2.4372e-25),tensor(1.),tensor(4.5808e-14),tensor(0.0107),tensor(3.8438e-08),tensor(0.0045),tensor(1.),tensor(1.),tensor(1.),tensor(0.4018),tensor(0.4989),tensor(0.0263),tensor(0.0164),tensor(0.2265),tensor(0.0019),tensor(0.0036),tensor(0.4569),tensor(0.1140),tensor(0.0826),tensor(0.0001),tensor(0.4431),tensor(0.4280),tensor(1.),tensor(0.0032),tensor(0.0002)
s_10868_jpg,tensor(1.3666e-09),tensor(6.0868e-25),tensor(0.),tensor(2.9452e-16),tensor(2.7785e-14),tensor(1.0000),tensor(1.0000),tensor(5.3138e-06),tensor(0.),tensor(5.3390e-20),tensor(0.),tensor(4.3697e-20),tensor(1.),tensor(0.0025),tensor(0.0144),tensor(1.),tensor(0.1274),tensor(0.0099),tensor(1.0742e-05),tensor(1.),tensor(0.0027),tensor(8.2752e-09),tensor(1.),tensor(1.),tensor(0.0002),tensor(0.0001),tensor(2.7068e-10),tensor(0.0002),tensor(0.0014),tensor(1.2432e-07),tensor(0.0003),tensor(0.2495)
s_14797_jpg,tensor(0.0050),tensor(1.1093e-17),tensor(1.6322e-09),tensor(2.5916e-13),tensor(0.0002),tensor(6.3925e-15),tensor(2.8236e-30),tensor(1.4498e-11),tensor(0.),tensor(0.9883),tensor(0.9547),tensor(0.9366),tensor(0.0009),tensor(0.4142),tensor(1.),tensor(1.),tensor(0.3176),tensor(0.0371),tensor(0.0001),tensor(0.0030),tensor(0.0128),tensor(5.2150e-06),tensor(0.0012),tensor(1.),tensor(0.0451),tensor(0.0050),tensor(4.9903e-07),tensor(1.),tensor(1.),tensor(0.0006),tensor(1.),tensor(7.3508e-05)
s_14193_jpg,tensor(0.9981),tensor(0.9909),tensor(0.0007),tensor(0.0003),tensor(0.0062),tensor(3.9317e-08),tensor(1.2714e-18),tensor(2.2925e-19),tensor(6.5111e-14),tensor(5.2396e-11),tensor(1.8406e-05),tensor(0.3979),tensor(0.0174),tensor(1.),tensor(1.),tensor(1.),tensor(1.),tensor(0.9774),tensor(0.3194),tensor(0.0491),tensor(1.),tensor(0.1828),tensor(0.0351),tensor(1.),tensor(1.),tensor(1.),tensor(0.0137),tensor(0.4907),tensor(0.3633),tensor(0.0632),tensor(0.4589),tensor(0.0242)
s_11888_jpg,tensor(1.3802e-05),tensor(8.0737e-12),tensor(3.6132e-21),tensor(1.5292e-05),tensor(6.8487e-06),tensor(0.0163),tensor(0.9999),tensor(0.0156),tensor(5.1255e-21),tensor(1.6582e-08),tensor(4.8404e-22),tensor(4.5673e-10),tensor(1.),tensor(0.0643),tensor(0.1391),tensor(1.),tensor(0.3261),tensor(0.1127),tensor(0.0048),tensor(1.),tensor(0.0588),tensor(0.0004),tensor(1.),tensor(1.),tensor(0.0240),tensor(0.0130),tensor(6.5145e-05),tensor(0.0399),tensor(0.0752),tensor(0.0008),tensor(0.0425),tensor(0.4231)
s_14317_jpg,tensor(0.0080),tensor(1.5183e-14),tensor(4.3654e-07),tensor(6.8218e-11),tensor(0.0001),tensor(2.8760e-09),tensor(1.5786e-19),tensor(0.0002),tensor(9.6493e-20),tensor(0.9992),tensor(0.0007),tensor(0.8944),tensor(0.0422),tensor(0.2880),tensor(1.),tensor(1.),tensor(0.4129),tensor(0.1173),tensor(0.0027),tensor(0.0804),tensor(0.0502),tensor(0.0005),tensor(0.0410),tensor(1.),tensor(0.0836),tensor(0.0304),tensor(0.0002),tensor(0.3474),tensor(1.),tensor(0.0071),tensor(1.),tensor(0.0098)
s_14814_jpg,tensor(0.9897),tensor(0.9962),tensor(0.9999),tensor(1.),tensor(0.0520),tensor(4.8709e-26),tensor(0.),tensor(0.),tensor(2.0053e-31),tensor(5.4047e-35),tensor(5.9383e-25),tensor(3.5202e-05),tensor(1.9268e-05),tensor(1.),tensor(1.),tensor(1.),tensor(1.),tensor(1.),tensor(1.),tensor(0.0009),tensor(1.),tensor(0.2069),tensor(0.0004),tensor(1.),tensor(1.),tensor(1.),tensor(0.0002),tensor(0.0894),tensor(0.0340),tensor(0.0004),tensor(1.),tensor(0.0017)
s_5600_jpg,tensor(8.4713e-11),tensor(1.8895e-20),tensor(0.),tensor(5.1569e-12),tensor(4.4358e-12),tensor(0.3849),tensor(1.),tensor(1.),tensor(0.),tensor(1.5879e-17),tensor(0.),tensor(3.3489e-19),tensor(1.),tensor(0.0020),tensor(0.0077),tensor(1.),tensor(0.1102),tensor(0.0109),tensor(1.3202e-05),tensor(1.),tensor(0.0034),tensor(1.4197e-08),tensor(1.),tensor(1.),tensor(0.0002),tensor(0.0001),tensor(4.7390e-10),tensor(0.0005),tensor(0.0016),tensor(1.3065e-07),tensor(5.3692e-05),tensor(1.)
s_12214_jpg,tensor(0.3823),tensor(5.8678e-08),tensor(0.0017),tensor(0.0030),tensor(0.1299),tensor(7.9871e-06),tensor(1.2826e-15),tensor(1.8915e-15),tensor(1.),tensor(4.4728e-05),tensor(0.9807),tensor(0.0029),tensor(0.0186),tensor(1.),tensor(1.),tensor(1.),tensor(0.3914),tensor(0.4487),tensor(0.0680),tensor(0.0421),tensor(0.2881),tensor(0.0141),tensor(0.0176),tensor(1.0000),tensor(0.2359),tensor(0.1565),tensor(0.0030),tensor(1.),tensor(1.),tensor(1.),tensor(0.0454),tensor(0.0028)
s_2591_jpg,tensor(9.8047e-12),tensor(7.0304e-23),tensor(0.),tensor(1.2084e-16),tensor(3.0116e-13),tensor(1.),tensor(1.),tensor(1.),tensor(0.),tensor(4.0170e-17),tensor(0.),tensor(4.4666e-19),tensor(1.),tensor(0.0006),tensor(0.0053),tensor(1.),tensor(0.1029),tensor(0.0051),tensor(3.4044e-06),tensor(1.),tensor(0.0020),tensor(1.0747e-09),tensor(1.),tensor(1.),tensor(0.0001),tensor(5.0728e-05),tensor(2.9191e-11),tensor(4.5017e-05),tensor(0.0003),tensor(6.5326e-09),tensor(5.2008e-05),tensor(1.)
s_14395_jpg,tensor(0.1076),tensor(9.3023e-11),tensor(1.5585e-07),tensor(6.0888e-09),tensor(0.0100),tensor(5.8981e-10),tensor(3.1339e-24),tensor(1.9105e-19),tensor(9.9797e-20),tensor(0.0013),tensor(0.9993),tensor(0.0614),tensor(0.0010),tensor(1.),tensor(1.),tensor(1.),tensor(0.4040),tensor(0.1840),tensor(0.0037),tensor(0.0043),tensor(0.0977),tensor(0.0004),tensor(0.0015),tensor(1.),tensor(0.2100),tensor(0.0589),tensor(2.0545e-05),tensor(1.),tensor(1.),tensor(0.0110),tensor(0.4261),tensor(0.0002)
s_6093_jpg,tensor(0.9992),tensor(0.0487),tensor(5.5498e-06),tensor(0.9999),tensor(0.3058),tensor(4.7451e-14),tensor(2.9962e-21),tensor(5.7998e-27),tensor(3.1781e-15),tensor(2.8001e-21),tensor(4.9221e-14),tensor(0.0629),tensor(0.0045),tensor(1.),tensor(1.),tensor(1.),tensor(1.),tensor(1.),tensor(0.9999),tensor(0.0226),tensor(1.),tensor(0.3187),tensor(0.0178),tensor(1.),tensor(1.),tensor(1.),tensor(0.0105),tensor(0.3854),tensor(0.2287),tensor(0.0426),tensor(0.3975),tensor(0.0143)
s_4836_jpg,tensor(0.9818),tensor(0.0499),tensor(0.9998),tensor(1.0000),tensor(0.0162),tensor(5.2805e-18),tensor(1.2961e-22),tensor(2.3858e-28),tensor(4.0909e-22),tensor(1.8898e-25),tensor(2.5491e-18),tensor(0.0001),tensor(0.0012),tensor(1.),tensor(1.),tensor(1.),tensor(1.),tensor(1.),tensor(1.),tensor(0.0141),tensor(1.),tensor(0.3321),tensor(0.0087),tensor(1.),tensor(1.),tensor(1.),tensor(0.0065),tensor(0.1854),tensor(0.0970),tensor(0.0092),tensor(1.),tensor(0.0336)
s_1621_jpg,tensor(0.0279),tensor(2.4297e-11),tensor(1.5547e-05),tensor(1.2760e-08),tensor(0.0039),tensor(2.3785e-10),tensor(3.9034e-25),tensor(1.6018e-10),tensor(2.5837e-29),tensor(0.9411),tensor(0.9177),tensor(0.9654),tensor(0.0023),tensor(0.8546),tensor(1.),tensor(1.),tensor(0.3825),tensor(0.0921),tensor(0.0014),tensor(0.0073),tensor(0.0517),tensor(0.0001),tensor(0.0031),tensor(1.),tensor(0.1281),tensor(0.0308),tensor(1.6273e-05),tensor(1.),tensor(1.),tensor(0.0034),tensor(1.),tensor(0.0005)
s_6688_jpg,tensor(0.2765),tensor(2.7720e-14),tensor(3.2957e-05),tensor(0.0001),tensor(0.0412),tensor(1.7310e-10),tensor(4.2857e-24),tensor(6.9170e-26),tensor(1.),tensor(9.1801e-10),tensor(0.9974),tensor(5.5611e-06),tensor(0.0013),tensor(1.),tensor(1.),tensor(1.),tensor(0.3173),tensor(0.3834),tensor(0.0080),tensor(0.0059),tensor(0.1437),tensor(0.0004),tensor(0.0012),tensor(1.),tensor(0.0888),tensor(0.0377),tensor(3.2962e-05),tensor(1.),tensor(1.),tensor(1.),tensor(0.0037),tensor(4.8914e-05)
s_12686_jpg,tensor(3.7952e-08),tensor(3.6160e-13),tensor(5.0326e-28),tensor(4.2982e-08),tensor(1.1753e-07),tensor(0.3753),tensor(1.),tensor(1.),tensor(2.2142e-28),tensor(9.8255e-12),tensor(0.),tensor(7.7174e-13),tensor(1.),tensor(0.0138),tensor(0.0365),tensor(1.),tensor(0.2165),tensor(0.0480),tensor(0.0006),tensor(1.),tensor(0.0253),tensor(6.7757e-06),tensor(1.),tensor(1.),tensor(0.0039),tensor(0.0023),tensor(4.5314e-07),tensor(0.0048),tensor(0.0093),tensor(1.7328e-05),tensor(0.0013),tensor(1.)
s_12865_jpg,tensor(0.3150),tensor(4.1883e-11),tensor(5.2952e-05),tensor(0.0001),tensor(0.0251),tensor(4.9226e-08),tensor(1.3795e-21),tensor(3.4238e-21),tensor(1.),tensor(6.1935e-07),tensor(0.9964),tensor(0.0002),tensor(0.0038),tensor(1.),tensor(1.),tensor(1.),tensor(0.3568),tensor(0.4308),tensor(0.0257),tensor(0.0131),tensor(0.2271),tensor(0.0025),tensor(0.0040),tensor(1.),tensor(0.1736),tensor(0.0900),tensor(0.0003),tensor(1.),tensor(1.),tensor(1.),tensor(0.0114),tensor(0.0003)
s_11462_jpg,tensor(0.0001),tensor(8.5753e-12),tensor(1.9790e-20),tensor(1.4838e-14),tensor(2.0094e-08),tensor(1.),tensor(2.6199e-05),tensor(0.0004),tensor(4.3073e-11),tensor(3.7713e-07),tensor(2.1330e-27),tensor(2.5123e-06),tensor(1.),tensor(0.0869),tensor(0.2266),tensor(0.9714),tensor(0.4072),tensor(0.1471),tensor(0.0100),tensor(1.),tensor(0.1122),tensor(0.0006),tensor(0.2996),tensor(1.),tensor(0.0550),tensor(0.0546),tensor(0.0001),tensor(0.0218),tensor(0.0614),tensor(0.0017),tensor(0.0825),tensor(0.2353)
s_4678_jpg,tensor(0.0358),tensor(3.4605e-10),tensor(6.3241e-05),tensor(1.5063e-07),tensor(0.0037),tensor(2.3392e-09),tensor(1.3493e-21),tensor(1.1909e-08),tensor(3.1795e-26),tensor(0.9659),tensor(0.8843),tensor(0.9534),tensor(0.0056),tensor(0.4741),tensor(1.),tensor(1.),tensor(0.4029),tensor(0.1158),tensor(0.0029),tensor(0.0146),tensor(0.0734),tensor(0.0004),tensor(0.0073),tensor(1.),tensor(0.1520),tensor(0.0461),tensor(5.9505e-05),tensor(1.),tensor(1.),tensor(0.0057),tensor(1.),tensor(0.0015)
s_3054_jpg,tensor(0.9938),tensor(0.9995),tensor(5.7817e-13),tensor(3.9951e-05),tensor(0.9930),tensor(6.3616e-16),tensor(8.9473e-36),tensor(4.0834e-31),tensor(1.3769e-13),tensor(6.6554e-19),tensor(9.0318e-13),tensor(0.4613),tensor(0.0004),tensor(1.),tensor(1.),tensor(1.),tensor(1.),tensor(1.),tensor(0.3457),tensor(0.0025),tensor(1.),tensor(0.3136),tensor(0.0021),tensor(0.4814),tensor(1.),tensor(1.),tensor(0.0006),tensor(0.2330),tensor(0.1178),tensor(0.0194),tensor(0.0798),tensor(0.0005)
s_13952_jpg,tensor(4.2699e-09),tensor(9.4348e-14),tensor(1.1382e-30),tensor(4.4457e-10),tensor(8.6444e-08),tensor(0.5320),tensor(1.),tensor(1.),tensor(5.4033e-31),tensor(1.8876e-14),tensor(0.),tensor(9.1371e-14),tensor(1.),tensor(0.0088),tensor(0.0188),tensor(1.),tensor(0.1686),tensor(0.0394),tensor(0.0002),tensor(1.),tensor(0.0132),tensor(1.6163e-06),tensor(1.),tensor(1.),tensor(0.0017),tensor(0.0010),tensor(6.4292e-08),tensor(0.0020),tensor(0.0040),tensor(5.9824e-06),tensor(0.0003),tensor(1.)
s_4917_jpg,tensor(0.4167),tensor(0.3196),tensor(3.4044e-06),tensor(1.0000),tensor(0.9904),tensor(2.7006e-09),tensor(2.0253e-07),tensor(9.6239e-15),tensor(6.6498e-09),tensor(1.2463e-13),tensor(2.9422e-10),tensor(0.0004),tensor(0.0360),tensor(1.),tensor(1.),tensor(1.),tensor(1.0000),tensor(1.),tensor(1.),tensor(0.1168),tensor(1.),tensor(0.4083),tensor(0.1017),tensor(1.),tensor(0.9943),tensor(1.),tensor(0.0410),tensor(0.3053),tensor(0.2206),tensor(0.1214),tensor(0.2077),tensor(0.0411)
s_8280_jpg,tensor(0.9226),tensor(0.9911),tensor(0.9981),tensor(0.0070),tensor(0.0469),tensor(1.1323e-12),tensor(1.6285e-26),tensor(2.0863e-24),tensor(9.3326e-13),tensor(2.5166e-14),tensor(5.3040e-10),tensor(0.1270),tensor(0.0033),tensor(1.),tensor(1.),tensor(1.),tensor(1.),tensor(1.),tensor(0.3999),tensor(0.0150),tensor(1.),tensor(0.2777),tensor(0.0092),tensor(1.0000),tensor(1.),tensor(1.),tensor(0.0097),tensor(0.2974),tensor(0.1953),tensor(0.0228),tensor(1.),tensor(0.0304)
s_9665_jpg,tensor(0.0008),tensor(3.2659e-06),tensor(9.2444e-10),tensor(0.0010),tensor(0.0033),tensor(0.0536),tensor(0.9989),tensor(5.3215e-05),tensor(4.5057e-13),tensor(1.2599e-10),tensor(1.1703e-10),tensor(6.6777e-07),tensor(1.),tensor(0.1957),tensor(0.2272),tensor(1.),tensor(0.3729),tensor(0.2527),tensor(0.0346),tensor(1.),tensor(0.1721),tensor(0.0047),tensor(1.),tensor(1.),tensor(0.0665),tensor(0.0561),tensor(0.0011),tensor(0.0883),tensor(0.1392),tensor(0.0187),tensor(0.0370),tensor(0.2743)
s_15009_jpg,tensor(0.8273),tensor(0.4527),tensor(0.9464),tensor(0.3247),tensor(0.9468),tensor(6.6522e-06),tensor(1.3727e-06),tensor(1.8169e-09),tensor(0.0010),tensor(2.2000e-06),tensor(7.6829e-05),tensor(0.0884),tensor(0.1315),tensor(1.),tensor(1.),tensor(1.),tensor(1.),tensor(1.0000),tensor(0.4677),tensor(0.2315),tensor(1.0000),tensor(0.3965),tensor(0.1961),tensor(0.8872),tensor(0.9993),tensor(1.),tensor(0.1520),tensor(0.3790),tensor(0.3501),tensor(0.2005),tensor(0.9817),tensor(0.2742)
s_14688_jpg,tensor(0.6742),tensor(0.8388),tensor(0.9963),tensor(0.9992),tensor(0.9295),tensor(3.4744e-11),tensor(1.4293e-17),tensor(2.4008e-18),tensor(7.9554e-11),tensor(3.2408e-14),tensor(5.2339e-10),tensor(0.0091),tensor(0.0139),tensor(1.),tensor(1.),tensor(1.),tensor(1.),tensor(1.),tensor(1.),tensor(0.0668),tensor(1.),tensor(0.4337),tensor(0.0484),tensor(1.),tensor(1.),tensor(1.),tensor(0.0303),tensor(0.2562),tensor(0.1471),tensor(0.0348),tensor(1.),tensor(0.0838)
s_4262_jpg,tensor(3.4467e-09),tensor(9.7122e-26),tensor(0.),tensor(6.7425e-21),tensor(8.1396e-16),tensor(1.),tensor(1.0000),tensor(0.0008),tensor(0.),tensor(6.3106e-21),tensor(0.),tensor(6.7559e-21),tensor(1.),tensor(0.0015),tensor(0.0117),tensor(1.),tensor(0.1247),tensor(0.0076),tensor(6.8018e-06),tensor(1.),tensor(0.0021),tensor(2.9690e-09),tensor(1.),tensor(1.),tensor(0.0002),tensor(8.7632e-05),tensor(7.9382e-11),tensor(7.8921e-05),tensor(0.0006),tensor(3.3673e-08),tensor(0.0002),tensor(0.2771)
s_11911_jpg,tensor(0.2481),tensor(1.7263e-09),tensor(2.1044e-05),tensor(2.0144e-05),tensor(0.0028),tensor(1.5140e-08),tensor(2.3035e-14),tensor(6.2299e-22),tensor(1.),tensor(1.0334e-10),tensor(0.3524),tensor(7.7929e-07),tensor(0.0050),tensor(1.),tensor(1.),tensor(1.),tensor(0.3962),tensor(0.4721),tensor(0.0301),tensor(0.0157),tensor(0.2210),tensor(0.0029),tensor(0.0053),tensor(0.9998),tensor(0.1479),tensor(0.0990),tensor(0.0003),tensor(0.9825),tensor(1.),tensor(1.),tensor(0.0091),tensor(0.0005)
s_9524_jpg,tensor(0.0005),tensor(2.0997e-09),tensor(1.7364e-16),tensor(5.7100e-05),tensor(6.2606e-05),tensor(0.3618),tensor(0.9998),tensor(0.0009),tensor(1.0243e-16),tensor(2.9281e-11),tensor(1.1111e-18),tensor(1.1506e-09),tensor(1.),tensor(0.1093),tensor(0.1434),tensor(1.),tensor(0.2955),tensor(0.1557),tensor(0.0114),tensor(1.),tensor(0.0822),tensor(0.0008),tensor(1.),tensor(1.),tensor(0.0274),tensor(0.0218),tensor(0.0002),tensor(0.0396),tensor(0.0723),tensor(0.0039),tensor(0.0219),tensor(0.3771)
s_15185_jpg,tensor(7.5158e-12),tensor(3.0570e-21),tensor(0.),tensor(2.6198e-13),tensor(2.0427e-12),tensor(0.4991),tensor(1.),tensor(1.),tensor(0.),tensor(2.0255e-17),tensor(0.),tensor(6.1436e-19),tensor(1.),tensor(0.0013),tensor(0.0054),tensor(1.),tensor(0.1049),tensor(0.0090),tensor(6.7265e-06),tensor(1.),tensor(0.0026),tensor(6.7993e-09),tensor(1.),tensor(1.),tensor(0.0001),tensor(6.1528e-05),tensor(1.1949e-10),tensor(0.0003),tensor(0.0008),tensor(4.5138e-08),tensor(2.9916e-05),tensor(1.)
s_1750_jpg,tensor(0.1374),tensor(0.0002),tensor(0.0002),tensor(2.1974e-06),tensor(0.0258),tensor(3.2592e-07),tensor(8.3178e-17),tensor(1.3615e-05),tensor(2.5770e-22),tensor(0.6227),tensor(0.9911),tensor(0.9770),tensor(0.0106),tensor(1.0000),tensor(1.),tensor(1.),tensor(0.4762),tensor(0.2340),tensor(0.0192),tensor(0.0252),tensor(0.1773),tensor(0.0047),tensor(0.0168),tensor(1.),tensor(0.3140),tensor(0.1431),tensor(0.0006),tensor(1.),tensor(1.),tensor(0.0140),tensor(1.),tensor(0.0051)
s_8724_jpg,tensor(0.9474),tensor(0.9207),tensor(1.9309e-07),tensor(0.0006),tensor(0.9684),tensor(9.8794e-09),tensor(4.4706e-17),tensor(6.3479e-17),tensor(8.3129e-06),tensor(1.1630e-09),tensor(7.4340e-06),tensor(0.2906),tensor(0.0195),tensor(1.),tensor(1.),tensor(1.),tensor(1.),tensor(1.),tensor(0.4194),tensor(0.0615),tensor(1.),tensor(0.3815),tensor(0.0457),tensor(0.9745),tensor(1.),tensor(1.),tensor(0.0228),tensor(0.3720),tensor(0.2930),tensor(0.1633),tensor(0.1728),tensor(0.0178)
s_12408_jpg,tensor(0.0677),tensor(0.9854),tensor(1.0000),tensor(1.),tensor(0.0002),tensor(3.7580e-24),tensor(2.7153e-35),tensor(0.),tensor(2.0588e-30),tensor(1.8478e-30),tensor(1.9700e-22),tensor(6.8754e-07),tensor(6.3719e-05),tensor(1.),tensor(1.),tensor(1.),tensor(1.),tensor(1.),tensor(1.),tensor(0.0023),tensor(1.),tensor(0.2290),tensor(0.0009),tensor(1.),tensor(1.),tensor(1.),tensor(0.0005),tensor(0.0888),tensor(0.0305),tensor(0.0004),tensor(1.),tensor(0.0036)
s_14726_jpg,tensor(5.3266e-10),tensor(4.9191e-20),tensor(0.),tensor(3.0867e-12),tensor(7.8713e-12),tensor(0.9982),tensor(1.),tensor(1.),tensor(3.3283e-39),tensor(1.3786e-16),tensor(0.),tensor(9.9586e-19),tensor(1.),tensor(0.0022),tensor(0.0101),tensor(1.),tensor(0.1264),tensor(0.0117),tensor(2.0358e-05),tensor(1.),tensor(0.0044),tensor(2.4185e-08),tensor(1.),tensor(1.),tensor(0.0003),tensor(0.0002),tensor(1.0795e-09),tensor(0.0004),tensor(0.0016),tensor(1.7477e-07),tensor(0.0001),tensor(1.)
s_108_jpg,tensor(0.4821),tensor(0.8159),tensor(0.9977),tensor(1.0000),tensor(0.2084),tensor(3.8466e-13),tensor(8.3263e-16),tensor(4.2428e-21),tensor(2.2401e-16),tensor(8.3814e-18),tensor(1.4603e-13),tensor(0.0002),tensor(0.0094),tensor(1.),tensor(1.),tensor(1.),tensor(1.),tensor(1.),tensor(1.),tensor(0.0536),tensor(1.),tensor(0.3574),tensor(0.0369),tensor(1.),tensor(1.),tensor(1.),tensor(0.0256),tensor(0.2456),tensor(0.1560),tensor(0.0257),tensor(1.),tensor(0.0698)
s_9334_jpg,tensor(0.1519),tensor(1.0725e-07),tensor(0.0080),tensor(3.6287e-05),tensor(2.1295e-05),tensor(1.0374e-05),tensor(3.0259e-15),tensor(5.5726e-25),tensor(1.),tensor(5.4551e-17),tensor(0.0002),tensor(8.0105e-10),tensor(0.0049),tensor(1.),tensor(1.),tensor(1.),tensor(0.4202),tensor(0.4656),tensor(0.0195),tensor(0.0179),tensor(0.2232),tensor(0.0013),tensor(0.0035),tensor(0.4241),tensor(0.0904),tensor(0.0691),tensor(6.9844e-05),tensor(0.3608),tensor(0.3931),tensor(1.),tensor(0.0026),tensor(0.0002)
s_15027_jpg,tensor(0.8698),tensor(0.7172),tensor(1.0000),tensor(1.),tensor(0.0006),tensor(3.6819e-21),tensor(1.8342e-26),tensor(1.6161e-35),tensor(7.0181e-27),tensor(1.4003e-27),tensor(6.1751e-20),tensor(1.1860e-05),tensor(0.0004),tensor(1.),tensor(1.),tensor(1.),tensor(1.),tensor(1.),tensor(1.),tensor(0.0083),tensor(1.),tensor(0.1941),tensor(0.0038),tensor(1.),tensor(1.),tensor(1.),tensor(0.0027),tensor(0.1662),tensor(0.0894),tensor(0.0050),tensor(1.),tensor(0.0134)
s_9828_jpg,tensor(0.9821),tensor(0.4213),tensor(1.6933e-09),tensor(0.0001),tensor(0.9999),tensor(1.3001e-11),tensor(1.1617e-17),tensor(4.2062e-20),tensor(7.3913e-05),tensor(4.0335e-12),tensor(9.0381e-08),tensor(0.0864),tensor(0.0112),tensor(1.),tensor(1.),tensor(1.),tensor(1.),tensor(1.),tensor(0.3888),tensor(0.0454),tensor(1.),tensor(0.3488),tensor(0.0312),tensor(0.4853),tensor(1.),tensor(0.9998),tensor(0.0080),tensor(0.2865),tensor(0.2585),tensor(0.1580),tensor(0.0846),tensor(0.0086)
s_12842_jpg,tensor(2.3604e-08),tensor(2.6628e-14),tensor(2.9669e-30),tensor(6.4882e-09),tensor(2.0056e-08),tensor(0.4353),tensor(1.),tensor(1.),tensor(9.8943e-31),tensor(3.8350e-13),tensor(0.),tensor(5.6498e-14),tensor(1.),tensor(0.0111),tensor(0.0312),tensor(1.),tensor(0.2000),tensor(0.0396),tensor(0.0003),tensor(1.),tensor(0.0192),tensor(2.6110e-06),tensor(1.),tensor(1.),tensor(0.0025),tensor(0.0015),tensor(1.7795e-07),tensor(0.0038),tensor(0.0077),tensor(9.6999e-06),tensor(0.0008),tensor(1.)
s_5591_jpg,tensor(2.0888e-10),tensor(2.2230e-27),tensor(0.),tensor(1.7310e-19),tensor(1.4539e-16),tensor(1.),tensor(1.),tensor(0.0001),tensor(0.),tensor(2.2962e-25),tensor(0.),tensor(7.7971e-25),tensor(1.),tensor(0.0010),tensor(0.0064),tensor(1.),tensor(0.0887),tensor(0.0052),tensor(2.7883e-06),tensor(1.),tensor(0.0012),tensor(5.3378e-10),tensor(1.),tensor(1.),tensor(7.7897e-05),tensor(3.3360e-05),tensor(1.1421e-11),tensor(4.2566e-05),tensor(0.0004),tensor(1.1949e-08),tensor(5.9939e-05),tensor(0.2796)
s_12489_jpg,tensor(0.9716),tensor(0.9965),tensor(5.6230e-07),tensor(1.),tensor(2.1153e-05),tensor(1.3264e-25),tensor(0.),tensor(0.),tensor(2.4360e-37),tensor(0.),tensor(5.7395e-31),tensor(3.5880e-06),tensor(1.0909e-05),tensor(1.),tensor(1.),tensor(1.),tensor(1.),tensor(1.),tensor(1.),tensor(0.0005),tensor(1.),tensor(0.3006),tensor(0.0003),tensor(1.),tensor(1.),tensor(1.),tensor(0.0001),tensor(0.1210),tensor(0.0392),tensor(0.0005),tensor(0.3197),tensor(0.0003)
s_10511_jpg,tensor(2.1953e-05),tensor(9.5835e-29),tensor(0.),tensor(1.6025e-27),tensor(1.3692e-19),tensor(1.),tensor(3.5512e-11),tensor(2.3082e-11),tensor(4.3934e-22),tensor(1.8965e-07),tensor(0.),tensor(4.5652e-10),tensor(1.),tensor(0.0044),tensor(0.0467),tensor(0.9999),tensor(0.2348),tensor(0.0137),tensor(1.6467e-05),tensor(1.),tensor(0.0035),tensor(5.7695e-08),tensor(0.2558),tensor(1.),tensor(0.0009),tensor(0.0004),tensor(7.9889e-09),tensor(0.0004),tensor(0.0097),tensor(1.3381e-06),tensor(0.0110),tensor(0.1734)
s_15019_jpg,tensor(0.0146),tensor(1.5219e-12),tensor(1.4543e-06),tensor(1.5376e-09),tensor(0.0005),tensor(6.3407e-12),tensor(2.0547e-23),tensor(9.5461e-09),tensor(1.3896e-31),tensor(0.9930),tensor(0.8554),tensor(0.9347),tensor(0.0040),tensor(0.3982),tensor(1.),tensor(1.),tensor(0.3831),tensor(0.0767),tensor(0.0009),tensor(0.0111),tensor(0.0397),tensor(8.6442e-05),tensor(0.0058),tensor(1.),tensor(0.1024),tensor(0.0233),tensor(1.1836e-05),tensor(1.0000),tensor(1.),tensor(0.0021),tensor(1.),tensor(0.0008)
s_10819_jpg,tensor(0.4188),tensor(4.4920e-09),tensor(7.8817e-05),tensor(0.0002),tensor(0.2228),tensor(3.8272e-07),tensor(9.0957e-20),tensor(6.4263e-19),tensor(1.),tensor(2.6325e-05),tensor(0.9954),tensor(0.0031),tensor(0.0070),tensor(1.),tensor(1.),tensor(1.),tensor(0.4102),tensor(0.4845),tensor(0.0579),tensor(0.0215),tensor(0.3203),tensor(0.0089),tensor(0.0085),tensor(1.0000),tensor(0.2241),tensor(0.1378),tensor(0.0007),tensor(1.),tensor(1.),tensor(1.),tensor(0.0174),tensor(0.0007)
s_6349_jpg,tensor(0.0137),tensor(5.5551e-14),tensor(3.2738e-06),tensor(8.9849e-09),tensor(0.0003),tensor(8.2543e-12),tensor(2.8660e-19),tensor(5.0361e-06),tensor(1.2317e-28),tensor(0.9997),tensor(0.3065),tensor(0.9143),tensor(0.0110),tensor(0.4162),tensor(1.),tensor(1.),tensor(0.3345),tensor(0.0912),tensor(0.0018),tensor(0.0235),tensor(0.0373),tensor(0.0002),tensor(0.0117),tensor(1.),tensor(0.0930),tensor(0.0270),tensor(7.6100e-05),tensor(0.6908),tensor(1.),tensor(0.0062),tensor(1.),tensor(0.0022)
s_4213_jpg,tensor(0.0165),tensor(1.2324e-13),tensor(1.9552e-06),tensor(7.5707e-10),tensor(0.0010),tensor(2.2112e-10),tensor(1.2515e-26),tensor(2.0259e-09),tensor(7.2253e-29),tensor(0.9526),tensor(0.9642),tensor(0.9393),tensor(0.0029),tensor(0.4544),tensor(1.),tensor(1.),tensor(0.3409),tensor(0.0687),tensor(0.0007),tensor(0.0075),tensor(0.0378),tensor(6.0191e-05),tensor(0.0035),tensor(1.),tensor(0.0939),tensor(0.0169),tensor(9.7097e-06),tensor(1.),tensor(1.),tensor(0.0030),tensor(1.),tensor(0.0004)
s_12712_jpg,tensor(0.2762),tensor(4.2990e-08),tensor(1.1842e-05),tensor(2.7526e-06),tensor(0.0140),tensor(1.4136e-09),tensor(1.2032e-16),tensor(2.3342e-21),tensor(1.),tensor(3.6621e-12),tensor(0.8829),tensor(1.0125e-06),tensor(0.0046),tensor(1.),tensor(1.),tensor(1.),tensor(0.4170),tensor(0.4317),tensor(0.0113),tensor(0.0138),tensor(0.1654),tensor(0.0016),tensor(0.0032),tensor(0.4907),tensor(0.1042),tensor(0.0465),tensor(0.0001),tensor(1.),tensor(0.9999),tensor(1.),tensor(0.0098),tensor(0.0002)
s_15414_jpg,tensor(0.9365),tensor(0.8825),tensor(0.9998),tensor(0.0038),tensor(0.0738),tensor(1.2634e-07),tensor(1.3513e-15),tensor(1.3189e-12),tensor(1.0297e-08),tensor(1.3977e-09),tensor(9.9048e-06),tensor(0.2331),tensor(0.0442),tensor(1.),tensor(1.),tensor(1.),tensor(1.),tensor(1.0000),tensor(0.4016),tensor(0.0972),tensor(1.),tensor(0.2994),tensor(0.0722),tensor(1.0000),tensor(1.),tensor(1.),tensor(0.0532),tensor(0.3689),tensor(0.3122),tensor(0.0953),tensor(1.),tensor(0.1528)
s_1258_jpg,tensor(0.0321),tensor(4.9068e-11),tensor(0.0002),tensor(1.1742e-07),tensor(0.0055),tensor(1.9123e-10),tensor(2.3856e-23),tensor(1.3457e-09),tensor(1.6442e-28),tensor(0.9375),tensor(0.8264),tensor(0.8880),tensor(0.0034),tensor(0.4870),tensor(1.),tensor(1.),tensor(0.3890),tensor(0.0964),tensor(0.0018),tensor(0.0096),tensor(0.0551),tensor(0.0002),tensor(0.0046),tensor(1.),tensor(0.1279),tensor(0.0372),tensor(2.9104e-05),tensor(1.),tensor(1.),tensor(0.0043),tensor(1.),tensor(0.0009)
s_10974_jpg,tensor(0.8162),tensor(0.9652),tensor(0.9987),tensor(0.5191),tensor(0.9944),tensor(1.5122e-06),tensor(5.9136e-12),tensor(1.3743e-11),tensor(6.8597e-06),tensor(2.8677e-08),tensor(2.0173e-05),tensor(0.1656),tensor(0.0794),tensor(1.0000),tensor(1.),tensor(1.),tensor(1.),tensor(1.),tensor(0.4916),tensor(0.2075),tensor(1.),tensor(0.4552),tensor(0.1599),tensor(1.0000),tensor(1.),tensor(1.),tensor(0.0852),tensor(0.2764),tensor(0.2044),tensor(0.0760),tensor(0.9990),tensor(0.2153)
s_14498_jpg,tensor(4.1248e-10),tensor(8.8781e-21),tensor(0.),tensor(8.5475e-15),tensor(4.0230e-12),tensor(1.0000),tensor(1.),tensor(1.),tensor(1.1831e-37),tensor(7.9634e-19),tensor(0.),tensor(1.2752e-19),tensor(1.),tensor(0.0014),tensor(0.0067),tensor(1.),tensor(0.1107),tensor(0.0100),tensor(1.4112e-05),tensor(1.),tensor(0.0032),tensor(8.6338e-09),tensor(1.),tensor(1.),tensor(0.0002),tensor(0.0001),tensor(2.4767e-10),tensor(0.0001),tensor(0.0004),tensor(4.8054e-08),tensor(6.5361e-05),tensor(1.)
s_8589_jpg,tensor(0.9987),tensor(0.2158),tensor(9.3267e-12),tensor(1.0000),tensor(0.9795),tensor(3.1814e-16),tensor(3.0283e-24),tensor(1.5160e-29),tensor(3.9052e-15),tensor(6.8449e-24),tensor(3.8675e-16),tensor(0.0208),tensor(0.0011),tensor(1.),tensor(1.),tensor(1.),tensor(1.),tensor(1.),tensor(1.),tensor(0.0098),tensor(1.),tensor(0.3768),tensor(0.0070),tensor(1.),tensor(1.),tensor(1.),tensor(0.0024),tensor(0.2293),tensor(0.1319),tensor(0.0252),tensor(0.1030),tensor(0.0021)
s_8796_jpg,tensor(0.8550),tensor(0.9951),tensor(4.0808e-10),tensor(1.),tensor(0.9950),tensor(1.4254e-22),tensor(5.0340e-36),tensor(0.),tensor(1.3962e-21),tensor(2.2122e-29),tensor(1.6397e-21),tensor(8.8820e-05),tensor(4.1276e-05),tensor(1.),tensor(1.),tensor(1.),tensor(1.),tensor(1.),tensor(1.),tensor(0.0014),tensor(1.),tensor(0.3495),tensor(0.0008),tensor(1.),tensor(1.),tensor(1.),tensor(0.0002),tensor(0.1109),tensor(0.0458),tensor(0.0029),tensor(0.0895),tensor(0.0003)
s_1620_jpg,tensor(0.2277),tensor(0.9450),tensor(1.4241e-05),tensor(1.),tensor(0.0027),tensor(2.0197e-20),tensor(4.3846e-29),tensor(0.),tensor(8.9974e-23),tensor(2.6734e-26),tensor(2.4613e-19),tensor(4.0578e-06),tensor(0.0001),tensor(1.),tensor(1.),tensor(1.),tensor(1.),tensor(1.),tensor(1.),tensor(0.0029),tensor(1.),tensor(0.1656),tensor(0.0014),tensor(1.),tensor(1.),tensor(1.),tensor(0.0007),tensor(0.1694),tensor(0.0770),tensor(0.0053),tensor(0.2291),tensor(0.0012)
s_14500_jpg,tensor(0.1393),tensor(1.8135e-08),tensor(0.0002),tensor(8.1051e-06),tensor(0.0146),tensor(0.0001),tensor(7.0524e-10),tensor(8.6264e-17),tensor(1.),tensor(1.2368e-09),tensor(2.2607e-05),tensor(4.8411e-05),tensor(0.0285),tensor(1.),tensor(1.),tensor(1.),tensor(0.4108),tensor(0.4731),tensor(0.0316),tensor(0.0745),tensor(0.1834),tensor(0.0080),tensor(0.0266),tensor(0.4592),tensor(0.0997),tensor(0.0988),tensor(0.0014),tensor(0.4074),tensor(0.7812),tensor(1.),tensor(0.0217),tensor(0.0038)
s_1727_jpg,tensor(0.0001),tensor(9.3214e-19),tensor(4.6275e-30),tensor(5.4496e-19),tensor(1.1629e-11),tensor(1.),tensor(7.7325e-08),tensor(3.9353e-07),tensor(2.0833e-14),tensor(2.5954e-06),tensor(0.),tensor(1.2506e-07),tensor(1.),tensor(0.0239),tensor(0.1081),tensor(0.9991),tensor(0.3191),tensor(0.0596),tensor(0.0006),tensor(1.),tensor(0.0198),tensor(1.1558e-05),tensor(0.3132),tensor(1.),tensor(0.0087),tensor(0.0057),tensor(2.6666e-06),tensor(0.0034),tensor(0.0300),tensor(8.9064e-05),tensor(0.0350),tensor(0.2563)
s_1581_jpg,tensor(0.9675),tensor(0.9651),tensor(0.9983),tensor(0.0119),tensor(0.9601),tensor(8.5785e-14),tensor(8.1315e-26),tensor(1.4866e-21),tensor(2.3080e-13),tensor(2.3014e-15),tensor(1.2466e-10),tensor(0.2290),tensor(0.0034),tensor(1.),tensor(1.),tensor(1.),tensor(1.),tensor(1.),tensor(0.4216),tensor(0.0209),tensor(1.),tensor(0.3856),tensor(0.0135),tensor(1.),tensor(1.),tensor(1.),tensor(0.0086),tensor(0.2418),tensor(0.1404),tensor(0.0138),tensor(1.),tensor(0.0329)
s_1378_jpg,tensor(0.0414),tensor(4.9931e-10),tensor(4.3426e-05),tensor(5.6098e-08),tensor(0.0061),tensor(1.0004e-08),tensor(2.4886e-23),tensor(9.6841e-10),tensor(2.9147e-26),tensor(0.8525),tensor(0.9655),tensor(0.9100),tensor(0.0052),tensor(0.4776),tensor(1.),tensor(1.),tensor(0.4129),tensor(0.1169),tensor(0.0028),tensor(0.0134),tensor(0.0819),tensor(0.0003),tensor(0.0072),tensor(1.),tensor(0.1505),tensor(0.0424),tensor(4.0015e-05),tensor(1.),tensor(1.),tensor(0.0050),tensor(1.),tensor(0.0011)
s_14009_jpg,tensor(4.7585e-06),tensor(1.5865e-16),tensor(1.2990e-28),tensor(2.0131e-10),tensor(4.0077e-09),tensor(0.1959),tensor(1.0000),tensor(0.0036),tensor(2.7996e-27),tensor(5.2711e-09),tensor(7.4739e-27),tensor(1.2540e-10),tensor(1.),tensor(0.0328),tensor(0.0843),tensor(1.),tensor(0.2328),tensor(0.0537),tensor(0.0008),tensor(1.),tensor(0.0223),tensor(2.0093e-05),tensor(1.),tensor(1.),tensor(0.0071),tensor(0.0035),tensor(4.2470e-06),tensor(0.0179),tensor(0.0475),tensor(0.0002),tensor(0.0162),tensor(0.3518)
s_5893_jpg,tensor(0.3029),tensor(5.6954e-06),tensor(2.3619e-05),tensor(0.0003),tensor(0.0240),tensor(2.3596e-07),tensor(6.7223e-11),tensor(1.2005e-18),tensor(1.),tensor(7.9949e-09),tensor(0.6269),tensor(0.0001),tensor(0.0156),tensor(1.),tensor(1.),tensor(1.),tensor(0.4257),tensor(0.7333),tensor(0.0772),tensor(0.0423),tensor(0.3160),tensor(0.0119),tensor(0.0186),tensor(0.9990),tensor(0.1770),tensor(0.1309),tensor(0.0011),tensor(0.9584),tensor(0.4962),tensor(1.),tensor(0.0107),tensor(0.0017)
s_11973_jpg,tensor(0.9922),tensor(0.8941),tensor(2.0926e-05),tensor(1.0000),tensor(0.0011),tensor(1.6436e-15),tensor(1.5145e-29),tensor(1.4994e-32),tensor(1.6333e-19),tensor(1.1607e-24),tensor(3.9197e-16),tensor(0.0116),tensor(0.0010),tensor(1.),tensor(1.),tensor(1.),tensor(1.),tensor(1.),tensor(1.),tensor(0.0102),tensor(1.),tensor(0.2275),tensor(0.0057),tensor(1.),tensor(1.),tensor(1.),tensor(0.0019),tensor(0.2171),tensor(0.1204),tensor(0.0140),tensor(0.2415),tensor(0.0035)
s_3869_jpg,tensor(1.1942e-09),tensor(2.5806e-18),tensor(3.7754e-38),tensor(6.0346e-11),tensor(1.9185e-10),tensor(0.4835),tensor(1.),tensor(1.),tensor(4.5724e-37),tensor(1.9164e-14),tensor(0.),tensor(9.1273e-17),tensor(1.),tensor(0.0040),tensor(0.0151),tensor(1.),tensor(0.1559),tensor(0.0183),tensor(5.0493e-05),tensor(1.),tensor(0.0077),tensor(1.6534e-07),tensor(1.),tensor(1.),tensor(0.0007),tensor(0.0004),tensor(6.6149e-09),tensor(0.0011),tensor(0.0029),tensor(8.0125e-07),tensor(0.0003),tensor(1.)
s_15369_jpg,tensor(0.9943),tensor(0.0427),tensor(1.0000),tensor(0.0011),tensor(0.8481),tensor(2.2203e-12),tensor(1.0814e-20),tensor(1.9740e-17),tensor(1.7550e-10),tensor(9.6680e-16),tensor(9.9145e-10),tensor(0.0755),tensor(0.0154),tensor(1.),tensor(1.),tensor(1.),tensor(1.),tensor(1.),tensor(0.3878),tensor(0.0572),tensor(1.),tensor(0.3855),tensor(0.0445),tensor(1.0000),tensor(1.),tensor(1.),tensor(0.0243),tensor(0.3100),tensor(0.2177),tensor(0.0387),tensor(1.),tensor(0.1296)
s_12844_jpg,tensor(0.0151),tensor(7.6098e-14),tensor(4.2924e-07),tensor(1.7181e-10),tensor(0.0013),tensor(1.1413e-11),tensor(2.7296e-26),tensor(3.6564e-10),tensor(5.0574e-32),tensor(0.9575),tensor(0.9441),tensor(0.9053),tensor(0.0026),tensor(0.4438),tensor(1.),tensor(1.),tensor(0.3634),tensor(0.0695),tensor(0.0006),tensor(0.0074),tensor(0.0339),tensor(5.1168e-05),tensor(0.0035),tensor(1.),tensor(0.0873),tensor(0.0161),tensor(6.3583e-06),tensor(1.),tensor(1.),tensor(0.0021),tensor(1.),tensor(0.0004)
s_13780_jpg,tensor(0.2824),tensor(5.2835e-10),tensor(4.1036e-06),tensor(1.1084e-06),tensor(0.0044),tensor(1.1716e-09),tensor(4.5639e-17),tensor(3.8914e-21),tensor(1.),tensor(2.0964e-09),tensor(0.9077),tensor(1.6193e-06),tensor(0.0046),tensor(1.),tensor(1.),tensor(1.),tensor(0.3520),tensor(0.4417),tensor(0.0291),tensor(0.0155),tensor(0.2152),tensor(0.0036),tensor(0.0047),tensor(1.),tensor(0.1495),tensor(0.0866),tensor(0.0003),tensor(1.),tensor(1.),tensor(1.),tensor(0.0107),tensor(0.0003)
s_8802_jpg,tensor(0.9999),tensor(0.1261),tensor(2.1667e-13),tensor(0.9994),tensor(0.9980),tensor(8.8380e-18),tensor(6.7547e-26),tensor(9.7115e-32),tensor(5.4240e-14),tensor(1.4704e-22),tensor(9.3348e-16),tensor(0.0681),tensor(0.0013),tensor(1.),tensor(1.),tensor(1.),tensor(1.),tensor(1.),tensor(0.7992),tensor(0.0088),tensor(1.),tensor(0.3694),tensor(0.0063),tensor(1.),tensor(1.),tensor(1.),tensor(0.0027),tensor(0.3002),tensor(0.2110),tensor(0.0378),tensor(0.0993),tensor(0.0022)
s_7992_jpg,tensor(0.9115),tensor(0.0556),tensor(0.0022),tensor(1.0000),tensor(0.9918),tensor(4.9002e-17),tensor(4.9670e-22),tensor(2.4309e-30),tensor(8.1896e-14),tensor(3.8803e-23),tensor(1.4208e-16),tensor(0.0001),tensor(0.0018),tensor(1.),tensor(1.),tensor(1.),tensor(1.),tensor(1.),tensor(1.),tensor(0.0169),tensor(1.),tensor(0.3758),tensor(0.0097),tensor(1.),tensor(1.),tensor(1.),tensor(0.0052),tensor(0.2152),tensor(0.1193),tensor(0.0191),tensor(0.3412),tensor(0.0117)
s_4430_jpg,tensor(1.9935e-08),tensor(1.7587e-15),tensor(7.9704e-32),tensor(2.1765e-09),tensor(4.1323e-09),tensor(0.2295),tensor(1.),tensor(1.),tensor(1.7552e-32),tensor(6.4756e-13),tensor(0.),tensor(2.8427e-14),tensor(1.),tensor(0.0108),tensor(0.0297),tensor(1.),tensor(0.1936),tensor(0.0355),tensor(0.0003),tensor(1.),tensor(0.0154),tensor(1.9564e-06),tensor(1.),tensor(1.),tensor(0.0021),tensor(0.0013),tensor(1.5726e-07),tensor(0.0042),tensor(0.0093),tensor(8.9768e-06),tensor(0.0010),tensor(1.)
s_5822_jpg,tensor(2.6543e-10),tensor(1.1354e-17),tensor(4.0696e-38),tensor(9.6830e-11),tensor(3.9537e-10),tensor(0.5118),tensor(1.),tensor(1.),tensor(4.0379e-38),tensor(5.8136e-17),tensor(0.),tensor(6.0136e-18),tensor(1.),tensor(0.0033),tensor(0.0109),tensor(1.),tensor(0.1382),tensor(0.0188),tensor(4.3487e-05),tensor(1.),tensor(0.0062),tensor(9.3366e-08),tensor(1.),tensor(1.),tensor(0.0005),tensor(0.0003),tensor(2.4794e-09),tensor(0.0007),tensor(0.0018),tensor(4.2861e-07),tensor(0.0001),tensor(1.)
s_414_jpg,tensor(0.9820),tensor(0.9827),tensor(0.9996),tensor(1.),tensor(0.9349),tensor(2.0763e-27),tensor(0.),tensor(0.),tensor(1.4728e-30),tensor(2.3423e-36),tensor(5.4910e-27),tensor(1.8319e-05),tensor(1.7292e-05),tensor(1.),tensor(1.),tensor(1.),tensor(1.),tensor(1.),tensor(1.),tensor(0.0009),tensor(1.),tensor(0.3355),tensor(0.0004),tensor(1.),tensor(1.),tensor(1.),tensor(0.0002),tensor(0.0755),tensor(0.0245),tensor(0.0004),tensor(1.),tensor(0.0019)
s_13062_jpg,tensor(0.9652),tensor(0.9104),tensor(6.2369e-08),tensor(1.0000),tensor(0.0768),tensor(4.4582e-17),tensor(7.6309e-29),tensor(9.8072e-36),tensor(6.2616e-17),tensor(5.3596e-23),tensor(1.0178e-14),tensor(0.0029),tensor(0.0004),tensor(1.),tensor(1.),tensor(1.),tensor(1.),tensor(1.),tensor(1.),tensor(0.0059),tensor(1.),tensor(0.2567),tensor(0.0033),tensor(1.),tensor(1.),tensor(1.),tensor(0.0014),tensor(0.2661),tensor(0.1330),tensor(0.0150),tensor(0.1698),tensor(0.0015)
s_9409_jpg,tensor(0.0267),tensor(1.6273e-09),tensor(1.3165e-05),tensor(6.3468e-08),tensor(0.0008),tensor(6.0784e-06),tensor(7.0516e-13),tensor(0.0003),tensor(2.1118e-13),tensor(0.9906),tensor(0.0015),tensor(0.9091),tensor(0.1118),tensor(0.3228),tensor(1.),tensor(1.),tensor(0.4635),tensor(0.1991),tensor(0.0141),tensor(0.1656),tensor(0.1242),tensor(0.0046),tensor(0.0990),tensor(1.),tensor(0.1561),tensor(0.0816),tensor(0.0017),tensor(0.3591),tensor(1.),tensor(0.0240),tensor(1.),tensor(0.0359)
s_3633_jpg,tensor(0.6984),tensor(0.5975),tensor(0.9999),tensor(1.0000),tensor(0.8422),tensor(9.8172e-12),tensor(5.7714e-14),tensor(8.0583e-16),tensor(3.5849e-13),tensor(3.6029e-15),tensor(1.7563e-11),tensor(0.0017),tensor(0.0221),tensor(1.),tensor(1.),tensor(1.),tensor(1.),tensor(1.),tensor(1.),tensor(0.0966),tensor(1.),tensor(0.4343),tensor(0.0716),tensor(1.),tensor(1.),tensor(1.),tensor(0.0473),tensor(0.2541),tensor(0.1723),tensor(0.0393),tensor(1.),tensor(0.1538)
s_11215_jpg,tensor(0.0219),tensor(1.0972e-12),tensor(1.6792e-06),tensor(1.4889e-09),tensor(0.0035),tensor(8.4377e-11),tensor(6.8127e-24),tensor(5.4814e-09),tensor(1.1482e-29),tensor(0.9551),tensor(0.9255),tensor(0.9443),tensor(0.0038),tensor(0.4421),tensor(1.),tensor(1.),tensor(0.3544),tensor(0.0765),tensor(0.0009),tensor(0.0096),tensor(0.0395),tensor(0.0001),tensor(0.0046),tensor(1.),tensor(0.1026),tensor(0.0195),tensor(1.5394e-05),tensor(1.),tensor(1.),tensor(0.0032),tensor(1.),tensor(0.0006)
s_9339_jpg,tensor(0.8614),tensor(0.9821),tensor(0.0999),tensor(0.0002),tensor(0.5521),tensor(1.4857e-05),tensor(1.0943e-10),tensor(9.6279e-13),tensor(2.7191e-07),tensor(0.0002),tensor(0.0007),tensor(0.3789),tensor(0.0589),tensor(1.),tensor(1.),tensor(1.),tensor(1.),tensor(0.9999),tensor(0.3197),tensor(0.1108),tensor(1.0000),tensor(0.2283),tensor(0.0766),tensor(1.0000),tensor(1.0000),tensor(1.),tensor(0.0407),tensor(0.4332),tensor(0.3996),tensor(0.1115),tensor(0.4599),tensor(0.0747)
s_15866_jpg,tensor(7.5992e-09),tensor(6.5742e-21),tensor(0.),tensor(8.6752e-13),tensor(1.3282e-11),tensor(0.9990),tensor(1.0000),tensor(0.0033),tensor(7.9635e-36),tensor(3.0845e-19),tensor(0.),tensor(5.7343e-20),tensor(1.),tensor(0.0052),tensor(0.0198),tensor(1.),tensor(0.1480),tensor(0.0184),tensor(4.9006e-05),tensor(1.),tensor(0.0061),tensor(8.9699e-08),tensor(1.),tensor(1.),tensor(0.0006),tensor(0.0003),tensor(4.6836e-09),tensor(0.0007),tensor(0.0031),tensor(1.0667e-06),tensor(0.0006),tensor(0.3677)
s_6295_jpg,tensor(0.0044),tensor(1.0602e-15),tensor(6.0342e-08),tensor(2.1770e-11),tensor(1.5407e-05),tensor(2.2191e-08),tensor(2.9059e-18),tensor(6.7478e-06),tensor(1.7362e-19),tensor(0.9989),tensor(2.7002e-05),tensor(0.9248),tensor(0.0468),tensor(0.2659),tensor(1.),tensor(1.),tensor(0.3930),tensor(0.1011),tensor(0.0020),tensor(0.0855),tensor(0.0450),tensor(0.0003),tensor(0.0385),tensor(1.),tensor(0.0642),tensor(0.0249),tensor(0.0001),tensor(0.2924),tensor(1.),tensor(0.0064),tensor(1.),tensor(0.0097)
s_9084_jpg,tensor(0.8962),tensor(0.9946),tensor(9.1288e-06),tensor(0.0037),tensor(0.9455),tensor(7.3355e-09),tensor(4.7469e-18),tensor(7.8553e-18),tensor(1.3919e-06),tensor(7.7509e-10),tensor(2.1395e-06),tensor(0.2012),tensor(0.0192),tensor(1.),tensor(1.),tensor(1.),tensor(1.),tensor(1.),tensor(0.4316),tensor(0.0614),tensor(1.),tensor(0.3433),tensor(0.0414),tensor(0.4940),tensor(1.),tensor(1.),tensor(0.0169),tensor(0.3358),tensor(0.2407),tensor(0.1090),tensor(0.1879),tensor(0.0200)
s_7806_jpg,tensor(0.9998),tensor(0.0244),tensor(1.1205e-15),tensor(3.4060e-06),tensor(0.9999),tensor(1.4126e-17),tensor(2.4878e-29),tensor(1.4898e-30),tensor(4.9783e-09),tensor(8.9049e-21),tensor(8.8212e-13),tensor(0.0896),tensor(0.0008),tensor(1.),tensor(1.),tensor(1.),tensor(1.),tensor(1.),tensor(0.3595),tensor(0.0038),tensor(1.),tensor(0.3536),tensor(0.0034),tensor(0.9608),tensor(1.),tensor(1.),tensor(0.0014),tensor(0.3169),tensor(0.2280),tensor(0.0630),tensor(0.0335),tensor(0.0008)
s_9957_jpg,tensor(0.5008),tensor(0.9785),tensor(3.8792e-07),tensor(1.),tensor(0.9926),tensor(4.4181e-15),tensor(8.4543e-21),tensor(6.4704e-28),tensor(5.6966e-16),tensor(2.9479e-20),tensor(3.1722e-15),tensor(0.0002),tensor(0.0015),tensor(1.),tensor(1.),tensor(1.),tensor(1.),tensor(1.),tensor(1.),tensor(0.0179),tensor(1.),tensor(0.4074),tensor(0.0137),tensor(1.),tensor(1.),tensor(1.),tensor(0.0047),tensor(0.2176),tensor(0.1201),tensor(0.0239),tensor(0.1765),tensor(0.0053)
s_15184_jpg,tensor(0.0379),tensor(1.9186e-11),tensor(9.4707e-06),tensor(7.0755e-09),tensor(0.0012),tensor(4.2944e-08),tensor(1.0949e-22),tensor(2.1327e-09),tensor(3.2264e-22),tensor(1.4974e-05),tensor(0.9999),tensor(0.0053),tensor(0.0052),tensor(0.4203),tensor(1.),tensor(1.),tensor(0.3594),tensor(0.0811),tensor(0.0012),tensor(0.0100),tensor(0.0665),tensor(7.3710e-05),tensor(0.0062),tensor(1.),tensor(0.0772),tensor(0.0163),tensor(1.1902e-05),tensor(1.),tensor(1.),tensor(0.0047),tensor(0.3435),tensor(0.0010)
s_6488_jpg,tensor(2.7410e-07),tensor(7.2756e-18),tensor(2.4853e-36),tensor(2.2139e-14),tensor(1.1509e-11),tensor(1.),tensor(1.0000),tensor(0.0047),tensor(9.2038e-30),tensor(3.4648e-17),tensor(0.),tensor(2.8825e-16),tensor(1.),tensor(0.0096),tensor(0.0350),tensor(1.),tensor(0.1863),tensor(0.0286),tensor(0.0002),tensor(1.),tensor(0.0142),tensor(5.9701e-07),tensor(1.),tensor(1.),tensor(0.0023),tensor(0.0014),tensor(4.0077e-08),tensor(0.0010),tensor(0.0036),tensor(3.9752e-06),tensor(0.0015),tensor(0.3122)
s_10040_jpg,tensor(0.0002),tensor(5.5564e-07),tensor(1.1530e-13),tensor(0.0033),tensor(0.0010),tensor(0.1794),tensor(0.9995),tensor(0.0677),tensor(1.6935e-14),tensor(8.2590e-07),tensor(1.1419e-14),tensor(3.6919e-07),tensor(1.),tensor(0.1532),tensor(0.2229),tensor(1.),tensor(0.3768),tensor(0.2079),tensor(0.0315),tensor(1.),tensor(0.1472),tensor(0.0055),tensor(1.),tensor(1.),tensor(0.0837),tensor(0.0608),tensor(0.0017),tensor(0.1115),tensor(0.1575),tensor(0.0096),tensor(0.1047),tensor(0.4301)
s_1119_jpg,tensor(0.9951),tensor(0.9305),tensor(2.2500e-05),tensor(0.0104),tensor(0.9966),tensor(1.2372e-11),tensor(4.6630e-21),tensor(3.8311e-21),tensor(1.5681e-10),tensor(9.3305e-15),tensor(3.3957e-10),tensor(0.1962),tensor(0.0082),tensor(1.),tensor(1.),tensor(1.),tensor(1.),tensor(1.),tensor(0.4090),tensor(0.0291),tensor(1.),tensor(0.3941),tensor(0.0234),tensor(0.9976),tensor(1.),tensor(1.),tensor(0.0125),tensor(0.3207),tensor(0.2206),tensor(0.0430),tensor(0.3472),tensor(0.0175)
s_2395_jpg,tensor(0.3614),tensor(2.6525e-07),tensor(0.0001),tensor(3.5359e-05),tensor(0.0262),tensor(1.0481e-06),tensor(1.9227e-14),tensor(2.9579e-15),tensor(1.),tensor(7.4726e-06),tensor(0.9505),tensor(0.0003),tensor(0.0190),tensor(1.),tensor(1.),tensor(1.),tensor(0.4126),tensor(0.4700),tensor(0.0817),tensor(0.0442),tensor(0.3193),tensor(0.0207),tensor(0.0188),tensor(1.0000),tensor(0.2777),tensor(0.1819),tensor(0.0030),tensor(1.),tensor(1.),tensor(1.0000),tensor(0.0466),tensor(0.0028)
s_15259_jpg,tensor(0.0607),tensor(8.8572e-14),tensor(1.8068e-07),tensor(1.1820e-09),tensor(0.0434),tensor(1.7276e-13),tensor(1.7871e-25),tensor(5.0353e-18),tensor(1.5462e-26),tensor(2.2413e-07),tensor(1.0000),tensor(0.0004),tensor(0.0009),tensor(1.),tensor(1.),tensor(1.),tensor(0.3175),tensor(0.0829),tensor(0.0004),tensor(0.0033),tensor(0.0327),tensor(1.8259e-05),tensor(0.0012),tensor(1.),tensor(0.0681),tensor(0.0094),tensor(1.0956e-06),tensor(1.),tensor(1.),tensor(0.0059),tensor(0.1970),tensor(5.2434e-05)
s_7764_jpg,tensor(0.9948),tensor(0.1328),tensor(4.7437e-05),tensor(1.0000),tensor(0.9746),tensor(4.8085e-20),tensor(1.2517e-30),tensor(1.9646e-37),tensor(1.6351e-18),tensor(3.3894e-28),tensor(2.9504e-19),tensor(0.0006),tensor(0.0002),tensor(1.),tensor(1.),tensor(1.),tensor(1.),tensor(1.),tensor(1.),tensor(0.0049),tensor(1.),tensor(0.3417),tensor(0.0027),tensor(1.),tensor(1.),tensor(1.),tensor(0.0011),tensor(0.1512),tensor(0.0696),tensor(0.0068),tensor(0.2739),tensor(0.0027)
s_13216_jpg,tensor(0.0241),tensor(1.9474e-12),tensor(3.2167e-06),tensor(4.0587e-09),tensor(0.0023),tensor(5.9291e-10),tensor(8.2342e-24),tensor(6.1991e-10),tensor(1.9785e-28),tensor(0.9385),tensor(0.9587),tensor(0.8428),tensor(0.0052),tensor(0.4511),tensor(1.),tensor(1.),tensor(0.3715),tensor(0.0898),tensor(0.0014),tensor(0.0127),tensor(0.0529),tensor(0.0001),tensor(0.0068),tensor(1.),tensor(0.1063),tensor(0.0252),tensor(2.1743e-05),tensor(1.),tensor(1.),tensor(0.0041),tensor(1.),tensor(0.0008)
s_9018_jpg,tensor(0.9647),tensor(0.9399),tensor(0.0012),tensor(0.1298),tensor(0.8148),tensor(1.0970e-09),tensor(4.9602e-19),tensor(5.9304e-20),tensor(2.9376e-09),tensor(6.9504e-12),tensor(1.8192e-07),tensor(0.2599),tensor(0.0129),tensor(1.),tensor(1.),tensor(1.),tensor(1.),tensor(1.),tensor(0.4623),tensor(0.0517),tensor(1.),tensor(0.4029),tensor(0.0350),tensor(1.),tensor(1.),tensor(1.),tensor(0.0214),tensor(0.3532),tensor(0.2521),tensor(0.0637),tensor(0.3322),tensor(0.0276)
s_8190_jpg,tensor(0.9869),tensor(0.9514),tensor(2.3330e-06),tensor(1.0000),tensor(0.1608),tensor(2.3181e-17),tensor(2.9218e-29),tensor(1.4666e-35),tensor(1.8384e-21),tensor(2.9061e-24),tensor(7.9395e-17),tensor(0.0043),tensor(0.0007),tensor(1.),tensor(1.),tensor(1.),tensor(1.),tensor(1.),tensor(1.),tensor(0.0098),tensor(1.),tensor(0.3167),tensor(0.0062),tensor(1.),tensor(1.),tensor(1.),tensor(0.0024),tensor(0.3036),tensor(0.1622),tensor(0.0166),tensor(0.2659),tensor(0.0031)
s_1865_jpg,tensor(0.0068),tensor(7.8375e-09),tensor(3.4419e-07),tensor(7.5381e-10),tensor(5.3654e-08),tensor(0.9990),tensor(5.3101e-05),tensor(1.0552e-05),tensor(5.5473e-08),tensor(0.0108),tensor(3.1339e-08),tensor(0.0507),tensor(0.4747),tensor(0.2010),tensor(0.3777),tensor(1.0000),tensor(0.4536),tensor(0.2306),tensor(0.0344),tensor(0.4934),tensor(0.1969),tensor(0.0075),tensor(0.3180),tensor(1.),tensor(0.1203),tensor(0.1154),tensor(0.0034),tensor(0.1292),tensor(0.3226),tensor(0.0208),tensor(0.3319),tensor(0.2317)
s_8306_jpg,tensor(6.3009e-11),tensor(2.0747e-28),tensor(0.),tensor(8.1343e-19),tensor(1.7529e-16),tensor(1.0000),tensor(1.),tensor(0.0023),tensor(0.),tensor(1.1064e-23),tensor(0.),tensor(3.0473e-25),tensor(1.),tensor(0.0009),tensor(0.0063),tensor(1.),tensor(0.0955),tensor(0.0051),tensor(2.0543e-06),tensor(1.),tensor(0.0012),tensor(6.3840e-10),tensor(1.),tensor(1.),tensor(7.1639e-05),tensor(2.7916e-05),tensor(1.2918e-11),tensor(6.2746e-05),tensor(0.0005),tensor(1.0392e-08),tensor(8.8121e-05),tensor(0.3603)
s_5520_jpg,tensor(0.9630),tensor(0.9994),tensor(3.7647e-08),tensor(0.2408),tensor(0.9930),tensor(2.1267e-11),tensor(1.2090e-24),tensor(2.3163e-23),tensor(8.5323e-11),tensor(1.7028e-14),tensor(2.5261e-09),tensor(0.3640),tensor(0.0045),tensor(1.),tensor(1.),tensor(1.),tensor(1.),tensor(1.),tensor(0.4945),tensor(0.0330),tensor(1.),tensor(0.3533),tensor(0.0215),tensor(1.0000),tensor(1.),tensor(1.),tensor(0.0030),tensor(0.2248),tensor(0.1264),tensor(0.0313),tensor(0.0961),tensor(0.0041)
s_1058_jpg,tensor(1.1228e-08),tensor(1.6604e-15),tensor(4.7524e-32),tensor(4.7853e-09),tensor(2.8386e-09),tensor(0.3006),tensor(1.),tensor(1.),tensor(5.2729e-33),tensor(5.1809e-14),tensor(0.),tensor(2.6358e-15),tensor(1.),tensor(0.0091),tensor(0.0257),tensor(1.),tensor(0.1854),tensor(0.0336),tensor(0.0002),tensor(1.),tensor(0.0143),tensor(1.4423e-06),tensor(1.),tensor(1.),tensor(0.0019),tensor(0.0010),tensor(8.4537e-08),tensor(0.0029),tensor(0.0065),tensor(5.9048e-06),tensor(0.0007),tensor(1.)
s_2758_jpg,tensor(0.0935),tensor(4.6025e-11),tensor(2.8671e-07),tensor(2.5514e-09),tensor(0.0517),tensor(1.9368e-11),tensor(4.0315e-21),tensor(1.9191e-15),tensor(2.9374e-22),tensor(3.7252e-05),tensor(0.9996),tensor(0.0017),tensor(0.0035),tensor(1.),tensor(1.),tensor(1.),tensor(0.3623),tensor(0.1456),tensor(0.0022),tensor(0.0091),tensor(0.0681),tensor(0.0002),tensor(0.0041),tensor(1.),tensor(0.1001),tensor(0.0251),tensor(1.8127e-05),tensor(1.),tensor(1.),tensor(0.0167),tensor(0.2540),tensor(0.0003)
s_9299_jpg,tensor(6.5582e-09),tensor(2.5661e-18),tensor(0.),tensor(3.0219e-14),tensor(2.7731e-10),tensor(1.0000),tensor(1.0000),tensor(0.0266),tensor(8.4665e-32),tensor(2.7529e-18),tensor(0.),tensor(6.8012e-18),tensor(1.),tensor(0.0060),tensor(0.0243),tensor(1.),tensor(0.1694),tensor(0.0233),tensor(9.4789e-05),tensor(1.),tensor(0.0085),tensor(2.1130e-07),tensor(1.),tensor(1.),tensor(0.0012),tensor(0.0007),tensor(1.1537e-08),tensor(0.0005),tensor(0.0021),tensor(1.3375e-06),tensor(0.0009),tensor(0.3716)
s_3910_jpg,tensor(0.0106),tensor(2.4760e-13),tensor(2.5971e-06),tensor(2.5992e-10),tensor(0.0015),tensor(2.5487e-11),tensor(1.1436e-22),tensor(2.0599e-06),tensor(1.0029e-23),tensor(0.9998),tensor(0.0017),tensor(0.9834),tensor(0.0154),tensor(0.3371),tensor(1.),tensor(1.),tensor(0.3817),tensor(0.0949),tensor(0.0015),tensor(0.0395),tensor(0.0408),tensor(0.0002),tensor(0.0150),tensor(1.),tensor(0.0853),tensor(0.0252),tensor(6.8266e-05),tensor(0.3796),tensor(1.),tensor(0.0049),tensor(1.),tensor(0.0032)
s_9912_jpg,tensor(0.9993),tensor(0.9917),tensor(1.5793e-07),tensor(2.6226e-05),tensor(0.0012),tensor(3.5032e-08),tensor(1.0759e-19),tensor(9.0119e-17),tensor(1.8934e-08),tensor(6.2246e-10),tensor(0.0007),tensor(0.0109),tensor(0.0088),tensor(1.),tensor(1.),tensor(1.0000),tensor(1.),tensor(0.4477),tensor(0.1865),tensor(0.0200),tensor(1.),tensor(0.0562),tensor(0.0166),tensor(1.0000),tensor(1.0000),tensor(1.),tensor(0.0031),tensor(1.0000),tensor(0.4268),tensor(0.0438),tensor(0.2671),tensor(0.0112)
s_9113_jpg,tensor(1.4906e-05),tensor(5.2565e-12),tensor(3.4523e-24),tensor(1.7811e-09),tensor(5.1477e-07),tensor(0.9999),tensor(0.9996),tensor(0.0021),tensor(3.7423e-20),tensor(2.9890e-14),tensor(3.4150e-29),tensor(3.1320e-12),tensor(1.),tensor(0.0426),tensor(0.0913),tensor(1.),tensor(0.2641),tensor(0.0885),tensor(0.0030),tensor(1.),tensor(0.0467),tensor(5.6888e-05),tensor(1.),tensor(1.),tensor(0.0124),tensor(0.0082),tensor(6.0020e-06),tensor(0.0082),tensor(0.0170),tensor(0.0002),tensor(0.0075),tensor(0.3273)
s_2319_jpg,tensor(0.9990),tensor(0.9715),tensor(9.1002e-12),tensor(0.0080),tensor(0.9883),tensor(1.4158e-15),tensor(1.2181e-28),tensor(1.0926e-29),tensor(1.2123e-12),tensor(6.2502e-19),tensor(1.7207e-12),tensor(0.1532),tensor(0.0009),tensor(1.),tensor(1.),tensor(1.),tensor(1.),tensor(1.),tensor(0.4127),tensor(0.0067),tensor(1.),tensor(0.3626),tensor(0.0047),tensor(0.9999),tensor(1.),tensor(1.),tensor(0.0022),tensor(0.2793),tensor(0.1741),tensor(0.0309),tensor(0.0989),tensor(0.0016)
s_15257_jpg,tensor(0.0068),tensor(4.6474e-05),tensor(8.4432e-07),tensor(6.7990e-06),tensor(0.0100),tensor(0.0181),tensor(0.9987),tensor(1.6067e-05),tensor(2.7655e-11),tensor(2.7920e-14),tensor(2.0192e-06),tensor(8.4915e-07),tensor(0.4991),tensor(0.2405),tensor(0.2160),tensor(1.),tensor(0.3931),tensor(0.3116),tensor(0.0428),tensor(1.),tensor(0.1801),tensor(0.0066),tensor(0.4989),tensor(1.),tensor(0.0672),tensor(0.0557),tensor(0.0010),tensor(0.0807),tensor(0.1183),tensor(0.0335),tensor(0.0207),tensor(0.2134)
s_15461_jpg,tensor(3.0008e-05),tensor(1.9028e-18),tensor(1.4665e-25),tensor(2.8768e-20),tensor(6.2687e-12),tensor(1.),tensor(3.3861e-11),tensor(1.5707e-09),tensor(1.1625e-11),tensor(8.4162e-07),tensor(1.8514e-36),tensor(1.2619e-06),tensor(1.),tensor(0.0260),tensor(0.1514),tensor(1.),tensor(0.3825),tensor(0.0616),tensor(0.0005),tensor(1.),tensor(0.0344),tensor(1.5136e-05),tensor(0.2117),tensor(1.),tensor(0.0077),tensor(0.0070),tensor(1.8036e-06),tensor(0.0048),tensor(0.0374),tensor(0.0001),tensor(0.0559),tensor(0.1577)
s_218_jpg,tensor(2.4295e-10),tensor(1.3702e-20),tensor(0.),tensor(3.2153e-12),tensor(5.4290e-12),tensor(0.4227),tensor(1.),tensor(1.),tensor(0.),tensor(3.2348e-17),tensor(0.),tensor(2.8961e-19),tensor(1.),tensor(0.0023),tensor(0.0087),tensor(1.),tensor(0.1114),tensor(0.0116),tensor(1.6234e-05),tensor(1.),tensor(0.0035),tensor(1.8484e-08),tensor(1.),tensor(1.),tensor(0.0002),tensor(0.0001),tensor(7.9246e-10),tensor(0.0006),tensor(0.0020),tensor(2.0009e-07),tensor(6.9164e-05),tensor(1.)
s_14165_jpg,tensor(2.1775e-09),tensor(7.8789e-24),tensor(0.),tensor(4.7001e-15),tensor(7.3417e-14),tensor(1.0000),tensor(1.0000),tensor(3.5031e-05),tensor(0.),tensor(1.1430e-20),tensor(0.),tensor(9.0979e-21),tensor(1.),tensor(0.0030),tensor(0.0151),tensor(1.),tensor(0.1310),tensor(0.0117),tensor(1.6649e-05),tensor(1.),tensor(0.0035),tensor(1.5643e-08),tensor(1.),tensor(1.),tensor(0.0003),tensor(0.0001),tensor(5.0852e-10),tensor(0.0003),tensor(0.0017),tensor(2.0770e-07),tensor(0.0003),tensor(0.2809)
s_5002_jpg,tensor(0.0364),tensor(5.5578e-07),tensor(0.0001),tensor(1.9666e-07),tensor(0.0031),tensor(5.1628e-06),tensor(5.9853e-16),tensor(1.2882e-06),tensor(1.8971e-15),tensor(0.9965),tensor(0.0032),tensor(0.9566),tensor(0.0481),tensor(0.3902),tensor(1.),tensor(1.),tensor(0.4693),tensor(0.1969),tensor(0.0143),tensor(0.0922),tensor(0.1409),tensor(0.0034),tensor(0.0440),tensor(1.),tensor(0.1821),tensor(0.1079),tensor(0.0009),tensor(0.3784),tensor(1.),tensor(0.0159),tensor(1.),tensor(0.0150)
s_7516_jpg,tensor(0.0405),tensor(2.0977e-09),tensor(2.7984e-05),tensor(5.3949e-08),tensor(0.0099),tensor(1.2746e-09),tensor(6.2689e-20),tensor(6.8518e-09),tensor(1.4611e-26),tensor(0.9585),tensor(0.7529),tensor(0.8769),tensor(0.0080),tensor(0.4591),tensor(1.),tensor(1.),tensor(0.4191),tensor(0.1205),tensor(0.0032),tensor(0.0201),tensor(0.0687),tensor(0.0005),tensor(0.0108),tensor(1.),tensor(0.1497),tensor(0.0469),tensor(7.6095e-05),tensor(1.0000),tensor(1.),tensor(0.0062),tensor(1.),tensor(0.0019)
s_2061_jpg,tensor(0.8858),tensor(0.4247),tensor(0.3155),tensor(1.0000),tensor(0.8111),tensor(9.4216e-11),tensor(5.0547e-14),tensor(1.7522e-18),tensor(2.6709e-13),tensor(2.0581e-17),tensor(2.9210e-13),tensor(0.0030),tensor(0.0163),tensor(1.),tensor(1.),tensor(1.),tensor(1.),tensor(1.),tensor(1.),tensor(0.0714),tensor(1.),tensor(0.4390),tensor(0.0489),tensor(1.),tensor(1.),tensor(1.),tensor(0.0296),tensor(0.2101),tensor(0.1516),tensor(0.0303),tensor(0.4524),tensor(0.0821)
s_12151_jpg,tensor(0.0032),tensor(1.7143e-16),tensor(3.8234e-08),tensor(5.6665e-12),tensor(1.0122e-05),tensor(9.3178e-08),tensor(8.7984e-19),tensor(2.5225e-05),tensor(3.1158e-18),tensor(0.9999),tensor(8.6923e-07),tensor(0.9826),tensor(0.0634),tensor(0.2588),tensor(1.),tensor(1.),tensor(0.3986),tensor(0.1088),tensor(0.0020),tensor(0.1142),tensor(0.0450),tensor(0.0004),tensor(0.0455),tensor(1.),tensor(0.0635),tensor(0.0250),tensor(0.0002),tensor(0.2617),tensor(1.),tensor(0.0065),tensor(1.),tensor(0.0107)
s_6656_jpg,tensor(8.1312e-11),tensor(5.2464e-28),tensor(0.),tensor(2.7303e-21),tensor(1.6228e-17),tensor(1.),tensor(1.0000),tensor(0.0001),tensor(0.),tensor(7.4142e-24),tensor(0.),tensor(8.8966e-24),tensor(1.),tensor(0.0008),tensor(0.0063),tensor(1.),tensor(0.0943),tensor(0.0047),tensor(2.3294e-06),tensor(1.),tensor(0.0012),tensor(3.6406e-10),tensor(1.),tensor(1.),tensor(8.2800e-05),tensor(3.5376e-05),tensor(7.9319e-12),tensor(3.2511e-05),tensor(0.0003),tensor(6.6307e-09),tensor(7.6358e-05),tensor(0.2651)
s_15537_jpg,tensor(0.9952),tensor(0.2727),tensor(4.2262e-07),tensor(0.1223),tensor(0.9253),tensor(2.3840e-11),tensor(2.5077e-18),tensor(1.0723e-21),tensor(5.9654e-09),tensor(2.5063e-14),tensor(6.0201e-09),tensor(0.1833),tensor(0.0086),tensor(1.),tensor(1.),tensor(1.),tensor(1.),tensor(1.),tensor(0.4160),tensor(0.0330),tensor(1.),tensor(0.3801),tensor(0.0236),tensor(1.0000),tensor(1.),tensor(1.),tensor(0.0158),tensor(0.3757),tensor(0.2836),tensor(0.0925),tensor(0.2053),tensor(0.0159)
s_14473_jpg,tensor(0.0341),tensor(5.0477e-11),tensor(4.1165e-05),tensor(1.2644e-07),tensor(0.0034),tensor(2.0703e-09),tensor(6.3422e-20),tensor(6.2940e-07),tensor(2.0037e-25),tensor(0.9752),tensor(0.8840),tensor(0.9301),tensor(0.0092),tensor(0.4510),tensor(1.),tensor(1.),tensor(0.3922),tensor(0.1112),tensor(0.0028),tensor(0.0196),tensor(0.0641),tensor(0.0004),tensor(0.0113),tensor(1.),tensor(0.1453),tensor(0.0400),tensor(9.3890e-05),tensor(1.),tensor(1.),tensor(0.0076),tensor(1.),tensor(0.0022)
s_9065_jpg,tensor(5.6201e-09),tensor(1.5272e-22),tensor(0.),tensor(2.6101e-15),tensor(4.8031e-13),tensor(1.0000),tensor(1.0000),tensor(2.6856e-05),tensor(5.0275e-37),tensor(2.5315e-19),tensor(0.),tensor(4.6692e-19),tensor(1.),tensor(0.0038),tensor(0.0196),tensor(1.),tensor(0.1455),tensor(0.0141),tensor(2.6243e-05),tensor(1.),tensor(0.0049),tensor(3.2698e-08),tensor(1.),tensor(1.),tensor(0.0005),tensor(0.0002),tensor(1.1986e-09),tensor(0.0003),tensor(0.0021),tensor(3.8280e-07),tensor(0.0005),tensor(0.2516)
s_15714_jpg,tensor(0.9976),tensor(0.9966),tensor(9.5530e-05),tensor(1.),tensor(2.6026e-08),tensor(4.1641e-24),tensor(0.),tensor(0.),tensor(5.9373e-39),tensor(5.2971e-37),tensor(4.4949e-26),tensor(0.0001),tensor(1.6195e-05),tensor(1.),tensor(1.),tensor(1.),tensor(1.),tensor(1.),tensor(1.),tensor(0.0008),tensor(1.),tensor(0.0920),tensor(0.0003),tensor(1.),tensor(1.),tensor(1.),tensor(0.0001),tensor(0.1946),tensor(0.0719),tensor(0.0009),tensor(0.4105),tensor(0.0005)
s_6852_jpg,tensor(0.9999),tensor(0.9988),tensor(2.7320e-08),tensor(2.2540e-07),tensor(0.9946),tensor(4.6551e-23),tensor(0.),tensor(0.),tensor(1.4257e-21),tensor(4.7025e-30),tensor(5.2848e-19),tensor(0.1911),tensor(1.9605e-05),tensor(1.),tensor(1.),tensor(1.),tensor(1.),tensor(1.),tensor(0.2587),tensor(0.0003),tensor(1.),tensor(0.1947),tensor(0.0001),tensor(1.),tensor(1.),tensor(1.),tensor(4.0225e-05),tensor(0.1495),tensor(0.0570),tensor(0.0012),tensor(0.1779),tensor(0.0001)
s_8791_jpg,tensor(0.0037),tensor(2.0083e-14),tensor(2.6690e-08),tensor(1.1556e-11),tensor(2.3107e-06),tensor(2.5168e-07),tensor(6.7851e-18),tensor(0.0003),tensor(4.2813e-19),tensor(0.9999),tensor(1.7115e-05),tensor(0.9880),tensor(0.0604),tensor(0.2603),tensor(1.),tensor(1.),tensor(0.4098),tensor(0.1108),tensor(0.0028),tensor(0.0991),tensor(0.0581),tensor(0.0005),tensor(0.0439),tensor(1.),tensor(0.0766),tensor(0.0316),tensor(0.0002),tensor(0.2884),tensor(1.),tensor(0.0060),tensor(1.),tensor(0.0112)
s_11165_jpg,tensor(3.9771e-06),tensor(5.7608e-31),tensor(0.),tensor(1.7989e-31),tensor(9.7077e-22),tensor(1.),tensor(4.1345e-12),tensor(2.7921e-11),tensor(1.7372e-24),tensor(9.1128e-08),tensor(0.),tensor(2.1207e-10),tensor(1.),tensor(0.0025),tensor(0.0436),tensor(0.8965),tensor(0.2358),tensor(0.0082),tensor(5.2766e-06),tensor(1.),tensor(0.0022),tensor(1.2488e-08),tensor(0.2142),tensor(1.),tensor(0.0005),tensor(0.0002),tensor(1.2723e-09),tensor(0.0002),tensor(0.0060),tensor(3.3209e-07),tensor(0.0076),tensor(0.1259)
s_3295_jpg,tensor(0.0439),tensor(1.0759e-08),tensor(6.3347e-05),tensor(5.3001e-08),tensor(0.0101),tensor(9.0532e-10),tensor(1.2597e-19),tensor(1.0775e-07),tensor(3.7730e-24),tensor(0.8883),tensor(0.5861),tensor(0.8016),tensor(0.0097),tensor(0.4667),tensor(1.),tensor(1.),tensor(0.4278),tensor(0.1403),tensor(0.0043),tensor(0.0240),tensor(0.0745),tensor(0.0007),tensor(0.0127),tensor(1.),tensor(0.1647),tensor(0.0547),tensor(0.0001),tensor(0.9995),tensor(1.),tensor(0.0094),tensor(1.),tensor(0.0030)
s_6850_jpg,tensor(0.0223),tensor(4.9161e-12),tensor(2.7903e-06),tensor(1.0580e-09),tensor(0.0018),tensor(3.2497e-10),tensor(1.4421e-23),tensor(7.1555e-07),tensor(3.3196e-28),tensor(0.9846),tensor(0.8981),tensor(0.9525),tensor(0.0056),tensor(0.4335),tensor(1.),tensor(1.),tensor(0.3887),tensor(0.0970),tensor(0.0013),tensor(0.0125),tensor(0.0522),tensor(0.0002),tensor(0.0066),tensor(1.),tensor(0.1306),tensor(0.0288),tensor(2.5286e-05),tensor(1.),tensor(1.),tensor(0.0038),tensor(1.),tensor(0.0009)
s_1792_jpg,tensor(0.0515),tensor(5.4291e-08),tensor(7.2318e-05),tensor(3.1305e-08),tensor(0.0260),tensor(2.3974e-09),tensor(3.3808e-21),tensor(2.2752e-08),tensor(4.5658e-25),tensor(0.7872),tensor(0.7426),tensor(0.9032),tensor(0.0054),tensor(0.4986),tensor(1.),tensor(1.),tensor(0.4346),tensor(0.1390),tensor(0.0035),tensor(0.0142),tensor(0.0760),tensor(0.0006),tensor(0.0069),tensor(1.),tensor(0.1805),tensor(0.0557),tensor(7.9363e-05),tensor(1.),tensor(1.),tensor(0.0069),tensor(1.),tensor(0.0016)
s_15118_jpg,tensor(0.0240),tensor(7.3916e-12),tensor(1.6297e-06),tensor(3.8356e-09),tensor(0.0017),tensor(6.8268e-10),tensor(2.6900e-22),tensor(5.9647e-09),tensor(6.8934e-28),tensor(0.9597),tensor(0.9596),tensor(0.8902),tensor(0.0064),tensor(0.4316),tensor(1.),tensor(1.),tensor(0.3804),tensor(0.0940),tensor(0.0016),tensor(0.0151),tensor(0.0557),tensor(0.0002),tensor(0.0082),tensor(1.),tensor(0.1166),tensor(0.0277),tensor(2.7436e-05),tensor(1.),tensor(1.),tensor(0.0043),tensor(1.),tensor(0.0011)
s_15999_jpg,tensor(0.9538),tensor(0.9989),tensor(1.0000),tensor(0.0002),tensor(1.1720e-05),tensor(1.3063e-10),tensor(6.7744e-23),tensor(8.0171e-21),tensor(1.3179e-16),tensor(3.7829e-11),tensor(3.9047e-06),tensor(0.1819),tensor(0.0044),tensor(1.),tensor(1.),tensor(1.),tensor(1.),tensor(0.9979),tensor(0.3463),tensor(0.0206),tensor(1.),tensor(0.0865),tensor(0.0127),tensor(1.),tensor(1.),tensor(1.),tensor(0.0060),tensor(0.3303),tensor(0.2605),tensor(0.0192),tensor(1.),tensor(0.0462)
s_3806_jpg,tensor(1.4493e-08),tensor(1.2925e-15),tensor(1.6128e-32),tensor(1.9326e-09),tensor(3.3983e-09),tensor(0.2857),tensor(1.),tensor(1.),tensor(7.7423e-33),tensor(6.3190e-13),tensor(0.),tensor(1.3442e-14),tensor(1.),tensor(0.0095),tensor(0.0274),tensor(1.),tensor(0.1870),tensor(0.0317),tensor(0.0002),tensor(1.),tensor(0.0147),tensor(1.4766e-06),tensor(1.),tensor(1.),tensor(0.0019),tensor(0.0011),tensor(1.0453e-07),tensor(0.0036),tensor(0.0085),tensor(6.8480e-06),tensor(0.0008),tensor(1.)
s_5880_jpg,tensor(0.9391),tensor(0.1038),tensor(0.9999),tensor(1.),tensor(0.0141),tensor(5.7994e-23),tensor(3.1473e-28),tensor(1.2547e-36),tensor(1.3726e-26),tensor(9.0148e-31),tensor(5.3320e-22),tensor(6.4474e-06),tensor(0.0002),tensor(1.),tensor(1.),tensor(1.),tensor(1.),tensor(1.),tensor(1.),tensor(0.0058),tensor(1.),tensor(0.2388),tensor(0.0027),tensor(1.),tensor(1.),tensor(1.),tensor(0.0018),tensor(0.1454),tensor(0.0662),tensor(0.0031),tensor(1.),tensor(0.0092)
s_8188_jpg,tensor(0.0044),tensor(6.8011e-16),tensor(4.2290e-07),tensor(7.8213e-12),tensor(3.8150e-05),tensor(1.5976e-09),tensor(5.5789e-22),tensor(0.0001),tensor(2.3874e-19),tensor(0.9996),tensor(2.5052e-05),tensor(0.9324),tensor(0.0316),tensor(0.2774),tensor(1.),tensor(1.),tensor(0.4087),tensor(0.1023),tensor(0.0017),tensor(0.0653),tensor(0.0386),tensor(0.0003),tensor(0.0264),tensor(1.),tensor(0.0643),tensor(0.0244),tensor(9.8381e-05),tensor(0.2994),tensor(1.),tensor(0.0049),tensor(1.),tensor(0.0073)
s_15966_jpg,tensor(0.9978),tensor(0.0827),tensor(3.0701e-07),tensor(0.0002),tensor(0.0019),tensor(1.1234e-09),tensor(5.0880e-21),tensor(1.6282e-19),tensor(2.1248e-09),tensor(3.0918e-14),tensor(4.6340e-08),tensor(0.3635),tensor(0.0133),tensor(1.),tensor(1.),tensor(1.),tensor(1.),tensor(1.),tensor(0.4245),tensor(0.0382),tensor(1.),tensor(0.2734),tensor(0.0290),tensor(0.9505),tensor(1.),tensor(1.),tensor(0.0168),tensor(0.4177),tensor(0.3135),tensor(0.1916),tensor(0.1878),tensor(0.0152)
s_12356_jpg,tensor(3.4139e-08),tensor(2.9992e-18),tensor(4.0964e-37),tensor(4.8484e-14),tensor(2.2193e-11),tensor(1.0000),tensor(1.0000),tensor(0.0019),tensor(2.3757e-31),tensor(1.1882e-18),tensor(0.),tensor(1.5135e-17),tensor(1.),tensor(0.0079),tensor(0.0300),tensor(1.),tensor(0.1815),tensor(0.0260),tensor(0.0002),tensor(1.),tensor(0.0100),tensor(3.7732e-07),tensor(1.),tensor(1.),tensor(0.0017),tensor(0.0007),tensor(1.5096e-08),tensor(0.0006),tensor(0.0022),tensor(1.6768e-06),tensor(0.0010),tensor(0.2941)
s_11930_jpg,tensor(3.9209e-08),tensor(1.0865e-14),tensor(3.2295e-30),tensor(6.5688e-09),tensor(1.6625e-08),tensor(0.3851),tensor(1.),tensor(1.),tensor(2.6463e-30),tensor(3.1466e-13),tensor(0.),tensor(3.6249e-14),tensor(1.),tensor(0.0113),tensor(0.0296),tensor(1.),tensor(0.1959),tensor(0.0392),tensor(0.0003),tensor(1.),tensor(0.0175),tensor(2.7089e-06),tensor(1.),tensor(1.),tensor(0.0025),tensor(0.0014),tensor(1.9195e-07),tensor(0.0036),tensor(0.0078),tensor(1.0356e-05),tensor(0.0009),tensor(1.)
s_4377_jpg,tensor(0.9948),tensor(0.2451),tensor(0.9952),tensor(0.0706),tensor(0.9206),tensor(2.1166e-14),tensor(3.3651e-23),tensor(3.8132e-24),tensor(1.0627e-12),tensor(2.6695e-17),tensor(2.1021e-11),tensor(0.0657),tensor(0.0036),tensor(1.),tensor(1.),tensor(1.),tensor(1.),tensor(1.),tensor(0.4281),tensor(0.0245),tensor(1.),tensor(0.3507),tensor(0.0139),tensor(1.),tensor(1.),tensor(1.),tensor(0.0096),tensor(0.2767),tensor(0.1715),tensor(0.0210),tensor(1.),tensor(0.0358)
s_426_jpg,tensor(0.9758),tensor(0.9167),tensor(0.9821),tensor(0.1279),tensor(0.9569),tensor(2.2651e-10),tensor(6.7646e-19),tensor(5.8918e-18),tensor(5.4185e-11),tensor(6.0302e-13),tensor(5.3091e-09),tensor(0.2375),tensor(0.0143),tensor(1.),tensor(1.),tensor(1.),tensor(1.),tensor(1.),tensor(0.4589),tensor(0.0639),tensor(1.),tensor(0.4391),tensor(0.0457),tensor(1.),tensor(1.),tensor(1.),tensor(0.0305),tensor(0.2936),tensor(0.2092),tensor(0.0455),tensor(1.0000),tensor(0.0826)
s_2991_jpg,tensor(0.3456),tensor(0.9980),tensor(1.1014e-09),tensor(1.),tensor(0.9984),tensor(2.9662e-16),tensor(2.0870e-23),tensor(4.4893e-30),tensor(2.6062e-17),tensor(1.6458e-21),tensor(3.0344e-16),tensor(8.9368e-05),tensor(0.0006),tensor(1.),tensor(1.),tensor(1.),tensor(1.),tensor(1.),tensor(1.),tensor(0.0117),tensor(1.),tensor(0.4003),tensor(0.0088),tensor(1.),tensor(1.),tensor(1.),tensor(0.0019),tensor(0.1700),tensor(0.0880),tensor(0.0176),tensor(0.1024),tensor(0.0017)
s_6448_jpg,tensor(0.0196),tensor(4.7500e-12),tensor(1.6852e-05),tensor(1.2648e-08),tensor(0.0012),tensor(6.3182e-11),tensor(3.9718e-24),tensor(1.8787e-09),tensor(4.0132e-29),tensor(0.9729),tensor(0.8752),tensor(0.9292),tensor(0.0030),tensor(0.4489),tensor(1.),tensor(1.),tensor(0.3849),tensor(0.0842),tensor(0.0011),tensor(0.0088),tensor(0.0442),tensor(0.0001),tensor(0.0041),tensor(1.),tensor(0.1166),tensor(0.0272),tensor(1.5284e-05),tensor(1.),tensor(1.),tensor(0.0029),tensor(1.),tensor(0.0007)
s_356_jpg,tensor(0.0002),tensor(5.1037e-10),tensor(3.3865e-17),tensor(4.2586e-12),tensor(1.2516e-05),tensor(1.0000),tensor(3.5815e-06),tensor(1.8729e-05),tensor(1.3812e-07),tensor(2.0185e-06),tensor(1.5013e-24),tensor(4.9257e-05),tensor(1.),tensor(0.1078),tensor(0.2489),tensor(1.),tensor(0.4234),tensor(0.1768),tensor(0.0102),tensor(1.),tensor(0.1122),tensor(0.0013),tensor(0.3039),tensor(1.),tensor(0.0477),tensor(0.0474),tensor(0.0003),tensor(0.0327),tensor(0.1016),tensor(0.0050),tensor(0.1245),tensor(0.2487)
s_5864_jpg,tensor(2.5940e-10),tensor(2.0443e-25),tensor(0.),tensor(2.3530e-18),tensor(5.0034e-15),tensor(1.),tensor(1.),tensor(7.2235e-06),tensor(0.),tensor(5.2408e-25),tensor(0.),tensor(4.0996e-23),tensor(1.),tensor(0.0015),tensor(0.0085),tensor(1.),tensor(0.1001),tensor(0.0075),tensor(6.2364e-06),tensor(1.),tensor(0.0019),tensor(1.5245e-09),tensor(1.),tensor(1.),tensor(0.0001),tensor(5.9623e-05),tensor(3.3703e-11),tensor(5.1198e-05),tensor(0.0004),tensor(2.5836e-08),tensor(8.2301e-05),tensor(0.2263)
s_7440_jpg,tensor(0.9999),tensor(0.0771),tensor(2.3122e-15),tensor(1.),tensor(0.9994),tensor(2.1337e-25),tensor(4.1423e-36),tensor(0.),tensor(1.4607e-22),tensor(5.3841e-35),tensor(1.5157e-24),tensor(0.0008),tensor(3.5560e-05),tensor(1.),tensor(1.),tensor(1.),tensor(1.),tensor(1.),tensor(1.),tensor(0.0009),tensor(1.),tensor(0.3331),tensor(0.0005),tensor(1.),tensor(1.),tensor(1.),tensor(0.0002),tensor(0.1451),tensor(0.0646),tensor(0.0037),tensor(0.0608),tensor(0.0001)
s_13194_jpg,tensor(0.8962),tensor(0.2148),tensor(0.9963),tensor(1.0000),tensor(0.9151),tensor(2.0814e-15),tensor(1.7948e-18),tensor(8.4447e-24),tensor(2.0219e-15),tensor(4.2656e-21),tensor(1.5381e-15),tensor(0.0002),tensor(0.0045),tensor(1.),tensor(1.),tensor(1.),tensor(1.),tensor(1.),tensor(1.),tensor(0.0335),tensor(1.),tensor(0.4222),tensor(0.0227),tensor(1.),tensor(1.),tensor(1.),tensor(0.0171),tensor(0.2048),tensor(0.1273),tensor(0.0202),tensor(1.),tensor(0.0568)
s_2360_jpg,tensor(1.5215e-11),tensor(2.0325e-27),tensor(0.),tensor(9.7719e-21),tensor(2.7459e-16),tensor(1.),tensor(1.),tensor(0.0006),tensor(0.),tensor(2.1817e-24),tensor(0.),tensor(2.3567e-24),tensor(1.),tensor(0.0007),tensor(0.0058),tensor(1.),tensor(0.0944),tensor(0.0045),tensor(1.9730e-06),tensor(1.),tensor(0.0011),tensor(3.1079e-10),tensor(1.),tensor(1.),tensor(7.5018e-05),tensor(2.9687e-05),tensor(5.8690e-12),tensor(2.8343e-05),tensor(0.0002),tensor(4.7968e-09),tensor(6.5394e-05),tensor(0.3014)
s_9208_jpg,tensor(0.3007),tensor(3.7421e-05),tensor(0.0015),tensor(0.0019),tensor(0.0201),tensor(1.2033e-05),tensor(3.0592e-09),tensor(2.6803e-16),tensor(1.),tensor(3.1322e-09),tensor(0.1322),tensor(3.0659e-05),tensor(0.0292),tensor(1.),tensor(1.),tensor(1.),tensor(0.4322),tensor(0.7296),tensor(0.0856),tensor(0.0662),tensor(0.3043),tensor(0.0177),tensor(0.0276),tensor(0.4903),tensor(0.1969),tensor(0.1456),tensor(0.0023),tensor(0.4841),tensor(0.4537),tensor(1.),tensor(0.0185),tensor(0.0042)
s_1648_jpg,tensor(0.0088),tensor(8.3722e-15),tensor(2.6484e-07),tensor(1.4695e-10),tensor(0.0003),tensor(9.6609e-14),tensor(1.3222e-27),tensor(6.1410e-11),tensor(1.8690e-36),tensor(0.9873),tensor(0.9295),tensor(0.9698),tensor(0.0010),tensor(0.4437),tensor(1.),tensor(1.),tensor(0.3498),tensor(0.0528),tensor(0.0003),tensor(0.0038),tensor(0.0208),tensor(1.7099e-05),tensor(0.0016),tensor(1.),tensor(0.0715),tensor(0.0115),tensor(1.7504e-06),tensor(1.),tensor(1.),tensor(0.0010),tensor(1.),tensor(0.0002)
s_12821_jpg,tensor(1.2154e-12),tensor(1.3005e-37),tensor(0.),tensor(1.0532e-28),tensor(2.7169e-23),tensor(1.),tensor(1.),tensor(2.2524e-06),tensor(0.),tensor(1.1108e-28),tensor(0.),tensor(4.4974e-29),tensor(1.),tensor(0.0001),tensor(0.0016),tensor(1.),tensor(0.0497),tensor(0.0009),tensor(4.1378e-08),tensor(1.),tensor(0.0001),tensor(6.5869e-13),tensor(1.),tensor(1.),tensor(4.9403e-06),tensor(1.4283e-06),tensor(6.5273e-15),tensor(1.9309e-06),tensor(4.5608e-05),tensor(3.5518e-11),tensor(7.1210e-06),tensor(0.2291)
s_12116_jpg,tensor(0.0046),tensor(4.4193e-08),tensor(8.5311e-09),tensor(2.6699e-12),tensor(3.5809e-07),tensor(1.0000),tensor(4.2426e-07),tensor(0.0009),tensor(0.0004),tensor(1.6778e-05),tensor(1.8183e-14),tensor(0.0006),tensor(1.0000),tensor(0.2203),tensor(0.3698),tensor(0.9855),tensor(0.4657),tensor(0.2898),tensor(0.0306),tensor(1.0000),tensor(0.1975),tensor(0.0104),tensor(0.2489),tensor(0.9324),tensor(0.1044),tensor(0.1257),tensor(0.0039),tensor(0.0955),tensor(0.2401),tensor(0.0404),tensor(0.1923),tensor(0.2148)
s_13060_jpg,tensor(0.0795),tensor(7.2253e-11),tensor(0.0002),tensor(3.7843e-07),tensor(4.3987e-05),tensor(9.6278e-07),tensor(3.6060e-14),tensor(7.6780e-26),tensor(1.),tensor(9.2105e-19),tensor(8.8973e-07),tensor(2.2513e-10),tensor(0.0046),tensor(1.),tensor(1.),tensor(1.),tensor(0.3626),tensor(0.4666),tensor(0.0061),tensor(0.0186),tensor(0.1331),tensor(0.0005),tensor(0.0026),tensor(0.4344),tensor(0.0400),tensor(0.0292),tensor(1.9924e-05),tensor(0.3200),tensor(0.3905),tensor(1.),tensor(0.0013),tensor(0.0001)
s_711_jpg,tensor(0.9992),tensor(0.9547),tensor(0.0001),tensor(1.0000),tensor(0.0283),tensor(5.4075e-21),tensor(9.2049e-36),tensor(0.),tensor(6.2248e-27),tensor(1.8297e-30),tensor(8.4620e-21),tensor(0.0025),tensor(0.0001),tensor(1.),tensor(1.),tensor(1.),tensor(1.),tensor(1.),tensor(1.),tensor(0.0036),tensor(1.),tensor(0.3230),tensor(0.0021),tensor(1.),tensor(1.),tensor(1.),tensor(0.0010),tensor(0.1969),tensor(0.0925),tensor(0.0044),tensor(0.3385),tensor(0.0021)
s_13286_jpg,tensor(4.0182e-08),tensor(3.7873e-14),tensor(7.4454e-30),tensor(1.8197e-08),tensor(4.6094e-08),tensor(0.3597),tensor(1.),tensor(1.),tensor(3.8082e-30),tensor(2.7876e-12),tensor(0.),tensor(2.9898e-13),tensor(1.),tensor(0.0125),tensor(0.0352),tensor(1.),tensor(0.2017),tensor(0.0428),tensor(0.0004),tensor(1.),tensor(0.0192),tensor(3.5370e-06),tensor(1.),tensor(1.),tensor(0.0031),tensor(0.0018),tensor(2.9490e-07),tensor(0.0044),tensor(0.0091),tensor(1.3210e-05),tensor(0.0013),tensor(1.)
s_11287_jpg,tensor(0.2174),tensor(6.6828e-07),tensor(0.0013),tensor(0.0013),tensor(0.0227),tensor(2.7030e-05),tensor(9.2571e-09),tensor(1.4315e-17),tensor(1.),tensor(1.4997e-11),tensor(0.0043),tensor(2.2705e-06),tensor(0.0190),tensor(1.),tensor(1.),tensor(1.),tensor(0.3930),tensor(0.9832),tensor(0.0547),tensor(0.0463),tensor(0.2507),tensor(0.0079),tensor(0.0193),tensor(0.4740),tensor(0.1090),tensor(0.1188),tensor(0.0010),tensor(0.4398),tensor(0.4767),tensor(1.),tensor(0.0079),tensor(0.0021)
s_7043_jpg,tensor(3.1582e-06),tensor(7.7210e-23),tensor(1.9874e-27),tensor(7.1452e-27),tensor(1.8195e-19),tensor(1.),tensor(2.2778e-13),tensor(1.4073e-09),tensor(9.3380e-17),tensor(5.6657e-07),tensor(2.7442e-37),tensor(1.3641e-07),tensor(1.),tensor(0.0110),tensor(0.1260),tensor(0.4895),tensor(0.3679),tensor(0.0270),tensor(8.8551e-05),tensor(1.),tensor(0.0141),tensor(9.7379e-07),tensor(0.1938),tensor(1.),tensor(0.0031),tensor(0.0021),tensor(1.2666e-07),tensor(0.0017),tensor(0.0279),tensor(8.6800e-06),tensor(0.0406),tensor(0.1220)
s_4007_jpg,tensor(1.7905e-09),tensor(2.2592e-17),tensor(1.5781e-36),tensor(1.5711e-10),tensor(2.4864e-10),tensor(0.3251),tensor(1.),tensor(1.),tensor(1.3880e-37),tensor(1.5006e-15),tensor(0.),tensor(1.3546e-16),tensor(1.),tensor(0.0050),tensor(0.0156),tensor(1.),tensor(0.1457),tensor(0.0216),tensor(6.8684e-05),tensor(1.),tensor(0.0080),tensor(1.8984e-07),tensor(1.),tensor(1.),tensor(0.0007),tensor(0.0004),tensor(9.6572e-09),tensor(0.0015),tensor(0.0039),tensor(1.2873e-06),tensor(0.0002),tensor(1.)
s_14254_jpg,tensor(0.3033),tensor(4.6922e-11),tensor(0.0004),tensor(0.0003),tensor(0.0480),tensor(4.0395e-07),tensor(2.3205e-24),tensor(5.9000e-20),tensor(1.),tensor(1.6731e-06),tensor(0.9980),tensor(0.0003),tensor(0.0046),tensor(1.),tensor(1.),tensor(1.),tensor(0.3539),tensor(0.4011),tensor(0.0217),tensor(0.0136),tensor(0.2067),tensor(0.0017),tensor(0.0044),tensor(0.9983),tensor(0.1296),tensor(0.0697),tensor(0.0002),tensor(1.),tensor(1.),tensor(1.),tensor(0.0077),tensor(0.0002)
s_4799_jpg,tensor(0.0005),tensor(1.2748e-11),tensor(1.5233e-15),tensor(4.2519e-11),tensor(1.3509e-07),tensor(1.0000),tensor(6.5651e-06),tensor(1.3406e-07),tensor(1.3906e-09),tensor(0.0001),tensor(1.0815e-21),tensor(0.0003),tensor(1.),tensor(0.0937),tensor(0.2515),tensor(1.),tensor(0.4153),tensor(0.1453),tensor(0.0073),tensor(1.),tensor(0.0953),tensor(0.0008),tensor(0.3558),tensor(1.),tensor(0.0418),tensor(0.0350),tensor(0.0002),tensor(0.0393),tensor(0.1308),tensor(0.0033),tensor(0.1484),tensor(0.2389)
s_3870_jpg,tensor(0.9209),tensor(0.9839),tensor(0.0150),tensor(0.0230),tensor(0.8804),tensor(6.0510e-08),tensor(3.8611e-16),tensor(3.8518e-16),tensor(7.1961e-07),tensor(1.1498e-09),tensor(3.7272e-06),tensor(0.1992),tensor(0.0296),tensor(1.),tensor(1.),tensor(1.),tensor(1.),tensor(1.),tensor(0.4477),tensor(0.0774),tensor(1.),tensor(0.4117),tensor(0.0622),tensor(0.9947),tensor(1.),tensor(1.),tensor(0.0398),tensor(0.3462),tensor(0.2673),tensor(0.1000),tensor(0.3158),tensor(0.0589)
s_1201_jpg,tensor(0.0336),tensor(5.2066e-09),tensor(1.4807e-07),tensor(1.1397e-09),tensor(1.0907e-06),tensor(1.1130e-06),tensor(1.6754e-15),tensor(0.0003),tensor(1.1620e-18),tensor(3.9194e-08),tensor(1.0000),tensor(0.0001),tensor(0.0159),tensor(0.3277),tensor(1.),tensor(1.),tensor(0.4058),tensor(0.1041),tensor(0.0037),tensor(0.0249),tensor(0.1592),tensor(0.0002),tensor(0.0221),tensor(1.),tensor(0.1069),tensor(0.0341),tensor(3.6121e-05),tensor(1.),tensor(1.),tensor(0.0052),tensor(0.2111),tensor(0.0049)
s_11374_jpg,tensor(0.0224),tensor(9.5353e-13),tensor(3.2745e-06),tensor(2.6218e-09),tensor(0.0019),tensor(3.7147e-09),tensor(1.3790e-24),tensor(7.8121e-09),tensor(7.5551e-26),tensor(0.9143),tensor(0.9739),tensor(0.9212),tensor(0.0043),tensor(0.4603),tensor(1.),tensor(1.),tensor(0.3720),tensor(0.0887),tensor(0.0012),tensor(0.0101),tensor(0.0510),tensor(0.0001),tensor(0.0050),tensor(1.),tensor(0.1183),tensor(0.0235),tensor(2.0147e-05),tensor(1.),tensor(1.),tensor(0.0045),tensor(1.),tensor(0.0007)
s_14258_jpg,tensor(3.0873e-13),tensor(8.1199e-28),tensor(0.),tensor(3.1784e-18),tensor(1.1209e-15),tensor(1.0000),tensor(1.),tensor(1.),tensor(0.),tensor(5.3219e-22),tensor(0.),tensor(3.7086e-24),tensor(1.),tensor(0.0002),tensor(0.0020),tensor(1.),tensor(0.0632),tensor(0.0021),tensor(3.9244e-07),tensor(1.),tensor(0.0006),tensor(2.9485e-11),tensor(1.),tensor(1.),tensor(1.8182e-05),tensor(7.2780e-06),tensor(5.0813e-13),tensor(1.1025e-05),tensor(9.1273e-05),tensor(3.9628e-10),tensor(8.0572e-06),tensor(1.)
s_15629_jpg,tensor(1.1283e-10),tensor(2.0195e-27),tensor(0.),tensor(3.5259e-21),tensor(7.0353e-17),tensor(1.),tensor(1.0000),tensor(0.0004),tensor(0.),tensor(8.0940e-24),tensor(0.),tensor(1.3062e-23),tensor(1.),tensor(0.0009),tensor(0.0069),tensor(1.),tensor(0.0972),tensor(0.0053),tensor(2.9665e-06),tensor(1.),tensor(0.0014),tensor(5.6496e-10),tensor(1.),tensor(1.),tensor(9.6505e-05),tensor(4.0987e-05),tensor(1.2824e-11),tensor(3.8639e-05),tensor(0.0003),tensor(9.2100e-09),tensor(8.4652e-05),tensor(0.2814)
s_2028_jpg,tensor(0.9795),tensor(0.8243),tensor(2.0704e-07),tensor(1.0000),tensor(0.9401),tensor(8.0884e-19),tensor(6.6455e-30),tensor(2.1406e-35),tensor(9.1392e-20),tensor(8.1633e-27),tensor(4.8801e-19),tensor(0.0006),tensor(0.0003),tensor(1.),tensor(1.),tensor(1.),tensor(1.),tensor(1.),tensor(1.),tensor(0.0055),tensor(1.),tensor(0.4155),tensor(0.0037),tensor(1.),tensor(1.),tensor(1.),tensor(0.0013),tensor(0.1933),tensor(0.0886),tensor(0.0077),tensor(0.1865),tensor(0.0018)
s_9796_jpg,tensor(0.2565),tensor(3.4947e-14),tensor(4.5637e-05),tensor(0.0005),tensor(0.1759),tensor(8.9759e-10),tensor(2.6754e-23),tensor(7.2035e-25),tensor(1.),tensor(4.7743e-10),tensor(0.9972),tensor(1.8665e-05),tensor(0.0015),tensor(1.),tensor(1.),tensor(1.),tensor(0.2989),tensor(0.3730),tensor(0.0055),tensor(0.0065),tensor(0.1345),tensor(0.0003),tensor(0.0013),tensor(1.),tensor(0.0573),tensor(0.0260),tensor(1.9575e-05),tensor(1.),tensor(1.),tensor(1.),tensor(0.0021),tensor(3.9329e-05)
s_6513_jpg,tensor(0.1342),tensor(0.9852),tensor(6.8193e-05),tensor(1.),tensor(0.0759),tensor(1.0079e-20),tensor(2.5626e-29),tensor(0.),tensor(4.9547e-27),tensor(4.6763e-31),tensor(4.1579e-23),tensor(2.2247e-07),tensor(0.0002),tensor(1.),tensor(1.),tensor(1.),tensor(1.),tensor(1.),tensor(1.),tensor(0.0040),tensor(1.),tensor(0.2963),tensor(0.0024),tensor(1.),tensor(1.),tensor(1.),tensor(0.0007),tensor(0.1389),tensor(0.0516),tensor(0.0015),tensor(0.3019),tensor(0.0011)
s_3489_jpg,tensor(0.9018),tensor(0.1200),tensor(0.0030),tensor(1.0000),tensor(0.0510),tensor(1.0827e-12),tensor(2.5905e-18),tensor(1.5677e-25),tensor(6.3641e-12),tensor(3.0925e-16),tensor(5.6100e-11),tensor(0.0082),tensor(0.0054),tensor(1.),tensor(1.),tensor(1.),tensor(1.),tensor(1.),tensor(1.0000),tensor(0.0300),tensor(1.),tensor(0.3460),tensor(0.0164),tensor(1.),tensor(1.),tensor(1.),tensor(0.0141),tensor(0.3082),tensor(0.1865),tensor(0.0316),tensor(0.3968),tensor(0.0192)
s_8472_jpg,tensor(0.9984),tensor(0.9249),tensor(1.7134e-07),tensor(0.0006),tensor(0.9835),tensor(3.4496e-15),tensor(7.6662e-32),tensor(8.4401e-30),tensor(2.4069e-13),tensor(1.8398e-20),tensor(1.3980e-12),tensor(0.2562),tensor(0.0009),tensor(1.),tensor(1.),tensor(1.),tensor(1.),tensor(1.),tensor(0.4249),tensor(0.0083),tensor(1.),tensor(0.3084),tensor(0.0060),tensor(1.0000),tensor(1.),tensor(1.),tensor(0.0016),tensor(0.2287),tensor(0.1242),tensor(0.0212),tensor(0.1875),tensor(0.0028)
s_10612_jpg,tensor(0.0099),tensor(1.9331e-12),tensor(3.8196e-06),tensor(3.7097e-10),tensor(0.0002),tensor(1.3007e-08),tensor(3.9963e-20),tensor(8.0896e-06),tensor(6.9392e-19),tensor(0.9977),tensor(0.0002),tensor(0.9247),tensor(0.0332),tensor(0.3108),tensor(1.),tensor(1.),tensor(0.4408),tensor(0.1262),tensor(0.0037),tensor(0.0710),tensor(0.0640),tensor(0.0006),tensor(0.0315),tensor(1.),tensor(0.0926),tensor(0.0409),tensor(0.0002),tensor(0.3219),tensor(1.),tensor(0.0066),tensor(1.),tensor(0.0089)
s_9377_jpg,tensor(5.2195e-05),tensor(4.0429e-12),tensor(5.5414e-24),tensor(2.6668e-14),tensor(7.5697e-07),tensor(1.),tensor(4.1853e-05),tensor(0.0002),tensor(2.9175e-11),tensor(5.0393e-07),tensor(1.6014e-31),tensor(1.9176e-06),tensor(1.),tensor(0.0583),tensor(0.1706),tensor(0.9998),tensor(0.3899),tensor(0.1253),tensor(0.0042),tensor(1.),tensor(0.0650),tensor(0.0002),tensor(0.3416),tensor(1.),tensor(0.0289),tensor(0.0263),tensor(5.2193e-05),tensor(0.0127),tensor(0.0498),tensor(0.0010),tensor(0.0622),tensor(0.2796)
s_15974_jpg,tensor(5.8910e-05),tensor(8.9723e-11),tensor(4.6435e-18),tensor(2.1487e-06),tensor(4.8651e-06),tensor(0.3139),tensor(1.0000),tensor(4.0355e-05),tensor(4.8461e-20),tensor(1.0801e-15),tensor(3.7110e-21),tensor(3.9471e-12),tensor(1.),tensor(0.0721),tensor(0.0959),tensor(1.),tensor(0.2765),tensor(0.1333),tensor(0.0050),tensor(1.),tensor(0.0532),tensor(0.0002),tensor(1.),tensor(1.),tensor(0.0129),tensor(0.0092),tensor(1.7421e-05),tensor(0.0141),tensor(0.0340),tensor(0.0010),tensor(0.0054),tensor(0.3012)
s_9478_jpg,tensor(0.0641),tensor(1.0469e-09),tensor(1.5652e-05),tensor(0.0004),tensor(0.0921),tensor(3.2348e-08),tensor(2.2590e-12),tensor(1.6514e-24),tensor(1.),tensor(7.3701e-16),tensor(1.6609e-05),tensor(2.2532e-08),tensor(0.0040),tensor(1.),tensor(1.),tensor(1.),tensor(0.4154),tensor(1.),tensor(0.0153),tensor(0.0183),tensor(0.1954),tensor(0.0018),tensor(0.0042),tensor(0.4408),tensor(0.0558),tensor(0.0518),tensor(4.6953e-05),tensor(0.3805),tensor(0.4691),tensor(1.),tensor(0.0014),tensor(0.0002)
s_4162_jpg,tensor(0.1076),tensor(2.8704e-10),tensor(1.8383e-05),tensor(2.1424e-07),tensor(0.0237),tensor(1.3761e-10),tensor(1.7873e-21),tensor(6.4364e-16),tensor(3.5868e-20),tensor(2.7323e-05),tensor(0.9997),tensor(0.0013),tensor(0.0032),tensor(1.),tensor(1.),tensor(1.),tensor(0.3650),tensor(0.1522),tensor(0.0032),tensor(0.0095),tensor(0.0938),tensor(0.0003),tensor(0.0040),tensor(1.),tensor(0.1247),tensor(0.0382),tensor(2.5087e-05),tensor(1.),tensor(1.),tensor(0.0187),tensor(0.2642),tensor(0.0004)
s_2737_jpg,tensor(0.2958),tensor(1.7316e-16),tensor(2.7418e-06),tensor(2.9644e-07),tensor(0.0666),tensor(5.9003e-10),tensor(4.3334e-30),tensor(4.4499e-23),tensor(1.),tensor(1.3402e-06),tensor(0.9999),tensor(5.1472e-05),tensor(0.0009),tensor(1.),tensor(1.),tensor(1.),tensor(0.3058),tensor(0.3642),tensor(0.0052),tensor(0.0032),tensor(0.1129),tensor(0.0004),tensor(0.0007),tensor(1.),tensor(0.1320),tensor(0.0406),tensor(3.5635e-05),tensor(1.),tensor(1.),tensor(1.),tensor(0.0130),tensor(2.9877e-05)
s_11386_jpg,tensor(0.0248),tensor(4.1801e-12),tensor(3.0005e-06),tensor(4.4529e-09),tensor(0.0019),tensor(6.6740e-10),tensor(5.6276e-24),tensor(3.0558e-09),tensor(1.4521e-28),tensor(0.9423),tensor(0.9733),tensor(0.9322),tensor(0.0047),tensor(0.4434),tensor(1.),tensor(1.),tensor(0.3812),tensor(0.0893),tensor(0.0014),tensor(0.0111),tensor(0.0555),tensor(0.0002),tensor(0.0060),tensor(1.),tensor(0.1144),tensor(0.0247),tensor(1.9514e-05),tensor(1.),tensor(1.),tensor(0.0035),tensor(1.),tensor(0.0008)
s_15763_jpg,tensor(0.2947),tensor(7.4006e-08),tensor(1.1219e-05),tensor(3.4189e-05),tensor(0.0130),tensor(7.4808e-08),tensor(8.3620e-14),tensor(2.0487e-18),tensor(1.),tensor(4.2212e-08),tensor(0.9087),tensor(6.4775e-05),tensor(0.0107),tensor(1.),tensor(1.),tensor(1.),tensor(0.3923),tensor(0.4880),tensor(0.0524),tensor(0.0320),tensor(0.2809),tensor(0.0084),tensor(0.0118),tensor(1.0000),tensor(0.1763),tensor(0.1225),tensor(0.0008),tensor(1.0000),tensor(1.0000),tensor(1.),tensor(0.0131),tensor(0.0011)
s_7729_jpg,tensor(0.2558),tensor(6.2056e-07),tensor(4.0231e-05),tensor(5.1294e-06),tensor(0.1679),tensor(9.4729e-09),tensor(9.5467e-14),tensor(7.3185e-12),tensor(4.5873e-12),tensor(6.9340e-06),tensor(0.9994),tensor(0.0017),tensor(0.0171),tensor(1.),tensor(1.),tensor(1.),tensor(0.4413),tensor(0.2892),tensor(0.0188),tensor(0.0335),tensor(0.1861),tensor(0.0040),tensor(0.0193),tensor(1.),tensor(0.2104),tensor(0.0858),tensor(0.0005),tensor(1.),tensor(1.),tensor(0.0865),tensor(0.2003),tensor(0.0027)
s_14990_jpg,tensor(6.8375e-09),tensor(9.2599e-22),tensor(0.),tensor(3.3934e-16),tensor(8.1778e-14),tensor(1.),tensor(1.0000),tensor(0.0020),tensor(2.8913e-36),tensor(8.1957e-20),tensor(0.),tensor(8.2560e-20),tensor(1.),tensor(0.0037),tensor(0.0186),tensor(1.),tensor(0.1535),tensor(0.0149),tensor(3.9818e-05),tensor(1.),tensor(0.0048),tensor(4.3262e-08),tensor(1.),tensor(1.),tensor(0.0006),tensor(0.0003),tensor(1.2657e-09),tensor(0.0002),tensor(0.0011),tensor(2.3240e-07),tensor(0.0005),tensor(0.2988)
s_2167_jpg,tensor(0.0232),tensor(1.9295e-12),tensor(5.9888e-06),tensor(2.2207e-09),tensor(0.0021),tensor(2.1981e-09),tensor(4.1010e-24),tensor(6.6784e-08),tensor(5.9425e-26),tensor(0.9539),tensor(0.9310),tensor(0.9041),tensor(0.0055),tensor(0.4495),tensor(1.),tensor(1.),tensor(0.3971),tensor(0.0974),tensor(0.0013),tensor(0.0122),tensor(0.0534),tensor(0.0002),tensor(0.0066),tensor(1.),tensor(0.1345),tensor(0.0285),tensor(2.6193e-05),tensor(1.),tensor(1.),tensor(0.0045),tensor(1.),tensor(0.0010)
s_379_jpg,tensor(0.0132),tensor(1.7155e-13),tensor(2.4195e-06),tensor(7.5747e-09),tensor(0.0009),tensor(4.7139e-10),tensor(1.9533e-17),tensor(2.6755e-06),tensor(4.7301e-21),tensor(0.9988),tensor(0.0033),tensor(0.9529),tensor(0.0396),tensor(0.3130),tensor(1.),tensor(1.),tensor(0.4064),tensor(0.1176),tensor(0.0027),tensor(0.0708),tensor(0.0522),tensor(0.0005),tensor(0.0390),tensor(1.),tensor(0.0870),tensor(0.0292),tensor(0.0002),tensor(0.3758),tensor(1.),tensor(0.0072),tensor(1.),tensor(0.0083)
s_1452_jpg,tensor(0.2752),tensor(0.9960),tensor(1.7340e-09),tensor(0.0082),tensor(0.9878),tensor(3.4815e-18),tensor(2.3617e-35),tensor(3.3393e-36),tensor(1.0623e-09),tensor(6.2393e-15),tensor(5.3910e-12),tensor(0.0749),tensor(0.0002),tensor(1.),tensor(1.),tensor(1.),tensor(1.),tensor(1.),tensor(0.4553),tensor(0.0023),tensor(1.),tensor(0.3013),tensor(0.0011),tensor(1.),tensor(1.),tensor(1.),tensor(0.0006),tensor(0.2003),tensor(0.0993),tensor(0.0139),tensor(0.0981),tensor(0.0007)
s_3615_jpg,tensor(0.9024),tensor(0.8056),tensor(0.9989),tensor(1.),tensor(0.0395),tensor(1.4857e-17),tensor(4.0574e-24),tensor(1.6583e-30),tensor(2.0456e-18),tensor(1.3586e-23),tensor(1.6493e-16),tensor(9.9436e-05),tensor(0.0013),tensor(1.),tensor(1.),tensor(1.),tensor(1.),tensor(1.),tensor(1.),tensor(0.0152),tensor(1.),tensor(0.2908),tensor(0.0074),tensor(1.),tensor(1.),tensor(1.),tensor(0.0070),tensor(0.2122),tensor(0.1161),tensor(0.0127),tensor(1.),tensor(0.0228)
s_7412_jpg,tensor(3.2418e-09),tensor(4.5835e-16),tensor(3.8598e-34),tensor(5.3398e-09),tensor(1.8193e-09),tensor(0.2544),tensor(1.),tensor(1.),tensor(7.6769e-35),tensor(7.9506e-15),tensor(0.),tensor(1.5562e-16),tensor(1.),tensor(0.0067),tensor(0.0202),tensor(1.),tensor(0.1732),tensor(0.0279),tensor(0.0001),tensor(1.),tensor(0.0122),tensor(6.5699e-07),tensor(1.),tensor(1.),tensor(0.0013),tensor(0.0007),tensor(2.9209e-08),tensor(0.0019),tensor(0.0045),tensor(2.5820e-06),tensor(0.0004),tensor(1.)
s_11352_jpg,tensor(0.9692),tensor(0.9663),tensor(4.7957e-09),tensor(1.),tensor(0.2008),tensor(2.6841e-23),tensor(0.),tensor(0.),tensor(4.5387e-22),tensor(2.9039e-30),tensor(4.5680e-20),tensor(0.0002),tensor(2.5733e-05),tensor(1.),tensor(1.),tensor(1.),tensor(1.),tensor(1.),tensor(1.),tensor(0.0009),tensor(1.),tensor(0.2749),tensor(0.0004),tensor(1.),tensor(1.),tensor(1.),tensor(0.0001),tensor(0.1681),tensor(0.0586),tensor(0.0022),tensor(0.1155),tensor(0.0002)
s_11670_jpg,tensor(0.6854),tensor(0.5410),tensor(0.9996),tensor(1.),tensor(0.9723),tensor(4.2499e-28),tensor(1.2380e-35),tensor(0.),tensor(3.6088e-31),tensor(1.9697e-37),tensor(9.8593e-29),tensor(7.3127e-08),tensor(3.4940e-05),tensor(1.),tensor(1.),tensor(1.),tensor(1.),tensor(1.),tensor(1.),tensor(0.0017),tensor(1.),tensor(0.3780),tensor(0.0008),tensor(1.),tensor(1.),tensor(1.),tensor(0.0004),tensor(0.0884),tensor(0.0273),tensor(0.0004),tensor(1.),tensor(0.0028)
s_5985_jpg,tensor(0.5630),tensor(0.9424),tensor(0.9947),tensor(0.1466),tensor(0.8995),tensor(8.8609e-09),tensor(1.8324e-16),tensor(1.2535e-14),tensor(1.7155e-05),tensor(5.5086e-09),tensor(2.6660e-06),tensor(0.1029),tensor(0.0318),tensor(1.),tensor(1.),tensor(1.),tensor(1.),tensor(1.),tensor(0.4713),tensor(0.0828),tensor(1.),tensor(0.3842),tensor(0.0562),tensor(0.9984),tensor(1.),tensor(1.),tensor(0.0422),tensor(0.3195),tensor(0.2090),tensor(0.0610),tensor(1.),tensor(0.0976)
s_7556_jpg,tensor(4.3760e-08),tensor(5.7998e-15),tensor(8.2361e-32),tensor(6.0952e-09),tensor(2.9490e-09),tensor(0.3695),tensor(1.),tensor(1.),tensor(1.1038e-31),tensor(1.0678e-10),tensor(2.5337e-37),tensor(5.3564e-14),tensor(1.),tensor(0.0157),tensor(0.0576),tensor(1.),tensor(0.2266),tensor(0.0396),tensor(0.0006),tensor(1.),tensor(0.0257),tensor(6.4285e-06),tensor(1.),tensor(1.),tensor(0.0051),tensor(0.0027),tensor(8.5018e-07),tensor(0.0090),tensor(0.0203),tensor(2.1380e-05),tensor(0.0042),tensor(1.)
s_7383_jpg,tensor(0.9793),tensor(0.9953),tensor(1.2207e-09),tensor(1.0000),tensor(5.2499e-05),tensor(1.8458e-17),tensor(5.1160e-34),tensor(0.),tensor(6.0220e-20),tensor(3.5025e-23),tensor(2.5954e-13),tensor(0.0169),tensor(0.0002),tensor(1.),tensor(1.),tensor(1.),tensor(1.),tensor(1.),tensor(1.),tensor(0.0031),tensor(1.),tensor(0.1966),tensor(0.0016),tensor(1.),tensor(1.),tensor(1.),tensor(0.0005),tensor(0.3400),tensor(0.1669),tensor(0.0113),tensor(0.1171),tensor(0.0004)
s_4573_jpg,tensor(0.1049),tensor(1.0096e-07),tensor(0.0036),tensor(0.0001),tensor(0.0285),tensor(4.4314e-07),tensor(1.0938e-15),tensor(1.1631e-06),tensor(3.2052e-21),tensor(0.9083),tensor(0.9182),tensor(0.9548),tensor(0.0209),tensor(0.4715),tensor(1.),tensor(1.),tensor(0.4377),tensor(0.1901),tensor(0.0155),tensor(0.0422),tensor(0.1487),tensor(0.0042),tensor(0.0289),tensor(1.),tensor(0.2474),tensor(0.1042),tensor(0.0008),tensor(1.),tensor(1.),tensor(0.0165),tensor(1.),tensor(0.0086)
s_2615_jpg,tensor(6.9866e-09),tensor(3.0442e-20),tensor(0.),tensor(5.0775e-17),tensor(4.1584e-12),tensor(1.),tensor(0.9999),tensor(0.0223),tensor(3.5595e-32),tensor(5.6131e-15),tensor(0.),tensor(3.2204e-16),tensor(1.),tensor(0.0041),tensor(0.0294),tensor(1.),tensor(0.2080),tensor(0.0189),tensor(5.6840e-05),tensor(1.),tensor(0.0072),tensor(1.7465e-07),tensor(1.),tensor(1.),tensor(0.0013),tensor(0.0006),tensor(6.1207e-09),tensor(0.0004),tensor(0.0020),tensor(5.6149e-07),tensor(0.0018),tensor(0.3499)
s_4396_jpg,tensor(0.1159),tensor(1.9724e-06),tensor(0.0009),tensor(1.2211e-05),tensor(0.0043),tensor(3.4018e-05),tensor(7.1990e-14),tensor(5.2923e-06),tensor(2.0091e-14),tensor(0.0006),tensor(0.9988),tensor(0.0200),tensor(0.0423),tensor(0.4244),tensor(1.),tensor(1.),tensor(0.4533),tensor(0.1945),tensor(0.0175),tensor(0.0646),tensor(0.2108),tensor(0.0037),tensor(0.0517),tensor(1.),tensor(0.2014),tensor(0.0959),tensor(0.0009),tensor(1.),tensor(1.),tensor(0.0287),tensor(0.3817),tensor(0.0163)
s_10653_jpg,tensor(0.4265),tensor(0.9693),tensor(0.9994),tensor(0.2473),tensor(0.0002),tensor(2.5412e-07),tensor(1.2526e-15),tensor(6.0076e-13),tensor(5.6828e-09),tensor(2.5857e-06),tensor(0.0004),tensor(0.3847),tensor(0.0329),tensor(1.),tensor(1.),tensor(1.),tensor(1.),tensor(1.),tensor(0.4700),tensor(0.0757),tensor(1.0000),tensor(0.2643),tensor(0.0570),tensor(1.),tensor(1.),tensor(1.),tensor(0.0595),tensor(0.4059),tensor(0.3016),tensor(0.0881),tensor(1.),tensor(0.1267)
s_158_jpg,tensor(0.0001),tensor(8.2102e-20),tensor(8.4334e-30),tensor(3.1576e-22),tensor(6.9992e-14),tensor(1.),tensor(3.6465e-09),tensor(9.2440e-07),tensor(1.7936e-14),tensor(2.7779e-07),tensor(0.),tensor(3.0613e-08),tensor(1.),tensor(0.0139),tensor(0.1100),tensor(0.4921),tensor(0.3596),tensor(0.0445),tensor(0.0003),tensor(1.),tensor(0.0279),tensor(6.5034e-06),tensor(0.3043),tensor(1.),tensor(0.0056),tensor(0.0042),tensor(7.2715e-07),tensor(0.0019),tensor(0.0161),tensor(2.2474e-05),tensor(0.0324),tensor(0.2972)
s_12412_jpg,tensor(0.3049),tensor(2.0296e-10),tensor(1.9174e-05),tensor(3.7531e-05),tensor(0.0249),tensor(6.7575e-09),tensor(1.9809e-18),tensor(2.2455e-22),tensor(1.),tensor(1.9995e-09),tensor(0.9274),tensor(1.0388e-05),tensor(0.0043),tensor(1.),tensor(1.),tensor(1.),tensor(0.3595),tensor(0.4513),tensor(0.0234),tensor(0.0145),tensor(0.2045),tensor(0.0024),tensor(0.0043),tensor(1.0000),tensor(0.1336),tensor(0.0719),tensor(0.0002),tensor(1.),tensor(1.),tensor(1.),tensor(0.0069),tensor(0.0003)
s_1810_jpg,tensor(0.0193),tensor(4.4164e-12),tensor(1.3349e-05),tensor(9.8999e-09),tensor(0.0012),tensor(5.0705e-11),tensor(3.8859e-24),tensor(1.8209e-09),tensor(2.5435e-29),tensor(0.9725),tensor(0.8741),tensor(0.9299),tensor(0.0029),tensor(0.4491),tensor(1.),tensor(1.),tensor(0.3841),tensor(0.0835),tensor(0.0011),tensor(0.0086),tensor(0.0432),tensor(0.0001),tensor(0.0040),tensor(1.),tensor(0.1149),tensor(0.0266),tensor(1.4547e-05),tensor(1.),tensor(1.),tensor(0.0028),tensor(1.),tensor(0.0007)
s_7305_jpg,tensor(0.5172),tensor(0.0005),tensor(8.9901e-05),tensor(4.3824e-05),tensor(0.0817),tensor(4.9986e-07),tensor(1.3349e-09),tensor(4.1129e-13),tensor(0.0085),tensor(0.0003),tensor(0.9386),tensor(0.0090),tensor(0.0406),tensor(1.),tensor(1.),tensor(1.),tensor(0.9987),tensor(0.4811),tensor(0.1859),tensor(0.0928),tensor(0.4259),tensor(0.0828),tensor(0.0587),tensor(1.),tensor(0.4185),tensor(0.3253),tensor(0.0152),tensor(1.0000),tensor(1.),tensor(0.3561),tensor(0.1928),tensor(0.0186)
s_878_jpg,tensor(1.1740e-08),tensor(2.4021e-16),tensor(1.4054e-33),tensor(1.1879e-09),tensor(3.9705e-09),tensor(0.3569),tensor(1.),tensor(1.),tensor(6.3855e-33),tensor(1.5856e-15),tensor(0.),tensor(2.2903e-16),tensor(1.),tensor(0.0071),tensor(0.0201),tensor(1.),tensor(0.1748),tensor(0.0296),tensor(0.0001),tensor(1.),tensor(0.0107),tensor(7.0036e-07),tensor(1.),tensor(1.),tensor(0.0013),tensor(0.0007),tensor(3.4181e-08),tensor(0.0016),tensor(0.0041),tensor(3.1640e-06),tensor(0.0005),tensor(1.)
s_12442_jpg,tensor(0.0068),tensor(9.3173e-15),tensor(2.0546e-07),tensor(2.2003e-11),tensor(0.0005),tensor(2.4043e-11),tensor(1.6658e-23),tensor(4.1975e-08),tensor(6.3783e-26),tensor(0.9999),tensor(0.0007),tensor(0.9713),tensor(0.0180),tensor(0.2869),tensor(1.),tensor(1.),tensor(0.3900),tensor(0.0829),tensor(0.0011),tensor(0.0458),tensor(0.0368),tensor(0.0001),tensor(0.0184),tensor(1.),tensor(0.0530),tensor(0.0183),tensor(3.0788e-05),tensor(0.3311),tensor(1.),tensor(0.0029),tensor(1.),tensor(0.0026)
s_7367_jpg,tensor(1.7966e-09),tensor(1.3016e-22),tensor(0.),tensor(3.3259e-14),tensor(4.5591e-13),tensor(1.0000),tensor(1.0000),tensor(3.4383e-05),tensor(5.0111e-39),tensor(1.0314e-19),tensor(0.),tensor(1.1026e-19),tensor(1.),tensor(0.0038),tensor(0.0178),tensor(1.),tensor(0.1407),tensor(0.0137),tensor(2.5528e-05),tensor(1.),tensor(0.0043),tensor(2.9256e-08),tensor(1.),tensor(1.),tensor(0.0004),tensor(0.0002),tensor(1.0619e-09),tensor(0.0003),tensor(0.0021),tensor(3.3644e-07),tensor(0.0004),tensor(0.2708)
s_4971_jpg,tensor(0.9997),tensor(0.9922),tensor(1.8101e-09),tensor(1.),tensor(8.2140e-05),tensor(3.6184e-24),tensor(0.),tensor(0.),tensor(6.3395e-33),tensor(3.3235e-38),tensor(2.6630e-26),tensor(0.0016),tensor(1.9457e-05),tensor(1.),tensor(1.),tensor(1.),tensor(1.),tensor(1.),tensor(1.),tensor(0.0007),tensor(1.),tensor(0.1995),tensor(0.0003),tensor(1.),tensor(1.),tensor(1.),tensor(7.2223e-05),tensor(0.1282),tensor(0.0492),tensor(0.0013),tensor(0.0991),tensor(0.0001)
s_2279_jpg,tensor(3.4614e-11),tensor(3.1471e-21),tensor(0.),tensor(2.6695e-14),tensor(6.6436e-12),tensor(1.),tensor(1.),tensor(1.),tensor(0.),tensor(2.3872e-15),tensor(0.),tensor(9.4333e-17),tensor(1.),tensor(0.0008),tensor(0.0054),tensor(1.),tensor(0.1009),tensor(0.0061),tensor(5.6815e-06),tensor(1.),tensor(0.0024),tensor(2.2759e-09),tensor(1.),tensor(1.),tensor(0.0001),tensor(6.7680e-05),tensor(8.5229e-11),tensor(6.2216e-05),tensor(0.0004),tensor(1.4661e-08),tensor(4.7962e-05),tensor(1.)
s_9686_jpg,tensor(1.3099e-05),tensor(4.7437e-08),tensor(3.9319e-18),tensor(1.8662e-05),tensor(3.3437e-05),tensor(0.3961),tensor(1.),tensor(1.0000),tensor(8.7524e-19),tensor(1.8177e-07),tensor(3.6009e-25),tensor(2.0661e-08),tensor(1.),tensor(0.0747),tensor(0.1504),tensor(1.0000),tensor(0.3311),tensor(0.1359),tensor(0.0112),tensor(1.),tensor(0.1148),tensor(0.0008),tensor(1.),tensor(1.),tensor(0.0395),tensor(0.0271),tensor(0.0002),tensor(0.0504),tensor(0.0691),tensor(0.0014),tensor(0.0231),tensor(1.)
s_11629_jpg,tensor(0.0330),tensor(2.4492e-12),tensor(1.8251e-05),tensor(4.0028e-08),tensor(0.0054),tensor(2.3014e-10),tensor(1.8651e-21),tensor(2.7436e-07),tensor(1.0467e-28),tensor(0.9688),tensor(0.9245),tensor(0.9491),tensor(0.0063),tensor(0.4581),tensor(1.),tensor(1.),tensor(0.3784),tensor(0.0973),tensor(0.0019),tensor(0.0135),tensor(0.0518),tensor(0.0003),tensor(0.0080),tensor(1.),tensor(0.1268),tensor(0.0281),tensor(4.9986e-05),tensor(1.),tensor(1.),tensor(0.0055),tensor(1.),tensor(0.0013)
s_2263_jpg,tensor(0.0988),tensor(8.2378e-13),tensor(1.4709e-07),tensor(9.7808e-10),tensor(0.0137),tensor(4.2889e-14),tensor(5.9484e-24),tensor(3.7570e-17),tensor(8.3017e-23),tensor(2.1576e-08),tensor(1.0000),tensor(1.1845e-05),tensor(0.0016),tensor(1.),tensor(1.),tensor(1.),tensor(0.3270),tensor(0.1335),tensor(0.0011),tensor(0.0051),tensor(0.0607),tensor(6.2307e-05),tensor(0.0020),tensor(1.),tensor(0.0680),tensor(0.0139),tensor(3.6123e-06),tensor(1.),tensor(1.),tensor(0.0186),tensor(0.1245),tensor(7.5408e-05)
s_13674_jpg,tensor(0.4376),tensor(0.9985),tensor(1.5429e-08),tensor(0.0011),tensor(0.0254),tensor(6.2724e-12),tensor(1.4675e-21),tensor(2.1699e-26),tensor(1.0662e-09),tensor(6.9192e-08),tensor(1.1474e-05),tensor(0.1009),tensor(0.0023),tensor(1.),tensor(1.),tensor(1.),tensor(1.),tensor(1.),tensor(0.2619),tensor(0.0093),tensor(1.),tensor(0.1145),tensor(0.0038),tensor(1.),tensor(1.),tensor(1.),tensor(0.0020),tensor(0.4308),tensor(0.3567),tensor(0.0556),tensor(0.2268),tensor(0.0017)
s_12761_jpg,tensor(4.3735e-05),tensor(4.5577e-10),tensor(5.4687e-20),tensor(3.0979e-06),tensor(5.9543e-06),tensor(0.9829),tensor(0.9999),tensor(0.0318),tensor(2.1910e-18),tensor(4.2302e-13),tensor(1.3413e-24),tensor(3.4460e-12),tensor(1.),tensor(0.0617),tensor(0.1038),tensor(1.),tensor(0.2891),tensor(0.1274),tensor(0.0072),tensor(1.),tensor(0.0709),tensor(0.0002),tensor(1.),tensor(1.),tensor(0.0212),tensor(0.0150),tensor(3.0394e-05),tensor(0.0144),tensor(0.0281),tensor(0.0006),tensor(0.0117),tensor(0.4201)
s_10377_jpg,tensor(0.3961),tensor(0.2553),tensor(4.6279e-08),tensor(1.0000),tensor(0.9748),tensor(1.3748e-12),tensor(9.5991e-14),tensor(1.8313e-22),tensor(7.3479e-08),tensor(1.8572e-13),tensor(2.1176e-10),tensor(0.0011),tensor(0.0068),tensor(1.),tensor(1.),tensor(1.),tensor(1.),tensor(1.),tensor(1.),tensor(0.0365),tensor(1.),tensor(0.3413),tensor(0.0246),tensor(1.),tensor(1.0000),tensor(1.),tensor(0.0142),tensor(0.3087),tensor(0.2413),tensor(0.1108),tensor(0.1472),tensor(0.0111)
s_761_jpg,tensor(1.1861e-12),tensor(3.3705e-25),tensor(0.),tensor(1.5561e-16),tensor(1.3103e-14),tensor(1.),tensor(1.),tensor(1.),tensor(0.),tensor(5.7655e-20),tensor(0.),tensor(3.4245e-22),tensor(1.),tensor(0.0003),tensor(0.0023),tensor(1.),tensor(0.0781),tensor(0.0032),tensor(8.3905e-07),tensor(1.),tensor(0.0010),tensor(1.0799e-10),tensor(1.),tensor(1.),tensor(2.9805e-05),tensor(1.4499e-05),tensor(1.5687e-12),tensor(1.7469e-05),tensor(0.0001),tensor(8.6909e-10),tensor(8.8625e-06),tensor(1.)
s_13400_jpg,tensor(2.9896e-07),tensor(4.7206e-16),tensor(1.9833e-35),tensor(1.0186e-13),tensor(7.3451e-10),tensor(1.),tensor(1.0000),tensor(0.0020),tensor(7.2638e-27),tensor(2.7178e-18),tensor(0.),tensor(5.1728e-16),tensor(1.),tensor(0.0124),tensor(0.0398),tensor(1.),tensor(0.1947),tensor(0.0382),tensor(0.0004),tensor(1.),tensor(0.0181),tensor(1.2973e-06),tensor(1.),tensor(1.),tensor(0.0030),tensor(0.0020),tensor(7.5482e-08),tensor(0.0012),tensor(0.0037),tensor(8.2709e-06),tensor(0.0015),tensor(0.2791)
s_10181_jpg,tensor(7.1510e-07),tensor(8.2005e-14),tensor(9.8279e-27),tensor(6.2072e-08),tensor(3.9448e-07),tensor(0.1744),tensor(1.0000),tensor(0.0183),tensor(1.0137e-25),tensor(5.3058e-10),tensor(1.0227e-26),tensor(2.9031e-11),tensor(1.),tensor(0.0356),tensor(0.0840),tensor(1.),tensor(0.2550),tensor(0.0671),tensor(0.0013),tensor(1.),tensor(0.0303),tensor(3.0259e-05),tensor(1.),tensor(1.),tensor(0.0093),tensor(0.0052),tensor(4.9800e-06),tensor(0.0169),tensor(0.0370),tensor(0.0002),tensor(0.0146),tensor(0.3698)
s_1794_jpg,tensor(0.1604),tensor(0.9852),tensor(5.3256e-05),tensor(0.0051),tensor(0.9622),tensor(1.9205e-08),tensor(1.7432e-18),tensor(4.0790e-16),tensor(0.0010),tensor(1.9448e-06),tensor(1.4940e-05),tensor(0.2783),tensor(0.0173),tensor(1.),tensor(1.),tensor(1.),tensor(1.0000),tensor(1.),tensor(0.4442),tensor(0.0449),tensor(1.),tensor(0.4066),tensor(0.0354),tensor(0.4888),tensor(1.),tensor(1.),tensor(0.0215),tensor(0.3107),tensor(0.2097),tensor(0.0957),tensor(0.2053),tensor(0.0269)
s_7569_jpg,tensor(0.9807),tensor(0.4480),tensor(0.9999),tensor(1.),tensor(0.9954),tensor(2.1850e-33),tensor(0.),tensor(0.),tensor(9.0062e-38),tensor(0.),tensor(5.1770e-34),tensor(5.5055e-08),tensor(4.7257e-06),tensor(1.),tensor(1.),tensor(1.),tensor(1.),tensor(1.),tensor(1.),tensor(0.0006),tensor(1.),tensor(0.3548),tensor(0.0002),tensor(1.),tensor(1.),tensor(1.),tensor(6.4886e-05),tensor(0.0481),tensor(0.0107),tensor(7.4277e-05),tensor(1.),tensor(0.0009)
s_4421_jpg,tensor(3.6331e-07),tensor(2.9078e-12),tensor(4.0811e-27),tensor(7.0247e-09),tensor(1.4070e-06),tensor(0.9981),tensor(1.),tensor(1.0000),tensor(2.8191e-23),tensor(2.7698e-12),tensor(0.),tensor(5.5813e-12),tensor(1.),tensor(0.0186),tensor(0.0440),tensor(1.),tensor(0.2144),tensor(0.0564),tensor(0.0010),tensor(1.),tensor(0.0261),tensor(1.3059e-05),tensor(1.),tensor(1.),tensor(0.0055),tensor(0.0033),tensor(1.3603e-06),tensor(0.0038),tensor(0.0077),tensor(3.5960e-05),tensor(0.0027),tensor(1.)
s_8460_jpg,tensor(0.9995),tensor(0.2350),tensor(2.4920e-05),tensor(5.0414e-05),tensor(0.9712),tensor(4.7314e-09),tensor(2.6050e-13),tensor(8.6320e-15),tensor(2.5018e-05),tensor(3.3137e-10),tensor(0.0002),tensor(0.0075),tensor(0.0319),tensor(1.),tensor(1.),tensor(1.),tensor(1.),tensor(0.9936),tensor(0.3082),tensor(0.0512),tensor(1.),tensor(0.1952),tensor(0.0513),tensor(1.),tensor(1.),tensor(1.0000),tensor(0.0127),tensor(0.4947),tensor(0.3504),tensor(0.0620),tensor(0.2652),tensor(0.0477)
s_83_jpg,tensor(3.5770e-11),tensor(7.8854e-19),tensor(0.),tensor(8.9624e-12),tensor(4.4390e-11),tensor(0.5654),tensor(1.),tensor(1.),tensor(0.),tensor(3.4474e-15),tensor(0.),tensor(7.3727e-17),tensor(1.),tensor(0.0024),tensor(0.0090),tensor(1.),tensor(0.1296),tensor(0.0138),tensor(2.0425e-05),tensor(1.),tensor(0.0049),tensor(4.1045e-08),tensor(1.),tensor(1.),tensor(0.0003),tensor(0.0002),tensor(1.0117e-09),tensor(0.0006),tensor(0.0017),tensor(1.9408e-07),tensor(8.0657e-05),tensor(1.)
s_2988_jpg,tensor(0.9557),tensor(0.7839),tensor(0.9977),tensor(0.9997),tensor(0.9813),tensor(1.0726e-14),tensor(3.7981e-22),tensor(3.8016e-23),tensor(4.0730e-16),tensor(2.6646e-19),tensor(4.6843e-14),tensor(0.0090),tensor(0.0032),tensor(1.),tensor(1.),tensor(1.),tensor(1.),tensor(1.),tensor(1.),tensor(0.0314),tensor(1.),tensor(0.4622),tensor(0.0210),tensor(1.),tensor(1.),tensor(1.),tensor(0.0104),tensor(0.1870),tensor(0.0978),tensor(0.0114),tensor(1.),tensor(0.0438)
s_10925_jpg,tensor(2.5314e-07),tensor(2.1731e-15),tensor(2.1679e-26),tensor(1.2701e-07),tensor(7.3106e-08),tensor(0.0161),tensor(1.0000),tensor(5.3724e-07),tensor(5.8815e-30),tensor(3.6727e-19),tensor(9.3254e-29),tensor(1.9067e-15),tensor(1.),tensor(0.0273),tensor(0.0507),tensor(1.),tensor(0.2009),tensor(0.0602),tensor(0.0005),tensor(1.),tensor(0.0183),tensor(4.6005e-06),tensor(1.),tensor(1.),tensor(0.0026),tensor(0.0016),tensor(3.3348e-07),tensor(0.0056),tensor(0.0177),tensor(7.7060e-05),tensor(0.0014),tensor(0.2295)
s_2168_jpg,tensor(6.3670e-11),tensor(1.8570e-29),tensor(0.),tensor(4.8207e-23),tensor(3.6411e-18),tensor(1.),tensor(1.0000),tensor(0.0005),tensor(0.),tensor(1.6951e-23),tensor(0.),tensor(5.3873e-24),tensor(1.),tensor(0.0005),tensor(0.0051),tensor(1.),tensor(0.0844),tensor(0.0034),tensor(1.2170e-06),tensor(1.),tensor(0.0007),tensor(1.3958e-10),tensor(1.),tensor(1.),tensor(5.6813e-05),tensor(1.9406e-05),tensor(3.5044e-12),tensor(2.1237e-05),tensor(0.0002),tensor(2.8588e-09),tensor(6.5826e-05),tensor(0.3130)
s_9714_jpg,tensor(0.9885),tensor(0.0307),tensor(0.0382),tensor(1.0000),tensor(0.1208),tensor(1.4896e-11),tensor(1.7262e-13),tensor(6.1224e-23),tensor(2.4809e-12),tensor(2.8984e-16),tensor(2.3766e-10),tensor(0.0167),tensor(0.0072),tensor(1.),tensor(1.),tensor(1.),tensor(1.),tensor(1.),tensor(0.9999),tensor(0.0350),tensor(1.),tensor(0.2287),tensor(0.0251),tensor(1.),tensor(0.9995),tensor(1.),tensor(0.0125),tensor(0.2741),tensor(0.2186),tensor(0.0247),tensor(0.3683),tensor(0.0495)
s_1275_jpg,tensor(0.9764),tensor(0.1944),tensor(1.0652e-08),tensor(1.),tensor(6.3857e-08),tensor(1.4997e-17),tensor(1.1703e-27),tensor(0.),tensor(2.4747e-25),tensor(5.4163e-29),tensor(9.0651e-18),tensor(0.0001),tensor(0.0005),tensor(1.),tensor(1.),tensor(1.),tensor(1.),tensor(1.),tensor(1.),tensor(0.0051),tensor(1.),tensor(0.1668),tensor(0.0031),tensor(1.),tensor(1.),tensor(1.),tensor(0.0011),tensor(0.2971),tensor(0.1417),tensor(0.0116),tensor(0.1813),tensor(0.0009)
s_11945_jpg,tensor(2.0377e-05),tensor(8.2154e-21),tensor(4.7867e-32),tensor(9.9633e-21),tensor(5.5647e-13),tensor(1.),tensor(6.3197e-09),tensor(1.5725e-09),tensor(3.3733e-16),tensor(1.5387e-08),tensor(0.),tensor(7.1422e-09),tensor(1.),tensor(0.0136),tensor(0.0916),tensor(1.),tensor(0.3138),tensor(0.0395),tensor(0.0002),tensor(1.),tensor(0.0170),tensor(2.5698e-06),tensor(0.2844),tensor(1.),tensor(0.0036),tensor(0.0026),tensor(1.9784e-07),tensor(0.0017),tensor(0.0137),tensor(2.1151e-05),tensor(0.0191),tensor(0.1772)
s_3449_jpg,tensor(0.0018),tensor(4.6384e-10),tensor(5.3968e-18),tensor(1.1759e-11),tensor(1.1306e-07),tensor(1.),tensor(0.0140),tensor(0.0111),tensor(7.6027e-11),tensor(4.4865e-07),tensor(3.0618e-23),tensor(1.4228e-06),tensor(1.),tensor(0.1034),tensor(0.2001),tensor(0.4994),tensor(0.3677),tensor(0.1854),tensor(0.0252),tensor(1.),tensor(0.1228),tensor(0.0013),tensor(0.3632),tensor(1.),tensor(0.0834),tensor(0.0812),tensor(0.0004),tensor(0.0234),tensor(0.0486),tensor(0.0024),tensor(0.0738),tensor(0.3513)
s_1032_jpg,tensor(0.7398),tensor(0.9953),tensor(0.9998),tensor(0.0018),tensor(0.1070),tensor(3.5275e-10),tensor(1.9513e-23),tensor(2.4835e-20),tensor(9.8116e-11),tensor(5.6822e-11),tensor(1.4359e-07),tensor(0.1815),tensor(0.0080),tensor(1.),tensor(1.),tensor(1.),tensor(1.),tensor(1.),tensor(0.4308),tensor(0.0299),tensor(1.),tensor(0.3021),tensor(0.0213),tensor(1.),tensor(1.),tensor(1.),tensor(0.0151),tensor(0.2807),tensor(0.1786),tensor(0.0248),tensor(1.0000),tensor(0.0617)
s_677_jpg,tensor(1.2552e-07),tensor(1.5267e-17),tensor(3.4374e-30),tensor(5.2532e-09),tensor(3.3011e-09),tensor(0.0322),tensor(1.),tensor(1.2044e-06),tensor(8.7025e-33),tensor(6.2703e-20),tensor(1.1277e-32),tensor(5.7763e-17),tensor(1.),tensor(0.0178),tensor(0.0373),tensor(1.),tensor(0.1749),tensor(0.0418),tensor(0.0002),tensor(1.),tensor(0.0113),tensor(1.2761e-06),tensor(1.),tensor(1.),tensor(0.0014),tensor(0.0008),tensor(8.2437e-08),tensor(0.0034),tensor(0.0125),tensor(2.8175e-05),tensor(0.0009),tensor(0.2415)
s_1423_jpg,tensor(0.0160),tensor(7.4370e-11),tensor(4.2748e-06),tensor(3.4147e-09),tensor(0.0003),tensor(2.4274e-07),tensor(5.0066e-17),tensor(7.3577e-06),tensor(2.6578e-17),tensor(0.9943),tensor(0.0016),tensor(0.8866),tensor(0.0523),tensor(0.3205),tensor(1.),tensor(1.),tensor(0.4374),tensor(0.1520),tensor(0.0065),tensor(0.0951),tensor(0.0908),tensor(0.0013),tensor(0.0491),tensor(1.),tensor(0.1169),tensor(0.0570),tensor(0.0004),tensor(0.3560),tensor(1.),tensor(0.0114),tensor(1.),tensor(0.0141)
s_2576_jpg,tensor(9.0192e-07),tensor(6.2484e-19),tensor(4.3872e-28),tensor(8.8372e-22),tensor(2.1479e-13),tensor(1.),tensor(2.6898e-10),tensor(5.8862e-09),tensor(3.0757e-15),tensor(1.0174e-07),tensor(6.1673e-39),tensor(2.8694e-07),tensor(1.),tensor(0.0198),tensor(0.1377),tensor(1.0000),tensor(0.3789),tensor(0.0485),tensor(0.0003),tensor(1.),tensor(0.0220),tensor(5.8133e-06),tensor(0.2049),tensor(1.),tensor(0.0058),tensor(0.0047),tensor(6.8050e-07),tensor(0.0033),tensor(0.0316),tensor(5.3906e-05),tensor(0.0456),tensor(0.1326)
s_8739_jpg,tensor(0.2558),tensor(0.9995),tensor(1.0000),tensor(1.),tensor(0.0002),tensor(1.6889e-15),tensor(4.9421e-24),tensor(1.1647e-29),tensor(1.8655e-22),tensor(1.1668e-18),tensor(8.0245e-14),tensor(0.0003),tensor(0.0012),tensor(1.),tensor(1.),tensor(1.),tensor(1.),tensor(1.),tensor(1.),tensor(0.0107),tensor(1.),tensor(0.1517),tensor(0.0069),tensor(1.),tensor(1.),tensor(1.),tensor(0.0037),tensor(0.1687),tensor(0.0969),tensor(0.0044),tensor(1.),tensor(0.0252)
s_7563_jpg,tensor(0.6670),tensor(0.9881),tensor(0.9966),tensor(0.2655),tensor(0.9886),tensor(8.1881e-08),tensor(6.1357e-16),tensor(3.1219e-14),tensor(1.3114e-06),tensor(6.3598e-09),tensor(2.2642e-06),tensor(0.1817),tensor(0.0374),tensor(1.),tensor(1.),tensor(1.),tensor(1.),tensor(1.),tensor(0.4781),tensor(0.1119),tensor(1.),tensor(0.4546),tensor(0.0818),tensor(1.0000),tensor(1.),tensor(1.),tensor(0.0495),tensor(0.2662),tensor(0.1774),tensor(0.0494),tensor(0.9994),tensor(0.1315)
s_15563_jpg,tensor(1.0405e-10),tensor(2.3465e-26),tensor(0.),tensor(2.5569e-20),tensor(2.7706e-16),tensor(1.),tensor(1.0000),tensor(0.0007),tensor(0.),tensor(3.3406e-24),tensor(0.),tensor(6.6000e-24),tensor(1.),tensor(0.0010),tensor(0.0072),tensor(1.),tensor(0.1037),tensor(0.0060),tensor(4.0159e-06),tensor(1.),tensor(0.0017),tensor(8.8082e-10),tensor(1.),tensor(1.),tensor(0.0001),tensor(5.3726e-05),tensor(1.9550e-11),tensor(4.2203e-05),tensor(0.0003),tensor(1.2428e-08),tensor(9.1595e-05),tensor(0.2874)
s_12030_jpg,tensor(0.9951),tensor(0.4412),tensor(7.4467e-10),tensor(1.),tensor(1.7906e-05),tensor(5.0699e-19),tensor(4.9061e-30),tensor(0.),tensor(1.9331e-19),tensor(3.6693e-24),tensor(6.3359e-14),tensor(0.0053),tensor(0.0001),tensor(1.),tensor(1.),tensor(1.),tensor(1.),tensor(1.),tensor(1.0000),tensor(0.0026),tensor(1.),tensor(0.0997),tensor(0.0010),tensor(1.),tensor(1.),tensor(1.),tensor(0.0006),tensor(0.3998),tensor(0.2207),tensor(0.0183),tensor(0.1983),tensor(0.0006)
s_635_jpg,tensor(3.5015e-07),tensor(2.5117e-16),tensor(5.9073e-32),tensor(1.0053e-10),tensor(1.9156e-09),tensor(0.9991),tensor(1.0000),tensor(0.0100),tensor(4.2914e-28),tensor(4.5383e-12),tensor(1.7271e-34),tensor(2.4510e-13),tensor(1.),tensor(0.0180),tensor(0.0585),tensor(1.),tensor(0.2206),tensor(0.0425),tensor(0.0005),tensor(1.),tensor(0.0205),tensor(4.8950e-06),tensor(1.),tensor(1.),tensor(0.0046),tensor(0.0024),tensor(5.5955e-07),tensor(0.0047),tensor(0.0146),tensor(2.5152e-05),tensor(0.0069),tensor(0.3720)
s_6433_jpg,tensor(0.0624),tensor(2.1928e-07),tensor(0.0005),tensor(3.0775e-06),tensor(0.0070),tensor(2.8744e-07),tensor(5.5669e-17),tensor(6.3054e-07),tensor(2.6102e-20),tensor(0.9544),tensor(0.8352),tensor(0.8894),tensor(0.0182),tensor(0.4677),tensor(1.),tensor(1.),tensor(0.4389),tensor(0.1670),tensor(0.0093),tensor(0.0378),tensor(0.1181),tensor(0.0020),tensor(0.0225),tensor(1.),tensor(0.2188),tensor(0.0881),tensor(0.0004),tensor(1.0000),tensor(1.),tensor(0.0156),tensor(1.),tensor(0.0062)
s_2391_jpg,tensor(1.0000),tensor(0.9998),tensor(4.2200e-07),tensor(0.0017),tensor(6.8839e-05),tensor(6.3635e-10),tensor(8.8357e-23),tensor(2.7928e-20),tensor(1.5591e-14),tensor(5.8777e-15),tensor(1.3029e-08),tensor(0.0249),tensor(0.0096),tensor(1.),tensor(1.),tensor(0.4842),tensor(1.),tensor(0.4989),tensor(0.3299),tensor(0.0249),tensor(1.),tensor(0.1652),tensor(0.0207),tensor(0.4854),tensor(1.),tensor(1.),tensor(0.0059),tensor(0.3795),tensor(0.2236),tensor(0.0419),tensor(0.2756),tensor(0.0143)
s_3108_jpg,tensor(0.5205),tensor(0.3698),tensor(0.0034),tensor(1.),tensor(0.9010),tensor(5.4383e-15),tensor(8.9726e-21),tensor(3.7294e-27),tensor(1.4973e-14),tensor(2.4120e-22),tensor(4.6855e-16),tensor(7.1002e-05),tensor(0.0032),tensor(1.),tensor(1.),tensor(1.),tensor(1.),tensor(1.),tensor(1.),tensor(0.0191),tensor(1.),tensor(0.4125),tensor(0.0138),tensor(1.),tensor(1.),tensor(1.),tensor(0.0086),tensor(0.1984),tensor(0.0992),tensor(0.0120),tensor(0.4100),tensor(0.0144)
s_10756_jpg,tensor(0.2632),tensor(2.1382e-10),tensor(1.4335e-05),tensor(5.0360e-05),tensor(0.0369),tensor(3.9578e-08),tensor(3.2790e-18),tensor(8.9838e-20),tensor(1.),tensor(3.7664e-09),tensor(0.9763),tensor(6.1310e-05),tensor(0.0055),tensor(1.),tensor(1.),tensor(1.),tensor(0.4027),tensor(0.4686),tensor(0.0246),tensor(0.0166),tensor(0.2363),tensor(0.0022),tensor(0.0067),tensor(0.9999),tensor(0.1391),tensor(0.0819),tensor(0.0002),tensor(1.),tensor(1.),tensor(1.),tensor(0.0053),tensor(0.0004)
s_12102_jpg,tensor(0.8347),tensor(0.9928),tensor(2.2337e-07),tensor(1.),tensor(0.9956),tensor(4.2507e-23),tensor(3.1060e-35),tensor(0.),tensor(1.7410e-23),tensor(1.2860e-30),tensor(3.3107e-23),tensor(1.8114e-05),tensor(5.7032e-05),tensor(1.),tensor(1.),tensor(1.),tensor(1.),tensor(1.),tensor(1.),tensor(0.0017),tensor(1.),tensor(0.3716),tensor(0.0010),tensor(1.),tensor(1.),tensor(1.),tensor(0.0004),tensor(0.1200),tensor(0.0492),tensor(0.0023),tensor(0.1792),tensor(0.0007)
s_1312_jpg,tensor(0.0364),tensor(1.4749e-09),tensor(0.0002),tensor(2.5854e-07),tensor(0.0037),tensor(3.9121e-10),tensor(9.5392e-24),tensor(1.7884e-09),tensor(7.9443e-29),tensor(0.8097),tensor(0.9759),tensor(0.9727),tensor(0.0019),tensor(0.4959),tensor(1.),tensor(1.),tensor(0.4190),tensor(0.1091),tensor(0.0019),tensor(0.0066),tensor(0.0639),tensor(0.0002),tensor(0.0030),tensor(1.),tensor(0.1639),tensor(0.0440),tensor(1.9141e-05),tensor(1.),tensor(1.),tensor(0.0029),tensor(1.),tensor(0.0007)
s_836_jpg,tensor(7.7789e-10),tensor(1.3468e-17),tensor(0.),tensor(3.2926e-13),tensor(9.8294e-10),tensor(1.0000),tensor(1.),tensor(1.),tensor(3.6908e-33),tensor(8.0608e-16),tensor(0.),tensor(1.5038e-15),tensor(1.),tensor(0.0023),tensor(0.0086),tensor(1.),tensor(0.1172),tensor(0.0149),tensor(3.5483e-05),tensor(1.),tensor(0.0048),tensor(3.8636e-08),tensor(1.),tensor(1.),tensor(0.0004),tensor(0.0002),tensor(1.4598e-09),tensor(0.0002),tensor(0.0006),tensor(1.8107e-07),tensor(9.2288e-05),tensor(1.)
s_4880_jpg,tensor(2.9506e-09),tensor(7.5050e-16),tensor(2.3424e-33),tensor(6.9107e-09),tensor(1.7465e-09),tensor(0.2563),tensor(1.),tensor(1.),tensor(8.7391e-35),tensor(5.3471e-13),tensor(0.),tensor(6.1867e-15),tensor(1.),tensor(0.0080),tensor(0.0249),tensor(1.),tensor(0.1851),tensor(0.0289),tensor(0.0002),tensor(1.),tensor(0.0133),tensor(9.4138e-07),tensor(1.),tensor(1.),tensor(0.0016),tensor(0.0010),tensor(5.9775e-08),tensor(0.0032),tensor(0.0074),tensor(3.9045e-06),tensor(0.0007),tensor(1.)
s_1295_jpg,tensor(0.0002),tensor(6.6592e-08),tensor(2.7107e-13),tensor(0.0003),tensor(0.0008),tensor(0.0653),tensor(0.9998),tensor(2.0002e-05),tensor(5.5308e-16),tensor(1.7565e-12),tensor(7.0060e-15),tensor(1.0175e-08),tensor(1.),tensor(0.1343),tensor(0.1666),tensor(1.),tensor(0.3331),tensor(0.2015),tensor(0.0160),tensor(1.),tensor(0.1095),tensor(0.0011),tensor(1.),tensor(1.),tensor(0.0343),tensor(0.0263),tensor(0.0002),tensor(0.0494),tensor(0.0849),tensor(0.0061),tensor(0.0200),tensor(0.2786)
s_3321_jpg,tensor(0.7322),tensor(0.9438),tensor(0.4512),tensor(1.0000),tensor(0.9817),tensor(1.1439e-10),tensor(4.4307e-13),tensor(1.7527e-18),tensor(8.8702e-14),tensor(2.4971e-16),tensor(1.4515e-12),tensor(0.0004),tensor(0.0190),tensor(1.),tensor(1.),tensor(1.),tensor(1.),tensor(1.),tensor(1.),tensor(0.0883),tensor(1.),tensor(0.4810),tensor(0.0826),tensor(1.),tensor(1.),tensor(1.),tensor(0.0407),tensor(0.2846),tensor(0.1938),tensor(0.0433),tensor(0.4496),tensor(0.0819)
s_13275_jpg,tensor(0.9999),tensor(0.9986),tensor(3.6462e-08),tensor(1.6747e-06),tensor(2.8095e-07),tensor(1.9910e-16),tensor(0.),tensor(5.5379e-38),tensor(3.2302e-18),tensor(3.9066e-24),tensor(5.6570e-13),tensor(0.1505),tensor(0.0002),tensor(1.),tensor(1.),tensor(1.),tensor(1.),tensor(1.),tensor(0.3171),tensor(0.0016),tensor(1.),tensor(0.1264),tensor(0.0007),tensor(0.9980),tensor(1.),tensor(1.),tensor(0.0005),tensor(0.3980),tensor(0.1975),tensor(0.0251),tensor(0.1223),tensor(0.0005)
s_3891_jpg,tensor(0.8116),tensor(0.2667),tensor(1.0000),tensor(1.),tensor(0.0424),tensor(9.0669e-18),tensor(4.7480e-21),tensor(1.6254e-25),tensor(1.2813e-19),tensor(3.2697e-22),tensor(1.9163e-16),tensor(0.0001),tensor(0.0019),tensor(1.),tensor(1.),tensor(1.),tensor(1.),tensor(1.),tensor(1.),tensor(0.0180),tensor(1.),tensor(0.2955),tensor(0.0099),tensor(1.),tensor(1.),tensor(1.),tensor(0.0085),tensor(0.1912),tensor(0.1133),tensor(0.0096),tensor(1.),tensor(0.0369)
s_3664_jpg,tensor(0.0325),tensor(3.0136e-11),tensor(1.3527e-05),tensor(3.4141e-08),tensor(0.0033),tensor(6.4816e-09),tensor(5.0470e-22),tensor(1.6093e-09),tensor(8.0346e-26),tensor(0.9303),tensor(0.9525),tensor(0.8425),tensor(0.0077),tensor(0.4522),tensor(1.),tensor(1.),tensor(0.3942),tensor(0.1085),tensor(0.0025),tensor(0.0177),tensor(0.0707),tensor(0.0003),tensor(0.0101),tensor(1.),tensor(0.1308),tensor(0.0359),tensor(4.7157e-05),tensor(1.),tensor(1.),tensor(0.0057),tensor(1.),tensor(0.0015)
s_8650_jpg,tensor(0.0082),tensor(1.9012e-11),tensor(6.6852e-07),tensor(7.4155e-10),tensor(5.8801e-06),tensor(1.5572e-05),tensor(1.5997e-15),tensor(8.2010e-05),tensor(5.6763e-16),tensor(0.9983),tensor(0.0001),tensor(0.9313),tensor(0.0752),tensor(0.2893),tensor(1.),tensor(1.),tensor(0.4420),tensor(0.1481),tensor(0.0078),tensor(0.1220),tensor(0.1009),tensor(0.0015),tensor(0.0618),tensor(1.),tensor(0.1123),tensor(0.0640),tensor(0.0006),tensor(0.3091),tensor(1.),tensor(0.0107),tensor(1.),tensor(0.0217)
s_10928_jpg,tensor(9.4439e-11),tensor(2.5175e-18),tensor(0.),tensor(2.6713e-11),tensor(4.7934e-10),tensor(1.0000),tensor(1.),tensor(1.),tensor(1.7676e-36),tensor(9.9028e-17),tensor(0.),tensor(2.8130e-17),tensor(1.),tensor(0.0018),tensor(0.0082),tensor(1.),tensor(0.1251),tensor(0.0127),tensor(2.2253e-05),tensor(1.),tensor(0.0046),tensor(2.0633e-08),tensor(1.),tensor(1.),tensor(0.0003),tensor(0.0002),tensor(5.8291e-10),tensor(0.0002),tensor(0.0006),tensor(8.5769e-08),tensor(8.3871e-05),tensor(1.)
s_11388_jpg,tensor(0.9058),tensor(0.8909),tensor(0.9998),tensor(0.1118),tensor(0.9684),tensor(6.4630e-11),tensor(3.3540e-20),tensor(1.5728e-16),tensor(2.0986e-09),tensor(1.4486e-12),tensor(1.5842e-08),tensor(0.1808),tensor(0.0165),tensor(1.),tensor(1.),tensor(1.),tensor(1.),tensor(1.),tensor(0.4708),tensor(0.0627),tensor(1.),tensor(0.4409),tensor(0.0441),tensor(1.0000),tensor(1.),tensor(1.),tensor(0.0268),tensor(0.2445),tensor(0.1633),tensor(0.0284),tensor(1.),tensor(0.0922)
s_4136_jpg,tensor(5.4148e-08),tensor(1.0784e-15),tensor(9.5915e-33),tensor(9.3130e-11),tensor(4.3455e-09),tensor(0.9999),tensor(1.0000),tensor(0.0481),tensor(1.2089e-27),tensor(5.6608e-14),tensor(7.0002e-38),tensor(4.5483e-15),tensor(1.),tensor(0.0133),tensor(0.0498),tensor(1.),tensor(0.2336),tensor(0.0404),tensor(0.0004),tensor(1.),tensor(0.0204),tensor(3.0433e-06),tensor(1.),tensor(1.),tensor(0.0040),tensor(0.0020),tensor(2.1576e-07),tensor(0.0024),tensor(0.0074),tensor(9.9235e-06),tensor(0.0043),tensor(0.3961)
s_2213_jpg,tensor(1.1446e-08),tensor(5.4109e-16),tensor(1.5898e-33),tensor(7.4571e-09),tensor(2.3418e-09),tensor(0.2905),tensor(1.),tensor(1.),tensor(1.3161e-33),tensor(1.1209e-15),tensor(0.),tensor(3.3613e-17),tensor(1.),tensor(0.0085),tensor(0.0245),tensor(1.),tensor(0.1812),tensor(0.0302),tensor(0.0002),tensor(1.),tensor(0.0135),tensor(1.0329e-06),tensor(1.),tensor(1.),tensor(0.0016),tensor(0.0009),tensor(6.2344e-08),tensor(0.0022),tensor(0.0057),tensor(4.6230e-06),tensor(0.0006),tensor(1.)
s_1088_jpg,tensor(0.0002),tensor(9.4521e-12),tensor(1.0004e-19),tensor(2.4627e-06),tensor(1.2038e-05),tensor(0.1233),tensor(0.9997),tensor(3.8224e-05),tensor(2.5860e-19),tensor(1.0512e-10),tensor(6.6108e-21),tensor(1.6754e-09),tensor(1.),tensor(0.0767),tensor(0.1231),tensor(1.),tensor(0.2881),tensor(0.1248),tensor(0.0047),tensor(1.),tensor(0.0536),tensor(0.0002),tensor(1.),tensor(1.),tensor(0.0162),tensor(0.0113),tensor(4.0720e-05),tensor(0.0285),tensor(0.0640),tensor(0.0013),tensor(0.0164),tensor(0.3174)
s_4443_jpg,tensor(0.9973),tensor(0.5256),tensor(0.0397),tensor(1.0000),tensor(0.9956),tensor(5.3240e-19),tensor(1.2154e-26),tensor(1.8609e-35),tensor(1.4806e-21),tensor(1.5431e-26),tensor(4.2650e-19),tensor(0.0009),tensor(0.0006),tensor(1.),tensor(1.),tensor(1.),tensor(1.),tensor(1.),tensor(1.),tensor(0.0100),tensor(1.),tensor(0.3928),tensor(0.0056),tensor(1.),tensor(1.),tensor(1.),tensor(0.0024),tensor(0.1903),tensor(0.0942),tensor(0.0047),tensor(0.4978),tensor(0.0086)
s_10517_jpg,tensor(2.2100e-09),tensor(5.1307e-23),tensor(0.),tensor(1.4003e-14),tensor(1.3629e-13),tensor(1.0000),tensor(1.0000),tensor(0.0001),tensor(6.3328e-39),tensor(6.9397e-21),tensor(0.),tensor(5.1613e-21),tensor(1.),tensor(0.0033),tensor(0.0159),tensor(1.),tensor(0.1352),tensor(0.0129),tensor(2.2277e-05),tensor(1.),tensor(0.0040),tensor(2.1964e-08),tensor(1.),tensor(1.),tensor(0.0004),tensor(0.0002),tensor(6.8802e-10),tensor(0.0003),tensor(0.0016),tensor(2.4799e-07),tensor(0.0003),tensor(0.2875)
s_9992_jpg,tensor(4.5968e-13),tensor(1.1331e-23),tensor(0.),tensor(8.2791e-15),tensor(2.4531e-13),tensor(1.0000),tensor(1.),tensor(1.),tensor(0.),tensor(2.2207e-19),tensor(0.),tensor(2.2611e-21),tensor(1.),tensor(0.0004),tensor(0.0023),tensor(1.),tensor(0.0759),tensor(0.0037),tensor(1.0584e-06),tensor(1.),tensor(0.0010),tensor(1.9257e-10),tensor(1.),tensor(1.),tensor(3.2275e-05),tensor(1.4721e-05),tensor(2.7229e-12),tensor(3.3972e-05),tensor(0.0002),tensor(1.8026e-09),tensor(6.3101e-06),tensor(1.)
s_6990_jpg,tensor(0.9894),tensor(0.7916),tensor(1.0000),tensor(1.0000),tensor(0.0004),tensor(7.6085e-19),tensor(1.5172e-29),tensor(1.8155e-31),tensor(1.9037e-22),tensor(3.0110e-22),tensor(9.2141e-15),tensor(0.0237),tensor(0.0006),tensor(1.),tensor(1.),tensor(1.),tensor(1.),tensor(1.),tensor(1.0000),tensor(0.0078),tensor(1.),tensor(0.1844),tensor(0.0039),tensor(1.),tensor(1.),tensor(1.),tensor(0.0030),tensor(0.2327),tensor(0.1294),tensor(0.0072),tensor(1.),tensor(0.0161)
s_11663_jpg,tensor(1.1330e-10),tensor(3.2225e-17),tensor(4.0269e-38),tensor(1.2277e-10),tensor(7.7073e-10),tensor(0.5248),tensor(1.),tensor(1.),tensor(1.7769e-38),tensor(1.1513e-16),tensor(0.),tensor(1.7645e-17),tensor(1.),tensor(0.0032),tensor(0.0108),tensor(1.),tensor(0.1367),tensor(0.0182),tensor(4.2518e-05),tensor(1.),tensor(0.0064),tensor(8.8467e-08),tensor(1.),tensor(1.),tensor(0.0005),tensor(0.0002),tensor(2.4252e-09),tensor(0.0007),tensor(0.0017),tensor(4.0288e-07),tensor(9.2399e-05),tensor(1.)
s_4585_jpg,tensor(0.0581),tensor(1.1378e-07),tensor(7.0490e-05),tensor(1.6170e-07),tensor(0.0001),tensor(1.0248e-05),tensor(1.1154e-15),tensor(1.2468e-06),tensor(4.2473e-16),tensor(5.8539e-06),tensor(0.9970),tensor(0.0013),tensor(0.0319),tensor(0.4025),tensor(1.),tensor(1.),tensor(0.4365),tensor(0.1610),tensor(0.0081),tensor(0.0526),tensor(0.1613),tensor(0.0012),tensor(0.0384),tensor(1.),tensor(0.1500),tensor(0.0562),tensor(0.0003),tensor(1.),tensor(1.),tensor(0.0211),tensor(0.3221),tensor(0.0085)
s_1399_jpg,tensor(0.0601),tensor(5.6412e-09),tensor(0.0001),tensor(4.1032e-07),tensor(0.0168),tensor(7.1032e-08),tensor(8.6192e-19),tensor(3.4430e-07),tensor(1.8332e-21),tensor(0.8548),tensor(0.8510),tensor(0.8701),tensor(0.0149),tensor(0.4779),tensor(1.),tensor(1.),tensor(0.4199),tensor(0.1567),tensor(0.0068),tensor(0.0312),tensor(0.0995),tensor(0.0013),tensor(0.0187),tensor(1.),tensor(0.1954),tensor(0.0666),tensor(0.0003),tensor(1.),tensor(1.),tensor(0.0146),tensor(1.),tensor(0.0044)
s_13682_jpg,tensor(9.7877e-08),tensor(2.0993e-16),tensor(1.8678e-34),tensor(2.6785e-12),tensor(1.2650e-09),tensor(1.0000),tensor(1.0000),tensor(0.1325),tensor(2.8922e-28),tensor(4.0788e-17),tensor(0.),tensor(4.7357e-17),tensor(1.),tensor(0.0111),tensor(0.0368),tensor(1.),tensor(0.2023),tensor(0.0373),tensor(0.0003),tensor(1.),tensor(0.0160),tensor(1.8288e-06),tensor(1.),tensor(1.),tensor(0.0029),tensor(0.0015),tensor(1.0370e-07),tensor(0.0014),tensor(0.0038),tensor(6.2415e-06),tensor(0.0019),tensor(0.4268)
s_2105_jpg,tensor(0.0001),tensor(1.5076e-14),tensor(1.7927e-28),tensor(4.3085e-19),tensor(3.0076e-08),tensor(1.),tensor(3.0392e-07),tensor(0.0024),tensor(8.8589e-11),tensor(2.5609e-09),tensor(3.4103e-38),tensor(2.5022e-08),tensor(1.),tensor(0.0357),tensor(0.1466),tensor(0.7652),tensor(0.4052),tensor(0.1082),tensor(0.0024),tensor(1.),tensor(0.0644),tensor(9.8713e-05),tensor(0.2832),tensor(1.),tensor(0.0184),tensor(0.0197),tensor(1.6169e-05),tensor(0.0050),tensor(0.0250),tensor(0.0003),tensor(0.0379),tensor(0.3504)
s_1647_jpg,tensor(0.9644),tensor(0.7865),tensor(0.0023),tensor(1.),tensor(0.0419),tensor(2.2496e-17),tensor(4.1922e-25),tensor(1.5971e-36),tensor(3.3232e-22),tensor(2.0053e-24),tensor(1.6161e-16),tensor(0.0004),tensor(0.0008),tensor(1.),tensor(1.),tensor(1.),tensor(1.),tensor(1.),tensor(1.),tensor(0.0128),tensor(1.),tensor(0.2949),tensor(0.0071),tensor(1.),tensor(1.),tensor(1.),tensor(0.0039),tensor(0.3418),tensor(0.1814),tensor(0.0128),tensor(0.4623),tensor(0.0066)
s_12630_jpg,tensor(0.9982),tensor(0.9627),tensor(7.2764e-10),tensor(1.0000),tensor(0.0006),tensor(3.8019e-21),tensor(3.2358e-38),tensor(0.),tensor(6.0586e-25),tensor(8.8047e-31),tensor(2.6223e-20),tensor(0.0030),tensor(6.6931e-05),tensor(1.),tensor(1.),tensor(1.),tensor(1.),tensor(1.),tensor(1.),tensor(0.0018),tensor(1.),tensor(0.2232),tensor(0.0009),tensor(1.),tensor(1.),tensor(1.),tensor(0.0003),tensor(0.2158),tensor(0.0984),tensor(0.0051),tensor(0.1111),tensor(0.0003)
s_2383_jpg,tensor(0.1601),tensor(6.8559e-09),tensor(1.4634e-05),tensor(4.2260e-07),tensor(0.0201),tensor(1.6857e-10),tensor(5.2378e-18),tensor(1.9714e-14),tensor(1.8096e-16),tensor(1.0757e-05),tensor(0.9998),tensor(0.0002),tensor(0.0076),tensor(1.),tensor(1.),tensor(1.),tensor(0.3709),tensor(0.2090),tensor(0.0075),tensor(0.0194),tensor(0.1182),tensor(0.0010),tensor(0.0085),tensor(1.),tensor(0.1398),tensor(0.0507),tensor(0.0001),tensor(1.),tensor(1.),tensor(0.0514),tensor(0.1895),tensor(0.0008)
s_4375_jpg,tensor(0.0518),tensor(1.1894e-08),tensor(0.0001),tensor(1.0694e-07),tensor(0.0005),tensor(1.9851e-05),tensor(1.6371e-19),tensor(4.2856e-08),tensor(8.1858e-17),tensor(0.0011),tensor(0.9916),tensor(0.0208),tensor(0.0217),tensor(0.4324),tensor(1.),tensor(1.),tensor(0.4156),tensor(0.1476),tensor(0.0057),tensor(0.0365),tensor(0.1409),tensor(0.0008),tensor(0.0232),tensor(1.),tensor(0.1551),tensor(0.0516),tensor(0.0002),tensor(1.),tensor(1.),tensor(0.0190),tensor(0.4061),tensor(0.0045)
s_13871_jpg,tensor(5.5646e-11),tensor(8.0340e-20),tensor(0.),tensor(9.0410e-14),tensor(1.6451e-11),tensor(1.0000),tensor(1.),tensor(1.0000),tensor(1.9996e-38),tensor(7.4910e-18),tensor(0.),tensor(8.6917e-20),tensor(1.),tensor(0.0021),tensor(0.0131),tensor(1.),tensor(0.1398),tensor(0.0123),tensor(2.7210e-05),tensor(1.),tensor(0.0049),tensor(2.5999e-08),tensor(1.),tensor(1.),tensor(0.0005),tensor(0.0002),tensor(1.0132e-09),tensor(0.0002),tensor(0.0009),tensor(1.0222e-07),tensor(0.0003),tensor(1.)
s_13243_jpg,tensor(0.0044),tensor(6.1037e-16),tensor(3.7140e-07),tensor(6.1642e-12),tensor(4.1564e-05),tensor(1.2868e-09),tensor(4.2160e-22),tensor(0.0002),tensor(1.4728e-19),tensor(0.9996),tensor(2.5921e-05),tensor(0.9342),tensor(0.0312),tensor(0.2783),tensor(1.),tensor(1.),tensor(0.4071),tensor(0.1014),tensor(0.0017),tensor(0.0644),tensor(0.0378),tensor(0.0002),tensor(0.0259),tensor(1.),tensor(0.0636),tensor(0.0239),tensor(9.5318e-05),tensor(0.3006),tensor(1.),tensor(0.0049),tensor(1.),tensor(0.0070)
s_11361_jpg,tensor(0.6972),tensor(0.2745),tensor(0.3865),tensor(0.0006),tensor(0.9989),tensor(5.3288e-06),tensor(7.1882e-06),tensor(1.2727e-09),tensor(0.0144),tensor(0.0003),tensor(0.0001),tensor(0.0782),tensor(0.1160),tensor(1.),tensor(1.),tensor(1.),tensor(1.),tensor(1.),tensor(0.3197),tensor(0.1899),tensor(0.4800),tensor(0.3122),tensor(0.1435),tensor(0.4942),tensor(0.9886),tensor(0.4966),tensor(0.0759),tensor(0.3648),tensor(0.3467),tensor(0.1604),tensor(0.4681),tensor(0.1765)
s_5934_jpg,tensor(0.7935),tensor(0.4667),tensor(0.1253),tensor(0.9998),tensor(0.9184),tensor(3.5416e-10),tensor(5.9009e-14),tensor(1.9973e-18),tensor(3.8705e-09),tensor(7.8084e-14),tensor(6.5114e-10),tensor(0.0053),tensor(0.0202),tensor(1.),tensor(1.),tensor(1.),tensor(1.),tensor(1.),tensor(1.),tensor(0.0801),tensor(1.),tensor(0.4469),tensor(0.0582),tensor(1.),tensor(1.),tensor(1.),tensor(0.0421),tensor(0.2996),tensor(0.2127),tensor(0.0703),tensor(0.4386),tensor(0.0638)
s_10561_jpg,tensor(0.0364),tensor(2.9467e-11),tensor(9.6467e-05),tensor(6.6041e-07),tensor(0.0013),tensor(1.3513e-08),tensor(5.7737e-19),tensor(4.3486e-05),tensor(1.3284e-24),tensor(0.9954),tensor(0.9367),tensor(0.9744),tensor(0.0129),tensor(0.4509),tensor(1.),tensor(1.),tensor(0.3899),tensor(0.1129),tensor(0.0038),tensor(0.0220),tensor(0.0757),tensor(0.0007),tensor(0.0147),tensor(1.),tensor(0.1593),tensor(0.0436),tensor(0.0002),tensor(1.),tensor(1.),tensor(0.0095),tensor(1.),tensor(0.0033)
s_767_jpg,tensor(0.0005),tensor(7.0689e-10),tensor(1.0291e-15),tensor(1.0270e-05),tensor(9.2110e-05),tensor(0.0517),tensor(0.9995),tensor(1.6767e-05),tensor(4.5834e-17),tensor(1.2437e-11),tensor(1.3743e-16),tensor(1.2284e-08),tensor(1.),tensor(0.1233),tensor(0.1606),tensor(1.),tensor(0.3012),tensor(0.1702),tensor(0.0107),tensor(1.),tensor(0.0851),tensor(0.0007),tensor(1.),tensor(1.),tensor(0.0290),tensor(0.0209),tensor(0.0002),tensor(0.0547),tensor(0.0925),tensor(0.0052),tensor(0.0225),tensor(0.2956)
s_9891_jpg,tensor(0.9992),tensor(0.9945),tensor(0.9999),tensor(3.4490e-06),tensor(0.0031),tensor(7.5746e-14),tensor(4.9486e-28),tensor(1.3149e-28),tensor(5.9577e-20),tensor(4.3653e-17),tensor(7.5825e-10),tensor(0.1274),tensor(0.0014),tensor(1.),tensor(1.),tensor(1.),tensor(1.),tensor(1.0000),tensor(0.3061),tensor(0.0126),tensor(1.),tensor(0.1356),tensor(0.0077),tensor(1.),tensor(1.),tensor(1.),tensor(0.0027),tensor(0.3376),tensor(0.2049),tensor(0.0119),tensor(1.),tensor(0.0217)
s_9610_jpg,tensor(0.0440),tensor(3.6650e-07),tensor(0.0001),tensor(1.3978e-07),tensor(0.0069),tensor(8.8014e-06),tensor(8.6387e-15),tensor(1.2950e-06),tensor(6.9200e-13),tensor(0.8867),tensor(0.0013),tensor(0.8472),tensor(0.0691),tensor(0.3648),tensor(1.),tensor(1.),tensor(0.4818),tensor(0.2096),tensor(0.0171),tensor(0.1279),tensor(0.1452),tensor(0.0049),tensor(0.0644),tensor(1.),tensor(0.1739),tensor(0.1013),tensor(0.0015),tensor(0.3642),tensor(1.),tensor(0.0265),tensor(1.),tensor(0.0256)
s_11491_jpg,tensor(0.0065),tensor(3.8436e-14),tensor(2.7991e-07),tensor(5.6532e-11),tensor(8.1638e-05),tensor(3.1883e-09),tensor(5.5365e-20),tensor(6.2361e-06),tensor(6.0504e-20),tensor(0.9991),tensor(0.0001),tensor(0.9593),tensor(0.0371),tensor(0.2793),tensor(1.),tensor(1.),tensor(0.4259),tensor(0.1137),tensor(0.0020),tensor(0.0733),tensor(0.0512),tensor(0.0004),tensor(0.0322),tensor(1.),tensor(0.0761),tensor(0.0280),tensor(0.0001),tensor(0.3194),tensor(1.),tensor(0.0053),tensor(1.),tensor(0.0073)
s_8080_jpg,tensor(0.0335),tensor(6.4214e-14),tensor(2.7862e-07),tensor(4.6581e-10),tensor(0.0031),tensor(1.5093e-12),tensor(8.1003e-30),tensor(8.8237e-20),tensor(1.6847e-29),tensor(0.0002),tensor(0.9999),tensor(0.0057),tensor(0.0006),tensor(1.),tensor(1.),tensor(1.),tensor(0.3083),tensor(0.0715),tensor(0.0005),tensor(0.0026),tensor(0.0363),tensor(1.6461e-05),tensor(0.0009),tensor(1.),tensor(0.0664),tensor(0.0126),tensor(1.0550e-06),tensor(1.),tensor(1.),tensor(0.0030),tensor(0.3525),tensor(5.0860e-05)
s_340_jpg,tensor(0.0093),tensor(2.9978e-13),tensor(9.5720e-07),tensor(4.5363e-10),tensor(8.9576e-05),tensor(3.3837e-07),tensor(6.0679e-17),tensor(9.0189e-06),tensor(1.4647e-16),tensor(0.9961),tensor(6.4550e-05),tensor(0.8811),tensor(0.0661),tensor(0.2927),tensor(1.),tensor(1.),tensor(0.4302),tensor(0.1408),tensor(0.0048),tensor(0.1173),tensor(0.0723),tensor(0.0010),tensor(0.0591),tensor(1.),tensor(0.0934),tensor(0.0439),tensor(0.0004),tensor(0.3131),tensor(1.),tensor(0.0110),tensor(1.),tensor(0.0168)
s_4808_jpg,tensor(1.1896e-05),tensor(2.4029e-22),tensor(4.2873e-35),tensor(7.6575e-23),tensor(1.9815e-14),tensor(1.),tensor(5.4268e-09),tensor(4.2738e-09),tensor(5.3786e-18),tensor(1.0256e-09),tensor(0.),tensor(4.6885e-10),tensor(1.),tensor(0.0100),tensor(0.0764),tensor(1.0000),tensor(0.3118),tensor(0.0329),tensor(0.0001),tensor(1.),tensor(0.0151),tensor(1.0945e-06),tensor(0.2706),tensor(1.),tensor(0.0027),tensor(0.0021),tensor(8.2290e-08),tensor(0.0008),tensor(0.0095),tensor(8.2413e-06),tensor(0.0132),tensor(0.1780)
s_1491_jpg,tensor(0.9983),tensor(0.9964),tensor(3.7537e-13),tensor(1.),tensor(0.0002),tensor(1.7287e-36),tensor(0.),tensor(0.),tensor(0.),tensor(0.),tensor(9.2359e-38),tensor(6.3897e-08),tensor(1.0755e-07),tensor(1.),tensor(1.),tensor(1.),tensor(1.),tensor(1.),tensor(1.),tensor(2.6849e-05),tensor(1.),tensor(0.1285),tensor(1.1414e-05),tensor(1.),tensor(1.),tensor(1.),tensor(1.6551e-06),tensor(0.1204),tensor(0.0192),tensor(7.9382e-05),tensor(0.1017),tensor(2.5097e-06)
s_5233_jpg,tensor(0.2850),tensor(7.6487e-11),tensor(1.6462e-05),tensor(5.1715e-06),tensor(0.0370),tensor(3.1838e-08),tensor(6.0658e-18),tensor(2.4093e-18),tensor(1.),tensor(7.5296e-09),tensor(0.9246),tensor(1.3032e-05),tensor(0.0075),tensor(1.),tensor(1.),tensor(1.),tensor(0.3799),tensor(0.4465),tensor(0.0300),tensor(0.0189),tensor(0.2396),tensor(0.0035),tensor(0.0081),tensor(1.0000),tensor(0.1289),tensor(0.0750),tensor(0.0003),tensor(1.),tensor(1.),tensor(1.),tensor(0.0057),tensor(0.0005)
s_1714_jpg,tensor(0.0620),tensor(1.5690e-12),tensor(3.1182e-07),tensor(1.9260e-09),tensor(0.0159),tensor(1.9438e-11),tensor(1.3258e-23),tensor(1.4934e-16),tensor(4.3447e-22),tensor(0.0001),tensor(0.9993),tensor(0.0039),tensor(0.0023),tensor(1.),tensor(1.),tensor(1.),tensor(0.3365),tensor(0.1213),tensor(0.0015),tensor(0.0070),tensor(0.0527),tensor(0.0001),tensor(0.0027),tensor(1.),tensor(0.0973),tensor(0.0216),tensor(1.2512e-05),tensor(1.),tensor(1.),tensor(0.0133),tensor(0.3210),tensor(0.0002)
s_9401_jpg,tensor(1.4006e-10),tensor(2.6551e-22),tensor(0.),tensor(2.4866e-16),tensor(3.4608e-13),tensor(1.),tensor(1.),tensor(1.0000),tensor(0.),tensor(1.9796e-20),tensor(0.),tensor(1.7829e-21),tensor(1.),tensor(0.0012),tensor(0.0070),tensor(1.),tensor(0.1059),tensor(0.0080),tensor(1.0170e-05),tensor(1.),tensor(0.0027),tensor(3.8555e-09),tensor(1.),tensor(1.),tensor(0.0002),tensor(9.6311e-05),tensor(1.2726e-10),tensor(6.4821e-05),tensor(0.0004),tensor(2.2993e-08),tensor(9.5866e-05),tensor(1.)
s_8597_jpg,tensor(5.3510e-09),tensor(5.9941e-22),tensor(0.),tensor(8.8146e-14),tensor(2.2370e-13),tensor(1.0000),tensor(1.0000),tensor(0.0020),tensor(1.4574e-37),tensor(4.7826e-20),tensor(0.),tensor(7.1322e-21),tensor(1.),tensor(0.0037),tensor(0.0172),tensor(1.),tensor(0.1456),tensor(0.0149),tensor(3.5024e-05),tensor(1.),tensor(0.0052),tensor(3.5937e-08),tensor(1.),tensor(1.),tensor(0.0005),tensor(0.0003),tensor(1.4416e-09),tensor(0.0004),tensor(0.0020),tensor(3.5475e-07),tensor(0.0004),tensor(0.3403)
s_12509_jpg,tensor(8.7843e-06),tensor(7.7326e-11),tensor(2.2059e-24),tensor(6.0363e-10),tensor(1.3958e-06),tensor(1.0000),tensor(0.9998),tensor(0.0153),tensor(6.7644e-20),tensor(9.4102e-14),tensor(1.3029e-28),tensor(3.1847e-11),tensor(1.),tensor(0.0489),tensor(0.0971),tensor(1.),tensor(0.2635),tensor(0.1062),tensor(0.0047),tensor(1.),tensor(0.0562),tensor(0.0001),tensor(1.),tensor(1.),tensor(0.0167),tensor(0.0127),tensor(1.1401e-05),tensor(0.0082),tensor(0.0147),tensor(0.0003),tensor(0.0078),tensor(0.3365)
s_4497_jpg,tensor(0.9737),tensor(0.9995),tensor(1.0000),tensor(1.2368e-05),tensor(9.1459e-07),tensor(8.6596e-17),tensor(5.0458e-37),tensor(5.9846e-32),tensor(1.6540e-19),tensor(3.3505e-17),tensor(1.0547e-09),tensor(0.1309),tensor(0.0004),tensor(1.),tensor(1.),tensor(1.),tensor(1.),tensor(1.),tensor(0.3092),tensor(0.0024),tensor(1.),tensor(0.0887),tensor(0.0012),tensor(1.),tensor(1.),tensor(1.),tensor(0.0015),tensor(0.4051),tensor(0.2216),tensor(0.0104),tensor(1.),tensor(0.0065)
s_14706_jpg,tensor(0.9280),tensor(0.9459),tensor(1.0000),tensor(1.),tensor(2.1430e-06),tensor(4.1311e-20),tensor(1.1232e-30),tensor(2.3031e-36),tensor(2.8243e-29),tensor(1.0928e-26),tensor(1.5095e-18),tensor(0.0003),tensor(0.0002),tensor(1.),tensor(1.),tensor(1.),tensor(1.),tensor(1.),tensor(1.),tensor(0.0048),tensor(1.),tensor(0.1332),tensor(0.0024),tensor(1.),tensor(1.),tensor(1.),tensor(0.0013),tensor(0.1757),tensor(0.0848),tensor(0.0032),tensor(1.),tensor(0.0080)
s_9581_jpg,tensor(3.9624e-06),tensor(6.7611e-13),tensor(2.0389e-27),tensor(7.2714e-11),tensor(1.1208e-07),tensor(1.0000),tensor(0.9996),tensor(0.0905),tensor(1.3034e-21),tensor(6.0664e-13),tensor(6.4204e-32),tensor(2.0787e-12),tensor(1.),tensor(0.0305),tensor(0.0772),tensor(1.),tensor(0.2587),tensor(0.0742),tensor(0.0020),tensor(1.),tensor(0.0378),tensor(3.2498e-05),tensor(1.),tensor(1.),tensor(0.0110),tensor(0.0067),tensor(3.8664e-06),tensor(0.0056),tensor(0.0135),tensor(9.1824e-05),tensor(0.0086),tensor(0.3996)
s_10185_jpg,tensor(0.9942),tensor(0.9984),tensor(9.4592e-11),tensor(0.0103),tensor(0.9992),tensor(2.5179e-17),tensor(2.0062e-35),tensor(1.0664e-32),tensor(1.7838e-16),tensor(7.6823e-21),tensor(9.1868e-16),tensor(0.5370),tensor(0.0003),tensor(1.),tensor(1.),tensor(1.),tensor(1.),tensor(1.),tensor(0.4112),tensor(0.0030),tensor(1.),tensor(0.3682),tensor(0.0023),tensor(0.9993),tensor(1.),tensor(1.),tensor(0.0008),tensor(0.1703),tensor(0.0952),tensor(0.0092),tensor(0.1397),tensor(0.0011)
s_11316_jpg,tensor(0.9520),tensor(0.9971),tensor(0.0002),tensor(1.),tensor(0.9857),tensor(2.8112e-26),tensor(5.8186e-38),tensor(0.),tensor(1.1757e-31),tensor(1.9124e-38),tensor(6.4540e-30),tensor(8.8236e-07),tensor(2.0594e-05),tensor(1.),tensor(1.),tensor(1.),tensor(1.),tensor(1.),tensor(1.),tensor(0.0008),tensor(1.),tensor(0.3430),tensor(0.0005),tensor(1.),tensor(1.),tensor(1.),tensor(0.0002),tensor(0.0911),tensor(0.0280),tensor(0.0003),tensor(0.3583),tensor(0.0008)
s_9461_jpg,tensor(2.5312e-08),tensor(3.7250e-18),tensor(1.3739e-35),tensor(2.1108e-10),tensor(3.5454e-10),tensor(0.9969),tensor(1.0000),tensor(0.0021),tensor(1.9640e-32),tensor(1.0365e-16),tensor(0.),tensor(2.0184e-17),tensor(1.),tensor(0.0096),tensor(0.0326),tensor(1.),tensor(0.1812),tensor(0.0298),tensor(0.0002),tensor(1.),tensor(0.0115),tensor(6.4080e-07),tensor(1.),tensor(1.),tensor(0.0016),tensor(0.0009),tensor(3.9240e-08),tensor(0.0016),tensor(0.0061),tensor(4.6291e-06),tensor(0.0016),tensor(0.3578)
s_69_jpg,tensor(0.9787),tensor(0.8947),tensor(1.0000),tensor(0.0281),tensor(0.9640),tensor(4.2746e-15),tensor(1.7779e-28),tensor(3.2231e-22),tensor(1.7831e-14),tensor(1.8263e-17),tensor(6.9469e-12),tensor(0.2663),tensor(0.0022),tensor(1.),tensor(1.),tensor(1.),tensor(1.),tensor(1.),tensor(0.4329),tensor(0.0165),tensor(1.),tensor(0.4332),tensor(0.0108),tensor(1.),tensor(1.),tensor(1.),tensor(0.0067),tensor(0.1910),tensor(0.1045),tensor(0.0103),tensor(1.),tensor(0.0379)
s_7560_jpg,tensor(0.9865),tensor(0.9195),tensor(0.0025),tensor(1.),tensor(0.9941),tensor(8.1806e-25),tensor(7.1264e-35),tensor(0.),tensor(1.2384e-30),tensor(3.8284e-36),tensor(1.1470e-27),tensor(3.9766e-06),tensor(6.5616e-05),tensor(1.),tensor(1.),tensor(1.),tensor(1.),tensor(1.),tensor(1.),tensor(0.0024),tensor(1.),tensor(0.3774),tensor(0.0013),tensor(1.),tensor(1.),tensor(1.),tensor(0.0005),tensor(0.1111),tensor(0.0443),tensor(0.0010),tensor(0.4589),tensor(0.0017)
s_13305_jpg,tensor(0.1965),tensor(0.9992),tensor(5.5043e-08),tensor(0.0073),tensor(0.9392),tensor(7.4659e-11),tensor(3.7613e-24),tensor(1.0685e-21),tensor(2.3589e-06),tensor(8.0134e-09),tensor(1.6125e-07),tensor(0.3208),tensor(0.0042),tensor(1.),tensor(1.),tensor(1.),tensor(1.0000),tensor(1.),tensor(0.4385),tensor(0.0164),tensor(1.),tensor(0.3534),tensor(0.0132),tensor(0.4865),tensor(1.),tensor(1.),tensor(0.0068),tensor(0.2738),tensor(0.1608),tensor(0.0587),tensor(0.1259),tensor(0.0064)
s_14531_jpg,tensor(1.4902e-05),tensor(1.5069e-13),tensor(1.7845e-24),tensor(3.7464e-16),tensor(4.6805e-07),tensor(1.),tensor(9.8146e-08),tensor(6.9375e-07),tensor(2.9962e-10),tensor(5.2397e-09),tensor(9.5025e-35),tensor(4.6526e-07),tensor(1.),tensor(0.0467),tensor(0.1530),tensor(1.),tensor(0.3780),tensor(0.1110),tensor(0.0021),tensor(1.),tensor(0.0550),tensor(9.6863e-05),tensor(0.2817),tensor(1.),tensor(0.0152),tensor(0.0158),tensor(1.4610e-05),tensor(0.0078),tensor(0.0346),tensor(0.0005),tensor(0.0460),tensor(0.2324)
s_7489_jpg,tensor(0.2137),tensor(4.5872e-12),tensor(1.8217e-07),tensor(7.6984e-07),tensor(0.0007),tensor(8.5697e-10),tensor(6.6937e-21),tensor(1.6777e-24),tensor(1.),tensor(1.3285e-09),tensor(0.9903),tensor(4.5931e-06),tensor(0.0017),tensor(1.),tensor(1.),tensor(1.),tensor(0.3225),tensor(0.4396),tensor(0.0148),tensor(0.0063),tensor(0.1823),tensor(0.0010),tensor(0.0018),tensor(1.),tensor(0.1033),tensor(0.0578),tensor(7.3550e-05),tensor(1.),tensor(1.),tensor(1.),tensor(0.0039),tensor(8.4759e-05)
s_10841_jpg,tensor(1.7627e-09),tensor(2.3916e-17),tensor(6.9715e-36),tensor(3.7056e-10),tensor(4.1940e-10),tensor(0.2210),tensor(1.),tensor(1.),tensor(1.0727e-36),tensor(3.1560e-15),tensor(0.),tensor(1.4724e-16),tensor(1.),tensor(0.0057),tensor(0.0185),tensor(1.),tensor(0.1591),tensor(0.0229),tensor(7.5864e-05),tensor(1.),tensor(0.0086),tensor(3.0845e-07),tensor(1.),tensor(1.),tensor(0.0008),tensor(0.0005),tensor(1.6806e-08),tensor(0.0019),tensor(0.0048),tensor(1.8627e-06),tensor(0.0003),tensor(1.)
s_15636_jpg,tensor(0.7717),tensor(0.9357),tensor(1.1881e-05),tensor(1.0000),tensor(0.9975),tensor(3.6098e-16),tensor(2.0123e-24),tensor(1.0312e-29),tensor(1.0255e-16),tensor(4.8773e-22),tensor(4.0700e-16),tensor(0.0004),tensor(0.0012),tensor(1.),tensor(1.),tensor(1.),tensor(1.),tensor(1.),tensor(1.),tensor(0.0157),tensor(1.),tensor(0.4172),tensor(0.0103),tensor(1.),tensor(1.),tensor(1.),tensor(0.0027),tensor(0.2051),tensor(0.0994),tensor(0.0126),tensor(0.2459),tensor(0.0049)
s_8001_jpg,tensor(0.7533),tensor(0.8749),tensor(0.9994),tensor(1.),tensor(0.9679),tensor(2.0119e-25),tensor(9.9093e-34),tensor(0.),tensor(1.9862e-29),tensor(2.9293e-35),tensor(2.1093e-26),tensor(1.9773e-07),tensor(7.1276e-05),tensor(1.),tensor(1.),tensor(1.),tensor(1.),tensor(1.),tensor(1.),tensor(0.0030),tensor(1.),tensor(0.3618),tensor(0.0013),tensor(1.),tensor(1.),tensor(1.),tensor(0.0005),tensor(0.0860),tensor(0.0298),tensor(0.0006),tensor(1.),tensor(0.0034)
s_5861_jpg,tensor(6.6128e-08),tensor(5.5960e-19),tensor(2.2442e-32),tensor(8.8661e-10),tensor(2.1559e-10),tensor(0.0657),tensor(1.),tensor(1.5635e-06),tensor(6.7542e-35),tensor(1.4053e-20),tensor(4.2538e-35),tensor(3.6351e-18),tensor(1.),tensor(0.0128),tensor(0.0287),tensor(1.),tensor(0.1634),tensor(0.0328),tensor(0.0001),tensor(1.),tensor(0.0077),tensor(4.7306e-07),tensor(1.),tensor(1.),tensor(0.0008),tensor(0.0005),tensor(2.4235e-08),tensor(0.0021),tensor(0.0098),tensor(1.3001e-05),tensor(0.0005),tensor(0.2423)
s_6749_jpg,tensor(0.1004),tensor(5.4065e-05),tensor(0.0004),tensor(2.2875e-05),tensor(0.0003),tensor(0.0646),tensor(0.9944),tensor(0.0004),tensor(2.6261e-09),tensor(1.9753e-10),tensor(0.0039),tensor(1.7724e-05),tensor(0.4959),tensor(0.3127),tensor(0.2593),tensor(1.),tensor(0.3941),tensor(0.3710),tensor(0.0872),tensor(0.4908),tensor(0.2240),tensor(0.0259),tensor(0.4862),tensor(1.),tensor(0.1094),tensor(0.1030),tensor(0.0056),tensor(0.1287),tensor(0.1691),tensor(0.0791),tensor(0.0415),tensor(0.2455)
s_10837_jpg,tensor(0.2056),tensor(2.7344e-07),tensor(5.1697e-05),tensor(2.5916e-05),tensor(0.0101),tensor(1.1850e-07),tensor(1.9651e-10),tensor(7.1930e-19),tensor(1.),tensor(8.4320e-11),tensor(0.0185),tensor(6.9267e-06),tensor(0.0162),tensor(1.),tensor(1.),tensor(1.),tensor(0.4143),tensor(0.4430),tensor(0.0250),tensor(0.0400),tensor(0.1819),tensor(0.0050),tensor(0.0113),tensor(0.4872),tensor(0.1181),tensor(0.0712),tensor(0.0007),tensor(0.4722),tensor(0.4924),tensor(1.),tensor(0.0213),tensor(0.0016)
s_4039_jpg,tensor(0.0211),tensor(9.4926e-09),tensor(5.2724e-06),tensor(2.1347e-08),tensor(0.0024),tensor(5.8189e-07),tensor(1.0291e-15),tensor(3.0175e-07),tensor(1.4285e-14),tensor(0.9944),tensor(0.0005),tensor(0.9863),tensor(0.0540),tensor(0.3182),tensor(1.),tensor(1.),tensor(0.4733),tensor(0.1711),tensor(0.0080),tensor(0.1110),tensor(0.0979),tensor(0.0019),tensor(0.0510),tensor(1.),tensor(0.1333),tensor(0.0646),tensor(0.0005),tensor(0.3479),tensor(1.),tensor(0.0119),tensor(1.),tensor(0.0161)
s_13519_jpg,tensor(0.2911),tensor(2.7051e-14),tensor(2.2255e-05),tensor(1.1722e-06),tensor(0.0358),tensor(5.0713e-10),tensor(9.3605e-30),tensor(2.2495e-23),tensor(1.),tensor(1.3362e-08),tensor(0.9995),tensor(6.7534e-06),tensor(0.0012),tensor(1.),tensor(1.),tensor(1.),tensor(0.3382),tensor(0.3906),tensor(0.0078),tensor(0.0046),tensor(0.1639),tensor(0.0005),tensor(0.0012),tensor(1.),tensor(0.1118),tensor(0.0461),tensor(3.2954e-05),tensor(1.),tensor(1.),tensor(1.),tensor(0.0047),tensor(3.9252e-05)
s_9404_jpg,tensor(1.2673e-10),tensor(1.1463e-15),tensor(1.4303e-37),tensor(1.3847e-10),tensor(6.5532e-08),tensor(1.0000),tensor(1.),tensor(1.),tensor(1.1590e-31),tensor(2.2051e-12),tensor(0.),tensor(1.5393e-13),tensor(1.),tensor(0.0034),tensor(0.0170),tensor(1.),tensor(0.1761),tensor(0.0204),tensor(7.9998e-05),tensor(1.),tensor(0.0096),tensor(2.1911e-07),tensor(1.),tensor(1.),tensor(0.0010),tensor(0.0005),tensor(7.7208e-09),tensor(0.0004),tensor(0.0013),tensor(3.4921e-07),tensor(0.0005),tensor(1.)
s_6560_jpg,tensor(2.5885e-05),tensor(1.3042e-13),tensor(7.2495e-24),tensor(1.4974e-15),tensor(1.0668e-09),tensor(1.),tensor(4.4103e-05),tensor(9.9422e-05),tensor(1.1006e-13),tensor(8.9815e-06),tensor(1.6812e-30),tensor(3.6914e-06),tensor(1.),tensor(0.0419),tensor(0.1600),tensor(0.4912),tensor(0.3786),tensor(0.0960),tensor(0.0026),tensor(1.),tensor(0.0513),tensor(9.7779e-05),tensor(0.3448),tensor(1.),tensor(0.0226),tensor(0.0195),tensor(2.2534e-05),tensor(0.0086),tensor(0.0470),tensor(0.0003),tensor(0.0724),tensor(0.2660)
s_6819_jpg,tensor(0.7116),tensor(0.9999),tensor(4.7035e-12),tensor(0.0016),tensor(0.9654),tensor(5.2084e-15),tensor(5.2046e-31),tensor(4.4184e-30),tensor(9.3767e-11),tensor(1.4004e-13),tensor(5.9207e-11),tensor(0.2798),tensor(0.0007),tensor(1.),tensor(1.),tensor(1.),tensor(1.),tensor(1.),tensor(0.3640),tensor(0.0039),tensor(1.),tensor(0.2871),tensor(0.0023),tensor(0.4975),tensor(1.),tensor(1.),tensor(0.0012),tensor(0.2919),tensor(0.1642),tensor(0.0298),tensor(0.1028),tensor(0.0008)
s_12977_jpg,tensor(6.0415e-07),tensor(4.3922e-14),tensor(2.8868e-30),tensor(2.3835e-11),tensor(3.6162e-08),tensor(1.0000),tensor(0.9999),tensor(0.0812),tensor(3.9837e-24),tensor(4.5013e-14),tensor(2.6033e-35),tensor(8.4832e-14),tensor(1.),tensor(0.0198),tensor(0.0591),tensor(1.),tensor(0.2439),tensor(0.0575),tensor(0.0010),tensor(1.),tensor(0.0276),tensor(1.1581e-05),tensor(1.),tensor(1.),tensor(0.0068),tensor(0.0039),tensor(8.6709e-07),tensor(0.0030),tensor(0.0074),tensor(2.8005e-05),tensor(0.0050),tensor(0.4160)
s_11957_jpg,tensor(6.0576e-05),tensor(4.6331e-22),tensor(7.1158e-36),tensor(4.7029e-26),tensor(8.9944e-16),tensor(1.),tensor(2.6528e-08),tensor(1.9789e-05),tensor(1.1837e-17),tensor(5.1561e-13),tensor(0.),tensor(1.6170e-12),tensor(1.),tensor(0.0053),tensor(0.0654),tensor(0.4620),tensor(0.3250),tensor(0.0229),tensor(7.2966e-05),tensor(1.),tensor(0.0154),tensor(5.1027e-07),tensor(0.3029),tensor(1.),tensor(0.0020),tensor(0.0016),tensor(4.2373e-08),tensor(0.0006),tensor(0.0068),tensor(2.6209e-06),tensor(0.0112),tensor(0.3649)
s_6874_jpg,tensor(0.2261),tensor(0.0002),tensor(0.0222),tensor(0.0163),tensor(0.0596),tensor(0.0006),tensor(7.0454e-07),tensor(6.6496e-13),tensor(1.0000),tensor(6.3161e-08),tensor(0.0025),tensor(0.0001),tensor(0.0636),tensor(1.),tensor(1.),tensor(1.),tensor(0.4547),tensor(0.9989),tensor(0.1430),tensor(0.1258),tensor(0.3372),tensor(0.0470),tensor(0.0613),tensor(0.4753),tensor(0.2357),tensor(0.2271),tensor(0.0114),tensor(0.4379),tensor(0.4539),tensor(1.),tensor(0.0539),tensor(0.0187)
s_6298_jpg,tensor(0.2159),tensor(9.4116e-08),tensor(3.0567e-06),tensor(9.2705e-05),tensor(0.0124),tensor(5.9490e-08),tensor(2.5025e-11),tensor(3.5469e-20),tensor(1.),tensor(9.3620e-10),tensor(0.3934),tensor(2.2886e-05),tensor(0.0081),tensor(1.),tensor(1.),tensor(1.),tensor(0.3941),tensor(0.9685),tensor(0.0428),tensor(0.0264),tensor(0.2512),tensor(0.0059),tensor(0.0094),tensor(0.9971),tensor(0.1373),tensor(0.1041),tensor(0.0005),tensor(0.4962),tensor(0.9457),tensor(1.),tensor(0.0069),tensor(0.0008)
s_8055_jpg,tensor(0.9869),tensor(0.8694),tensor(1.6910e-07),tensor(1.),tensor(0.4152),tensor(3.9260e-31),tensor(0.),tensor(0.),tensor(1.7809e-34),tensor(0.),tensor(9.0359e-31),tensor(1.1397e-07),tensor(1.7576e-06),tensor(1.),tensor(1.),tensor(1.),tensor(1.),tensor(1.),tensor(1.),tensor(0.0002),tensor(1.),tensor(0.2737),tensor(8.9860e-05),tensor(1.),tensor(1.),tensor(1.),tensor(2.2435e-05),tensor(0.1207),tensor(0.0255),tensor(0.0002),tensor(0.1689),tensor(4.9321e-05)
s_11966_jpg,tensor(3.2090e-14),tensor(1.3681e-27),tensor(0.),tensor(6.9111e-20),tensor(1.6974e-15),tensor(1.),tensor(1.),tensor(1.),tensor(0.),tensor(1.1220e-19),tensor(0.),tensor(1.5901e-21),tensor(1.),tensor(9.1681e-05),tensor(0.0011),tensor(1.),tensor(0.0578),tensor(0.0014),tensor(1.1837e-07),tensor(1.),tensor(0.0004),tensor(5.3009e-12),tensor(1.),tensor(1.),tensor(8.4185e-06),tensor(3.5945e-06),tensor(6.0535e-14),tensor(2.7409e-06),tensor(2.8435e-05),tensor(5.7476e-11),tensor(2.2273e-06),tensor(1.)
s_2843_jpg,tensor(6.7417e-11),tensor(4.8848e-25),tensor(0.),tensor(5.6574e-19),tensor(3.2188e-15),tensor(1.),tensor(1.0000),tensor(0.0002),tensor(0.),tensor(1.1170e-23),tensor(0.),tensor(9.5673e-23),tensor(1.),tensor(0.0013),tensor(0.0084),tensor(1.),tensor(0.1090),tensor(0.0065),tensor(5.4689e-06),tensor(1.),tensor(0.0020),tensor(1.3920e-09),tensor(1.),tensor(1.),tensor(0.0001),tensor(6.6526e-05),tensor(3.2990e-11),tensor(5.8704e-05),tensor(0.0004),tensor(1.9581e-08),tensor(0.0001),tensor(0.2593)
s_8716_jpg,tensor(0.0242),tensor(9.5283e-12),tensor(2.7995e-05),tensor(1.0070e-07),tensor(0.0057),tensor(8.7758e-10),tensor(4.8330e-17),tensor(1.9721e-06),tensor(1.2270e-20),tensor(0.9988),tensor(0.0120),tensor(0.9527),tensor(0.0361),tensor(0.3619),tensor(1.),tensor(1.),tensor(0.4139),tensor(0.1378),tensor(0.0041),tensor(0.0651),tensor(0.0677),tensor(0.0009),tensor(0.0365),tensor(1.),tensor(0.1122),tensor(0.0420),tensor(0.0003),tensor(0.4126),tensor(1.),tensor(0.0105),tensor(1.),tensor(0.0085)
s_7232_jpg,tensor(9.1133e-10),tensor(1.3069e-20),tensor(0.),tensor(3.5579e-17),tensor(2.6256e-12),tensor(1.),tensor(1.0000),tensor(0.0035),tensor(7.2396e-35),tensor(2.7511e-22),tensor(0.),tensor(1.1600e-20),tensor(1.),tensor(0.0029),tensor(0.0145),tensor(1.),tensor(0.1426),tensor(0.0150),tensor(3.0962e-05),tensor(1.),tensor(0.0046),tensor(2.3117e-08),tensor(1.),tensor(1.),tensor(0.0005),tensor(0.0003),tensor(6.3892e-10),tensor(0.0001),tensor(0.0007),tensor(1.6850e-07),tensor(0.0002),tensor(0.3118)
s_5036_jpg,tensor(0.0004),tensor(2.0506e-20),tensor(2.5262e-31),tensor(5.4157e-20),tensor(2.5441e-14),tensor(1.),tensor(7.7060e-07),tensor(1.1946e-06),tensor(2.7297e-17),tensor(1.4098e-07),tensor(0.),tensor(4.2772e-09),tensor(1.),tensor(0.0270),tensor(0.1057),tensor(0.4801),tensor(0.2950),tensor(0.0578),tensor(0.0014),tensor(1.),tensor(0.0356),tensor(9.4136e-06),tensor(0.2869),tensor(1.),tensor(0.0151),tensor(0.0125),tensor(2.1595e-06),tensor(0.0026),tensor(0.0181),tensor(4.8669e-05),tensor(0.0299),tensor(0.2442)
s_15189_jpg,tensor(0.3099),tensor(0.7774),tensor(2.1964e-07),tensor(1.),tensor(0.0001),tensor(9.7216e-18),tensor(1.2813e-22),tensor(1.0965e-35),tensor(9.8350e-25),tensor(8.5313e-30),tensor(1.8590e-20),tensor(2.0607e-07),tensor(0.0007),tensor(1.),tensor(1.),tensor(1.),tensor(1.0000),tensor(1.),tensor(1.),tensor(0.0087),tensor(1.),tensor(0.2426),tensor(0.0057),tensor(1.),tensor(1.),tensor(1.),tensor(0.0017),tensor(0.1974),tensor(0.0900),tensor(0.0083),tensor(0.1684),tensor(0.0017)
s_8257_jpg,tensor(0.0393),tensor(1.5442e-09),tensor(6.6061e-05),tensor(1.4332e-07),tensor(0.0026),tensor(8.6080e-09),tensor(5.7765e-20),tensor(2.1720e-06),tensor(3.0429e-24),tensor(0.9838),tensor(0.8587),tensor(0.9513),tensor(0.0113),tensor(0.4645),tensor(1.),tensor(1.),tensor(0.3947),tensor(0.1225),tensor(0.0044),tensor(0.0242),tensor(0.0771),tensor(0.0007),tensor(0.0132),tensor(1.),tensor(0.1693),tensor(0.0523),tensor(0.0002),tensor(1.),tensor(1.),tensor(0.0104),tensor(1.),tensor(0.0031)
s_10224_jpg,tensor(0.8685),tensor(0.9182),tensor(0.0002),tensor(1.),tensor(3.6741e-07),tensor(2.3831e-20),tensor(1.0448e-28),tensor(0.),tensor(3.8782e-30),tensor(6.6830e-31),tensor(4.7224e-21),tensor(4.4149e-06),tensor(0.0001),tensor(1.),tensor(1.),tensor(1.),tensor(1.),tensor(1.),tensor(1.),tensor(0.0034),tensor(1.),tensor(0.1078),tensor(0.0016),tensor(1.),tensor(1.),tensor(1.),tensor(0.0008),tensor(0.3113),tensor(0.1407),tensor(0.0064),tensor(0.4543),tensor(0.0014)
s_6713_jpg,tensor(6.1167e-09),tensor(2.3512e-20),tensor(0.),tensor(2.6452e-11),tensor(3.0962e-11),tensor(0.9970),tensor(1.),tensor(0.0008),tensor(4.2915e-36),tensor(2.1785e-19),tensor(0.),tensor(6.0564e-20),tensor(1.),tensor(0.0058),tensor(0.0206),tensor(1.),tensor(0.1507),tensor(0.0198),tensor(5.5761e-05),tensor(1.),tensor(0.0066),tensor(1.1101e-07),tensor(1.),tensor(1.),tensor(0.0006),tensor(0.0004),tensor(5.1341e-09),tensor(0.0007),tensor(0.0035),tensor(1.3072e-06),tensor(0.0006),tensor(0.3432)
s_5704_jpg,tensor(0.0603),tensor(3.4449e-14),tensor(3.7895e-08),tensor(8.9008e-11),tensor(0.0458),tensor(6.2510e-15),tensor(3.1711e-26),tensor(1.0566e-18),tensor(3.3473e-29),tensor(1.7735e-07),tensor(1.0000),tensor(7.2537e-05),tensor(0.0009),tensor(1.),tensor(1.),tensor(1.),tensor(0.2988),tensor(0.0881),tensor(0.0004),tensor(0.0030),tensor(0.0337),tensor(1.7911e-05),tensor(0.0011),tensor(1.),tensor(0.0495),tensor(0.0078),tensor(8.7122e-07),tensor(1.),tensor(1.),tensor(0.0065),tensor(0.1796),tensor(3.3630e-05)
s_12294_jpg,tensor(0.9012),tensor(0.9364),tensor(0.0047),tensor(0.0717),tensor(0.8431),tensor(1.0467e-07),tensor(1.4326e-13),tensor(7.8477e-15),tensor(1.7366e-07),tensor(8.8652e-09),tensor(2.6876e-06),tensor(0.2302),tensor(0.0335),tensor(1.),tensor(1.),tensor(1.),tensor(1.),tensor(1.),tensor(0.4765),tensor(0.0809),tensor(1.),tensor(0.3466),tensor(0.0670),tensor(0.9998),tensor(1.),tensor(1.),tensor(0.0360),tensor(0.3777),tensor(0.2930),tensor(0.0729),tensor(0.3774),tensor(0.0628)
s_4711_jpg,tensor(0.0126),tensor(1.1310e-14),tensor(1.9573e-07),tensor(1.4499e-10),tensor(0.0007),tensor(5.5881e-12),tensor(9.3604e-26),tensor(1.2294e-09),tensor(1.9180e-32),tensor(0.9725),tensor(0.9620),tensor(0.9098),tensor(0.0029),tensor(0.4125),tensor(1.),tensor(1.),tensor(0.3309),tensor(0.0586),tensor(0.0005),tensor(0.0081),tensor(0.0281),tensor(3.9860e-05),tensor(0.0040),tensor(1.),tensor(0.0746),tensor(0.0123),tensor(6.2136e-06),tensor(1.),tensor(1.),tensor(0.0021),tensor(1.),tensor(0.0004)
s_8362_jpg,tensor(0.2086),tensor(3.8042e-07),tensor(0.0002),tensor(9.1589e-06),tensor(0.0273),tensor(3.1145e-10),tensor(9.2729e-16),tensor(2.5661e-14),tensor(1.3065e-13),tensor(4.0927e-07),tensor(0.9996),tensor(6.2794e-05),tensor(0.0108),tensor(1.),tensor(1.),tensor(1.),tensor(0.3986),tensor(0.2489),tensor(0.0129),tensor(0.0286),tensor(0.1802),tensor(0.0018),tensor(0.0136),tensor(1.),tensor(0.1634),tensor(0.0707),tensor(0.0002),tensor(1.0000),tensor(1.),tensor(0.0787),tensor(0.1362),tensor(0.0013)
s_6264_jpg,tensor(0.9978),tensor(0.9886),tensor(1.0000),tensor(2.5044e-05),tensor(0.9681),tensor(2.7209e-21),tensor(0.),tensor(1.0839e-35),tensor(9.5732e-21),tensor(1.5207e-23),tensor(1.4660e-16),tensor(0.0542),tensor(0.0002),tensor(1.),tensor(1.),tensor(1.),tensor(1.),tensor(1.),tensor(0.3622),tensor(0.0026),tensor(1.),tensor(0.3073),tensor(0.0014),tensor(1.),tensor(1.),tensor(1.),tensor(0.0009),tensor(0.1661),tensor(0.0777),tensor(0.0023),tensor(1.),tensor(0.0086)
s_7476_jpg,tensor(0.4712),tensor(0.9984),tensor(0.0003),tensor(0.0005),tensor(0.9890),tensor(3.0631e-08),tensor(3.2996e-17),tensor(4.6187e-16),tensor(5.4727e-06),tensor(2.2092e-06),tensor(1.9277e-05),tensor(0.2670),tensor(0.0290),tensor(1.),tensor(1.),tensor(1.),tensor(1.),tensor(1.),tensor(0.3825),tensor(0.0556),tensor(1.),tensor(0.3173),tensor(0.0391),tensor(0.9087),tensor(1.),tensor(1.),tensor(0.0262),tensor(0.4357),tensor(0.3052),tensor(0.0992),tensor(0.3786),tensor(0.0284)
s_5751_jpg,tensor(0.2866),tensor(0.9725),tensor(8.9889e-08),tensor(0.0829),tensor(0.2599),tensor(4.5304e-07),tensor(1.5633e-11),tensor(5.6960e-14),tensor(0.0004),tensor(0.0002),tensor(0.0003),tensor(0.2372),tensor(0.0193),tensor(1.),tensor(1.),tensor(1.0000),tensor(0.9963),tensor(1.),tensor(0.4185),tensor(0.0618),tensor(1.),tensor(0.3475),tensor(0.0393),tensor(0.4830),tensor(0.9908),tensor(1.0000),tensor(0.0240),tensor(0.3114),tensor(0.2830),tensor(0.1608),tensor(0.1629),tensor(0.0168)
s_7705_jpg,tensor(0.0410),tensor(1.5939e-10),tensor(1.1151e-05),tensor(2.0631e-08),tensor(0.0075),tensor(5.8324e-08),tensor(3.1774e-20),tensor(1.4497e-06),tensor(1.1340e-21),tensor(0.8802),tensor(0.9397),tensor(0.9089),tensor(0.0122),tensor(0.4657),tensor(1.),tensor(1.),tensor(0.3999),tensor(0.1299),tensor(0.0032),tensor(0.0218),tensor(0.0774),tensor(0.0006),tensor(0.0126),tensor(1.),tensor(0.1633),tensor(0.0403),tensor(0.0001),tensor(1.),tensor(1.),tensor(0.0115),tensor(1.),tensor(0.0024)
s_3576_jpg,tensor(0.9913),tensor(0.9531),tensor(0.9995),tensor(0.0002),tensor(0.0298),tensor(9.0599e-13),tensor(1.6782e-24),tensor(1.3212e-22),tensor(3.3816e-16),tensor(3.0819e-14),tensor(3.2353e-09),tensor(0.2747),tensor(0.0049),tensor(1.),tensor(1.),tensor(1.),tensor(1.),tensor(1.),tensor(0.3706),tensor(0.0256),tensor(1.),tensor(0.2347),tensor(0.0157),tensor(1.),tensor(1.),tensor(1.),tensor(0.0097),tensor(0.3557),tensor(0.2421),tensor(0.0235),tensor(1.),tensor(0.0359)
s_7442_jpg,tensor(7.3558e-06),tensor(2.6888e-07),tensor(4.9946e-17),tensor(1.5227e-05),tensor(0.0002),tensor(0.5861),tensor(1.),tensor(1.),tensor(1.8791e-18),tensor(2.7309e-09),tensor(1.0354e-30),tensor(4.4831e-08),tensor(1.),tensor(0.0621),tensor(0.0701),tensor(1.0000),tensor(0.2523),tensor(0.1542),tensor(0.0095),tensor(1.),tensor(0.0760),tensor(0.0005),tensor(1.),tensor(1.),tensor(0.0230),tensor(0.0191),tensor(5.9771e-05),tensor(0.0217),tensor(0.0264),tensor(0.0009),tensor(0.0048),tensor(1.)
s_10703_jpg,tensor(1.0988e-11),tensor(3.2440e-23),tensor(0.),tensor(4.6958e-14),tensor(3.4203e-13),tensor(0.9999),tensor(1.),tensor(1.),tensor(0.),tensor(9.7015e-19),tensor(0.),tensor(4.9432e-21),tensor(1.),tensor(0.0008),tensor(0.0053),tensor(1.),tensor(0.1004),tensor(0.0060),tensor(3.8988e-06),tensor(1.),tensor(0.0020),tensor(1.7514e-09),tensor(1.),tensor(1.),tensor(9.9057e-05),tensor(4.6588e-05),tensor(3.9810e-11),tensor(9.8300e-05),tensor(0.0005),tensor(1.1978e-08),tensor(4.5439e-05),tensor(1.)
s_8298_jpg,tensor(0.9871),tensor(0.9831),tensor(1.0000),tensor(0.0006),tensor(0.9385),tensor(2.2515e-11),tensor(5.4009e-23),tensor(1.0525e-17),tensor(6.3174e-12),tensor(1.2139e-14),tensor(2.8758e-09),tensor(0.1926),tensor(0.0114),tensor(1.),tensor(1.),tensor(1.),tensor(1.),tensor(1.),tensor(0.3978),tensor(0.0473),tensor(1.),tensor(0.3712),tensor(0.0332),tensor(0.9996),tensor(1.),tensor(1.),tensor(0.0181),tensor(0.2550),tensor(0.1641),tensor(0.0290),tensor(1.),tensor(0.0844)
s_10933_jpg,tensor(0.1065),tensor(1.2672e-05),tensor(0.0011),tensor(2.5927e-05),tensor(0.0152),tensor(4.3131e-06),tensor(1.1517e-14),tensor(7.6450e-06),tensor(8.9762e-19),tensor(0.9414),tensor(0.9135),tensor(0.9371),tensor(0.0319),tensor(0.4940),tensor(1.),tensor(1.),tensor(0.4493),tensor(0.2147),tensor(0.0239),tensor(0.0577),tensor(0.1757),tensor(0.0065),tensor(0.0395),tensor(1.),tensor(0.2636),tensor(0.1305),tensor(0.0016),tensor(1.),tensor(1.),tensor(0.0308),tensor(1.),tensor(0.0123)
s_5537_jpg,tensor(7.2131e-10),tensor(5.9863e-18),tensor(1.5033e-38),tensor(6.0160e-11),tensor(2.1771e-10),tensor(0.9725),tensor(1.),tensor(1.),tensor(4.8576e-37),tensor(6.1231e-16),tensor(0.),tensor(3.2263e-17),tensor(1.),tensor(0.0033),tensor(0.0127),tensor(1.),tensor(0.1418),tensor(0.0161),tensor(4.1037e-05),tensor(1.),tensor(0.0066),tensor(7.7940e-08),tensor(1.),tensor(1.),tensor(0.0005),tensor(0.0003),tensor(3.5092e-09),tensor(0.0007),tensor(0.0021),tensor(4.6747e-07),tensor(0.0002),tensor(1.)
s_2636_jpg,tensor(2.3942e-06),tensor(3.9676e-16),tensor(1.1276e-32),tensor(5.3086e-14),tensor(3.1630e-10),tensor(1.0000),tensor(1.0000),tensor(0.0017),tensor(1.0424e-26),tensor(7.1594e-15),tensor(2.8453e-36),tensor(4.6838e-13),tensor(1.),tensor(0.0176),tensor(0.0551),tensor(1.),tensor(0.2103),tensor(0.0501),tensor(0.0007),tensor(1.),tensor(0.0204),tensor(4.7660e-06),tensor(1.),tensor(1.),tensor(0.0049),tensor(0.0033),tensor(4.3681e-07),tensor(0.0024),tensor(0.0062),tensor(2.1738e-05),tensor(0.0033),tensor(0.3376)
s_15333_jpg,tensor(0.9359),tensor(0.6021),tensor(1.0000),tensor(1.0000),tensor(0.0019),tensor(4.7466e-15),tensor(3.3644e-23),tensor(3.2037e-27),tensor(2.4998e-18),tensor(6.3957e-19),tensor(7.5512e-13),tensor(0.0058),tensor(0.0023),tensor(1.),tensor(1.),tensor(1.),tensor(1.),tensor(1.),tensor(1.),tensor(0.0235),tensor(1.),tensor(0.2395),tensor(0.0114),tensor(1.),tensor(1.),tensor(1.),tensor(0.0079),tensor(0.2027),tensor(0.1362),tensor(0.0141),tensor(1.),tensor(0.0381)
s_2233_jpg,tensor(0.0482),tensor(8.5762e-10),tensor(0.0001),tensor(1.5001e-07),tensor(0.0072),tensor(3.2544e-07),tensor(2.5397e-22),tensor(3.3799e-07),tensor(7.4987e-22),tensor(0.8129),tensor(0.9769),tensor(0.9530),tensor(0.0080),tensor(0.4665),tensor(1.),tensor(1.),tensor(0.4149),tensor(0.1242),tensor(0.0033),tensor(0.0166),tensor(0.0940),tensor(0.0005),tensor(0.0093),tensor(1.),tensor(0.1866),tensor(0.0470),tensor(8.2881e-05),tensor(1.),tensor(1.),tensor(0.0078),tensor(1.),tensor(0.0019)
s_13916_jpg,tensor(4.8740e-06),tensor(2.4418e-14),tensor(5.7002e-26),tensor(6.9293e-09),tensor(1.0873e-07),tensor(0.2733),tensor(0.9999),tensor(0.0071),tensor(1.8524e-24),tensor(2.1341e-09),tensor(9.6328e-26),tensor(1.3558e-10),tensor(1.),tensor(0.0381),tensor(0.0921),tensor(1.),tensor(0.2658),tensor(0.0733),tensor(0.0016),tensor(1.),tensor(0.0317),tensor(4.1467e-05),tensor(1.),tensor(1.),tensor(0.0103),tensor(0.0056),tensor(7.1119e-06),tensor(0.0169),tensor(0.0391),tensor(0.0002),tensor(0.0171),tensor(0.3812)
s_12612_jpg,tensor(0.9444),tensor(0.8735),tensor(0.9944),tensor(0.0431),tensor(0.0069),tensor(3.8649e-10),tensor(1.4567e-17),tensor(8.8703e-17),tensor(1.4798e-12),tensor(7.1366e-10),tensor(3.4552e-06),tensor(0.3583),tensor(0.0170),tensor(1.),tensor(1.),tensor(1.),tensor(1.),tensor(1.),tensor(0.4302),tensor(0.0549),tensor(1.),tensor(0.2689),tensor(0.0389),tensor(1.),tensor(1.),tensor(1.),tensor(0.0327),tensor(0.4296),tensor(0.3234),tensor(0.0572),tensor(1.),tensor(0.0737)
s_3926_jpg,tensor(0.0005),tensor(9.8462e-07),tensor(2.1158e-10),tensor(0.0003),tensor(0.0013),tensor(0.0370),tensor(0.9999),tensor(7.9019e-06),tensor(5.5515e-15),tensor(1.3912e-14),tensor(4.8849e-12),tensor(5.8570e-09),tensor(1.),tensor(0.1645),tensor(0.1631),tensor(1.),tensor(0.3315),tensor(0.2354),tensor(0.0255),tensor(1.),tensor(0.1291),tensor(0.0019),tensor(1.),tensor(1.),tensor(0.0388),tensor(0.0324),tensor(0.0003),tensor(0.0461),tensor(0.0746),tensor(0.0098),tensor(0.0132),tensor(0.2420)
s_13041_jpg,tensor(0.9768),tensor(0.9988),tensor(1.0325e-12),tensor(0.0057),tensor(0.9652),tensor(1.7956e-13),tensor(1.5962e-25),tensor(2.1263e-25),tensor(2.2107e-07),tensor(6.3209e-13),tensor(6.6344e-09),tensor(0.0371),tensor(0.0020),tensor(1.),tensor(1.),tensor(1.),tensor(1.),tensor(1.),tensor(0.4366),tensor(0.0121),tensor(1.),tensor(0.3394),tensor(0.0076),tensor(0.4795),tensor(1.),tensor(1.),tensor(0.0025),tensor(0.2389),tensor(0.1464),tensor(0.0579),tensor(0.0534),tensor(0.0016)
s_6586_jpg,tensor(0.0068),tensor(2.7787e-14),tensor(2.5219e-07),tensor(1.7523e-10),tensor(3.0921e-05),tensor(2.6236e-07),tensor(2.5887e-16),tensor(2.2870e-05),tensor(5.9536e-17),tensor(0.9971),tensor(3.4891e-05),tensor(0.9024),tensor(0.0664),tensor(0.2782),tensor(1.),tensor(1.),tensor(0.4097),tensor(0.1253),tensor(0.0038),tensor(0.1126),tensor(0.0613),tensor(0.0008),tensor(0.0545),tensor(1.),tensor(0.0821),tensor(0.0362),tensor(0.0003),tensor(0.2976),tensor(1.),tensor(0.0103),tensor(1.),tensor(0.0166)
s_12895_jpg,tensor(0.1110),tensor(2.2338e-05),tensor(0.0018),tensor(1.4340e-05),tensor(0.0473),tensor(2.4310e-06),tensor(4.4214e-16),tensor(8.6071e-07),tensor(1.1723e-18),tensor(0.6826),tensor(0.9041),tensor(0.9214),tensor(0.0164),tensor(0.4969),tensor(1.),tensor(1.),tensor(0.4752),tensor(0.2157),tensor(0.0162),tensor(0.0354),tensor(0.1634),tensor(0.0040),tensor(0.0214),tensor(1.),tensor(0.2829),tensor(0.1279),tensor(0.0007),tensor(1.),tensor(1.),tensor(0.0177),tensor(1.),tensor(0.0073)
s_5007_jpg,tensor(0.9913),tensor(0.9811),tensor(5.3303e-10),tensor(1.0000),tensor(0.9894),tensor(2.0209e-19),tensor(2.3157e-33),tensor(3.3032e-37),tensor(1.3293e-18),tensor(4.8437e-26),tensor(1.7594e-18),tensor(0.0084),tensor(0.0001),tensor(1.),tensor(1.),tensor(1.),tensor(1.),tensor(1.),tensor(1.),tensor(0.0030),tensor(1.),tensor(0.4224),tensor(0.0020),tensor(1.),tensor(1.),tensor(1.),tensor(0.0006),tensor(0.1568),tensor(0.0707),tensor(0.0065),tensor(0.1029),tensor(0.0007)
s_3115_jpg,tensor(0.2353),tensor(7.7129e-07),tensor(0.0021),tensor(0.0017),tensor(0.0819),tensor(1.4645e-06),tensor(1.9638e-09),tensor(3.4886e-17),tensor(1.),tensor(1.3804e-12),tensor(0.0125),tensor(1.6033e-06),tensor(0.0227),tensor(1.),tensor(1.),tensor(1.),tensor(0.4816),tensor(0.9904),tensor(0.0491),tensor(0.0634),tensor(0.2520),tensor(0.0089),tensor(0.0231),tensor(0.4732),tensor(0.1503),tensor(0.1036),tensor(0.0008),tensor(0.4230),tensor(0.4280),tensor(1.),tensor(0.0101),tensor(0.0027)
s_10724_jpg,tensor(7.6103e-13),tensor(1.4204e-24),tensor(0.),tensor(1.7296e-16),tensor(4.1827e-14),tensor(1.),tensor(1.),tensor(1.),tensor(0.),tensor(8.5372e-18),tensor(0.),tensor(1.3894e-19),tensor(1.),tensor(0.0003),tensor(0.0023),tensor(1.),tensor(0.0703),tensor(0.0027),tensor(8.2776e-07),tensor(1.),tensor(0.0009),tensor(8.8524e-11),tensor(1.),tensor(1.),tensor(3.0764e-05),tensor(1.3989e-05),tensor(1.9759e-12),tensor(1.6548e-05),tensor(0.0001),tensor(8.6143e-10),tensor(8.7376e-06),tensor(1.)
s_15839_jpg,tensor(3.4083e-08),tensor(3.4221e-15),tensor(5.3473e-31),tensor(3.7062e-09),tensor(7.6405e-09),tensor(0.3526),tensor(1.),tensor(1.),tensor(5.6435e-31),tensor(1.8749e-13),tensor(0.),tensor(1.1944e-14),tensor(1.),tensor(0.0106),tensor(0.0281),tensor(1.),tensor(0.1954),tensor(0.0364),tensor(0.0003),tensor(1.),tensor(0.0162),tensor(2.1823e-06),tensor(1.),tensor(1.),tensor(0.0022),tensor(0.0013),tensor(1.4618e-07),tensor(0.0033),tensor(0.0077),tensor(9.0830e-06),tensor(0.0009),tensor(1.)
s_7429_jpg,tensor(0.2481),tensor(2.9363e-14),tensor(1.1807e-06),tensor(5.1114e-06),tensor(0.0121),tensor(1.7505e-11),tensor(8.7215e-27),tensor(3.3830e-29),tensor(1.),tensor(2.8470e-11),tensor(0.9978),tensor(1.3340e-06),tensor(0.0006),tensor(1.),tensor(1.),tensor(1.),tensor(0.3190),tensor(0.3971),tensor(0.0050),tensor(0.0030),tensor(0.1407),tensor(0.0002),tensor(0.0006),tensor(1.),tensor(0.0673),tensor(0.0271),tensor(7.5596e-06),tensor(1.),tensor(1.),tensor(1.),tensor(0.0012),tensor(1.2132e-05)
s_3641_jpg,tensor(6.2501e-14),tensor(7.9630e-27),tensor(0.),tensor(3.6422e-17),tensor(2.3624e-15),tensor(1.0000),tensor(1.),tensor(1.),tensor(0.),tensor(3.4507e-20),tensor(0.),tensor(8.3300e-23),tensor(1.),tensor(0.0002),tensor(0.0019),tensor(1.),tensor(0.0702),tensor(0.0021),tensor(3.3785e-07),tensor(1.),tensor(0.0007),tensor(3.1116e-11),tensor(1.),tensor(1.),tensor(1.7214e-05),tensor(7.5621e-06),tensor(3.6238e-13),tensor(1.2797e-05),tensor(9.0851e-05),tensor(2.7351e-10),tensor(5.7962e-06),tensor(1.)
s_1703_jpg,tensor(1.7973e-06),tensor(2.5484e-21),tensor(1.6048e-27),tensor(7.0432e-23),tensor(1.3737e-15),tensor(1.),tensor(2.3618e-09),tensor(9.7901e-11),tensor(2.9256e-19),tensor(1.7612e-06),tensor(5.8175e-34),tensor(5.2054e-06),tensor(1.),tensor(0.0160),tensor(0.1235),tensor(1.),tensor(0.3463),tensor(0.0379),tensor(0.0002),tensor(1.),tensor(0.0141),tensor(2.8144e-06),tensor(0.2506),tensor(1.),tensor(0.0038),tensor(0.0025),tensor(3.5444e-07),tensor(0.0026),tensor(0.0346),tensor(2.1946e-05),tensor(0.0443),tensor(0.1366)
s_4820_jpg,tensor(0.0018),tensor(2.5399e-12),tensor(3.9915e-15),tensor(1.6527e-15),tensor(2.4899e-12),tensor(1.),tensor(6.8263e-08),tensor(0.0003),tensor(2.2358e-09),tensor(3.1300e-08),tensor(4.4092e-22),tensor(2.5182e-07),tensor(1.),tensor(0.0564),tensor(0.2280),tensor(0.4658),tensor(0.4111),tensor(0.1071),tensor(0.0065),tensor(1.),tensor(0.1365),tensor(0.0003),tensor(0.3090),tensor(1.),tensor(0.0365),tensor(0.0405),tensor(9.6094e-05),tensor(0.0221),tensor(0.0803),tensor(0.0008),tensor(0.1150),tensor(0.3585)
s_15363_jpg,tensor(0.9999),tensor(0.9976),tensor(1.4186e-10),tensor(1.0000),tensor(0.0002),tensor(6.1484e-25),tensor(0.),tensor(0.),tensor(1.8876e-31),tensor(2.8583e-36),tensor(8.8073e-24),tensor(0.0131),tensor(1.0542e-05),tensor(1.),tensor(1.),tensor(1.),tensor(1.),tensor(1.),tensor(1.),tensor(0.0006),tensor(1.),tensor(0.1768),tensor(0.0002),tensor(1.),tensor(1.),tensor(1.),tensor(5.6793e-05),tensor(0.1999),tensor(0.0835),tensor(0.0017),tensor(0.1037),tensor(8.8762e-05)
s_13877_jpg,tensor(7.0641e-08),tensor(1.4732e-13),tensor(2.5202e-29),tensor(2.1137e-08),tensor(2.0533e-07),tensor(0.2261),tensor(1.),tensor(1.),tensor(1.0291e-28),tensor(2.5791e-10),tensor(0.),tensor(5.5181e-12),tensor(1.),tensor(0.0161),tensor(0.0383),tensor(1.),tensor(0.2102),tensor(0.0482),tensor(0.0005),tensor(1.),tensor(0.0213),tensor(7.1940e-06),tensor(1.),tensor(1.),tensor(0.0040),tensor(0.0024),tensor(6.6274e-07),tensor(0.0068),tensor(0.0138),tensor(2.6720e-05),tensor(0.0019),tensor(1.)
s_948_jpg,tensor(0.8758),tensor(0.9979),tensor(2.8070e-07),tensor(0.0086),tensor(0.9414),tensor(1.1448e-11),tensor(3.6530e-23),tensor(2.6853e-23),tensor(5.6011e-09),tensor(6.7125e-12),tensor(6.9849e-09),tensor(0.2112),tensor(0.0059),tensor(1.),tensor(1.),tensor(1.),tensor(1.),tensor(1.),tensor(0.4060),tensor(0.0216),tensor(1.),tensor(0.3143),tensor(0.0148),tensor(0.9303),tensor(1.),tensor(1.),tensor(0.0078),tensor(0.3397),tensor(0.2386),tensor(0.0719),tensor(0.1904),tensor(0.0081)
s_12513_jpg,tensor(0.8189),tensor(0.1314),tensor(0.0001),tensor(1.),tensor(0.0315),tensor(1.4018e-10),tensor(3.1921e-13),tensor(5.6943e-20),tensor(4.5210e-15),tensor(2.2582e-22),tensor(6.4596e-14),tensor(5.3707e-05),tensor(0.0284),tensor(1.),tensor(1.),tensor(1.),tensor(0.9990),tensor(1.),tensor(1.),tensor(0.0836),tensor(1.),tensor(0.3408),tensor(0.0688),tensor(1.),tensor(1.),tensor(1.),tensor(0.0220),tensor(0.2593),tensor(0.1520),tensor(0.0447),tensor(0.2835),tensor(0.0260)
s_12878_jpg,tensor(1.2221e-09),tensor(5.0176e-18),tensor(5.8462e-38),tensor(8.5616e-11),tensor(1.7142e-10),tensor(0.3754),tensor(1.),tensor(1.),tensor(6.6711e-38),tensor(3.1875e-15),tensor(0.),tensor(5.1607e-17),tensor(1.),tensor(0.0043),tensor(0.0155),tensor(1.),tensor(0.1449),tensor(0.0186),tensor(5.5659e-05),tensor(1.),tensor(0.0072),tensor(1.3746e-07),tensor(1.),tensor(1.),tensor(0.0006),tensor(0.0004),tensor(7.8380e-09),tensor(0.0013),tensor(0.0038),tensor(9.2070e-07),tensor(0.0002),tensor(1.)
s_7743_jpg,tensor(0.6312),tensor(0.9142),tensor(0.9884),tensor(1.0000),tensor(0.9963),tensor(4.0524e-12),tensor(5.8359e-17),tensor(1.0638e-21),tensor(1.9787e-12),tensor(2.8777e-17),tensor(1.5888e-12),tensor(0.0004),tensor(0.0091),tensor(1.),tensor(1.),tensor(1.),tensor(1.),tensor(1.),tensor(1.),tensor(0.0586),tensor(1.),tensor(0.4531),tensor(0.0432),tensor(1.),tensor(1.),tensor(1.),tensor(0.0186),tensor(0.2181),tensor(0.1154),tensor(0.0196),tensor(0.7309),tensor(0.0633)
s_5953_jpg,tensor(0.0357),tensor(2.3026e-14),tensor(1.8130e-07),tensor(1.6260e-10),tensor(0.0069),tensor(1.9615e-12),tensor(2.4947e-29),tensor(9.6714e-18),tensor(1.7108e-27),tensor(1.6203e-05),tensor(1.0000),tensor(0.0026),tensor(0.0007),tensor(1.),tensor(1.),tensor(1.),tensor(0.3167),tensor(0.0776),tensor(0.0004),tensor(0.0027),tensor(0.0349),tensor(1.5018e-05),tensor(0.0009),tensor(1.),tensor(0.0672),tensor(0.0100),tensor(8.3479e-07),tensor(1.),tensor(1.),tensor(0.0037),tensor(0.2732),tensor(4.5291e-05)
s_6368_jpg,tensor(1.0243e-10),tensor(8.4276e-20),tensor(0.),tensor(1.0285e-12),tensor(3.3768e-11),tensor(0.3114),tensor(1.),tensor(1.),tensor(0.),tensor(2.4124e-16),tensor(0.),tensor(1.2487e-17),tensor(1.),tensor(0.0022),tensor(0.0078),tensor(1.),tensor(0.1189),tensor(0.0132),tensor(1.6813e-05),tensor(1.),tensor(0.0040),tensor(2.7623e-08),tensor(1.),tensor(1.),tensor(0.0003),tensor(0.0001),tensor(6.5401e-10),tensor(0.0005),tensor(0.0015),tensor(1.7655e-07),tensor(5.6051e-05),tensor(1.)
s_8329_jpg,tensor(0.0983),tensor(0.0003),tensor(5.3599e-06),tensor(0.0012),tensor(0.0365),tensor(7.2711e-09),tensor(2.6403e-13),tensor(2.8198e-21),tensor(1.),tensor(9.7012e-09),tensor(0.0163),tensor(1.5804e-05),tensor(0.0095),tensor(1.),tensor(1.),tensor(1.),tensor(0.4516),tensor(1.),tensor(0.0755),tensor(0.0282),tensor(0.3404),tensor(0.0184),tensor(0.0083),tensor(0.4666),tensor(0.2455),tensor(0.1847),tensor(0.0011),tensor(0.9998),tensor(0.4936),tensor(1.0000),tensor(0.0243),tensor(0.0010)
s_9267_jpg,tensor(0.7415),tensor(0.8331),tensor(0.1927),tensor(1.),tensor(0.9921),tensor(7.5920e-15),tensor(8.6420e-20),tensor(2.7098e-26),tensor(1.1603e-16),tensor(1.5583e-21),tensor(2.5518e-16),tensor(0.0001),tensor(0.0034),tensor(1.),tensor(1.),tensor(1.),tensor(1.),tensor(1.),tensor(1.),tensor(0.0267),tensor(1.),tensor(0.4230),tensor(0.0194),tensor(1.),tensor(1.),tensor(1.),tensor(0.0101),tensor(0.2006),tensor(0.1092),tensor(0.0131),tensor(0.4944),tensor(0.0242)
s_9534_jpg,tensor(0.9158),tensor(0.2054),tensor(0.9997),tensor(1.0000),tensor(0.9824),tensor(1.4972e-19),tensor(1.2646e-24),tensor(2.4801e-30),tensor(7.0825e-20),tensor(1.2237e-26),tensor(1.4610e-19),tensor(1.5400e-05),tensor(0.0010),tensor(1.),tensor(1.),tensor(1.),tensor(1.),tensor(1.),tensor(1.),tensor(0.0137),tensor(1.),tensor(0.4175),tensor(0.0081),tensor(1.),tensor(1.),tensor(1.),tensor(0.0043),tensor(0.1447),tensor(0.0662),tensor(0.0045),tensor(1.),tensor(0.0214)
s_10697_jpg,tensor(3.6068e-09),tensor(4.6017e-21),tensor(0.),tensor(1.3999e-16),tensor(1.5485e-12),tensor(1.),tensor(1.0000),tensor(0.0077),tensor(3.3678e-35),tensor(2.7515e-19),tensor(0.),tensor(4.6650e-19),tensor(1.),tensor(0.0038),tensor(0.0181),tensor(1.),tensor(0.1496),tensor(0.0160),tensor(3.9951e-05),tensor(1.),tensor(0.0053),tensor(4.6276e-08),tensor(1.),tensor(1.),tensor(0.0007),tensor(0.0003),tensor(2.0308e-09),tensor(0.0003),tensor(0.0013),tensor(3.7597e-07),tensor(0.0005),tensor(0.3431)
s_13508_jpg,tensor(3.6441e-05),tensor(1.2585e-11),tensor(1.3464e-25),tensor(1.2993e-14),tensor(6.3565e-06),tensor(1.),tensor(7.7746e-05),tensor(0.0026),tensor(4.9722e-11),tensor(1.3543e-07),tensor(2.6487e-33),tensor(8.9751e-07),tensor(1.),tensor(0.0628),tensor(0.1721),tensor(0.9957),tensor(0.3912),tensor(0.1495),tensor(0.0056),tensor(1.),tensor(0.0740),tensor(0.0003),tensor(0.3372),tensor(1.),tensor(0.0356),tensor(0.0339),tensor(5.9867e-05),tensor(0.0123),tensor(0.0377),tensor(0.0011),tensor(0.0488),tensor(0.2782)
s_7026_jpg,tensor(0.9892),tensor(0.8710),tensor(0.9999),tensor(1.),tensor(0.0005),tensor(2.4603e-24),tensor(3.8897e-38),tensor(0.),tensor(7.5799e-28),tensor(9.3673e-32),tensor(3.0207e-22),tensor(0.0001),tensor(6.0892e-05),tensor(1.),tensor(1.),tensor(1.),tensor(1.),tensor(1.),tensor(1.),tensor(0.0018),tensor(1.),tensor(0.2182),tensor(0.0007),tensor(1.),tensor(1.),tensor(1.),tensor(0.0006),tensor(0.1505),tensor(0.0580),tensor(0.0014),tensor(1.),tensor(0.0034)
s_11248_jpg,tensor(0.0026),tensor(8.8001e-17),tensor(3.3922e-08),tensor(1.1759e-12),tensor(1.0035e-05),tensor(4.6449e-11),tensor(6.4299e-25),tensor(4.4195e-08),tensor(1.9509e-25),tensor(0.9998),tensor(4.0999e-05),tensor(0.9697),tensor(0.0143),tensor(0.2707),tensor(1.),tensor(1.),tensor(0.3748),tensor(0.0672),tensor(0.0007),tensor(0.0364),tensor(0.0283),tensor(6.1945e-05),tensor(0.0128),tensor(1.),tensor(0.0475),tensor(0.0147),tensor(1.8488e-05),tensor(0.3220),tensor(1.),tensor(0.0021),tensor(1.),tensor(0.0024)
s_2951_jpg,tensor(8.9290e-05),tensor(4.0129e-09),tensor(1.6297e-15),tensor(2.4059e-05),tensor(5.8244e-05),tensor(0.0259),tensor(1.0000),tensor(0.0003),tensor(1.8808e-18),tensor(9.0493e-15),tensor(1.5413e-17),tensor(2.8794e-11),tensor(1.),tensor(0.0898),tensor(0.1106),tensor(1.),tensor(0.3074),tensor(0.1671),tensor(0.0084),tensor(1.),tensor(0.0732),tensor(0.0004),tensor(1.),tensor(1.),tensor(0.0195),tensor(0.0144),tensor(4.7764e-05),tensor(0.0239),tensor(0.0477),tensor(0.0021),tensor(0.0085),tensor(0.3256)
s_5365_jpg,tensor(0.0525),tensor(3.2888e-05),tensor(0.0065),tensor(3.6391e-06),tensor(0.0322),tensor(4.9794e-09),tensor(3.1050e-19),tensor(5.0256e-08),tensor(2.3868e-18),tensor(0.9593),tensor(0.0058),tensor(0.9880),tensor(0.0091),tensor(0.4598),tensor(1.),tensor(1.),tensor(0.4868),tensor(0.2106),tensor(0.0132),tensor(0.0323),tensor(0.1165),tensor(0.0019),tensor(0.0114),tensor(1.),tensor(0.1994),tensor(0.1165),tensor(0.0004),tensor(0.3777),tensor(1.),tensor(0.0089),tensor(1.),tensor(0.0066)
s_3337_jpg,tensor(0.2690),tensor(1.2410e-07),tensor(5.7949e-06),tensor(1.6730e-05),tensor(0.0174),tensor(2.5625e-09),tensor(6.3080e-15),tensor(5.9835e-22),tensor(1.),tensor(9.6432e-12),tensor(0.8448),tensor(3.8215e-06),tensor(0.0049),tensor(1.),tensor(1.),tensor(1.),tensor(0.4170),tensor(0.4692),tensor(0.0144),tensor(0.0165),tensor(0.1916),tensor(0.0020),tensor(0.0039),tensor(0.4740),tensor(0.1025),tensor(0.0534),tensor(0.0001),tensor(0.9982),tensor(0.9690),tensor(1.),tensor(0.0067),tensor(0.0003)
s_1093_jpg,tensor(0.0844),tensor(7.2313e-12),tensor(2.7331e-06),tensor(5.4210e-08),tensor(0.0043),tensor(4.1278e-12),tensor(2.0121e-24),tensor(9.9987e-19),tensor(3.3129e-22),tensor(4.8738e-06),tensor(1.0000),tensor(0.0004),tensor(0.0013),tensor(1.),tensor(1.),tensor(1.),tensor(0.3512),tensor(0.1376),tensor(0.0017),tensor(0.0046),tensor(0.0718),tensor(0.0001),tensor(0.0017),tensor(1.),tensor(0.0936),tensor(0.0244),tensor(6.0873e-06),tensor(1.),tensor(1.),tensor(0.0116),tensor(0.2099),tensor(0.0001)
s_8680_jpg,tensor(0.0373),tensor(2.3427e-07),tensor(5.7082e-05),tensor(2.0704e-07),tensor(0.0034),tensor(1.2072e-05),tensor(1.3491e-12),tensor(4.6306e-05),tensor(5.6557e-13),tensor(0.9661),tensor(0.0005),tensor(0.9534),tensor(0.0766),tensor(0.3640),tensor(1.),tensor(1.),tensor(0.4770),tensor(0.2248),tensor(0.0240),tensor(0.1390),tensor(0.1393),tensor(0.0061),tensor(0.0701),tensor(1.),tensor(0.1775),tensor(0.1124),tensor(0.0024),tensor(0.3334),tensor(1.),tensor(0.0256),tensor(1.),tensor(0.0364)
s_3743_jpg,tensor(1.8855e-11),tensor(1.1356e-22),tensor(0.),tensor(1.0320e-14),tensor(2.0359e-12),tensor(1.0000),tensor(1.),tensor(1.),tensor(0.),tensor(1.5735e-18),tensor(0.),tensor(1.1336e-19),tensor(1.),tensor(0.0008),tensor(0.0051),tensor(1.),tensor(0.0937),tensor(0.0062),tensor(4.2254e-06),tensor(1.),tensor(0.0019),tensor(1.6780e-09),tensor(1.),tensor(1.),tensor(0.0001),tensor(4.4898e-05),tensor(4.2726e-11),tensor(7.2445e-05),tensor(0.0003),tensor(1.3079e-08),tensor(4.1527e-05),tensor(1.)
s_3185_jpg,tensor(2.4604e-11),tensor(8.8392e-16),tensor(5.7195e-37),tensor(4.1909e-09),tensor(2.9089e-10),tensor(0.9990),tensor(1.),tensor(1.),tensor(7.1281e-38),tensor(1.8944e-15),tensor(0.),tensor(2.8900e-16),tensor(1.),tensor(0.0026),tensor(0.0111),tensor(1.),tensor(0.1367),tensor(0.0144),tensor(3.5616e-05),tensor(1.),tensor(0.0075),tensor(4.5498e-08),tensor(1.),tensor(1.),tensor(0.0005),tensor(0.0003),tensor(1.5986e-09),tensor(0.0007),tensor(0.0020),tensor(2.4434e-07),tensor(6.5965e-05),tensor(1.)
s_3627_jpg,tensor(0.3273),tensor(0.8944),tensor(2.6988e-06),tensor(1.0000),tensor(0.9876),tensor(9.9215e-12),tensor(1.2021e-15),tensor(1.2395e-20),tensor(1.4593e-11),tensor(2.5772e-16),tensor(2.1970e-12),tensor(0.0006),tensor(0.0073),tensor(1.),tensor(1.),tensor(1.),tensor(1.0000),tensor(1.),tensor(1.),tensor(0.0501),tensor(1.),tensor(0.4462),tensor(0.0413),tensor(1.),tensor(1.),tensor(1.),tensor(0.0162),tensor(0.2340),tensor(0.1431),tensor(0.0573),tensor(0.2012),tensor(0.0166)
s_10513_jpg,tensor(0.1836),tensor(9.7071e-09),tensor(8.7267e-06),tensor(1.0095e-06),tensor(0.0174),tensor(1.1800e-10),tensor(2.2250e-15),tensor(1.3383e-13),tensor(1.5059e-13),tensor(1.0653e-06),tensor(0.9998),tensor(8.2781e-05),tensor(0.0118),tensor(1.),tensor(1.),tensor(1.),tensor(0.3658),tensor(0.2417),tensor(0.0117),tensor(0.0262),tensor(0.1532),tensor(0.0016),tensor(0.0129),tensor(1.),tensor(0.1435),tensor(0.0554),tensor(0.0002),tensor(1.),tensor(1.),tensor(0.0973),tensor(0.1269),tensor(0.0011)
s_6254_jpg,tensor(1.8323e-12),tensor(2.2988e-24),tensor(0.),tensor(3.5540e-17),tensor(1.4137e-13),tensor(1.),tensor(1.),tensor(1.),tensor(0.),tensor(7.0242e-17),tensor(0.),tensor(2.8052e-19),tensor(1.),tensor(0.0003),tensor(0.0031),tensor(1.),tensor(0.0850),tensor(0.0034),tensor(1.0730e-06),tensor(1.),tensor(0.0013),tensor(2.1126e-10),tensor(1.),tensor(1.),tensor(4.3756e-05),tensor(2.0196e-05),tensor(4.5891e-12),tensor(2.6983e-05),tensor(0.0002),tensor(1.6594e-09),tensor(1.6730e-05),tensor(1.)
s_12526_jpg,tensor(0.1022),tensor(4.5895e-09),tensor(2.9174e-05),tensor(5.7797e-05),tensor(0.0287),tensor(9.4906e-07),tensor(7.9120e-12),tensor(7.0022e-22),tensor(1.),tensor(5.3930e-13),tensor(5.5061e-05),tensor(7.6949e-07),tensor(0.0078),tensor(1.),tensor(1.),tensor(1.),tensor(0.4176),tensor(1.0000),tensor(0.0184),tensor(0.0278),tensor(0.1839),tensor(0.0031),tensor(0.0077),tensor(0.4440),tensor(0.0753),tensor(0.0683),tensor(0.0002),tensor(0.4025),tensor(0.4977),tensor(1.),tensor(0.0040),tensor(0.0005)
s_12904_jpg,tensor(0.0364),tensor(1.6065e-08),tensor(0.0001),tensor(5.9965e-07),tensor(0.0049),tensor(1.5283e-05),tensor(3.8855e-12),tensor(8.5569e-05),tensor(7.7960e-12),tensor(0.9926),tensor(0.0003),tensor(0.9515),tensor(0.1221),tensor(0.3411),tensor(1.),tensor(1.),tensor(0.4845),tensor(0.2319),tensor(0.0204),tensor(0.1897),tensor(0.1385),tensor(0.0070),tensor(0.1139),tensor(1.),tensor(0.1778),tensor(0.1046),tensor(0.0027),tensor(0.3447),tensor(1.),tensor(0.0254),tensor(1.),tensor(0.0422)
s_2631_jpg,tensor(0.0469),tensor(0.9895),tensor(2.4551e-06),tensor(1.0000),tensor(0.9881),tensor(5.3247e-17),tensor(3.5712e-24),tensor(8.6064e-32),tensor(6.3037e-13),tensor(1.1020e-18),tensor(3.8457e-15),tensor(5.7203e-05),tensor(0.0007),tensor(1.),tensor(1.),tensor(1.),tensor(1.),tensor(1.),tensor(1.),tensor(0.0079),tensor(1.),tensor(0.2688),tensor(0.0047),tensor(1.),tensor(1.),tensor(1.),tensor(0.0026),tensor(0.2225),tensor(0.1128),tensor(0.0187),tensor(0.2231),tensor(0.0034)
s_2246_jpg,tensor(0.0015),tensor(0.0005),tensor(3.3141e-08),tensor(0.0563),tensor(0.0162),tensor(0.1652),tensor(0.9977),tensor(0.3748),tensor(7.7621e-10),tensor(8.7832e-06),tensor(2.3624e-09),tensor(1.2139e-05),tensor(1.),tensor(0.2460),tensor(0.3064),tensor(1.),tensor(0.4575),tensor(0.3370),tensor(0.1266),tensor(1.),tensor(0.2947),tensor(0.0486),tensor(1.),tensor(1.),tensor(0.1909),tensor(0.1801),tensor(0.0162),tensor(0.1934),tensor(0.2023),tensor(0.0357),tensor(0.1921),tensor(0.4850)
s_6140_jpg,tensor(1.8344e-06),tensor(4.3302e-14),tensor(6.8035e-24),tensor(8.6101e-07),tensor(3.4138e-07),tensor(0.0241),tensor(1.0000),tensor(1.6527e-06),tensor(5.7884e-27),tensor(2.1211e-16),tensor(1.5325e-25),tensor(1.9879e-13),tensor(1.),tensor(0.0421),tensor(0.0700),tensor(1.),tensor(0.2212),tensor(0.0739),tensor(0.0010),tensor(1.),tensor(0.0269),tensor(1.6928e-05),tensor(1.),tensor(1.),tensor(0.0046),tensor(0.0032),tensor(1.8897e-06),tensor(0.0112),tensor(0.0329),tensor(0.0003),tensor(0.0032),tensor(0.2389)
s_10172_jpg,tensor(9.8556e-12),tensor(2.1820e-20),tensor(0.),tensor(7.9839e-13),tensor(2.8967e-12),tensor(0.3763),tensor(1.),tensor(1.),tensor(0.),tensor(3.9901e-17),tensor(0.),tensor(3.4704e-18),tensor(1.),tensor(0.0015),tensor(0.0063),tensor(1.),tensor(0.1050),tensor(0.0097),tensor(8.9635e-06),tensor(1.),tensor(0.0030),tensor(7.7083e-09),tensor(1.),tensor(1.),tensor(0.0002),tensor(8.3424e-05),tensor(1.9408e-10),tensor(0.0004),tensor(0.0012),tensor(6.6213e-08),tensor(2.8519e-05),tensor(1.)
s_8340_jpg,tensor(0.6026),tensor(0.0829),tensor(0.9588),tensor(0.9781),tensor(0.9695),tensor(0.0018),tensor(0.3680),tensor(1.1317e-06),tensor(0.0795),tensor(0.0004),tensor(0.0430),tensor(0.0844),tensor(0.2921),tensor(0.4089),tensor(0.4895),tensor(1.),tensor(1.0000),tensor(0.4988),tensor(0.4174),tensor(0.8988),tensor(0.9640),tensor(0.2424),tensor(0.4293),tensor(1.),tensor(0.4223),tensor(0.4346),tensor(0.0608),tensor(0.2368),tensor(0.2155),tensor(0.0734),tensor(0.3133),tensor(0.2987)
s_1616_jpg,tensor(7.8414e-07),tensor(1.8955e-19),tensor(1.0715e-32),tensor(8.2225e-12),tensor(1.9194e-10),tensor(0.0496),tensor(1.0000),tensor(0.0002),tensor(1.4161e-31),tensor(3.1683e-12),tensor(8.9568e-32),tensor(2.5161e-13),tensor(1.),tensor(0.0178),tensor(0.0548),tensor(1.),tensor(0.1974),tensor(0.0344),tensor(0.0002),tensor(1.),tensor(0.0101),tensor(2.8274e-06),tensor(1.),tensor(1.),tensor(0.0027),tensor(0.0010),tensor(3.7094e-07),tensor(0.0078),tensor(0.0247),tensor(3.2982e-05),tensor(0.0064),tensor(0.3273)
s_7860_jpg,tensor(0.5756),tensor(0.5007),tensor(0.9990),tensor(1.),tensor(0.7360),tensor(2.7061e-18),tensor(1.4118e-21),tensor(2.8815e-27),tensor(3.1807e-21),tensor(2.4046e-25),tensor(3.9762e-19),tensor(7.6314e-06),tensor(0.0016),tensor(1.),tensor(1.),tensor(1.),tensor(1.),tensor(1.),tensor(1.),tensor(0.0204),tensor(1.),tensor(0.3763),tensor(0.0119),tensor(1.),tensor(1.),tensor(1.),tensor(0.0060),tensor(0.1648),tensor(0.0746),tensor(0.0059),tensor(1.),tensor(0.0248)
s_7348_jpg,tensor(0.0053),tensor(3.2844e-15),tensor(8.2044e-07),tensor(1.6119e-11),tensor(5.8451e-05),tensor(2.8060e-09),tensor(1.2628e-21),tensor(0.0002),tensor(8.8969e-19),tensor(0.9995),tensor(3.0741e-05),tensor(0.9289),tensor(0.0336),tensor(0.2845),tensor(1.),tensor(1.),tensor(0.4169),tensor(0.1096),tensor(0.0021),tensor(0.0690),tensor(0.0431),tensor(0.0003),tensor(0.0283),tensor(1.),tensor(0.0705),tensor(0.0279),tensor(0.0001),tensor(0.3032),tensor(1.),tensor(0.0055),tensor(1.),tensor(0.0081)
s_8686_jpg,tensor(0.2643),tensor(3.0403e-08),tensor(3.6223e-08),tensor(2.0617e-08),tensor(0.0233),tensor(1.7202e-10),tensor(2.1258e-17),tensor(8.1132e-17),tensor(2.6159e-09),tensor(9.8949e-07),tensor(0.9998),tensor(0.0010),tensor(0.0046),tensor(1.),tensor(1.),tensor(1.),tensor(0.4352),tensor(0.3608),tensor(0.0188),tensor(0.0143),tensor(0.2180),tensor(0.0037),tensor(0.0055),tensor(1.),tensor(0.2488),tensor(0.0996),tensor(0.0002),tensor(1.),tensor(1.),tensor(0.1171),tensor(0.1110),tensor(0.0005)
s_11524_jpg,tensor(0.0537),tensor(2.4393e-09),tensor(7.1945e-05),tensor(1.1955e-07),tensor(0.0052),tensor(1.9457e-08),tensor(2.4442e-21),tensor(7.3775e-08),tensor(2.7936e-23),tensor(0.9573),tensor(0.9039),tensor(0.9565),tensor(0.0062),tensor(1.0000),tensor(1.),tensor(1.),tensor(0.4134),tensor(0.1378),tensor(0.0048),tensor(0.0147),tensor(0.0895),tensor(0.0008),tensor(0.0076),tensor(1.),tensor(0.1939),tensor(0.0627),tensor(0.0001),tensor(1.),tensor(1.),tensor(0.0102),tensor(1.),tensor(0.0018)
s_14513_jpg,tensor(4.5675e-11),tensor(2.2508e-25),tensor(0.),tensor(9.8713e-20),tensor(4.7461e-15),tensor(1.),tensor(1.0000),tensor(0.0065),tensor(0.),tensor(8.0711e-22),tensor(0.),tensor(2.3578e-22),tensor(1.),tensor(0.0011),tensor(0.0088),tensor(1.),tensor(0.1153),tensor(0.0062),tensor(4.3710e-06),tensor(1.),tensor(0.0017),tensor(1.4649e-09),tensor(1.),tensor(1.),tensor(0.0002),tensor(6.1501e-05),tensor(3.5667e-11),tensor(5.7504e-05),tensor(0.0004),tensor(1.5428e-08),tensor(0.0002),tensor(0.3188)
s_822_jpg,tensor(0.2435),tensor(0.9339),tensor(2.4218e-06),tensor(1.),tensor(0.9975),tensor(7.9002e-25),tensor(4.8708e-34),tensor(0.),tensor(1.5869e-25),tensor(8.1973e-33),tensor(6.5244e-26),tensor(4.3634e-07),tensor(3.2507e-05),tensor(1.),tensor(1.),tensor(1.),tensor(1.),tensor(1.),tensor(1.),tensor(0.0014),tensor(1.),tensor(0.3496),tensor(0.0007),tensor(1.),tensor(1.),tensor(1.),tensor(0.0003),tensor(0.1004),tensor(0.0331),tensor(0.0013),tensor(0.2271),tensor(0.0006)
s_6527_jpg,tensor(2.1237e-08),tensor(7.5177e-11),tensor(1.8076e-24),tensor(3.7948e-07),tensor(1.4205e-06),tensor(0.5273),tensor(1.),tensor(1.),tensor(3.7969e-27),tensor(3.8663e-12),tensor(0.),tensor(3.0061e-11),tensor(1.),tensor(0.0180),tensor(0.0340),tensor(1.),tensor(0.2143),tensor(0.0655),tensor(0.0009),tensor(1.),tensor(0.0291),tensor(1.4254e-05),tensor(1.),tensor(1.),tensor(0.0047),tensor(0.0032),tensor(8.3718e-07),tensor(0.0061),tensor(0.0093),tensor(3.1283e-05),tensor(0.0010),tensor(1.)
s_8181_jpg,tensor(0.9046),tensor(0.9947),tensor(0.0021),tensor(1.),tensor(0.9847),tensor(7.5562e-21),tensor(2.4455e-31),tensor(0.),tensor(5.7344e-23),tensor(8.4708e-28),tensor(2.1526e-21),tensor(7.2539e-05),tensor(0.0002),tensor(1.),tensor(1.),tensor(1.),tensor(1.),tensor(1.),tensor(1.),tensor(0.0038),tensor(1.),tensor(0.3698),tensor(0.0022),tensor(1.),tensor(1.),tensor(1.),tensor(0.0010),tensor(0.1580),tensor(0.0704),tensor(0.0024),tensor(0.4001),tensor(0.0028)
s_11368_jpg,tensor(0.0375),tensor(8.2607e-09),tensor(0.0002),tensor(1.4791e-07),tensor(0.0149),tensor(1.1317e-08),tensor(7.0591e-18),tensor(4.2729e-07),tensor(1.9309e-18),tensor(0.9837),tensor(0.0195),tensor(0.8883),tensor(0.0294),tensor(0.3727),tensor(1.),tensor(1.),tensor(0.4414),tensor(0.1538),tensor(0.0065),tensor(0.0632),tensor(0.0926),tensor(0.0013),tensor(0.0315),tensor(1.),tensor(0.1406),tensor(0.0624),tensor(0.0004),tensor(0.4048),tensor(1.),tensor(0.0119),tensor(1.),tensor(0.0090)
s_12792_jpg,tensor(0.5613),tensor(0.1418),tensor(4.6224e-06),tensor(1.0000),tensor(0.9621),tensor(5.4523e-13),tensor(2.8182e-16),tensor(7.4509e-23),tensor(2.8853e-10),tensor(1.3337e-16),tensor(1.9845e-12),tensor(0.0011),tensor(0.0054),tensor(1.),tensor(1.),tensor(1.),tensor(1.),tensor(1.),tensor(1.),tensor(0.0340),tensor(1.),tensor(0.3851),tensor(0.0227),tensor(1.),tensor(1.),tensor(1.),tensor(0.0129),tensor(0.2677),tensor(0.1711),tensor(0.0567),tensor(0.2537),tensor(0.0160)
s_11232_jpg,tensor(0.9915),tensor(0.2403),tensor(4.5032e-06),tensor(1.0000),tensor(0.0090),tensor(9.2013e-17),tensor(1.0075e-27),tensor(3.2295e-34),tensor(5.4651e-18),tensor(3.2492e-24),tensor(1.2057e-15),tensor(0.0035),tensor(0.0006),tensor(1.),tensor(1.),tensor(1.),tensor(1.),tensor(1.),tensor(1.),tensor(0.0075),tensor(1.),tensor(0.2311),tensor(0.0049),tensor(1.),tensor(1.),tensor(1.),tensor(0.0021),tensor(0.2704),tensor(0.1451),tensor(0.0218),tensor(0.2271),tensor(0.0031)
s_5075_jpg,tensor(6.1802e-06),tensor(8.9418e-13),tensor(1.9280e-27),tensor(5.0030e-10),tensor(2.0595e-07),tensor(0.9998),tensor(0.9999),tensor(0.2602),tensor(5.4966e-22),tensor(2.9482e-12),tensor(4.6609e-31),tensor(2.2193e-12),tensor(1.),tensor(0.0287),tensor(0.0696),tensor(1.),tensor(0.2450),tensor(0.0706),tensor(0.0024),tensor(1.),tensor(0.0345),tensor(3.0212e-05),tensor(1.),tensor(1.),tensor(0.0111),tensor(0.0067),tensor(5.2785e-06),tensor(0.0057),tensor(0.0145),tensor(8.4184e-05),tensor(0.0097),tensor(0.4666)
s_2726_jpg,tensor(1.9346e-14),tensor(2.0618e-24),tensor(0.),tensor(5.4829e-16),tensor(1.2178e-14),tensor(1.),tensor(1.),tensor(1.),tensor(0.),tensor(7.2215e-17),tensor(0.),tensor(2.7042e-19),tensor(1.),tensor(0.0001),tensor(0.0010),tensor(0.9998),tensor(0.0688),tensor(0.0019),tensor(2.2474e-07),tensor(1.),tensor(0.0007),tensor(1.1993e-11),tensor(1.),tensor(1.),tensor(1.0129e-05),tensor(6.4029e-06),tensor(1.1437e-13),tensor(5.2982e-06),tensor(4.2936e-05),tensor(8.3010e-11),tensor(1.3459e-06),tensor(1.)
s_13001_jpg,tensor(5.8694e-08),tensor(3.9876e-19),tensor(8.2604e-37),tensor(1.4746e-12),tensor(3.0222e-11),tensor(0.9999),tensor(1.0000),tensor(0.0020),tensor(6.5086e-32),tensor(2.5362e-17),tensor(0.),tensor(1.0371e-17),tensor(1.),tensor(0.0081),tensor(0.0295),tensor(1.),tensor(0.1770),tensor(0.0260),tensor(0.0001),tensor(1.),tensor(0.0105),tensor(3.9083e-07),tensor(1.),tensor(1.),tensor(0.0014),tensor(0.0008),tensor(2.5050e-08),tensor(0.0012),tensor(0.0046),tensor(2.9931e-06),tensor(0.0014),tensor(0.3640)
s_8851_jpg,tensor(0.0080),tensor(8.2735e-14),tensor(1.1641e-06),tensor(4.2593e-10),tensor(4.3862e-05),tensor(2.8911e-07),tensor(3.3922e-17),tensor(0.0004),tensor(1.0461e-15),tensor(0.9993),tensor(0.0002),tensor(0.8962),tensor(0.0664),tensor(0.2762),tensor(1.),tensor(1.),tensor(0.4238),tensor(0.1386),tensor(0.0045),tensor(0.1135),tensor(0.0672),tensor(0.0010),tensor(0.0582),tensor(1.),tensor(0.0907),tensor(0.0434),tensor(0.0004),tensor(0.3152),tensor(1.),tensor(0.0097),tensor(1.),tensor(0.0183)
s_11399_jpg,tensor(6.7132e-09),tensor(1.6037e-14),tensor(1.7124e-34),tensor(5.6201e-11),tensor(1.8252e-08),tensor(1.),tensor(1.),tensor(1.),tensor(1.3845e-26),tensor(4.6713e-12),tensor(0.),tensor(1.6451e-13),tensor(1.),tensor(0.0061),tensor(0.0266),tensor(1.0000),tensor(0.2003),tensor(0.0294),tensor(0.0002),tensor(1.),tensor(0.0176),tensor(9.6747e-07),tensor(1.),tensor(1.),tensor(0.0021),tensor(0.0013),tensor(5.9091e-08),tensor(0.0009),tensor(0.0026),tensor(2.2113e-06),tensor(0.0009),tensor(1.)
s_15107_jpg,tensor(4.9369e-06),tensor(6.2609e-20),tensor(1.3589e-33),tensor(2.9034e-20),tensor(4.1619e-12),tensor(1.),tensor(2.0737e-07),tensor(9.1052e-09),tensor(1.8066e-17),tensor(3.7684e-10),tensor(0.),tensor(9.5456e-10),tensor(1.),tensor(0.0126),tensor(0.0801),tensor(1.),tensor(0.3108),tensor(0.0403),tensor(0.0002),tensor(1.),tensor(0.0157),tensor(2.1204e-06),tensor(0.3042),tensor(1.),tensor(0.0035),tensor(0.0024),tensor(1.3473e-07),tensor(0.0011),tensor(0.0092),tensor(1.4120e-05),tensor(0.0121),tensor(0.1757)
s_8466_jpg,tensor(0.3915),tensor(0.9406),tensor(2.5761e-08),tensor(1.),tensor(0.4170),tensor(2.5776e-15),tensor(5.6655e-22),tensor(3.0892e-29),tensor(3.6035e-15),tensor(9.1950e-20),tensor(6.6296e-15),tensor(0.0002),tensor(0.0013),tensor(1.),tensor(1.),tensor(1.),tensor(1.),tensor(1.),tensor(1.),tensor(0.0116),tensor(1.),tensor(0.3401),tensor(0.0071),tensor(1.),tensor(1.),tensor(1.),tensor(0.0035),tensor(0.2360),tensor(0.1327),tensor(0.0211),tensor(0.1591),tensor(0.0030)
s_9315_jpg,tensor(0.9867),tensor(0.3422),tensor(0.9999),tensor(0.9991),tensor(0.9747),tensor(5.1291e-16),tensor(1.0099e-23),tensor(4.0098e-24),tensor(8.2647e-16),tensor(2.3402e-21),tensor(1.4873e-14),tensor(0.0054),tensor(0.0029),tensor(1.),tensor(1.),tensor(1.),tensor(1.),tensor(1.),tensor(1.),tensor(0.0280),tensor(1.),tensor(0.4399),tensor(0.0177),tensor(1.),tensor(1.),tensor(1.),tensor(0.0096),tensor(0.1977),tensor(0.1026),tensor(0.0115),tensor(1.),tensor(0.0411)
s_12631_jpg,tensor(0.1670),tensor(1.1477e-16),tensor(1.0402e-06),tensor(2.0201e-09),tensor(0.0009),tensor(1.0335e-11),tensor(4.9786e-26),tensor(1.2953e-18),tensor(1.),tensor(8.2624e-11),tensor(0.9994),tensor(4.7370e-08),tensor(0.0022),tensor(1.),tensor(1.),tensor(1.),tensor(0.3321),tensor(0.2918),tensor(0.0050),tensor(0.0066),tensor(0.1137),tensor(0.0004),tensor(0.0018),tensor(1.),tensor(0.0957),tensor(0.0322),tensor(4.8235e-05),tensor(1.),tensor(1.),tensor(1.),tensor(0.0135),tensor(8.1838e-05)
s_5603_jpg,tensor(2.5527e-06),tensor(2.2726e-21),tensor(2.0846e-33),tensor(2.9441e-22),tensor(1.5527e-13),tensor(1.),tensor(7.2509e-07),tensor(4.7018e-09),tensor(6.0288e-21),tensor(9.2598e-08),tensor(0.),tensor(1.9279e-07),tensor(1.),tensor(0.0113),tensor(0.0852),tensor(1.),tensor(0.2931),tensor(0.0297),tensor(9.1514e-05),tensor(1.),tensor(0.0089),tensor(1.3795e-06),tensor(0.3161),tensor(1.),tensor(0.0030),tensor(0.0014),tensor(1.3101e-07),tensor(0.0019),tensor(0.0190),tensor(1.2741e-05),tensor(0.0250),tensor(0.1796)
s_7406_jpg,tensor(0.0002),tensor(5.3302e-10),tensor(2.2494e-15),tensor(1.9499e-12),tensor(7.8408e-08),tensor(1.),tensor(2.4181e-05),tensor(0.0002),tensor(3.3312e-09),tensor(0.0002),tensor(1.0277e-20),tensor(0.0003),tensor(1.),tensor(0.0903),tensor(0.2545),tensor(0.9604),tensor(0.4150),tensor(0.1588),tensor(0.0100),tensor(1.),tensor(0.1077),tensor(0.0010),tensor(0.3185),tensor(1.),tensor(0.0539),tensor(0.0507),tensor(0.0003),tensor(0.0370),tensor(0.1230),tensor(0.0034),tensor(0.1565),tensor(0.2822)
s_13214_jpg,tensor(3.8778e-07),tensor(3.3871e-16),tensor(2.5320e-31),tensor(1.4702e-09),tensor(4.2625e-09),tensor(0.9873),tensor(1.0000),tensor(0.0141),tensor(4.2997e-28),tensor(7.1676e-15),tensor(1.2388e-35),tensor(1.0872e-15),tensor(1.),tensor(0.0175),tensor(0.0487),tensor(1.),tensor(0.2126),tensor(0.0459),tensor(0.0005),tensor(1.),tensor(0.0209),tensor(4.1249e-06),tensor(1.),tensor(1.),tensor(0.0034),tensor(0.0022),tensor(3.8909e-07),tensor(0.0040),tensor(0.0124),tensor(2.4342e-05),tensor(0.0034),tensor(0.3968)
s_15272_jpg,tensor(2.4792e-10),tensor(1.9715e-26),tensor(0.),tensor(2.1764e-20),tensor(3.9889e-16),tensor(1.),tensor(1.0000),tensor(0.0020),tensor(0.),tensor(1.3738e-21),tensor(0.),tensor(3.3988e-22),tensor(1.),tensor(0.0012),tensor(0.0084),tensor(1.),tensor(0.1073),tensor(0.0062),tensor(4.2687e-06),tensor(1.),tensor(0.0017),tensor(1.2924e-09),tensor(1.),tensor(1.),tensor(0.0001),tensor(6.3137e-05),tensor(3.7270e-11),tensor(6.3124e-05),tensor(0.0005),tensor(1.9018e-08),tensor(0.0001),tensor(0.3193)
s_4186_jpg,tensor(0.0307),tensor(2.3403e-11),tensor(2.2287e-06),tensor(7.3400e-09),tensor(0.0034),tensor(1.1893e-09),tensor(8.5634e-21),tensor(8.1464e-08),tensor(8.1124e-27),tensor(0.9453),tensor(0.9556),tensor(0.9019),tensor(0.0089),tensor(0.4377),tensor(1.),tensor(1.),tensor(0.3861),tensor(0.1035),tensor(0.0022),tensor(0.0187),tensor(0.0607),tensor(0.0003),tensor(0.0109),tensor(1.),tensor(0.1248),tensor(0.0298),tensor(5.3284e-05),tensor(1.),tensor(1.),tensor(0.0062),tensor(1.),tensor(0.0016)
s_12285_jpg,tensor(0.4245),tensor(0.0073),tensor(0.0404),tensor(0.0006),tensor(0.9867),tensor(4.0551e-05),tensor(0.1851),tensor(1.1343e-05),tensor(0.0348),tensor(3.3384e-12),tensor(0.0029),tensor(4.4209e-05),tensor(0.3591),tensor(0.4334),tensor(0.3333),tensor(1.),tensor(0.4123),tensor(0.4846),tensor(0.1986),tensor(0.4569),tensor(0.3727),tensor(0.0648),tensor(0.4466),tensor(0.4905),tensor(0.1855),tensor(0.1664),tensor(0.0150),tensor(0.2461),tensor(0.1865),tensor(0.2604),tensor(0.0412),tensor(0.1515)
s_1877_jpg,tensor(0.0092),tensor(3.5066e-07),tensor(7.1806e-05),tensor(7.8589e-09),tensor(4.6899e-09),tensor(1.0000),tensor(9.1331e-05),tensor(0.0004),tensor(7.3250e-07),tensor(0.0001),tensor(2.6887e-08),tensor(0.0009),tensor(0.3483),tensor(0.3140),tensor(0.4338),tensor(0.8984),tensor(0.4585),tensor(0.2778),tensor(0.1145),tensor(0.4256),tensor(0.3303),tensor(0.0142),tensor(0.2317),tensor(1.),tensor(0.2459),tensor(0.2979),tensor(0.0087),tensor(0.1371),tensor(0.2569),tensor(0.0368),tensor(0.2906),tensor(0.2167)
s_8587_jpg,tensor(0.0187),tensor(1.9437e-12),tensor(2.3412e-05),tensor(3.2722e-08),tensor(0.0024),tensor(4.6090e-09),tensor(9.6452e-17),tensor(3.2313e-05),tensor(1.5960e-18),tensor(0.9991),tensor(0.0010),tensor(0.9555),tensor(0.0536),tensor(0.3340),tensor(1.),tensor(1.),tensor(0.4212),tensor(0.1442),tensor(0.0052),tensor(0.0950),tensor(0.0676),tensor(0.0012),tensor(0.0504),tensor(1.),tensor(0.1116),tensor(0.0452),tensor(0.0005),tensor(0.3625),tensor(1.),tensor(0.0120),tensor(1.),tensor(0.0133)
s_12131_jpg,tensor(2.5570e-05),tensor(2.9108e-23),tensor(7.3355e-34),tensor(1.5532e-22),tensor(2.9244e-14),tensor(1.),tensor(5.5238e-11),tensor(3.7021e-11),tensor(3.2301e-16),tensor(2.2420e-07),tensor(0.),tensor(1.7069e-08),tensor(1.),tensor(0.0103),tensor(0.0861),tensor(1.),tensor(0.3255),tensor(0.0322),tensor(9.7561e-05),tensor(1.),tensor(0.0123),tensor(1.2468e-06),tensor(0.2557),tensor(1.),tensor(0.0025),tensor(0.0016),tensor(1.0132e-07),tensor(0.0010),tensor(0.0121),tensor(9.2717e-06),tensor(0.0227),tensor(0.1905)
s_4406_jpg,tensor(4.3576e-10),tensor(1.6508e-15),tensor(4.6133e-35),tensor(4.6356e-10),tensor(4.3726e-09),tensor(0.3334),tensor(1.),tensor(1.),tensor(2.7460e-35),tensor(7.8511e-12),tensor(0.),tensor(2.6695e-13),tensor(1.),tensor(0.0068),tensor(0.0206),tensor(1.),tensor(0.1646),tensor(0.0259),tensor(0.0001),tensor(1.),tensor(0.0105),tensor(5.5721e-07),tensor(1.),tensor(1.),tensor(0.0012),tensor(0.0008),tensor(3.6064e-08),tensor(0.0028),tensor(0.0067),tensor(2.9435e-06),tensor(0.0004),tensor(1.)
s_15253_jpg,tensor(0.0141),tensor(1.4610e-14),tensor(1.2075e-06),tensor(3.1716e-10),tensor(0.0013),tensor(7.4916e-11),tensor(1.6133e-24),tensor(2.3016e-08),tensor(3.4115e-27),tensor(0.9892),tensor(0.6240),tensor(0.8623),tensor(0.0056),tensor(0.4582),tensor(1.),tensor(1.),tensor(0.3366),tensor(0.0791),tensor(0.0009),tensor(0.0138),tensor(0.0322),tensor(9.6481e-05),tensor(0.0060),tensor(1.),tensor(0.0896),tensor(0.0191),tensor(2.4288e-05),tensor(1.),tensor(1.),tensor(0.0052),tensor(1.),tensor(0.0008)
s_15145_jpg,tensor(0.1857),tensor(1.1610e-10),tensor(5.1429e-06),tensor(1.4882e-07),tensor(0.0396),tensor(1.6392e-12),tensor(4.9994e-19),tensor(1.3089e-16),tensor(1.2371e-13),tensor(3.5395e-08),tensor(0.9999),tensor(9.8620e-06),tensor(0.0040),tensor(1.),tensor(1.),tensor(1.),tensor(0.3607),tensor(0.2131),tensor(0.0048),tensor(0.0117),tensor(0.1068),tensor(0.0005),tensor(0.0046),tensor(1.),tensor(0.1171),tensor(0.0358),tensor(4.2770e-05),tensor(1.),tensor(1.),tensor(0.0722),tensor(0.1037),tensor(0.0003)
s_15820_jpg,tensor(0.1650),tensor(5.9570e-06),tensor(3.2188e-05),tensor(0.0009),tensor(0.0108),tensor(3.1639e-07),tensor(1.6425e-10),tensor(5.2920e-19),tensor(1.),tensor(2.1241e-09),tensor(0.0331),tensor(1.2441e-05),tensor(0.0145),tensor(1.),tensor(1.),tensor(1.),tensor(0.4308),tensor(1.0000),tensor(0.0953),tensor(0.0425),tensor(0.3283),tensor(0.0162),tensor(0.0162),tensor(0.4958),tensor(0.2215),tensor(0.1871),tensor(0.0016),tensor(0.4781),tensor(0.6003),tensor(1.),tensor(0.0159),tensor(0.0021)
s_2068_jpg,tensor(0.2565),tensor(6.1727e-08),tensor(8.1873e-05),tensor(0.0003),tensor(0.0098),tensor(3.4877e-08),tensor(3.5478e-13),tensor(4.2114e-24),tensor(1.),tensor(6.1912e-13),tensor(0.1141),tensor(5.3599e-07),tensor(0.0049),tensor(1.),tensor(1.),tensor(1.),tensor(0.3742),tensor(0.4643),tensor(0.0209),tensor(0.0180),tensor(0.2036),tensor(0.0017),tensor(0.0044),tensor(0.4977),tensor(0.0973),tensor(0.0660),tensor(0.0001),tensor(0.4808),tensor(0.4738),tensor(1.),tensor(0.0039),tensor(0.0002)
s_11545_jpg,tensor(0.2487),tensor(4.1303e-08),tensor(9.8223e-07),tensor(2.1518e-07),tensor(0.0264),tensor(1.0195e-10),tensor(3.5818e-16),tensor(2.1750e-15),tensor(2.6672e-12),tensor(2.5128e-06),tensor(0.9997),tensor(0.0003),tensor(0.0082),tensor(1.),tensor(1.),tensor(1.),tensor(0.4120),tensor(0.3132),tensor(0.0225),tensor(0.0243),tensor(0.2066),tensor(0.0038),tensor(0.0105),tensor(1.),tensor(0.2040),tensor(0.0982),tensor(0.0003),tensor(1.),tensor(1.),tensor(0.1074),tensor(0.1458),tensor(0.0011)
s_12329_jpg,tensor(2.2361e-11),tensor(4.7831e-23),tensor(0.),tensor(8.7440e-15),tensor(9.8530e-13),tensor(1.0000),tensor(1.),tensor(1.),tensor(0.),tensor(4.6289e-19),tensor(0.),tensor(1.7756e-20),tensor(1.),tensor(0.0009),tensor(0.0053),tensor(1.),tensor(0.0957),tensor(0.0062),tensor(4.3490e-06),tensor(1.),tensor(0.0019),tensor(1.7109e-09),tensor(1.),tensor(1.),tensor(0.0001),tensor(4.5941e-05),tensor(4.2898e-11),tensor(7.0864e-05),tensor(0.0003),tensor(1.3008e-08),tensor(4.9050e-05),tensor(1.)
s_10847_jpg,tensor(6.6668e-10),tensor(5.1226e-17),tensor(2.6942e-36),tensor(3.7256e-11),tensor(3.1450e-10),tensor(0.3658),tensor(1.),tensor(1.),tensor(4.9654e-37),tensor(5.2185e-15),tensor(0.),tensor(2.8068e-16),tensor(1.),tensor(0.0045),tensor(0.0148),tensor(1.),tensor(0.1516),tensor(0.0230),tensor(7.4237e-05),tensor(1.),tensor(0.0090),tensor(2.3797e-07),tensor(1.),tensor(1.),tensor(0.0008),tensor(0.0004),tensor(7.8201e-09),tensor(0.0014),tensor(0.0033),tensor(9.5087e-07),tensor(0.0002),tensor(1.)
s_2957_jpg,tensor(1.4945e-05),tensor(2.2138e-21),tensor(1.9769e-28),tensor(2.2850e-24),tensor(8.5068e-18),tensor(1.),tensor(1.4851e-10),tensor(5.1730e-08),tensor(8.1839e-17),tensor(1.7606e-08),tensor(9.4286e-39),tensor(4.5249e-09),tensor(1.),tensor(0.0094),tensor(0.1018),tensor(0.4728),tensor(0.3672),tensor(0.0286),tensor(0.0001),tensor(1.),tensor(0.0182),tensor(1.3912e-06),tensor(0.2853),tensor(1.),tensor(0.0032),tensor(0.0025),tensor(1.6194e-07),tensor(0.0013),tensor(0.0195),tensor(6.7248e-06),tensor(0.0262),tensor(0.2238)
s_12650_jpg,tensor(3.2853e-11),tensor(6.2794e-24),tensor(0.),tensor(4.6577e-16),tensor(5.8808e-14),tensor(1.0000),tensor(1.),tensor(1.),tensor(0.),tensor(1.4341e-20),tensor(0.),tensor(1.7572e-22),tensor(1.),tensor(0.0009),tensor(0.0056),tensor(1.),tensor(0.0960),tensor(0.0060),tensor(4.2567e-06),tensor(1.),tensor(0.0018),tensor(1.4973e-09),tensor(1.),tensor(1.),tensor(0.0001),tensor(4.6608e-05),tensor(3.6909e-11),tensor(6.7388e-05),tensor(0.0003),tensor(1.2106e-08),tensor(5.3087e-05),tensor(1.)
s_1498_jpg,tensor(0.1341),tensor(2.2267e-06),tensor(0.0005),tensor(0.0148),tensor(0.2428),tensor(2.8671e-06),tensor(7.0832e-06),tensor(7.9380e-14),tensor(1.),tensor(8.3233e-10),tensor(0.0010),tensor(1.6079e-05),tensor(0.0475),tensor(1.),tensor(1.),tensor(1.),tensor(0.4869),tensor(1.),tensor(0.1398),tensor(0.1062),tensor(0.3365),tensor(0.0434),tensor(0.0532),tensor(0.4790),tensor(0.2242),tensor(0.2013),tensor(0.0069),tensor(0.4385),tensor(0.4704),tensor(1.),tensor(0.0400),tensor(0.0129)
s_6794_jpg,tensor(3.9721e-11),tensor(1.2440e-26),tensor(0.),tensor(4.8232e-19),tensor(5.9341e-16),tensor(1.),tensor(1.),tensor(0.0004),tensor(0.),tensor(8.1802e-25),tensor(0.),tensor(1.2657e-24),tensor(1.),tensor(0.0010),tensor(0.0072),tensor(1.),tensor(0.1029),tensor(0.0057),tensor(3.5133e-06),tensor(1.),tensor(0.0014),tensor(8.7546e-10),tensor(1.),tensor(1.),tensor(0.0001),tensor(3.5370e-05),tensor(1.3098e-11),tensor(3.9276e-05),tensor(0.0003),tensor(9.1458e-09),tensor(7.9677e-05),tensor(0.2734)
s_9257_jpg,tensor(4.4101e-08),tensor(5.1584e-13),tensor(1.3261e-28),tensor(3.6088e-07),tensor(7.0866e-08),tensor(0.1835),tensor(1.),tensor(1.),tensor(2.1724e-29),tensor(3.7000e-12),tensor(9.3959e-38),tensor(2.4942e-14),tensor(1.),tensor(0.0173),tensor(0.0460),tensor(1.),tensor(0.2342),tensor(0.0536),tensor(0.0008),tensor(1.),tensor(0.0295),tensor(1.1657e-05),tensor(1.),tensor(1.),tensor(0.0055),tensor(0.0031),tensor(8.2392e-07),tensor(0.0066),tensor(0.0124),tensor(2.7019e-05),tensor(0.0025),tensor(1.)
s_1243_jpg,tensor(0.0068),tensor(3.9041e-16),tensor(4.5131e-08),tensor(3.2953e-12),tensor(0.0004),tensor(9.7444e-14),tensor(5.0360e-32),tensor(1.3868e-13),tensor(1.6649e-37),tensor(0.9760),tensor(0.9233),tensor(0.9083),tensor(0.0008),tensor(0.4490),tensor(1.),tensor(1.),tensor(0.3252),tensor(0.0438),tensor(0.0002),tensor(0.0031),tensor(0.0173),tensor(7.0794e-06),tensor(0.0011),tensor(1.),tensor(0.0538),tensor(0.0072),tensor(6.5420e-07),tensor(1.),tensor(1.),tensor(0.0008),tensor(1.),tensor(7.3695e-05)
s_3587_jpg,tensor(1.4603e-05),tensor(2.3168e-10),tensor(3.3972e-20),tensor(5.3101e-06),tensor(9.7648e-06),tensor(0.5155),tensor(0.9999),tensor(0.0692),tensor(1.6846e-19),tensor(2.7136e-11),tensor(4.9810e-23),tensor(2.5048e-11),tensor(1.),tensor(0.0600),tensor(0.1138),tensor(1.),tensor(0.3089),tensor(0.1250),tensor(0.0070),tensor(1.),tensor(0.0735),tensor(0.0003),tensor(1.),tensor(1.),tensor(0.0240),tensor(0.0159),tensor(4.3397e-05),tensor(0.0220),tensor(0.0407),tensor(0.0006),tensor(0.0193),tensor(0.4527)
s_6799_jpg,tensor(0.0277),tensor(1.3423e-11),tensor(5.4984e-06),tensor(1.9964e-08),tensor(0.0029),tensor(2.8657e-09),tensor(3.7043e-20),tensor(2.8616e-08),tensor(1.3968e-24),tensor(0.9800),tensor(0.8059),tensor(0.8886),tensor(0.0111),tensor(0.4386),tensor(1.),tensor(1.),tensor(0.3833),tensor(0.1082),tensor(0.0024),tensor(0.0230),tensor(0.0640),tensor(0.0004),tensor(0.0124),tensor(1.),tensor(0.1226),tensor(0.0340),tensor(7.6068e-05),tensor(1.),tensor(1.),tensor(0.0078),tensor(1.),tensor(0.0020)
s_8548_jpg,tensor(0.1134),tensor(1.3768e-07),tensor(0.0007),tensor(0.0153),tensor(0.0816),tensor(3.9085e-06),tensor(2.7577e-07),tensor(1.2318e-16),tensor(1.),tensor(3.2335e-11),tensor(0.0003),tensor(2.1279e-06),tensor(0.0255),tensor(1.),tensor(1.),tensor(1.),tensor(0.4551),tensor(1.),tensor(0.0984),tensor(0.0632),tensor(0.3034),tensor(0.0188),tensor(0.0270),tensor(0.4667),tensor(0.1699),tensor(0.1606),tensor(0.0023),tensor(0.4176),tensor(0.4581),tensor(1.),tensor(0.0171),tensor(0.0047)
s_9567_jpg,tensor(0.2579),tensor(0.9733),tensor(0.0039),tensor(1.),tensor(0.7585),tensor(4.7725e-26),tensor(2.6946e-38),tensor(0.),tensor(3.9584e-27),tensor(5.5205e-33),tensor(1.1370e-25),tensor(7.6348e-07),tensor(1.4518e-05),tensor(1.),tensor(1.),tensor(1.),tensor(1.),tensor(1.),tensor(1.),tensor(0.0008),tensor(1.),tensor(0.2794),tensor(0.0003),tensor(1.),tensor(1.),tensor(1.),tensor(0.0002),tensor(0.0758),tensor(0.0265),tensor(0.0007),tensor(0.3320),tensor(0.0006)
s_9986_jpg,tensor(3.1000e-07),tensor(4.4844e-16),tensor(3.3435e-35),tensor(5.3822e-14),tensor(1.7448e-09),tensor(1.),tensor(1.0000),tensor(0.0025),tensor(9.8250e-27),tensor(7.8837e-18),tensor(0.),tensor(1.4662e-15),tensor(1.),tensor(0.0123),tensor(0.0397),tensor(1.),tensor(0.1926),tensor(0.0389),tensor(0.0003),tensor(1.),tensor(0.0148),tensor(1.3812e-06),tensor(1.),tensor(1.),tensor(0.0028),tensor(0.0017),tensor(7.9272e-08),tensor(0.0012),tensor(0.0033),tensor(9.1952e-06),tensor(0.0012),tensor(0.3103)
s_12750_jpg,tensor(0.5941),tensor(0.9729),tensor(1.1393e-05),tensor(0.0049),tensor(0.0225),tensor(3.5030e-09),tensor(2.9929e-16),tensor(9.1867e-21),tensor(2.9915e-06),tensor(4.8135e-07),tensor(0.0005),tensor(0.0648),tensor(0.0077),tensor(1.),tensor(1.),tensor(1.),tensor(1.),tensor(1.),tensor(0.3292),tensor(0.0321),tensor(1.),tensor(0.1632),tensor(0.0162),tensor(1.),tensor(1.),tensor(1.),tensor(0.0071),tensor(0.3974),tensor(0.3559),tensor(0.1206),tensor(0.1852),tensor(0.0072)
s_2553_jpg,tensor(0.9222),tensor(0.1585),tensor(0.9998),tensor(1.0000),tensor(0.8575),tensor(7.6090e-14),tensor(1.5554e-15),tensor(2.3721e-20),tensor(2.5097e-14),tensor(1.4571e-19),tensor(7.2039e-14),tensor(0.0002),tensor(0.0107),tensor(1.),tensor(1.),tensor(1.),tensor(1.),tensor(1.),tensor(1.),tensor(0.0577),tensor(1.),tensor(0.4181),tensor(0.0404),tensor(1.),tensor(1.),tensor(1.),tensor(0.0303),tensor(0.2426),tensor(0.1586),tensor(0.0272),tensor(1.),tensor(0.0948)
s_6931_jpg,tensor(0.3346),tensor(8.0547e-12),tensor(0.0014),tensor(0.0012),tensor(0.0683),tensor(1.1875e-06),tensor(8.6837e-22),tensor(1.7075e-17),tensor(1.),tensor(2.6151e-05),tensor(0.9985),tensor(0.0010),tensor(0.0070),tensor(1.),tensor(1.),tensor(1.),tensor(0.3823),tensor(0.4249),tensor(0.0404),tensor(0.0204),tensor(0.2651),tensor(0.0044),tensor(0.0079),tensor(1.),tensor(0.2279),tensor(0.1219),tensor(0.0007),tensor(1.),tensor(1.),tensor(1.),tensor(0.0218),tensor(0.0008)
s_14882_jpg,tensor(3.5638e-10),tensor(2.1354e-23),tensor(0.),tensor(1.0215e-17),tensor(1.0084e-13),tensor(1.),tensor(1.0000),tensor(0.0023),tensor(0.),tensor(1.7250e-19),tensor(0.),tensor(6.3466e-20),tensor(1.),tensor(0.0023),tensor(0.0125),tensor(1.),tensor(0.1297),tensor(0.0097),tensor(1.3322e-05),tensor(1.),tensor(0.0029),tensor(8.3563e-09),tensor(1.),tensor(1.),tensor(0.0003),tensor(0.0001),tensor(3.3285e-10),tensor(0.0002),tensor(0.0009),tensor(9.2433e-08),tensor(0.0004),tensor(0.3195)
s_6946_jpg,tensor(0.0263),tensor(8.6047e-13),tensor(3.3087e-06),tensor(5.0658e-09),tensor(0.0033),tensor(1.9845e-10),tensor(1.2012e-22),tensor(1.3978e-07),tensor(3.4199e-29),tensor(0.9738),tensor(0.9448),tensor(0.9581),tensor(0.0055),tensor(0.4512),tensor(1.),tensor(1.),tensor(0.3736),tensor(0.0878),tensor(0.0013),tensor(0.0115),tensor(0.0468),tensor(0.0002),tensor(0.0066),tensor(1.),tensor(0.1167),tensor(0.0226),tensor(2.9671e-05),tensor(1.),tensor(1.),tensor(0.0044),tensor(1.),tensor(0.0009)
s_7036_jpg,tensor(0.1624),tensor(4.5319e-07),tensor(1.5522e-06),tensor(6.4989e-05),tensor(0.1363),tensor(2.3226e-09),tensor(1.1644e-11),tensor(1.1892e-19),tensor(1.),tensor(1.1747e-10),tensor(0.0571),tensor(7.0211e-06),tensor(0.0112),tensor(1.),tensor(1.),tensor(1.),tensor(0.4478),tensor(1.0000),tensor(0.0565),tensor(0.0305),tensor(0.3133),tensor(0.0094),tensor(0.0132),tensor(0.9500),tensor(0.1536),tensor(0.1082),tensor(0.0006),tensor(0.4833),tensor(0.9994),tensor(1.),tensor(0.0067),tensor(0.0010)
s_1526_jpg,tensor(7.5309e-07),tensor(2.0647e-17),tensor(2.9348e-29),tensor(4.2319e-10),tensor(2.3847e-09),tensor(0.0948),tensor(1.0000),tensor(4.8559e-06),tensor(2.5647e-30),tensor(1.4080e-18),tensor(1.0549e-31),tensor(4.9628e-16),tensor(1.),tensor(0.0206),tensor(0.0439),tensor(1.),tensor(0.1954),tensor(0.0473),tensor(0.0003),tensor(1.),tensor(0.0134),tensor(2.3350e-06),tensor(1.),tensor(1.),tensor(0.0019),tensor(0.0011),tensor(1.6657e-07),tensor(0.0041),tensor(0.0139),tensor(3.9053e-05),tensor(0.0014),tensor(0.2671)
s_20_jpg,tensor(5.9537e-09),tensor(1.6373e-17),tensor(5.0026e-36),tensor(5.9280e-11),tensor(6.1736e-11),tensor(0.4569),tensor(1.),tensor(1.),tensor(3.8757e-37),tensor(1.9810e-14),tensor(0.),tensor(4.5320e-16),tensor(1.),tensor(0.0057),tensor(0.0195),tensor(1.),tensor(0.1547),tensor(0.0226),tensor(9.0852e-05),tensor(1.),tensor(0.0091),tensor(3.0746e-07),tensor(1.),tensor(1.),tensor(0.0010),tensor(0.0005),tensor(1.7972e-08),tensor(0.0021),tensor(0.0056),tensor(1.9297e-06),tensor(0.0003),tensor(1.)
s_12883_jpg,tensor(0.0024),tensor(2.2647e-19),tensor(4.2037e-08),tensor(1.1361e-12),tensor(1.4423e-05),tensor(1.7487e-10),tensor(5.8955e-23),tensor(0.0002),tensor(2.0707e-21),tensor(1.0000),tensor(6.8559e-05),tensor(0.9272),tensor(0.0329),tensor(0.2446),tensor(1.),tensor(1.),tensor(0.3627),tensor(0.0747),tensor(0.0007),tensor(0.0671),tensor(0.0214),tensor(0.0001),tensor(0.0285),tensor(1.),tensor(0.0400),tensor(0.0124),tensor(4.3553e-05),tensor(0.3101),tensor(1.),tensor(0.0034),tensor(1.),tensor(0.0048)
s_14856_jpg,tensor(0.9437),tensor(0.2201),tensor(0.9999),tensor(1.0000),tensor(0.9725),tensor(2.3216e-18),tensor(3.3946e-24),tensor(2.4679e-27),tensor(2.5473e-18),tensor(7.4786e-24),tensor(1.4047e-16),tensor(0.0004),tensor(0.0012),tensor(1.),tensor(1.),tensor(1.),tensor(1.),tensor(1.),tensor(1.),tensor(0.0167),tensor(1.),tensor(0.4016),tensor(0.0094),tensor(1.),tensor(1.),tensor(1.),tensor(0.0048),tensor(0.1591),tensor(0.0701),tensor(0.0048),tensor(1.),tensor(0.0254)
s_1878_jpg,tensor(0.6551),tensor(0.9696),tensor(0.9998),tensor(1.),tensor(0.0017),tensor(5.4936e-29),tensor(3.7560e-39),tensor(0.),tensor(5.0613e-34),tensor(1.2707e-36),tensor(1.1529e-26),tensor(7.9734e-08),tensor(6.8246e-06),tensor(1.),tensor(1.),tensor(1.),tensor(1.),tensor(1.),tensor(1.),tensor(0.0006),tensor(1.),tensor(0.1540),tensor(0.0002),tensor(1.),tensor(1.),tensor(1.),tensor(0.0001),tensor(0.1050),tensor(0.0335),tensor(0.0004),tensor(1.),tensor(0.0008)
s_15627_jpg,tensor(0.9987),tensor(0.9799),tensor(8.0296e-08),tensor(0.0001),tensor(0.9912),tensor(2.5763e-16),tensor(1.8875e-33),tensor(4.3534e-32),tensor(4.7790e-14),tensor(5.6178e-21),tensor(2.6346e-13),tensor(0.1935),tensor(0.0005),tensor(1.),tensor(1.),tensor(1.),tensor(1.),tensor(1.),tensor(0.3753),tensor(0.0049),tensor(1.),tensor(0.3145),tensor(0.0034),tensor(0.9999),tensor(1.),tensor(1.),tensor(0.0013),tensor(0.2177),tensor(0.1260),tensor(0.0197),tensor(0.1409),tensor(0.0020)
s_11643_jpg,tensor(0.9527),tensor(0.8620),tensor(4.7439e-07),tensor(1.),tensor(4.1982e-05),tensor(1.8769e-18),tensor(3.2792e-30),tensor(0.),tensor(7.5392e-22),tensor(1.7427e-24),tensor(5.8719e-16),tensor(0.0008),tensor(0.0002),tensor(1.),tensor(1.),tensor(1.),tensor(1.),tensor(1.),tensor(1.),tensor(0.0038),tensor(1.),tensor(0.1579),tensor(0.0020),tensor(1.),tensor(1.),tensor(1.),tensor(0.0011),tensor(0.3427),tensor(0.1711),tensor(0.0134),tensor(0.2666),tensor(0.0012)
s_9345_jpg,tensor(0.9971),tensor(0.8133),tensor(0.0001),tensor(0.0184),tensor(0.9682),tensor(1.0246e-11),tensor(1.6569e-20),tensor(7.3364e-23),tensor(1.5536e-11),tensor(4.8138e-15),tensor(1.2525e-09),tensor(0.2009),tensor(0.0081),tensor(1.),tensor(1.),tensor(1.),tensor(1.),tensor(1.),tensor(0.4000),tensor(0.0328),tensor(1.),tensor(0.3643),tensor(0.0223),tensor(1.),tensor(1.),tensor(1.),tensor(0.0138),tensor(0.3727),tensor(0.2592),tensor(0.0495),tensor(0.3563),tensor(0.0192)
s_8919_jpg,tensor(0.8923),tensor(0.8938),tensor(0.0065),tensor(1.),tensor(0.0006),tensor(1.2454e-17),tensor(3.0562e-25),tensor(4.0756e-37),tensor(8.4877e-25),tensor(8.2823e-26),tensor(3.2020e-18),tensor(6.0779e-05),tensor(0.0008),tensor(1.),tensor(1.),tensor(1.),tensor(1.),tensor(1.),tensor(1.),tensor(0.0095),tensor(1.),tensor(0.1961),tensor(0.0059),tensor(1.),tensor(1.),tensor(1.),tensor(0.0030),tensor(0.3106),tensor(0.1645),tensor(0.0107),tensor(0.4922),tensor(0.0052)
s_8784_jpg,tensor(0.8548),tensor(0.9832),tensor(2.2666e-06),tensor(1.),tensor(0.9985),tensor(2.0549e-25),tensor(2.4756e-34),tensor(0.),tensor(9.0686e-31),tensor(4.9245e-37),tensor(1.1809e-27),tensor(1.3219e-07),tensor(3.2292e-05),tensor(1.),tensor(1.),tensor(1.),tensor(1.),tensor(1.),tensor(1.),tensor(0.0019),tensor(1.),tensor(0.3797),tensor(0.0011),tensor(1.),tensor(1.),tensor(1.),tensor(0.0002),tensor(0.1052),tensor(0.0331),tensor(0.0008),tensor(0.1915),tensor(0.0004)
s_5437_jpg,tensor(0.0055),tensor(2.5089e-16),tensor(3.4861e-07),tensor(2.2512e-11),tensor(0.0002),tensor(2.0892e-10),tensor(2.2910e-22),tensor(1.6429e-06),tensor(2.5514e-22),tensor(0.9998),tensor(0.0003),tensor(0.9029),tensor(0.0271),tensor(0.2945),tensor(1.),tensor(1.),tensor(0.3846),tensor(0.0853),tensor(0.0011),tensor(0.0593),tensor(0.0310),tensor(0.0002),tensor(0.0253),tensor(1.),tensor(0.0595),tensor(0.0186),tensor(6.0181e-05),tensor(0.3455),tensor(1.),tensor(0.0047),tensor(1.),tensor(0.0043)
s_12561_jpg,tensor(0.9052),tensor(0.9836),tensor(4.2489e-08),tensor(1.),tensor(0.9940),tensor(7.1772e-21),tensor(3.0940e-31),tensor(0.),tensor(3.5386e-18),tensor(4.3404e-28),tensor(4.9205e-20),tensor(3.7273e-05),tensor(0.0001),tensor(1.),tensor(1.),tensor(1.),tensor(1.),tensor(1.),tensor(1.),tensor(0.0030),tensor(1.),tensor(0.2886),tensor(0.0016),tensor(1.),tensor(1.),tensor(1.),tensor(0.0005),tensor(0.1190),tensor(0.0572),tensor(0.0054),tensor(0.1068),tensor(0.0008)
s_10241_jpg,tensor(0.0151),tensor(1.9750e-06),tensor(4.6104e-06),tensor(0.0001),tensor(0.0015),tensor(0.0070),tensor(0.9818),tensor(2.0179e-07),tensor(2.9327e-11),tensor(2.1808e-10),tensor(3.6142e-05),tensor(8.0193e-05),tensor(0.4755),tensor(0.2510),tensor(0.2763),tensor(1.),tensor(0.3942),tensor(0.2987),tensor(0.0447),tensor(1.0000),tensor(0.2090),tensor(0.0082),tensor(0.4851),tensor(1.),tensor(0.0835),tensor(0.0709),tensor(0.0019),tensor(0.1487),tensor(0.1858),tensor(0.0366),tensor(0.0522),tensor(0.2016)
s_11239_jpg,tensor(0.0770),tensor(1.2735e-11),tensor(8.5726e-07),tensor(1.6954e-09),tensor(0.1026),tensor(1.3463e-11),tensor(4.3061e-22),tensor(5.9554e-15),tensor(5.6825e-24),tensor(4.5353e-05),tensor(0.9992),tensor(0.0015),tensor(0.0034),tensor(1.),tensor(1.),tensor(1.),tensor(0.3571),tensor(0.1235),tensor(0.0012),tensor(0.0085),tensor(0.0518),tensor(0.0001),tensor(0.0038),tensor(1.),tensor(0.0899),tensor(0.0183),tensor(1.1024e-05),tensor(1.),tensor(1.),tensor(0.0128),tensor(0.2805),tensor(0.0002)
s_10903_jpg,tensor(0.2520),tensor(1.9343e-06),tensor(0.0005),tensor(0.0005),tensor(0.0197),tensor(8.8975e-07),tensor(6.0907e-10),tensor(3.1199e-19),tensor(1.),tensor(1.4236e-11),tensor(0.0138),tensor(2.2491e-06),tensor(0.0146),tensor(1.),tensor(1.),tensor(1.),tensor(0.4258),tensor(0.9127),tensor(0.0513),tensor(0.0441),tensor(0.2603),tensor(0.0082),tensor(0.0136),tensor(0.4856),tensor(0.1478),tensor(0.1226),tensor(0.0008),tensor(0.4456),tensor(0.4724),tensor(1.),tensor(0.0139),tensor(0.0017)
s_10443_jpg,tensor(0.9591),tensor(0.2500),tensor(1.2809e-06),tensor(1.),tensor(0.9991),tensor(2.4446e-22),tensor(1.8137e-31),tensor(0.),tensor(3.0354e-21),tensor(2.0582e-31),tensor(4.7694e-23),tensor(1.8497e-05),tensor(0.0001),tensor(1.),tensor(1.),tensor(1.),tensor(1.),tensor(1.),tensor(1.),tensor(0.0027),tensor(1.),tensor(0.3854),tensor(0.0018),tensor(1.),tensor(1.),tensor(1.),tensor(0.0006),tensor(0.1079),tensor(0.0415),tensor(0.0028),tensor(0.2171),tensor(0.0013)
s_5076_jpg,tensor(0.9932),tensor(0.3295),tensor(5.1053e-09),tensor(0.9997),tensor(0.0569),tensor(2.1522e-14),tensor(5.2091e-26),tensor(3.5969e-30),tensor(4.1070e-11),tensor(1.2778e-19),tensor(1.2073e-11),tensor(0.1027),tensor(0.0016),tensor(1.),tensor(1.),tensor(1.),tensor(1.),tensor(1.),tensor(0.8939),tensor(0.0107),tensor(1.),tensor(0.2898),tensor(0.0065),tensor(1.),tensor(1.),tensor(1.),tensor(0.0041),tensor(0.3141),tensor(0.1957),tensor(0.0495),tensor(0.1268),tensor(0.0032)
s_8585_jpg,tensor(1.8508e-07),tensor(8.5371e-21),tensor(9.6501e-36),tensor(4.3717e-12),tensor(1.5593e-11),tensor(0.1349),tensor(1.0000),tensor(0.0010),tensor(2.9856e-34),tensor(1.5360e-14),tensor(1.5252e-36),tensor(3.3714e-16),tensor(1.),tensor(0.0105),tensor(0.0373),tensor(1.),tensor(0.1807),tensor(0.0263),tensor(0.0001),tensor(1.),tensor(0.0077),tensor(7.4972e-07),tensor(1.),tensor(1.),tensor(0.0014),tensor(0.0006),tensor(6.6728e-08),tensor(0.0038),tensor(0.0139),tensor(8.5109e-06),tensor(0.0028),tensor(0.3640)
s_1931_jpg,tensor(5.2807e-15),tensor(1.8662e-31),tensor(0.),tensor(8.3707e-22),tensor(1.5154e-18),tensor(1.),tensor(1.),tensor(1.),tensor(0.),tensor(7.0406e-23),tensor(0.),tensor(2.6185e-26),tensor(1.),tensor(4.0318e-05),tensor(0.0006),tensor(1.),tensor(0.0447),tensor(0.0007),tensor(2.6479e-08),tensor(1.),tensor(0.0002),tensor(4.4903e-13),tensor(1.),tensor(1.),tensor(2.8191e-06),tensor(1.0852e-06),tensor(3.0949e-15),tensor(1.4742e-06),tensor(1.6098e-05),tensor(6.8956e-12),tensor(7.5480e-07),tensor(1.)
s_9046_jpg,tensor(0.0999),tensor(3.4439e-12),tensor(2.3318e-06),tensor(4.5098e-08),tensor(0.0300),tensor(2.1595e-11),tensor(1.3344e-18),tensor(6.2983e-14),tensor(1.4614e-17),tensor(4.5019e-06),tensor(0.9996),tensor(0.0002),tensor(0.0064),tensor(1.),tensor(1.),tensor(1.),tensor(0.3256),tensor(0.1582),tensor(0.0030),tensor(0.0143),tensor(0.0710),tensor(0.0003),tensor(0.0064),tensor(1.),tensor(0.0949),tensor(0.0254),tensor(4.4446e-05),tensor(1.),tensor(1.),tensor(0.0419),tensor(0.1912),tensor(0.0005)
s_9556_jpg,tensor(0.0093),tensor(1.5606e-14),tensor(5.0019e-08),tensor(3.6576e-11),tensor(0.0001),tensor(6.1381e-12),tensor(4.8160e-28),tensor(1.2381e-10),tensor(6.0124e-35),tensor(0.9907),tensor(0.9915),tensor(0.9535),tensor(0.0019),tensor(0.4205),tensor(1.),tensor(1.),tensor(0.3447),tensor(0.0519),tensor(0.0004),tensor(0.0053),tensor(0.0294),tensor(2.2537e-05),tensor(0.0026),tensor(1.),tensor(0.0696),tensor(0.0108),tensor(2.2023e-06),tensor(1.),tensor(1.),tensor(0.0012),tensor(1.),tensor(0.0002)
s_15916_jpg,tensor(0.0304),tensor(7.3922e-11),tensor(6.2666e-06),tensor(1.4148e-08),tensor(0.0048),tensor(4.1595e-10),tensor(5.2382e-20),tensor(1.1484e-07),tensor(4.0168e-26),tensor(0.9665),tensor(0.7652),tensor(0.9089),tensor(0.0088),tensor(0.4491),tensor(1.),tensor(1.),tensor(0.4013),tensor(0.1119),tensor(0.0025),tensor(0.0204),tensor(0.0585),tensor(0.0004),tensor(0.0112),tensor(1.),tensor(0.1359),tensor(0.0373),tensor(7.3243e-05),tensor(1.0000),tensor(1.),tensor(0.0070),tensor(1.),tensor(0.0020)
s_7598_jpg,tensor(1.1963e-06),tensor(5.8470e-14),tensor(5.2929e-25),tensor(3.0354e-07),tensor(9.1112e-08),tensor(0.2302),tensor(1.0000),tensor(0.0002),tensor(7.5576e-27),tensor(2.3585e-16),tensor(8.9749e-28),tensor(1.5985e-14),tensor(1.),tensor(0.0330),tensor(0.0652),tensor(1.),tensor(0.2310),tensor(0.0727),tensor(0.0012),tensor(1.),tensor(0.0300),tensor(1.6861e-05),tensor(1.),tensor(1.),tensor(0.0053),tensor(0.0035),tensor(1.5943e-06),tensor(0.0084),tensor(0.0226),tensor(0.0001),tensor(0.0034),tensor(0.3139)
s_14434_jpg,tensor(0.0055),tensor(7.6594e-15),tensor(8.2754e-08),tensor(2.4251e-11),tensor(2.1213e-05),tensor(3.3241e-08),tensor(4.6557e-18),tensor(2.4104e-05),tensor(3.6990e-19),tensor(0.9980),tensor(4.7980e-05),tensor(0.9130),tensor(0.0506),tensor(0.2764),tensor(1.),tensor(1.),tensor(0.4017),tensor(0.1066),tensor(0.0025),tensor(0.0901),tensor(0.0505),tensor(0.0005),tensor(0.0418),tensor(1.),tensor(0.0724),tensor(0.0273),tensor(0.0002),tensor(0.3027),tensor(1.),tensor(0.0078),tensor(1.),tensor(0.0105)
s_6470_jpg,tensor(6.0113e-07),tensor(5.2077e-13),tensor(1.9423e-27),tensor(7.6857e-08),tensor(2.5978e-07),tensor(0.2858),tensor(1.),tensor(1.0000),tensor(1.8489e-26),tensor(2.6744e-09),tensor(3.9737e-35),tensor(1.7588e-11),tensor(1.),tensor(0.0262),tensor(0.0658),tensor(1.),tensor(0.2414),tensor(0.0617),tensor(0.0012),tensor(1.),tensor(0.0339),tensor(2.7257e-05),tensor(1.),tensor(1.),tensor(0.0078),tensor(0.0050),tensor(4.2340e-06),tensor(0.0139),tensor(0.0278),tensor(9.2624e-05),tensor(0.0057),tensor(1.)
s_15003_jpg,tensor(0.7513),tensor(0.3799),tensor(0.9997),tensor(0.0313),tensor(0.0071),tensor(2.5002e-05),tensor(1.1077e-11),tensor(1.1362e-09),tensor(0.0004),tensor(3.4737e-08),tensor(0.0003),tensor(0.0467),tensor(0.0982),tensor(1.),tensor(1.),tensor(1.),tensor(1.),tensor(0.9951),tensor(0.4480),tensor(0.1787),tensor(1.0000),tensor(0.3465),tensor(0.1170),tensor(0.9119),tensor(1.),tensor(1.),tensor(0.1199),tensor(0.3965),tensor(0.3315),tensor(0.1877),tensor(1.),tensor(0.2211)
s_3755_jpg,tensor(0.0002),tensor(6.4708e-07),tensor(1.9580e-13),tensor(0.0005),tensor(0.0008),tensor(0.2214),tensor(0.9989),tensor(0.1032),tensor(5.4074e-14),tensor(6.3237e-06),tensor(1.2084e-13),tensor(2.6156e-06),tensor(1.),tensor(0.1546),tensor(0.2336),tensor(1.),tensor(0.3908),tensor(0.2178),tensor(0.0398),tensor(1.),tensor(0.1611),tensor(0.0063),tensor(1.),tensor(1.),tensor(0.0971),tensor(0.0717),tensor(0.0021),tensor(0.1049),tensor(0.1440),tensor(0.0089),tensor(0.1185),tensor(0.4421)
s_6514_jpg,tensor(0.0026),tensor(8.6129e-16),tensor(8.9134e-09),tensor(6.3531e-13),tensor(2.3680e-06),tensor(5.3835e-09),tensor(2.7008e-21),tensor(3.4421e-06),tensor(4.2352e-22),tensor(0.9993),tensor(1.2705e-05),tensor(0.9614),tensor(0.0289),tensor(0.2599),tensor(1.),tensor(1.),tensor(0.3894),tensor(0.0813),tensor(0.0012),tensor(0.0588),tensor(0.0368),tensor(0.0001),tensor(0.0226),tensor(1.),tensor(0.0549),tensor(0.0187),tensor(4.9753e-05),tensor(0.2810),tensor(1.),tensor(0.0035),tensor(1.),tensor(0.0051)
s_12745_jpg,tensor(0.3241),tensor(1.2598e-10),tensor(3.9100e-05),tensor(2.8213e-05),tensor(0.0774),tensor(9.0739e-08),tensor(3.9834e-19),tensor(6.2831e-17),tensor(1.),tensor(6.2317e-07),tensor(0.9950),tensor(0.0004),tensor(0.0078),tensor(1.),tensor(1.),tensor(1.),tensor(0.4440),tensor(0.4722),tensor(0.0349),tensor(0.0223),tensor(0.2415),tensor(0.0056),tensor(0.0093),tensor(1.0000),tensor(0.2233),tensor(0.1214),tensor(0.0007),tensor(1.),tensor(1.),tensor(1.),tensor(0.0220),tensor(0.0010)
s_3022_jpg,tensor(0.0335),tensor(3.6119e-07),tensor(0.0002),tensor(1.7102e-07),tensor(0.0018),tensor(4.7483e-06),tensor(3.5046e-15),tensor(6.2064e-05),tensor(2.1904e-14),tensor(0.9912),tensor(0.0010),tensor(0.9545),tensor(0.0563),tensor(0.3714),tensor(1.),tensor(1.),tensor(0.4867),tensor(0.2135),tensor(0.0205),tensor(0.1121),tensor(0.1458),tensor(0.0042),tensor(0.0538),tensor(1.),tensor(0.1807),tensor(0.1211),tensor(0.0014),tensor(0.3422),tensor(1.),tensor(0.0173),tensor(1.),tensor(0.0237)
s_8382_jpg,tensor(0.8673),tensor(0.7245),tensor(0.9999),tensor(1.),tensor(0.9785),tensor(5.3419e-27),tensor(4.1992e-38),tensor(0.),tensor(3.1602e-28),tensor(8.1775e-35),tensor(2.0433e-25),tensor(3.4127e-06),tensor(4.2569e-05),tensor(1.),tensor(1.),tensor(1.),tensor(1.),tensor(1.),tensor(1.),tensor(0.0018),tensor(1.),tensor(0.3785),tensor(0.0008),tensor(1.),tensor(1.),tensor(1.),tensor(0.0004),tensor(0.0872),tensor(0.0253),tensor(0.0004),tensor(1.),tensor(0.0028)
s_14402_jpg,tensor(3.6302e-14),tensor(6.8471e-25),tensor(0.),tensor(4.0828e-16),tensor(9.6614e-14),tensor(1.),tensor(1.),tensor(1.),tensor(0.),tensor(9.8227e-16),tensor(0.),tensor(4.0027e-18),tensor(1.),tensor(0.0002),tensor(0.0016),tensor(1.),tensor(0.0791),tensor(0.0022),tensor(3.0486e-07),tensor(1.),tensor(0.0007),tensor(4.0243e-11),tensor(1.),tensor(1.),tensor(1.8171e-05),tensor(8.0280e-06),tensor(3.9934e-13),tensor(9.6814e-06),tensor(6.1625e-05),tensor(2.1232e-10),tensor(5.5176e-06),tensor(1.)
s_3206_jpg,tensor(5.5569e-09),tensor(2.0003e-15),tensor(3.3002e-35),tensor(1.9708e-10),tensor(9.7964e-10),tensor(1.),tensor(1.),tensor(1.),tensor(3.6557e-28),tensor(1.8609e-11),tensor(0.),tensor(1.0808e-13),tensor(1.),tensor(0.0043),tensor(0.0212),tensor(1.0000),tensor(0.1854),tensor(0.0213),tensor(0.0001),tensor(1.),tensor(0.0148),tensor(3.6052e-07),tensor(1.),tensor(1.),tensor(0.0016),tensor(0.0009),tensor(2.2005e-08),tensor(0.0006),tensor(0.0019),tensor(8.8360e-07),tensor(0.0007),tensor(1.)
s_493_jpg,tensor(0.0476),tensor(1.3086e-11),tensor(1.3131e-06),tensor(1.2583e-09),tensor(0.0107),tensor(1.2106e-10),tensor(7.5909e-28),tensor(2.3687e-17),tensor(3.2140e-26),tensor(0.0007),tensor(0.9995),tensor(0.0250),tensor(0.0013),tensor(1.),tensor(1.),tensor(1.),tensor(0.3607),tensor(0.0966),tensor(0.0009),tensor(0.0047),tensor(0.0573),tensor(5.7890e-05),tensor(0.0017),tensor(1.),tensor(0.1007),tensor(0.0207),tensor(3.3958e-06),tensor(1.),tensor(1.),tensor(0.0042),tensor(0.3809),tensor(0.0001)
s_6647_jpg,tensor(3.3092e-11),tensor(5.9707e-19),tensor(0.),tensor(3.4967e-12),tensor(1.1379e-11),tensor(0.5467),tensor(1.),tensor(1.),tensor(0.),tensor(7.0943e-16),tensor(0.),tensor(6.3419e-17),tensor(1.),tensor(0.0023),tensor(0.0086),tensor(1.),tensor(0.1250),tensor(0.0131),tensor(1.8972e-05),tensor(1.),tensor(0.0049),tensor(2.5127e-08),tensor(1.),tensor(1.),tensor(0.0003),tensor(0.0002),tensor(7.1624e-10),tensor(0.0006),tensor(0.0017),tensor(1.6414e-07),tensor(5.0619e-05),tensor(1.)
s_7152_jpg,tensor(0.8737),tensor(0.9987),tensor(0.9999),tensor(1.),tensor(9.0398e-05),tensor(5.7602e-32),tensor(0.),tensor(0.),tensor(0.),tensor(0.),tensor(3.2064e-30),tensor(1.8540e-07),tensor(1.7637e-06),tensor(1.),tensor(1.),tensor(1.),tensor(1.),tensor(1.),tensor(1.),tensor(0.0002),tensor(1.),tensor(0.1167),tensor(6.0846e-05),tensor(1.),tensor(1.),tensor(1.),tensor(3.6561e-05),tensor(0.0820),tensor(0.0234),tensor(9.4817e-05),tensor(1.),tensor(0.0003)
s_6912_jpg,tensor(0.9830),tensor(0.9456),tensor(0.0001),tensor(1.0000),tensor(0.0001),tensor(1.5048e-15),tensor(1.5281e-27),tensor(1.0828e-35),tensor(1.4936e-18),tensor(2.8054e-20),tensor(1.6663e-12),tensor(0.0136),tensor(0.0009),tensor(1.),tensor(1.),tensor(1.),tensor(1.),tensor(1.),tensor(1.0000),tensor(0.0089),tensor(1.),tensor(0.1544),tensor(0.0048),tensor(1.),tensor(1.),tensor(1.),tensor(0.0024),tensor(0.3188),tensor(0.2055),tensor(0.0221),tensor(0.2748),tensor(0.0036)
s_6996_jpg,tensor(0.1400),tensor(0.9843),tensor(2.7085e-06),tensor(1.),tensor(3.5091e-05),tensor(3.7274e-14),tensor(1.6019e-23),tensor(2.3567e-29),tensor(1.8891e-19),tensor(9.2538e-24),tensor(1.0218e-16),tensor(1.8313e-05),tensor(0.0014),tensor(1.),tensor(1.),tensor(1.),tensor(0.4944),tensor(1.),tensor(1.),tensor(0.0115),tensor(1.),tensor(0.3028),tensor(0.0084),tensor(1.),tensor(1.),tensor(1.),tensor(0.0047),tensor(0.2194),tensor(0.0989),tensor(0.0174),tensor(0.2158),tensor(0.0040)
s_7908_jpg,tensor(0.9980),tensor(0.9993),tensor(6.6221e-11),tensor(0.1818),tensor(0.9778),tensor(3.3098e-18),tensor(1.2228e-36),tensor(3.4419e-36),tensor(1.0789e-17),tensor(7.7564e-23),tensor(2.9008e-16),tensor(0.3410),tensor(0.0002),tensor(1.),tensor(1.),tensor(1.),tensor(1.),tensor(1.),tensor(0.4188),tensor(0.0022),tensor(1.),tensor(0.3676),tensor(0.0015),tensor(1.0000),tensor(1.),tensor(1.),tensor(0.0006),tensor(0.2194),tensor(0.1076),tensor(0.0077),tensor(0.1247),tensor(0.0006)
s_13070_jpg,tensor(2.0864e-12),tensor(3.2474e-20),tensor(0.),tensor(9.3896e-13),tensor(2.6259e-12),tensor(0.4342),tensor(1.),tensor(1.),tensor(0.),tensor(2.6522e-18),tensor(0.),tensor(5.0040e-19),tensor(1.),tensor(0.0012),tensor(0.0048),tensor(1.),tensor(0.0958),tensor(0.0088),tensor(6.3360e-06),tensor(1.),tensor(0.0026),tensor(4.1143e-09),tensor(1.),tensor(1.),tensor(0.0001),tensor(6.2564e-05),tensor(8.1096e-11),tensor(0.0003),tensor(0.0009),tensor(3.7771e-08),tensor(1.3910e-05),tensor(1.)
s_1786_jpg,tensor(0.0515),tensor(3.1602e-09),tensor(0.0003),tensor(2.6202e-06),tensor(0.0040),tensor(3.8555e-07),tensor(2.4136e-19),tensor(1.8231e-08),tensor(1.3126e-21),tensor(0.9424),tensor(0.9496),tensor(0.8837),tensor(0.0135),tensor(0.4811),tensor(1.),tensor(1.),tensor(0.3953),tensor(0.1438),tensor(0.0075),tensor(0.0300),tensor(0.1074),tensor(0.0010),tensor(0.0171),tensor(1.),tensor(0.1796),tensor(0.0677),tensor(0.0002),tensor(1.),tensor(1.),tensor(0.0136),tensor(1.),tensor(0.0038)
s_5239_jpg,tensor(0.0217),tensor(6.6695e-13),tensor(9.9353e-07),tensor(1.0100e-09),tensor(0.0024),tensor(6.9138e-10),tensor(9.0656e-22),tensor(3.7866e-07),tensor(3.7439e-26),tensor(0.9670),tensor(0.9103),tensor(0.8784),tensor(0.0079),tensor(0.4340),tensor(1.),tensor(1.),tensor(0.3775),tensor(0.0938),tensor(0.0014),tensor(0.0163),tensor(0.0463),tensor(0.0002),tensor(0.0091),tensor(1.),tensor(0.1187),tensor(0.0251),tensor(3.7992e-05),tensor(1.),tensor(1.),tensor(0.0058),tensor(1.),tensor(0.0013)
s_1741_jpg,tensor(0.0304),tensor(1.6955e-11),tensor(1.3416e-06),tensor(7.1165e-09),tensor(0.0003),tensor(2.6449e-07),tensor(1.3134e-18),tensor(1.3922e-08),tensor(1.0430e-21),tensor(0.0210),tensor(0.9972),tensor(0.0389),tensor(0.0181),tensor(0.3648),tensor(1.),tensor(1.),tensor(0.3824),tensor(0.1072),tensor(0.0025),tensor(0.0286),tensor(0.0828),tensor(0.0003),tensor(0.0204),tensor(1.),tensor(0.0999),tensor(0.0264),tensor(7.0260e-05),tensor(1.),tensor(1.),tensor(0.0081),tensor(0.4459),tensor(0.0037)
s_2897_jpg,tensor(8.6862e-12),tensor(1.6496e-24),tensor(0.),tensor(1.3454e-16),tensor(8.4825e-15),tensor(1.),tensor(1.),tensor(1.),tensor(0.),tensor(1.8244e-19),tensor(0.),tensor(1.3423e-22),tensor(1.),tensor(0.0007),tensor(0.0057),tensor(1.),tensor(0.1065),tensor(0.0052),tensor(3.3761e-06),tensor(1.),tensor(0.0021),tensor(1.0913e-09),tensor(1.),tensor(1.),tensor(0.0001),tensor(4.9366e-05),tensor(2.3358e-11),tensor(4.6196e-05),tensor(0.0003),tensor(5.6626e-09),tensor(6.9229e-05),tensor(1.)
s_15920_jpg,tensor(6.8806e-09),tensor(2.2424e-16),tensor(1.2491e-33),tensor(3.2714e-09),tensor(2.4163e-09),tensor(0.2516),tensor(1.),tensor(1.),tensor(6.6247e-34),tensor(6.5630e-15),tensor(0.),tensor(3.8337e-16),tensor(1.),tensor(0.0070),tensor(0.0202),tensor(1.),tensor(0.1737),tensor(0.0276),tensor(0.0001),tensor(1.),tensor(0.0109),tensor(6.6085e-07),tensor(1.),tensor(1.),tensor(0.0012),tensor(0.0007),tensor(3.3336e-08),tensor(0.0019),tensor(0.0047),tensor(3.0728e-06),tensor(0.0005),tensor(1.)
s_14489_jpg,tensor(4.4660e-11),tensor(2.5329e-16),tensor(0.),tensor(5.6046e-11),tensor(6.3551e-09),tensor(1.0000),tensor(1.),tensor(1.),tensor(6.0363e-34),tensor(5.2299e-14),tensor(0.),tensor(6.2223e-15),tensor(1.),tensor(0.0021),tensor(0.0109),tensor(1.),tensor(0.1363),tensor(0.0129),tensor(3.3545e-05),tensor(1.),tensor(0.0065),tensor(4.0807e-08),tensor(1.),tensor(1.),tensor(0.0005),tensor(0.0003),tensor(1.8424e-09),tensor(0.0002),tensor(0.0008),tensor(1.4529e-07),tensor(0.0001),tensor(1.)
s_6737_jpg,tensor(1.5409e-12),tensor(7.0509e-23),tensor(0.),tensor(1.8527e-14),tensor(4.6513e-13),tensor(1.0000),tensor(1.),tensor(1.),tensor(0.),tensor(1.2153e-18),tensor(0.),tensor(7.2410e-21),tensor(1.),tensor(0.0005),tensor(0.0028),tensor(1.),tensor(0.0824),tensor(0.0045),tensor(1.7050e-06),tensor(1.),tensor(0.0014),tensor(4.0921e-10),tensor(1.),tensor(1.),tensor(4.5380e-05),tensor(2.2598e-05),tensor(7.2818e-12),tensor(4.9475e-05),tensor(0.0003),tensor(3.8203e-09),tensor(9.2427e-06),tensor(1.)
s_8549_jpg,tensor(8.4162e-08),tensor(1.1353e-14),tensor(8.9041e-30),tensor(2.2095e-08),tensor(1.0950e-08),tensor(0.3397),tensor(1.),tensor(1.0000),tensor(4.2428e-30),tensor(2.3568e-15),tensor(0.),tensor(4.8308e-16),tensor(1.),tensor(0.0126),tensor(0.0322),tensor(1.),tensor(0.2078),tensor(0.0448),tensor(0.0004),tensor(1.),tensor(0.0188),tensor(3.5817e-06),tensor(1.),tensor(1.),tensor(0.0028),tensor(0.0015),tensor(2.1082e-07),tensor(0.0031),tensor(0.0071),tensor(1.2639e-05),tensor(0.0011),tensor(1.)
s_14892_jpg,tensor(0.9890),tensor(0.8786),tensor(0.0009),tensor(1.0000),tensor(0.9970),tensor(2.1334e-20),tensor(2.0591e-33),tensor(3.1579e-38),tensor(5.7999e-22),tensor(8.0037e-29),tensor(2.0766e-20),tensor(0.0005),tensor(0.0002),tensor(1.),tensor(1.),tensor(1.),tensor(1.),tensor(1.),tensor(1.),tensor(0.0054),tensor(1.),tensor(0.4231),tensor(0.0031),tensor(1.),tensor(1.),tensor(1.),tensor(0.0008),tensor(0.1422),tensor(0.0500),tensor(0.0028),tensor(0.3237),tensor(0.0026)
s_2780_jpg,tensor(1.6857e-08),tensor(2.0098e-16),tensor(9.8655e-37),tensor(4.8712e-13),tensor(1.1554e-09),tensor(1.),tensor(1.0000),tensor(0.0034),tensor(3.3938e-29),tensor(8.3070e-20),tensor(0.),tensor(8.3159e-18),tensor(1.),tensor(0.0089),tensor(0.0305),tensor(1.),tensor(0.1805),tensor(0.0306),tensor(0.0002),tensor(1.),tensor(0.0127),tensor(4.8200e-07),tensor(1.),tensor(1.),tensor(0.0018),tensor(0.0011),tensor(2.5440e-08),tensor(0.0007),tensor(0.0025),tensor(3.0718e-06),tensor(0.0009),tensor(0.3031)
s_1660_jpg,tensor(0.3010),tensor(3.6726e-06),tensor(0.0033),tensor(0.0051),tensor(0.0065),tensor(6.5159e-06),tensor(6.7177e-12),tensor(4.7238e-21),tensor(1.),tensor(1.5287e-10),tensor(0.0624),tensor(4.1650e-06),tensor(0.0118),tensor(1.),tensor(1.),tensor(1.),tensor(0.4028),tensor(0.5123),tensor(0.0606),tensor(0.0334),tensor(0.2592),tensor(0.0068),tensor(0.0108),tensor(0.4765),tensor(0.1494),tensor(0.1173),tensor(0.0007),tensor(0.4716),tensor(0.4643),tensor(1.),tensor(0.0093),tensor(0.0011)
s_10663_jpg,tensor(0.0118),tensor(4.0811e-15),tensor(1.5544e-07),tensor(5.7023e-11),tensor(0.0017),tensor(5.1616e-12),tensor(7.2628e-26),tensor(1.6097e-10),tensor(4.1853e-31),tensor(0.9789),tensor(0.7724),tensor(0.8685),tensor(0.0032),tensor(0.4569),tensor(1.),tensor(1.),tensor(0.3251),tensor(0.0617),tensor(0.0005),tensor(0.0091),tensor(0.0237),tensor(3.9898e-05),tensor(0.0039),tensor(1.),tensor(0.0729),tensor(0.0125),tensor(7.7663e-06),tensor(1.),tensor(1.),tensor(0.0032),tensor(1.),tensor(0.0004)
s_595_jpg,tensor(0.1928),tensor(4.8445e-11),tensor(3.5607e-06),tensor(3.1167e-05),tensor(0.0055),tensor(1.1135e-10),tensor(8.3004e-16),tensor(2.6090e-26),tensor(1.),tensor(1.6922e-14),tensor(0.6158),tensor(7.4212e-08),tensor(0.0022),tensor(1.),tensor(1.),tensor(1.),tensor(0.3219),tensor(0.4106),tensor(0.0066),tensor(0.0090),tensor(0.1487),tensor(0.0004),tensor(0.0018),tensor(1.0000),tensor(0.0553),tensor(0.0294),tensor(1.9280e-05),tensor(0.9956),tensor(0.9998),tensor(1.),tensor(0.0016),tensor(5.3868e-05)
s_7954_jpg,tensor(0.0392),tensor(9.4876e-09),tensor(0.0001),tensor(1.5718e-06),tensor(0.0035),tensor(2.0874e-05),tensor(2.6257e-11),tensor(0.0002),tensor(1.4595e-11),tensor(0.9926),tensor(0.0008),tensor(0.9298),tensor(0.1449),tensor(0.3451),tensor(1.),tensor(1.),tensor(0.4704),tensor(0.2329),tensor(0.0232),tensor(0.2056),tensor(0.1427),tensor(0.0084),tensor(0.1330),tensor(1.),tensor(0.1780),tensor(0.1066),tensor(0.0038),tensor(0.3600),tensor(1.),tensor(0.0336),tensor(1.),tensor(0.0517)
s_15427_jpg,tensor(0.0579),tensor(1.4711e-08),tensor(0.0003),tensor(2.6619e-06),tensor(0.0009),tensor(6.7403e-09),tensor(4.5212e-23),tensor(5.3724e-11),tensor(2.4019e-22),tensor(0.6042),tensor(0.9915),tensor(0.9602),tensor(0.0017),tensor(1.),tensor(1.),tensor(1.),tensor(0.4457),tensor(0.1570),tensor(0.0049),tensor(0.0070),tensor(0.1089),tensor(0.0006),tensor(0.0030),tensor(1.),tensor(0.2452),tensor(0.0863),tensor(5.7919e-05),tensor(1.),tensor(1.),tensor(0.0058),tensor(1.),tensor(0.0011)
s_486_jpg,tensor(0.9115),tensor(0.4531),tensor(1.0000),tensor(0.0156),tensor(0.0144),tensor(4.7486e-10),tensor(1.0643e-15),tensor(1.6358e-13),tensor(8.4378e-09),tensor(8.0142e-10),tensor(1.8113e-05),tensor(0.1200),tensor(0.0235),tensor(1.),tensor(1.),tensor(1.),tensor(1.),tensor(1.0000),tensor(0.4007),tensor(0.0621),tensor(1.),tensor(0.2592),tensor(0.0383),tensor(1.),tensor(1.),tensor(1.),tensor(0.0373),tensor(0.4113),tensor(0.3032),tensor(0.0667),tensor(1.),tensor(0.1074)
s_5890_jpg,tensor(0.2990),tensor(2.0563e-10),tensor(8.1193e-05),tensor(2.0801e-05),tensor(0.0313),tensor(5.2203e-08),tensor(2.3193e-19),tensor(1.4588e-19),tensor(1.),tensor(2.6191e-08),tensor(0.9436),tensor(1.6169e-05),tensor(0.0058),tensor(1.),tensor(1.),tensor(1.),tensor(0.3669),tensor(0.4397),tensor(0.0289),tensor(0.0184),tensor(0.2250),tensor(0.0031),tensor(0.0058),tensor(1.0000),tensor(0.1504),tensor(0.0953),tensor(0.0003),tensor(1.),tensor(1.),tensor(1.),tensor(0.0105),tensor(0.0004)
s_322_jpg,tensor(0.0089),tensor(2.6741e-13),tensor(1.0232e-06),tensor(3.1782e-10),tensor(0.0008),tensor(1.2271e-10),tensor(1.0700e-21),tensor(7.8126e-08),tensor(1.3163e-22),tensor(0.9997),tensor(0.0006),tensor(0.9852),tensor(0.0180),tensor(0.3144),tensor(1.),tensor(1.),tensor(0.4220),tensor(0.1103),tensor(0.0017),tensor(0.0453),tensor(0.0477),tensor(0.0003),tensor(0.0171),tensor(1.),tensor(0.0817),tensor(0.0275),tensor(5.1168e-05),tensor(0.3352),tensor(1.),tensor(0.0034),tensor(1.),tensor(0.0033)
s_7961_jpg,tensor(2.0914e-07),tensor(6.5272e-09),tensor(2.3336e-22),tensor(5.7086e-05),tensor(3.8386e-05),tensor(0.9823),tensor(1.),tensor(1.0000),tensor(1.1945e-21),tensor(5.7379e-10),tensor(3.2498e-35),tensor(1.0960e-10),tensor(1.),tensor(0.0286),tensor(0.0750),tensor(1.),tensor(0.2750),tensor(0.0829),tensor(0.0034),tensor(1.),tensor(0.0592),tensor(7.1229e-05),tensor(1.),tensor(1.),tensor(0.0139),tensor(0.0090),tensor(8.9367e-06),tensor(0.0087),tensor(0.0145),tensor(9.7302e-05),tensor(0.0063),tensor(1.)
s_14010_jpg,tensor(0.9901),tensor(0.9963),tensor(2.5078e-07),tensor(0.0197),tensor(0.9993),tensor(1.5185e-12),tensor(3.7408e-26),tensor(4.5596e-24),tensor(2.4037e-11),tensor(1.0937e-16),tensor(7.7804e-11),tensor(0.3362),tensor(0.0029),tensor(1.),tensor(1.),tensor(1.),tensor(1.),tensor(1.),tensor(0.4615),tensor(0.0207),tensor(1.),tensor(0.4016),tensor(0.0157),tensor(0.9992),tensor(1.),tensor(1.),tensor(0.0030),tensor(0.1720),tensor(0.0968),tensor(0.0183),tensor(0.1197),tensor(0.0059)
s_11604_jpg,tensor(0.7071),tensor(0.9890),tensor(0.9993),tensor(0.0079),tensor(0.1390),tensor(3.3923e-12),tensor(6.2384e-23),tensor(7.6405e-21),tensor(5.3465e-11),tensor(9.0650e-11),tensor(1.6778e-07),tensor(0.1342),tensor(0.0051),tensor(1.),tensor(1.),tensor(1.),tensor(1.),tensor(1.),tensor(0.3956),tensor(0.0214),tensor(1.),tensor(0.2697),tensor(0.0126),tensor(1.),tensor(1.),tensor(1.),tensor(0.0146),tensor(0.3354),tensor(0.2292),tensor(0.0294),tensor(1.),tensor(0.0390)
s_15255_jpg,tensor(0.9572),tensor(0.9448),tensor(0.0018),tensor(1.),tensor(0.0134),tensor(5.9105e-28),tensor(0.),tensor(0.),tensor(1.6326e-31),tensor(1.2788e-38),tensor(1.2028e-26),tensor(2.5292e-07),tensor(4.7060e-06),tensor(1.),tensor(1.),tensor(1.),tensor(1.),tensor(1.),tensor(1.),tensor(0.0004),tensor(1.),tensor(0.2205),tensor(0.0002),tensor(1.),tensor(1.),tensor(1.),tensor(6.7262e-05),tensor(0.1158),tensor(0.0314),tensor(0.0004),tensor(0.2992),tensor(0.0002)
s_4864_jpg,tensor(0.2104),tensor(5.1930e-12),tensor(2.1360e-06),tensor(4.6750e-06),tensor(0.0129),tensor(1.2323e-10),tensor(3.0147e-16),tensor(1.9919e-23),tensor(1.),tensor(1.8233e-13),tensor(0.6475),tensor(1.5943e-07),tensor(0.0032),tensor(1.),tensor(1.),tensor(1.),tensor(0.3642),tensor(0.4606),tensor(0.0122),tensor(0.0122),tensor(0.1650),tensor(0.0008),tensor(0.0042),tensor(1.),tensor(0.0752),tensor(0.0482),tensor(5.2082e-05),tensor(0.9984),tensor(1.),tensor(1.),tensor(0.0019),tensor(0.0002)
s_4269_jpg,tensor(0.2568),tensor(0.8909),tensor(5.4380e-06),tensor(0.0092),tensor(0.9717),tensor(1.2133e-06),tensor(5.7058e-09),tensor(1.5652e-11),tensor(0.0150),tensor(0.0026),tensor(0.0011),tensor(0.1618),tensor(0.0479),tensor(1.),tensor(1.),tensor(1.),tensor(1.0000),tensor(1.),tensor(0.3516),tensor(0.1042),tensor(1.0000),tensor(0.2899),tensor(0.0665),tensor(0.4750),tensor(0.9998),tensor(0.4994),tensor(0.0312),tensor(0.3769),tensor(0.3249),tensor(0.2187),tensor(0.2274),tensor(0.0316)
s_7907_jpg,tensor(3.8156e-10),tensor(5.4391e-27),tensor(0.),tensor(3.4014e-21),tensor(9.4027e-17),tensor(1.),tensor(1.0000),tensor(0.0099),tensor(0.),tensor(2.1483e-21),tensor(0.),tensor(7.4472e-23),tensor(1.),tensor(0.0010),tensor(0.0084),tensor(1.),tensor(0.1169),tensor(0.0058),tensor(3.6784e-06),tensor(1.),tensor(0.0017),tensor(1.1821e-09),tensor(1.),tensor(1.),tensor(0.0001),tensor(5.8041e-05),tensor(2.9721e-11),tensor(4.6556e-05),tensor(0.0004),tensor(1.2060e-08),tensor(0.0002),tensor(0.3373)
s_2724_jpg,tensor(0.2946),tensor(0.1680),tensor(0.0044),tensor(0.0101),tensor(0.9224),tensor(6.3106e-06),tensor(6.1593e-06),tensor(8.7975e-11),tensor(0.4793),tensor(3.3556e-05),tensor(0.0004),tensor(0.0042),tensor(0.1127),tensor(1.),tensor(1.),tensor(1.),tensor(1.0000),tensor(1.),tensor(0.3535),tensor(0.2172),tensor(0.5904),tensor(0.2665),tensor(0.1350),tensor(0.4690),tensor(0.4299),tensor(0.4339),tensor(0.0524),tensor(0.4138),tensor(0.4232),tensor(0.4152),tensor(0.1917),tensor(0.0608)
s_10053_jpg,tensor(0.6677),tensor(0.6148),tensor(0.9993),tensor(0.3310),tensor(0.8236),tensor(6.0864e-07),tensor(6.9357e-11),tensor(1.7398e-09),tensor(1.3756e-05),tensor(1.1768e-06),tensor(4.6806e-05),tensor(0.2565),tensor(0.0849),tensor(1.),tensor(1.),tensor(1.),tensor(1.),tensor(1.),tensor(0.4779),tensor(0.1928),tensor(1.0000),tensor(0.4086),tensor(0.1346),tensor(1.0000),tensor(1.),tensor(1.),tensor(0.0954),tensor(0.3399),tensor(0.2716),tensor(0.1017),tensor(1.),tensor(0.2196)
s_13633_jpg,tensor(0.2066),tensor(8.0671e-05),tensor(0.0107),tensor(0.0319),tensor(0.1129),tensor(8.1189e-05),tensor(1.7328e-07),tensor(4.9942e-14),tensor(1.),tensor(6.7577e-09),tensor(0.0069),tensor(4.0081e-05),tensor(0.0442),tensor(1.),tensor(1.),tensor(1.),tensor(0.4545),tensor(1.0000),tensor(0.1136),tensor(0.0996),tensor(0.3441),tensor(0.0328),tensor(0.0425),tensor(0.4708),tensor(0.2189),tensor(0.2054),tensor(0.0048),tensor(0.4441),tensor(0.4604),tensor(1.),tensor(0.0335),tensor(0.0090)
s_9286_jpg,tensor(0.3184),tensor(3.7170e-12),tensor(1.3504e-05),tensor(3.2039e-05),tensor(0.0288),tensor(5.8409e-09),tensor(8.2210e-23),tensor(1.8591e-23),tensor(1.),tensor(1.3156e-07),tensor(0.9956),tensor(6.3332e-05),tensor(0.0022),tensor(1.),tensor(1.),tensor(1.),tensor(0.3440),tensor(0.4306),tensor(0.0186),tensor(0.0086),tensor(0.1977),tensor(0.0016),tensor(0.0024),tensor(1.),tensor(0.1409),tensor(0.0699),tensor(0.0001),tensor(1.),tensor(1.),tensor(1.),tensor(0.0076),tensor(0.0001)
s_14723_jpg,tensor(0.0004),tensor(5.3290e-06),tensor(1.8159e-09),tensor(0.0011),tensor(0.0014),tensor(0.0915),tensor(0.9998),tensor(9.0061e-05),tensor(3.3221e-14),tensor(9.4901e-13),tensor(7.5231e-11),tensor(4.6379e-08),tensor(1.0000),tensor(0.2126),tensor(0.2111),tensor(1.),tensor(0.3413),tensor(0.2702),tensor(0.0446),tensor(1.),tensor(0.1647),tensor(0.0046),tensor(1.),tensor(1.),tensor(0.0628),tensor(0.0598),tensor(0.0012),tensor(0.1012),tensor(0.1385),tensor(0.0246),tensor(0.0255),tensor(0.2852)
s_7668_jpg,tensor(0.9583),tensor(0.9924),tensor(3.7374e-07),tensor(0.1627),tensor(0.9974),tensor(2.5911e-10),tensor(1.0270e-20),tensor(6.2256e-19),tensor(4.4613e-09),tensor(1.7125e-12),tensor(4.7051e-09),tensor(0.3903),tensor(0.0089),tensor(1.),tensor(1.),tensor(1.),tensor(1.),tensor(1.),tensor(0.4839),tensor(0.0348),tensor(1.),tensor(0.4538),tensor(0.0330),tensor(0.9944),tensor(1.),tensor(1.),tensor(0.0122),tensor(0.2403),tensor(0.1565),tensor(0.0461),tensor(0.1991),tensor(0.0149)
s_7012_jpg,tensor(0.2972),tensor(2.0260e-10),tensor(2.3259e-05),tensor(1.4853e-05),tensor(0.0731),tensor(2.5927e-06),tensor(7.1274e-18),tensor(4.2472e-15),tensor(1.),tensor(1.0011e-06),tensor(0.9831),tensor(0.0007),tensor(0.0111),tensor(1.),tensor(1.),tensor(1.),tensor(0.3929),tensor(0.4568),tensor(0.0391),tensor(0.0249),tensor(0.2353),tensor(0.0061),tensor(0.0117),tensor(0.4963),tensor(0.1703),tensor(0.0997),tensor(0.0010),tensor(1.),tensor(1.),tensor(1.),tensor(0.0162),tensor(0.0011)
s_12224_jpg,tensor(3.9066e-11),tensor(7.9961e-18),tensor(3.0767e-39),tensor(9.0530e-10),tensor(9.3382e-11),tensor(0.9993),tensor(1.),tensor(1.),tensor(1.2976e-38),tensor(8.1533e-16),tensor(0.),tensor(2.3230e-17),tensor(1.),tensor(0.0019),tensor(0.0086),tensor(1.),tensor(0.1283),tensor(0.0116),tensor(1.9222e-05),tensor(1.),tensor(0.0053),tensor(2.3404e-08),tensor(1.),tensor(1.),tensor(0.0003),tensor(0.0002),tensor(7.4349e-10),tensor(0.0005),tensor(0.0014),tensor(1.3308e-07),tensor(6.1338e-05),tensor(1.)
s_4619_jpg,tensor(8.2080e-11),tensor(3.3973e-27),tensor(0.),tensor(1.9040e-21),tensor(1.3569e-16),tensor(1.),tensor(1.0000),tensor(0.0001),tensor(0.),tensor(2.1785e-24),tensor(0.),tensor(1.0258e-23),tensor(1.),tensor(0.0009),tensor(0.0067),tensor(1.),tensor(0.1010),tensor(0.0052),tensor(2.5404e-06),tensor(1.),tensor(0.0014),tensor(4.6652e-10),tensor(1.),tensor(1.),tensor(9.1263e-05),tensor(3.9127e-05),tensor(8.7121e-12),tensor(3.0278e-05),tensor(0.0003),tensor(7.3129e-09),tensor(7.3365e-05),tensor(0.2589)
s_10430_jpg,tensor(4.1096e-08),tensor(2.1622e-16),tensor(1.4902e-34),tensor(6.1516e-10),tensor(1.4950e-09),tensor(0.3494),tensor(1.),tensor(1.),tensor(3.1644e-32),tensor(6.4219e-11),tensor(0.),tensor(2.4116e-14),tensor(1.),tensor(0.0126),tensor(0.0417),tensor(1.),tensor(0.2014),tensor(0.0351),tensor(0.0003),tensor(1.),tensor(0.0164),tensor(2.5547e-06),tensor(1.),tensor(1.),tensor(0.0028),tensor(0.0016),tensor(3.4983e-07),tensor(0.0068),tensor(0.0168),tensor(1.2464e-05),tensor(0.0024),tensor(1.)
s_3919_jpg,tensor(0.1323),tensor(4.1213e-12),tensor(3.2421e-08),tensor(2.8605e-08),tensor(0.0005),tensor(4.5662e-12),tensor(7.0846e-22),tensor(5.9241e-22),tensor(2.1999e-14),tensor(3.9116e-05),tensor(0.9999),tensor(0.0008),tensor(0.0012),tensor(1.),tensor(1.),tensor(1.),tensor(0.3973),tensor(0.2202),tensor(0.0069),tensor(0.0056),tensor(0.1116),tensor(0.0006),tensor(0.0018),tensor(1.),tensor(0.1824),tensor(0.0694),tensor(5.3670e-05),tensor(1.),tensor(1.),tensor(0.0408),tensor(0.2611),tensor(0.0003)
s_14608_jpg,tensor(0.0022),tensor(4.2885e-17),tensor(4.1574e-09),tensor(1.4006e-13),tensor(1.3543e-05),tensor(2.0181e-11),tensor(1.0601e-24),tensor(8.8382e-08),tensor(2.2913e-26),tensor(0.9999),tensor(4.6104e-05),tensor(0.9762),tensor(0.0139),tensor(0.2402),tensor(1.),tensor(1.),tensor(0.3924),tensor(0.0650),tensor(0.0005),tensor(0.0358),tensor(0.0245),tensor(4.5954e-05),tensor(0.0134),tensor(1.),tensor(0.0410),tensor(0.0120),tensor(1.0628e-05),tensor(0.2846),tensor(1.),tensor(0.0014),tensor(1.),tensor(0.0020)
s_2870_jpg,tensor(1.1832e-10),tensor(1.3127e-25),tensor(0.),tensor(1.4272e-19),tensor(4.5779e-15),tensor(1.),tensor(1.0000),tensor(0.0007),tensor(0.),tensor(2.2088e-22),tensor(0.),tensor(3.0352e-22),tensor(1.),tensor(0.0013),tensor(0.0090),tensor(1.),tensor(0.1120),tensor(0.0072),tensor(5.2381e-06),tensor(1.),tensor(0.0019),tensor(2.0774e-09),tensor(1.),tensor(1.),tensor(0.0002),tensor(6.4088e-05),tensor(4.4418e-11),tensor(6.4621e-05),tensor(0.0004),tensor(2.3036e-08),tensor(0.0001),tensor(0.2986)
s_2495_jpg,tensor(2.6104e-10),tensor(2.5607e-29),tensor(0.),tensor(8.1202e-23),tensor(2.8242e-18),tensor(1.),tensor(1.0000),tensor(0.0002),tensor(0.),tensor(4.2755e-23),tensor(0.),tensor(1.4752e-23),tensor(1.),tensor(0.0006),tensor(0.0056),tensor(1.),tensor(0.0887),tensor(0.0039),tensor(1.5573e-06),tensor(1.),tensor(0.0008),tensor(1.9857e-10),tensor(1.),tensor(1.),tensor(6.6833e-05),tensor(2.2683e-05),tensor(4.6526e-12),tensor(2.3341e-05),tensor(0.0002),tensor(3.7629e-09),tensor(6.1944e-05),tensor(0.3062)
s_11817_jpg,tensor(0.3786),tensor(0.9953),tensor(1.0000),tensor(0.0001),tensor(0.0090),tensor(2.8034e-07),tensor(2.7440e-19),tensor(1.0590e-12),tensor(1.6219e-09),tensor(4.8494e-08),tensor(3.9380e-05),tensor(0.1234),tensor(0.0247),tensor(1.),tensor(1.),tensor(1.),tensor(1.),tensor(1.),tensor(0.4090),tensor(0.0613),tensor(0.9844),tensor(0.2737),tensor(0.0419),tensor(1.0000),tensor(1.),tensor(1.),tensor(0.0250),tensor(0.2862),tensor(0.1871),tensor(0.0288),tensor(1.),tensor(0.1301)
s_2379_jpg,tensor(0.7861),tensor(0.9466),tensor(2.4220e-06),tensor(1.),tensor(0.9910),tensor(3.7502e-15),tensor(8.3295e-21),tensor(1.3667e-27),tensor(9.1554e-16),tensor(2.6777e-22),tensor(5.9317e-16),tensor(9.5738e-05),tensor(0.0021),tensor(1.),tensor(1.),tensor(1.),tensor(1.),tensor(1.),tensor(1.),tensor(0.0231),tensor(1.),tensor(0.4043),tensor(0.0160),tensor(1.),tensor(1.),tensor(1.),tensor(0.0044),tensor(0.2064),tensor(0.1081),tensor(0.0225),tensor(0.1763),tensor(0.0061)
s_2374_jpg,tensor(0.0153),tensor(2.2474e-11),tensor(5.3176e-06),tensor(3.6485e-09),tensor(0.0002),tensor(4.0326e-07),tensor(1.1512e-16),tensor(8.8209e-06),tensor(4.1025e-17),tensor(0.9941),tensor(0.0008),tensor(0.8496),tensor(0.0565),tensor(0.3222),tensor(1.),tensor(1.),tensor(0.4381),tensor(0.1531),tensor(0.0065),tensor(0.1007),tensor(0.0897),tensor(0.0014),tensor(0.0526),tensor(1.),tensor(0.1188),tensor(0.0584),tensor(0.0005),tensor(0.3521),tensor(1.),tensor(0.0120),tensor(1.),tensor(0.0156)
s_11842_jpg,tensor(0.4075),tensor(3.1638e-08),tensor(0.0005),tensor(0.0001),tensor(0.2562),tensor(1.9734e-06),tensor(5.6203e-21),tensor(1.0434e-15),tensor(1.),tensor(4.3639e-05),tensor(0.9979),tensor(0.0041),tensor(0.0100),tensor(1.),tensor(1.),tensor(1.),tensor(0.4402),tensor(0.4533),tensor(0.0452),tensor(0.0265),tensor(0.2865),tensor(0.0089),tensor(0.0103),tensor(0.9270),tensor(0.2587),tensor(0.1434),tensor(0.0012),tensor(1.),tensor(1.),tensor(1.),tensor(0.0393),tensor(0.0013)
s_2003_jpg,tensor(2.2326e-09),tensor(8.8354e-16),tensor(4.6860e-33),tensor(3.7831e-09),tensor(3.0851e-09),tensor(0.1843),tensor(1.),tensor(1.),tensor(4.3554e-34),tensor(1.2662e-14),tensor(0.),tensor(5.6190e-16),tensor(1.),tensor(0.0075),tensor(0.0274),tensor(1.),tensor(0.1971),tensor(0.0305),tensor(0.0002),tensor(1.),tensor(0.0137),tensor(1.0077e-06),tensor(1.),tensor(1.),tensor(0.0016),tensor(0.0008),tensor(4.8690e-08),tensor(0.0024),tensor(0.0051),tensor(3.1317e-06),tensor(0.0007),tensor(1.)
s_3508_jpg,tensor(0.2248),tensor(3.5353e-10),tensor(5.9299e-06),tensor(9.3454e-05),tensor(0.0058),tensor(3.3971e-10),tensor(8.3487e-16),tensor(1.1449e-26),tensor(1.),tensor(6.7220e-13),tensor(0.6406),tensor(3.4116e-07),tensor(0.0022),tensor(1.),tensor(1.),tensor(1.),tensor(0.3373),tensor(0.4268),tensor(0.0110),tensor(0.0095),tensor(0.1693),tensor(0.0006),tensor(0.0021),tensor(1.0000),tensor(0.0778),tensor(0.0440),tensor(3.8105e-05),tensor(0.9908),tensor(0.9999),tensor(1.),tensor(0.0024),tensor(8.0293e-05)
s_2483_jpg,tensor(1.6405e-07),tensor(4.9910e-13),tensor(1.9833e-30),tensor(2.2379e-10),tensor(2.6395e-07),tensor(1.0000),tensor(0.9999),tensor(0.0159),tensor(1.4604e-23),tensor(1.6332e-14),tensor(5.8086e-37),tensor(9.9955e-14),tensor(1.),tensor(0.0178),tensor(0.0571),tensor(1.),tensor(0.2601),tensor(0.0556),tensor(0.0009),tensor(1.),tensor(0.0310),tensor(7.4548e-06),tensor(1.),tensor(1.),tensor(0.0067),tensor(0.0042),tensor(5.0038e-07),tensor(0.0022),tensor(0.0055),tensor(1.6827e-05),tensor(0.0046),tensor(0.3640)
s_7683_jpg,tensor(0.1443),tensor(0.9995),tensor(1.4764e-10),tensor(0.0002),tensor(0.0481),tensor(4.5386e-11),tensor(7.0817e-22),tensor(4.2523e-23),tensor(4.2512e-08),tensor(1.5116e-06),tensor(1.7870e-06),tensor(0.2254),tensor(0.0016),tensor(1.),tensor(1.),tensor(1.),tensor(1.0000),tensor(1.),tensor(0.2542),tensor(0.0078),tensor(1.),tensor(0.1781),tensor(0.0033),tensor(0.4659),tensor(1.),tensor(1.),tensor(0.0016),tensor(0.2591),tensor(0.2122),tensor(0.0489),tensor(0.1139),tensor(0.0012)
s_12848_jpg,tensor(0.0003),tensor(5.1882e-10),tensor(1.9388e-20),tensor(1.4206e-12),tensor(1.8101e-05),tensor(1.),tensor(0.0001),tensor(0.0024),tensor(6.9286e-09),tensor(4.9280e-07),tensor(2.5572e-27),tensor(5.7148e-06),tensor(1.),tensor(0.1130),tensor(0.2214),tensor(0.9993),tensor(0.3977),tensor(0.2149),tensor(0.0223),tensor(1.),tensor(0.1430),tensor(0.0015),tensor(0.3324),tensor(1.),tensor(0.0935),tensor(0.0810),tensor(0.0003),tensor(0.0246),tensor(0.0434),tensor(0.0031),tensor(0.0814),tensor(0.3033)
s_10786_jpg,tensor(0.0095),tensor(1.0030e-12),tensor(2.0482e-06),tensor(1.4602e-10),tensor(0.0002),tensor(1.0324e-08),tensor(4.2933e-20),tensor(2.5737e-05),tensor(1.0649e-18),tensor(0.9979),tensor(0.0002),tensor(0.9281),tensor(0.0349),tensor(0.3060),tensor(1.),tensor(1.),tensor(0.4389),tensor(0.1266),tensor(0.0035),tensor(0.0727),tensor(0.0597),tensor(0.0005),tensor(0.0316),tensor(1.),tensor(0.0899),tensor(0.0385),tensor(0.0002),tensor(0.3163),tensor(1.),tensor(0.0067),tensor(1.),tensor(0.0090)
s_714_jpg,tensor(0.8670),tensor(0.7076),tensor(0.9960),tensor(1.0000),tensor(0.9957),tensor(8.7606e-15),tensor(1.1932e-20),tensor(7.6346e-25),tensor(1.2185e-15),tensor(1.7647e-20),tensor(1.8045e-14),tensor(0.0004),tensor(0.0043),tensor(1.),tensor(1.),tensor(1.),tensor(1.),tensor(1.),tensor(1.),tensor(0.0399),tensor(1.),tensor(0.4372),tensor(0.0248),tensor(1.),tensor(1.),tensor(1.),tensor(0.0090),tensor(0.1853),tensor(0.0908),tensor(0.0089),tensor(1.),tensor(0.0355)
s_276_jpg,tensor(0.9998),tensor(0.9964),tensor(1.4862e-09),tensor(9.0504e-07),tensor(0.0040),tensor(2.0768e-12),tensor(1.6481e-26),tensor(1.9243e-24),tensor(1.8409e-11),tensor(3.8115e-14),tensor(2.2533e-08),tensor(0.0291),tensor(0.0045),tensor(1.),tensor(1.),tensor(1.),tensor(1.),tensor(1.),tensor(0.3399),tensor(0.0136),tensor(1.),tensor(0.3158),tensor(0.0113),tensor(0.4843),tensor(1.),tensor(1.),tensor(0.0074),tensor(0.4069),tensor(0.2908),tensor(0.0977),tensor(0.1484),tensor(0.0050)
s_5665_jpg,tensor(0.1958),tensor(7.5078e-16),tensor(3.3350e-06),tensor(3.6181e-07),tensor(0.0001),tensor(1.8717e-10),tensor(2.0377e-23),tensor(4.5223e-20),tensor(1.),tensor(3.1417e-08),tensor(0.9998),tensor(1.3796e-06),tensor(0.0027),tensor(1.),tensor(1.),tensor(1.),tensor(0.3086),tensor(0.3119),tensor(0.0139),tensor(0.0082),tensor(0.1465),tensor(0.0011),tensor(0.0023),tensor(1.),tensor(0.1795),tensor(0.0623),tensor(0.0002),tensor(1.),tensor(1.),tensor(0.4371),tensor(0.0517),tensor(0.0002)
s_1506_jpg,tensor(0.8836),tensor(0.5230),tensor(8.4683e-09),tensor(1.0000),tensor(0.9784),tensor(5.2182e-16),tensor(1.2065e-21),tensor(2.8425e-29),tensor(7.4182e-14),tensor(7.2582e-22),tensor(1.7684e-15),tensor(0.0005),tensor(0.0012),tensor(1.),tensor(1.),tensor(1.),tensor(1.),tensor(1.),tensor(1.),tensor(0.0121),tensor(1.),tensor(0.3619),tensor(0.0079),tensor(1.),tensor(1.),tensor(1.),tensor(0.0031),tensor(0.1975),tensor(0.1128),tensor(0.0238),tensor(0.1364),tensor(0.0034)
s_13184_jpg,tensor(5.9163e-10),tensor(2.8768e-20),tensor(0.),tensor(4.4876e-12),tensor(2.1015e-11),tensor(0.3667),tensor(1.),tensor(1.),tensor(0.),tensor(1.9526e-17),tensor(0.),tensor(2.6010e-19),tensor(1.),tensor(0.0028),tensor(0.0103),tensor(1.),tensor(0.1323),tensor(0.0145),tensor(2.3753e-05),tensor(1.),tensor(0.0046),tensor(5.0603e-08),tensor(1.),tensor(1.),tensor(0.0004),tensor(0.0002),tensor(1.4326e-09),tensor(0.0005),tensor(0.0017),tensor(3.2747e-07),tensor(0.0001),tensor(1.)
s_255_jpg,tensor(0.9399),tensor(0.7693),tensor(0.0070),tensor(1.),tensor(0.0157),tensor(7.1524e-15),tensor(7.1396e-19),tensor(2.9788e-31),tensor(4.6793e-18),tensor(6.8485e-20),tensor(1.3965e-13),tensor(0.0005),tensor(0.0020),tensor(1.),tensor(1.),tensor(1.),tensor(1.),tensor(1.),tensor(1.),tensor(0.0190),tensor(1.),tensor(0.2292),tensor(0.0113),tensor(1.),tensor(1.0000),tensor(1.),tensor(0.0084),tensor(0.3584),tensor(0.2394),tensor(0.0254),tensor(0.4266),tensor(0.0166)
s_12716_jpg,tensor(1.4262e-07),tensor(1.6512e-18),tensor(1.8703e-30),tensor(2.4598e-10),tensor(7.6739e-10),tensor(0.0260),tensor(1.0000),tensor(4.5850e-08),tensor(6.6060e-34),tensor(3.3526e-22),tensor(8.3356e-33),tensor(1.4604e-17),tensor(1.),tensor(0.0171),tensor(0.0335),tensor(1.),tensor(0.1671),tensor(0.0385),tensor(0.0001),tensor(1.),tensor(0.0090),tensor(6.5765e-07),tensor(1.),tensor(1.),tensor(0.0010),tensor(0.0005),tensor(3.2270e-08),tensor(0.0025),tensor(0.0101),tensor(2.2620e-05),tensor(0.0005),tensor(0.1779)
s_8325_jpg,tensor(0.7058),tensor(0.8433),tensor(0.9990),tensor(0.9956),tensor(0.9883),tensor(3.1701e-09),tensor(1.8654e-13),tensor(4.1806e-14),tensor(5.2116e-09),tensor(1.9812e-11),tensor(3.1368e-08),tensor(0.0233),tensor(0.0401),tensor(1.),tensor(1.),tensor(1.),tensor(1.),tensor(1.),tensor(1.0000),tensor(0.1405),tensor(1.),tensor(0.4740),tensor(0.1049),tensor(1.),tensor(1.),tensor(1.),tensor(0.0629),tensor(0.2703),tensor(0.1888),tensor(0.0498),tensor(1.),tensor(0.1606)
s_14178_jpg,tensor(0.2225),tensor(0.9994),tensor(5.8691e-08),tensor(1.),tensor(0.9999),tensor(3.1088e-32),tensor(0.),tensor(0.),tensor(1.8232e-34),tensor(0.),tensor(3.5979e-33),tensor(1.6806e-08),tensor(7.7062e-07),tensor(1.),tensor(1.),tensor(1.),tensor(1.),tensor(1.),tensor(1.),tensor(0.0001),tensor(1.),tensor(0.3652),tensor(6.2938e-05),tensor(1.),tensor(1.),tensor(1.),tensor(1.0863e-05),tensor(0.0488),tensor(0.0109),tensor(8.1188e-05),tensor(0.1396),tensor(3.8895e-05)
s_11250_jpg,tensor(0.4163),tensor(0.9665),tensor(1.0000),tensor(0.0628),tensor(0.0206),tensor(2.7869e-09),tensor(1.1524e-16),tensor(1.3703e-13),tensor(3.8921e-09),tensor(5.3004e-07),tensor(3.2165e-05),tensor(0.2475),tensor(0.0224),tensor(1.),tensor(1.),tensor(1.),tensor(1.),tensor(1.),tensor(0.4100),tensor(0.0607),tensor(0.9954),tensor(0.3089),tensor(0.0412),tensor(1.),tensor(1.),tensor(1.),tensor(0.0424),tensor(0.3796),tensor(0.2904),tensor(0.0583),tensor(1.),tensor(0.1072)
s_12071_jpg,tensor(4.1736e-10),tensor(2.0294e-25),tensor(0.),tensor(1.1224e-18),tensor(3.4433e-15),tensor(1.),tensor(1.),tensor(7.3768e-05),tensor(0.),tensor(2.1013e-26),tensor(0.),tensor(2.0656e-24),tensor(1.),tensor(0.0016),tensor(0.0078),tensor(1.),tensor(0.0947),tensor(0.0075),tensor(6.0987e-06),tensor(1.),tensor(0.0019),tensor(1.6873e-09),tensor(1.),tensor(1.),tensor(0.0001),tensor(5.6489e-05),tensor(3.5710e-11),tensor(5.7020e-05),tensor(0.0004),tensor(3.2551e-08),tensor(5.9917e-05),tensor(0.2584)
s_5281_jpg,tensor(0.2143),tensor(1.2251e-15),tensor(6.2609e-05),tensor(2.6028e-05),tensor(0.0033),tensor(7.7447e-08),tensor(1.4918e-34),tensor(8.1973e-25),tensor(1.),tensor(1.1154e-06),tensor(1.0000),tensor(9.2219e-05),tensor(0.0008),tensor(1.),tensor(1.),tensor(1.),tensor(0.3011),tensor(0.3646),tensor(0.0085),tensor(0.0035),tensor(0.1731),tensor(0.0002),tensor(0.0008),tensor(1.0000),tensor(0.1053),tensor(0.0430),tensor(1.3913e-05),tensor(1.),tensor(1.),tensor(1.),tensor(0.0017),tensor(1.5423e-05)
s_4937_jpg,tensor(2.0609e-07),tensor(1.8674e-17),tensor(2.1890e-29),tensor(5.3182e-09),tensor(1.6158e-09),tensor(0.0422),tensor(1.0000),tensor(1.7002e-06),tensor(2.4617e-32),tensor(1.6244e-19),tensor(7.9501e-32),tensor(8.9590e-17),tensor(1.),tensor(0.0191),tensor(0.0399),tensor(1.),tensor(0.1836),tensor(0.0441),tensor(0.0002),tensor(1.),tensor(0.0122),tensor(1.6196e-06),tensor(1.),tensor(1.),tensor(0.0015),tensor(0.0009),tensor(1.0506e-07),tensor(0.0040),tensor(0.0147),tensor(3.4907e-05),tensor(0.0010),tensor(0.2421)
s_2699_jpg,tensor(4.7453e-13),tensor(8.2536e-27),tensor(0.),tensor(2.4237e-17),tensor(3.2863e-15),tensor(1.0000),tensor(1.),tensor(1.),tensor(0.),tensor(3.8244e-21),tensor(0.),tensor(6.3175e-24),tensor(1.),tensor(0.0003),tensor(0.0027),tensor(1.),tensor(0.0742),tensor(0.0031),tensor(6.8873e-07),tensor(1.),tensor(0.0008),tensor(1.0676e-10),tensor(1.),tensor(1.),tensor(2.8824e-05),tensor(1.2505e-05),tensor(1.7545e-12),tensor(2.2044e-05),tensor(0.0001),tensor(1.0400e-09),tensor(1.4191e-05),tensor(1.)
s_11148_jpg,tensor(0.5901),tensor(0.9900),tensor(0.9930),tensor(0.0140),tensor(0.0157),tensor(3.2240e-07),tensor(1.5944e-17),tensor(1.1689e-15),tensor(8.8513e-07),tensor(9.7214e-08),tensor(0.0002),tensor(0.1833),tensor(0.0320),tensor(1.),tensor(1.),tensor(1.),tensor(1.),tensor(1.),tensor(0.4481),tensor(0.0772),tensor(1.0000),tensor(0.3075),tensor(0.0520),tensor(1.0000),tensor(1.),tensor(1.),tensor(0.0495),tensor(0.3639),tensor(0.2675),tensor(0.0897),tensor(1.0000),tensor(0.0983)
s_12233_jpg,tensor(3.9213e-11),tensor(1.2031e-19),tensor(0.),tensor(1.3148e-12),tensor(2.9084e-11),tensor(0.2080),tensor(1.),tensor(1.),tensor(0.),tensor(5.7367e-16),tensor(0.),tensor(3.3958e-17),tensor(1.),tensor(0.0022),tensor(0.0077),tensor(1.),tensor(0.1141),tensor(0.0121),tensor(1.4520e-05),tensor(1.),tensor(0.0036),tensor(1.8568e-08),tensor(1.),tensor(1.),tensor(0.0002),tensor(0.0001),tensor(6.3213e-10),tensor(0.0006),tensor(0.0018),tensor(1.6922e-07),tensor(4.9667e-05),tensor(1.)
s_11816_jpg,tensor(5.6771e-09),tensor(2.8800e-22),tensor(0.),tensor(9.1075e-19),tensor(1.6230e-13),tensor(1.),tensor(1.0000),tensor(0.0143),tensor(1.2317e-36),tensor(3.3915e-19),tensor(0.),tensor(9.0353e-19),tensor(1.),tensor(0.0028),tensor(0.0137),tensor(1.),tensor(0.1214),tensor(0.0117),tensor(2.6568e-05),tensor(1.),tensor(0.0034),tensor(1.6606e-08),tensor(1.),tensor(1.),tensor(0.0004),tensor(0.0002),tensor(1.1738e-09),tensor(0.0002),tensor(0.0012),tensor(2.1481e-07),tensor(0.0004),tensor(0.3715)
s_15289_jpg,tensor(0.0379),tensor(2.4021e-08),tensor(9.4088e-05),tensor(8.2827e-08),tensor(3.5969e-06),tensor(2.2912e-06),tensor(3.5777e-18),tensor(4.7756e-06),tensor(5.2769e-18),tensor(2.0936e-08),tensor(1.0000),tensor(5.1375e-05),tensor(0.0100),tensor(0.3614),tensor(1.),tensor(1.),tensor(0.4301),tensor(0.1003),tensor(0.0030),tensor(0.0179),tensor(0.1549),tensor(0.0002),tensor(0.0146),tensor(1.),tensor(0.1212),tensor(0.0402),tensor(3.0377e-05),tensor(1.),tensor(1.),tensor(0.0057),tensor(0.2499),tensor(0.0037)
s_11828_jpg,tensor(1.7787e-08),tensor(1.1119e-14),tensor(2.7840e-31),tensor(2.3670e-08),tensor(1.6194e-08),tensor(0.3958),tensor(1.),tensor(1.),tensor(4.4281e-32),tensor(1.8577e-13),tensor(0.),tensor(2.1703e-14),tensor(1.),tensor(0.0102),tensor(0.0277),tensor(1.),tensor(0.1829),tensor(0.0358),tensor(0.0003),tensor(1.),tensor(0.0161),tensor(1.7290e-06),tensor(1.),tensor(1.),tensor(0.0021),tensor(0.0013),tensor(1.3317e-07),tensor(0.0032),tensor(0.0072),tensor(7.8156e-06),tensor(0.0007),tensor(1.)
s_133_jpg,tensor(0.0808),tensor(2.0272e-13),tensor(2.5600e-07),tensor(5.5200e-10),tensor(0.0628),tensor(7.8197e-14),tensor(1.1039e-23),tensor(2.8139e-16),tensor(3.0271e-23),tensor(6.5499e-08),tensor(1.0000),tensor(2.8185e-05),tensor(0.0018),tensor(1.),tensor(1.),tensor(1.),tensor(0.3222),tensor(0.1167),tensor(0.0007),tensor(0.0052),tensor(0.0454),tensor(4.3614e-05),tensor(0.0020),tensor(1.),tensor(0.0636),tensor(0.0109),tensor(2.8177e-06),tensor(1.),tensor(1.),tensor(0.0158),tensor(0.1432),tensor(7.2678e-05)
s_2428_jpg,tensor(0.3189),tensor(3.2767e-10),tensor(3.1760e-05),tensor(4.5340e-05),tensor(0.0379),tensor(1.8861e-08),tensor(1.2595e-18),tensor(1.2744e-20),tensor(1.),tensor(2.5539e-08),tensor(0.9721),tensor(3.8933e-05),tensor(0.0056),tensor(1.),tensor(1.),tensor(1.),tensor(0.3698),tensor(0.4514),tensor(0.0285),tensor(0.0176),tensor(0.2292),tensor(0.0033),tensor(0.0057),tensor(1.),tensor(0.1472),tensor(0.0833),tensor(0.0003),tensor(1.),tensor(1.),tensor(1.),tensor(0.0094),tensor(0.0004)
s_6827_jpg,tensor(0.0053),tensor(9.5399e-08),tensor(4.9821e-14),tensor(1.9088e-09),tensor(1.8996e-05),tensor(1.0000),tensor(0.0045),tensor(0.0204),tensor(1.7837e-07),tensor(7.8984e-05),tensor(3.2555e-18),tensor(0.0002),tensor(1.),tensor(0.1777),tensor(0.3016),tensor(0.4981),tensor(0.4278),tensor(0.2573),tensor(0.0571),tensor(1.),tensor(0.2113),tensor(0.0090),tensor(0.3857),tensor(1.),tensor(0.1542),tensor(0.1321),tensor(0.0030),tensor(0.0541),tensor(0.1112),tensor(0.0123),tensor(0.1437),tensor(0.3348)
s_7244_jpg,tensor(2.3906e-07),tensor(8.2918e-18),tensor(1.0402e-30),tensor(9.7672e-10),tensor(1.2039e-09),tensor(0.1440),tensor(1.0000),tensor(7.7931e-06),tensor(5.9744e-32),tensor(2.0784e-19),tensor(9.6633e-34),tensor(3.6956e-17),tensor(1.),tensor(0.0165),tensor(0.0370),tensor(1.),tensor(0.1817),tensor(0.0405),tensor(0.0002),tensor(1.),tensor(0.0114),tensor(1.2764e-06),tensor(1.),tensor(1.),tensor(0.0014),tensor(0.0008),tensor(7.8605e-08),tensor(0.0030),tensor(0.0112),tensor(2.2977e-05),tensor(0.0010),tensor(0.2695)
s_5897_jpg,tensor(1.9213e-08),tensor(3.8932e-21),tensor(0.),tensor(1.1122e-15),tensor(1.1020e-12),tensor(1.),tensor(1.0000),tensor(2.8879e-05),tensor(2.5174e-34),tensor(8.4348e-18),tensor(0.),tensor(3.8301e-17),tensor(1.),tensor(0.0048),tensor(0.0261),tensor(1.),tensor(0.1704),tensor(0.0180),tensor(4.9162e-05),tensor(1.),tensor(0.0069),tensor(7.9099e-08),tensor(1.),tensor(1.),tensor(0.0008),tensor(0.0004),tensor(2.7638e-09),tensor(0.0005),tensor(0.0025),tensor(6.6407e-07),tensor(0.0009),tensor(0.2308)
s_9788_jpg,tensor(7.0714e-15),tensor(9.9745e-28),tensor(0.),tensor(2.6325e-18),tensor(1.4782e-15),tensor(1.),tensor(1.),tensor(1.),tensor(0.),tensor(2.3265e-18),tensor(0.),tensor(4.9039e-21),tensor(1.),tensor(6.9865e-05),tensor(0.0009),tensor(1.),tensor(0.0624),tensor(0.0012),tensor(7.5015e-08),tensor(1.),tensor(0.0003),tensor(3.7107e-12),tensor(1.),tensor(1.),tensor(6.1532e-06),tensor(2.6044e-06),tensor(2.7205e-14),tensor(2.7386e-06),tensor(2.5323e-05),tensor(2.7059e-11),tensor(1.6714e-06),tensor(1.)
s_10269_jpg,tensor(0.9035),tensor(0.5118),tensor(0.9999),tensor(0.0361),tensor(0.8438),tensor(6.8937e-08),tensor(4.9208e-14),tensor(1.7000e-10),tensor(1.3707e-06),tensor(1.7105e-09),tensor(8.4433e-06),tensor(0.2178),tensor(0.0603),tensor(1.),tensor(1.),tensor(1.),tensor(1.),tensor(1.),tensor(0.4431),tensor(0.1393),tensor(1.),tensor(0.4278),tensor(0.1135),tensor(1.0000),tensor(1.),tensor(1.),tensor(0.0744),tensor(0.3357),tensor(0.2509),tensor(0.0897),tensor(1.),tensor(0.2029)
s_6005_jpg,tensor(1.2308e-05),tensor(1.1836e-15),tensor(3.1752e-26),tensor(7.3901e-17),tensor(6.5809e-10),tensor(1.),tensor(1.2828e-06),tensor(2.3371e-07),tensor(4.1687e-14),tensor(9.1683e-09),tensor(9.3884e-36),tensor(8.0899e-08),tensor(1.),tensor(0.0337),tensor(0.1361),tensor(1.),tensor(0.3546),tensor(0.0745),tensor(0.0010),tensor(1.),tensor(0.0339),tensor(2.8820e-05),tensor(0.2940),tensor(1.),tensor(0.0116),tensor(0.0090),tensor(3.5815e-06),tensor(0.0049),tensor(0.0296),tensor(0.0002),tensor(0.0349),tensor(0.1742)
s_15791_jpg,tensor(4.9818e-08),tensor(2.9995e-13),tensor(2.4923e-28),tensor(2.8258e-08),tensor(1.2046e-07),tensor(0.4526),tensor(1.),tensor(1.),tensor(2.4919e-28),tensor(4.8559e-11),tensor(0.),tensor(2.6283e-12),tensor(1.),tensor(0.0139),tensor(0.0361),tensor(1.),tensor(0.2159),tensor(0.0468),tensor(0.0005),tensor(1.),tensor(0.0255),tensor(6.5539e-06),tensor(1.),tensor(1.),tensor(0.0039),tensor(0.0024),tensor(4.6567e-07),tensor(0.0050),tensor(0.0097),tensor(1.8302e-05),tensor(0.0015),tensor(1.)
s_1854_jpg,tensor(0.7428),tensor(0.9978),tensor(0.4233),tensor(2.5533e-05),tensor(0.9591),tensor(1.0693e-08),tensor(9.2060e-19),tensor(8.7065e-16),tensor(4.0465e-08),tensor(4.3314e-08),tensor(2.9490e-06),tensor(0.2378),tensor(0.0235),tensor(1.),tensor(1.),tensor(1.),tensor(1.),tensor(1.),tensor(0.3338),tensor(0.0476),tensor(1.),tensor(0.2708),tensor(0.0346),tensor(0.4966),tensor(1.),tensor(1.),tensor(0.0215),tensor(0.3790),tensor(0.2805),tensor(0.0507),tensor(0.9999),tensor(0.0497)
s_2416_jpg,tensor(0.0195),tensor(4.4989e-10),tensor(7.1129e-06),tensor(8.8487e-09),tensor(0.0016),tensor(4.1266e-08),tensor(1.9037e-17),tensor(1.1077e-06),tensor(1.4101e-17),tensor(0.9953),tensor(0.0010),tensor(0.9686),tensor(0.0403),tensor(0.3377),tensor(1.),tensor(1.),tensor(0.4400),tensor(0.1581),tensor(0.0074),tensor(0.0844),tensor(0.0919),tensor(0.0013),tensor(0.0383),tensor(1.),tensor(0.1190),tensor(0.0607),tensor(0.0004),tensor(0.3454),tensor(1.),tensor(0.0108),tensor(1.),tensor(0.0125)
s_14018_jpg,tensor(2.0526e-11),tensor(6.9214e-23),tensor(0.),tensor(6.0365e-14),tensor(1.0605e-12),tensor(0.9999),tensor(1.),tensor(1.),tensor(0.),tensor(9.9010e-19),tensor(0.),tensor(7.8866e-21),tensor(1.),tensor(0.0008),tensor(0.0049),tensor(1.),tensor(0.0957),tensor(0.0062),tensor(4.1102e-06),tensor(1.),tensor(0.0020),tensor(1.6923e-09),tensor(1.),tensor(1.),tensor(0.0001),tensor(4.5648e-05),tensor(3.7446e-11),tensor(7.7784e-05),tensor(0.0004),tensor(1.2445e-08),tensor(4.0944e-05),tensor(1.)
s_11208_jpg,tensor(0.9951),tensor(0.9990),tensor(2.8844e-06),tensor(0.0018),tensor(0.9750),tensor(3.0038e-16),tensor(6.2419e-31),tensor(7.5217e-32),tensor(6.4520e-17),tensor(1.4074e-18),tensor(3.9822e-14),tensor(0.2013),tensor(0.0008),tensor(1.),tensor(1.),tensor(1.),tensor(1.),tensor(1.),tensor(0.3419),tensor(0.0042),tensor(1.),tensor(0.2514),tensor(0.0026),tensor(1.0000),tensor(1.),tensor(1.),tensor(0.0017),tensor(0.3151),tensor(0.1931),tensor(0.0103),tensor(0.3731),tensor(0.0030)
s_9350_jpg,tensor(4.0781e-10),tensor(1.5578e-24),tensor(0.),tensor(1.1776e-19),tensor(7.3875e-15),tensor(1.),tensor(1.0000),tensor(4.3336e-05),tensor(0.),tensor(3.2771e-23),tensor(0.),tensor(1.0138e-21),tensor(1.),tensor(0.0015),tensor(0.0104),tensor(1.),tensor(0.1207),tensor(0.0080),tensor(6.9353e-06),tensor(1.),tensor(0.0024),tensor(2.3800e-09),tensor(1.),tensor(1.),tensor(0.0002),tensor(8.4340e-05),tensor(5.0648e-11),tensor(6.1680e-05),tensor(0.0004),tensor(3.0417e-08),tensor(0.0001),tensor(0.2310)
s_11154_jpg,tensor(0.9993),tensor(0.4717),tensor(4.6679e-10),tensor(0.9999),tensor(0.9719),tensor(5.3851e-16),tensor(1.1890e-25),tensor(1.4070e-30),tensor(2.0223e-16),tensor(6.5988e-23),tensor(2.0810e-15),tensor(0.0985),tensor(0.0017),tensor(1.),tensor(1.),tensor(1.),tensor(1.),tensor(1.),tensor(1.0000),tensor(0.0136),tensor(1.),tensor(0.3788),tensor(0.0095),tensor(1.),tensor(1.),tensor(1.),tensor(0.0035),tensor(0.3202),tensor(0.1935),tensor(0.0307),tensor(0.1670),tensor(0.0036)
s_4210_jpg,tensor(0.0150),tensor(1.1377e-12),tensor(8.4463e-07),tensor(3.1984e-10),tensor(0.0009),tensor(1.0485e-11),tensor(2.7489e-25),tensor(6.3659e-09),tensor(4.9383e-32),tensor(0.9910),tensor(0.8823),tensor(0.9599),tensor(0.0028),tensor(0.4311),tensor(1.),tensor(1.),tensor(0.3651),tensor(0.0707),tensor(0.0007),tensor(0.0079),tensor(0.0365),tensor(6.7053e-05),tensor(0.0035),tensor(1.),tensor(0.0968),tensor(0.0202),tensor(7.9408e-06),tensor(1.),tensor(1.),tensor(0.0021),tensor(1.),tensor(0.0004)
s_9016_jpg,tensor(0.0048),tensor(2.1157e-16),tensor(2.7896e-07),tensor(8.8924e-12),tensor(0.0001),tensor(9.9307e-15),tensor(3.8808e-35),tensor(3.4427e-14),tensor(0.),tensor(0.9863),tensor(0.9448),tensor(0.9763),tensor(0.0002),tensor(0.4390),tensor(1.),tensor(1.),tensor(0.3378),tensor(0.0331),tensor(7.5005e-05),tensor(0.0013),tensor(0.0140),tensor(2.5602e-06),tensor(0.0004),tensor(1.),tensor(0.0543),tensor(0.0062),tensor(1.6157e-07),tensor(1.),tensor(1.),tensor(0.0003),tensor(1.),tensor(3.4939e-05)
s_185_jpg,tensor(3.8797e-10),tensor(3.6238e-24),tensor(0.),tensor(3.3458e-18),tensor(3.9823e-15),tensor(1.),tensor(1.0000),tensor(0.0004),tensor(0.),tensor(2.4791e-23),tensor(0.),tensor(1.8666e-22),tensor(1.),tensor(0.0017),tensor(0.0104),tensor(1.),tensor(0.1157),tensor(0.0084),tensor(9.9563e-06),tensor(1.),tensor(0.0027),tensor(3.5512e-09),tensor(1.),tensor(1.),tensor(0.0002),tensor(0.0001),tensor(9.1413e-11),tensor(8.4298e-05),tensor(0.0006),tensor(4.5139e-08),tensor(0.0001),tensor(0.2665)
s_11385_jpg,tensor(0.1244),tensor(0.9993),tensor(0.0750),tensor(0.0001),tensor(0.7476),tensor(5.4689e-06),tensor(3.1082e-15),tensor(6.6027e-13),tensor(0.0005),tensor(0.0040),tensor(0.0074),tensor(0.2425),tensor(0.0471),tensor(1.),tensor(1.),tensor(1.),tensor(1.0000),tensor(1.),tensor(0.3732),tensor(0.0823),tensor(0.4983),tensor(0.3247),tensor(0.0578),tensor(0.6475),tensor(1.),tensor(1.),tensor(0.0426),tensor(0.3943),tensor(0.2981),tensor(0.0981),tensor(0.4484),tensor(0.0499)
s_652_jpg,tensor(0.0067),tensor(1.0232e-14),tensor(6.5826e-07),tensor(1.7422e-10),tensor(0.0001),tensor(4.4379e-11),tensor(1.1549e-21),tensor(4.8347e-06),tensor(1.4019e-23),tensor(0.9998),tensor(0.0004),tensor(0.9851),tensor(0.0249),tensor(0.2906),tensor(1.),tensor(1.),tensor(0.4012),tensor(0.0969),tensor(0.0016),tensor(0.0523),tensor(0.0425),tensor(0.0002),tensor(0.0235),tensor(1.),tensor(0.0719),tensor(0.0223),tensor(7.0693e-05),tensor(0.3439),tensor(1.),tensor(0.0038),tensor(1.),tensor(0.0047)
s_10980_jpg,tensor(0.9345),tensor(0.9936),tensor(0.0012),tensor(0.0012),tensor(0.0170),tensor(1.0172e-08),tensor(6.1263e-17),tensor(2.7609e-20),tensor(1.2532e-08),tensor(4.1337e-09),tensor(6.2622e-05),tensor(0.0880),tensor(0.0152),tensor(1.),tensor(1.),tensor(1.),tensor(1.),tensor(1.0000),tensor(0.3701),tensor(0.0488),tensor(1.),tensor(0.1556),tensor(0.0305),tensor(1.0000),tensor(1.),tensor(1.),tensor(0.0142),tensor(0.4015),tensor(0.3551),tensor(0.1136),tensor(0.2993),tensor(0.0194)
s_591_jpg,tensor(0.5300),tensor(0.9987),tensor(9.5507e-06),tensor(0.0005),tensor(0.8407),tensor(9.0911e-10),tensor(1.0110e-21),tensor(3.3341e-20),tensor(2.6254e-06),tensor(9.7444e-09),tensor(2.4946e-06),tensor(0.2002),tensor(0.0095),tensor(1.),tensor(1.),tensor(1.),tensor(1.),tensor(1.),tensor(0.4066),tensor(0.0303),tensor(1.),tensor(0.3125),tensor(0.0193),tensor(0.4979),tensor(1.),tensor(1.),tensor(0.0107),tensor(0.3459),tensor(0.2430),tensor(0.0854),tensor(0.1957),tensor(0.0128)
s_14138_jpg,tensor(4.8224e-10),tensor(3.3099e-20),tensor(0.),tensor(4.5390e-12),tensor(1.8948e-11),tensor(0.3553),tensor(1.),tensor(1.),tensor(0.),tensor(2.0695e-17),tensor(0.),tensor(3.4529e-19),tensor(1.),tensor(0.0027),tensor(0.0101),tensor(1.),tensor(0.1320),tensor(0.0143),tensor(2.3539e-05),tensor(1.),tensor(0.0046),tensor(4.6798e-08),tensor(1.),tensor(1.),tensor(0.0004),tensor(0.0002),tensor(1.2847e-09),tensor(0.0005),tensor(0.0016),tensor(2.9812e-07),tensor(0.0001),tensor(1.)
s_10069_jpg,tensor(0.0233),tensor(1.1986e-12),tensor(1.6626e-06),tensor(2.1120e-09),tensor(0.0024),tensor(1.4690e-09),tensor(3.0457e-21),tensor(6.4114e-07),tensor(1.8042e-25),tensor(0.9728),tensor(0.9071),tensor(0.8811),tensor(0.0094),tensor(0.4317),tensor(1.),tensor(1.),tensor(0.3800),tensor(0.0980),tensor(0.0016),tensor(0.0184),tensor(0.0508),tensor(0.0002),tensor(0.0105),tensor(1.),tensor(0.1254),tensor(0.0278),tensor(4.8561e-05),tensor(1.),tensor(1.),tensor(0.0064),tensor(1.),tensor(0.0016)
s_14544_jpg,tensor(0.7097),tensor(0.9679),tensor(1.0000),tensor(0.0022),tensor(0.0245),tensor(1.4181e-09),tensor(4.9469e-19),tensor(9.3911e-15),tensor(9.1106e-11),tensor(1.4493e-08),tensor(2.3388e-05),tensor(0.2706),tensor(0.0186),tensor(1.),tensor(1.),tensor(1.),tensor(1.),tensor(1.),tensor(0.3945),tensor(0.0563),tensor(1.0000),tensor(0.2642),tensor(0.0360),tensor(1.),tensor(1.),tensor(1.),tensor(0.0257),tensor(0.3243),tensor(0.2434),tensor(0.0368),tensor(1.),tensor(0.1045)
s_13608_jpg,tensor(0.8840),tensor(0.9268),tensor(0.0426),tensor(1.),tensor(0.9355),tensor(1.3275e-13),tensor(3.8902e-16),tensor(5.1190e-24),tensor(5.8742e-18),tensor(3.6736e-21),tensor(2.5074e-16),tensor(0.0001),tensor(0.0067),tensor(1.),tensor(1.),tensor(1.),tensor(1.),tensor(1.),tensor(1.),tensor(0.0391),tensor(1.),tensor(0.4046),tensor(0.0312),tensor(1.),tensor(1.),tensor(1.),tensor(0.0181),tensor(0.2367),tensor(0.1573),tensor(0.0178),tensor(0.4552),tensor(0.0437)
s_13627_jpg,tensor(0.0119),tensor(7.6745e-13),tensor(1.2888e-06),tensor(2.4535e-10),tensor(0.0020),tensor(3.9051e-12),tensor(2.8755e-23),tensor(2.4451e-08),tensor(1.4875e-26),tensor(0.9982),tensor(0.0109),tensor(0.9564),tensor(0.0112),tensor(0.3500),tensor(1.),tensor(1.),tensor(0.4076),tensor(0.0896),tensor(0.0014),tensor(0.0314),tensor(0.0392),tensor(0.0002),tensor(0.0137),tensor(1.),tensor(0.0771),tensor(0.0232),tensor(3.6491e-05),tensor(0.4030),tensor(1.),tensor(0.0036),tensor(1.),tensor(0.0023)
s_12964_jpg,tensor(0.2420),tensor(2.5289e-07),tensor(0.0024),tensor(0.0010),tensor(0.0051),tensor(3.6164e-06),tensor(1.3442e-13),tensor(1.4047e-23),tensor(1.),tensor(3.4850e-12),tensor(0.0043),tensor(8.9281e-07),tensor(0.0069),tensor(1.),tensor(1.),tensor(1.),tensor(0.4055),tensor(0.4924),tensor(0.0278),tensor(0.0229),tensor(0.1988),tensor(0.0028),tensor(0.0055),tensor(0.4525),tensor(0.1005),tensor(0.0788),tensor(0.0002),tensor(0.4365),tensor(0.4508),tensor(1.),tensor(0.0060),tensor(0.0005)
s_1680_jpg,tensor(0.9738),tensor(0.4826),tensor(0.9999),tensor(1.0000),tensor(0.0149),tensor(1.9047e-19),tensor(1.9769e-29),tensor(1.7664e-29),tensor(2.1789e-22),tensor(1.5406e-25),tensor(5.0463e-18),tensor(0.0019),tensor(0.0007),tensor(1.),tensor(1.),tensor(1.),tensor(1.),tensor(1.),tensor(1.),tensor(0.0106),tensor(1.),tensor(0.3271),tensor(0.0053),tensor(1.),tensor(1.),tensor(1.),tensor(0.0037),tensor(0.1866),tensor(0.0876),tensor(0.0057),tensor(1.),tensor(0.0182)
s_2595_jpg,tensor(0.8467),tensor(0.9914),tensor(1.0000),tensor(0.0006),tensor(0.8914),tensor(3.2495e-14),tensor(1.0379e-30),tensor(1.2989e-23),tensor(2.1380e-12),tensor(4.2042e-15),tensor(4.7182e-10),tensor(0.1887),tensor(0.0027),tensor(1.),tensor(1.),tensor(1.),tensor(1.),tensor(1.),tensor(0.3935),tensor(0.0151),tensor(1.),tensor(0.3725),tensor(0.0083),tensor(1.),tensor(1.),tensor(1.),tensor(0.0056),tensor(0.2049),tensor(0.1077),tensor(0.0094),tensor(1.),tensor(0.0309)
s_14713_jpg,tensor(0.0134),tensor(2.3448e-13),tensor(5.2905e-06),tensor(3.2908e-09),tensor(0.0007),tensor(4.1571e-12),tensor(8.0946e-27),tensor(6.6819e-12),tensor(1.9591e-33),tensor(0.9817),tensor(0.9145),tensor(0.9436),tensor(0.0013),tensor(0.4494),tensor(1.),tensor(1.),tensor(0.3693),tensor(0.0633),tensor(0.0005),tensor(0.0046),tensor(0.0312),tensor(3.3755e-05),tensor(0.0019),tensor(1.),tensor(0.0888),tensor(0.0179),tensor(3.2664e-06),tensor(1.),tensor(1.),tensor(0.0013),tensor(1.),tensor(0.0003)
s_7120_jpg,tensor(0.0162),tensor(1.4731e-06),tensor(4.3609e-10),tensor(1.4314e-09),tensor(1.7285e-09),tensor(8.6620e-05),tensor(0.0001),tensor(0.0472),tensor(3.4581e-15),tensor(2.6377e-07),tensor(0.9999),tensor(0.0002),tensor(0.0667),tensor(0.2584),tensor(0.9956),tensor(0.9997),tensor(0.4133),tensor(0.1484),tensor(0.0091),tensor(0.0864),tensor(0.2064),tensor(0.0009),tensor(0.0860),tensor(1.),tensor(0.1239),tensor(0.0584),tensor(0.0001),tensor(0.4757),tensor(0.8689),tensor(0.0076),tensor(0.1390),tensor(0.0256)
s_5994_jpg,tensor(0.2722),tensor(0.0657),tensor(3.3749e-09),tensor(1.),tensor(0.9921),tensor(1.6065e-19),tensor(6.3458e-21),tensor(2.6417e-34),tensor(1.0583e-14),tensor(2.5935e-22),tensor(1.1955e-17),tensor(4.6127e-06),tensor(0.0005),tensor(1.),tensor(1.),tensor(1.),tensor(1.),tensor(1.),tensor(1.),tensor(0.0070),tensor(1.),tensor(0.2468),tensor(0.0039),tensor(1.),tensor(1.),tensor(1.),tensor(0.0018),tensor(0.2347),tensor(0.1361),tensor(0.0237),tensor(0.1460),tensor(0.0019)
s_12749_jpg,tensor(3.7544e-05),tensor(4.0628e-23),tensor(2.2123e-26),tensor(3.4820e-23),tensor(6.3479e-18),tensor(1.),tensor(2.6936e-10),tensor(3.1320e-11),tensor(6.5416e-19),tensor(2.0860e-05),tensor(3.2544e-33),tensor(2.7782e-06),tensor(1.),tensor(0.0191),tensor(0.1428),tensor(1.0000),tensor(0.3300),tensor(0.0351),tensor(0.0002),tensor(1.),tensor(0.0187),tensor(3.3391e-06),tensor(0.2038),tensor(1.),tensor(0.0049),tensor(0.0035),tensor(4.6097e-07),tensor(0.0037),tensor(0.0482),tensor(3.4681e-05),tensor(0.0659),tensor(0.1029)
s_15342_jpg,tensor(0.9881),tensor(0.7578),tensor(0.0324),tensor(0.0664),tensor(0.9881),tensor(6.6998e-11),tensor(7.1548e-20),tensor(8.6709e-21),tensor(5.5350e-10),tensor(4.6151e-14),tensor(3.2973e-09),tensor(0.1839),tensor(0.0117),tensor(1.),tensor(1.),tensor(1.),tensor(1.),tensor(1.),tensor(0.4453),tensor(0.0497),tensor(1.),tensor(0.4094),tensor(0.0363),tensor(1.),tensor(1.),tensor(1.),tensor(0.0199),tensor(0.3240),tensor(0.2090),tensor(0.0446),tensor(0.4589),tensor(0.0377)
s_6573_jpg,tensor(0.6349),tensor(0.9924),tensor(0.9995),tensor(0.2310),tensor(0.9789),tensor(2.5593e-10),tensor(2.2433e-20),tensor(1.8369e-18),tensor(4.1829e-09),tensor(1.6987e-10),tensor(8.1477e-08),tensor(0.1679),tensor(0.0127),tensor(1.),tensor(1.),tensor(1.),tensor(1.),tensor(1.),tensor(0.4752),tensor(0.0573),tensor(1.),tensor(0.4424),tensor(0.0385),tensor(1.),tensor(1.),tensor(1.),tensor(0.0267),tensor(0.2222),tensor(0.1466),tensor(0.0271),tensor(1.),tensor(0.0841)
s_11563_jpg,tensor(0.3026),tensor(8.5510e-07),tensor(6.1792e-05),tensor(4.9741e-05),tensor(0.0164),tensor(1.2792e-07),tensor(2.0612e-12),tensor(2.0729e-12),tensor(1.7385e-05),tensor(0.0001),tensor(0.9963),tensor(0.0018),tensor(0.0345),tensor(1.),tensor(1.),tensor(1.),tensor(0.4191),tensor(0.3753),tensor(0.0938),tensor(0.0724),tensor(0.3277),tensor(0.0215),tensor(0.0438),tensor(1.),tensor(0.2834),tensor(0.1938),tensor(0.0042),tensor(1.),tensor(1.),tensor(0.2753),tensor(0.1444),tensor(0.0081)
s_8183_jpg,tensor(1.8115e-05),tensor(1.6913e-19),tensor(2.5769e-27),tensor(1.0387e-19),tensor(6.9206e-13),tensor(1.),tensor(1.0224e-09),tensor(2.7272e-10),tensor(1.5071e-14),tensor(1.5112e-07),tensor(3.5422e-38),tensor(1.5790e-07),tensor(1.),tensor(0.0209),tensor(0.1231),tensor(1.),tensor(0.3411),tensor(0.0511),tensor(0.0003),tensor(1.),tensor(0.0226),tensor(6.7677e-06),tensor(0.2468),tensor(1.),tensor(0.0057),tensor(0.0042),tensor(6.4369e-07),tensor(0.0028),tensor(0.0236),tensor(5.2346e-05),tensor(0.0327),tensor(0.1500)
s_1143_jpg,tensor(0.9777),tensor(0.7965),tensor(1.0000),tensor(0.0013),tensor(0.0007),tensor(1.6600e-09),tensor(1.0412e-14),tensor(3.6226e-14),tensor(1.2080e-11),tensor(5.0492e-11),tensor(7.1082e-06),tensor(0.0152),tensor(0.0161),tensor(1.),tensor(1.),tensor(1.),tensor(1.),tensor(0.4890),tensor(0.2965),tensor(0.0507),tensor(1.0000),tensor(0.1068),tensor(0.0318),tensor(1.),tensor(1.),tensor(1.),tensor(0.0175),tensor(0.3393),tensor(0.3158),tensor(0.0420),tensor(1.),tensor(0.0950)
s_4036_jpg,tensor(0.0015),tensor(6.4949e-19),tensor(4.0147e-09),tensor(1.4177e-13),tensor(4.9540e-06),tensor(1.1133e-11),tensor(2.2696e-25),tensor(6.1816e-09),tensor(1.5293e-26),tensor(0.9999),tensor(5.5154e-06),tensor(0.9781),tensor(0.0127),tensor(0.2469),tensor(1.),tensor(1.),tensor(0.3662),tensor(0.0570),tensor(0.0004),tensor(0.0332),tensor(0.0203),tensor(3.0839e-05),tensor(0.0110),tensor(1.),tensor(0.0337),tensor(0.0097),tensor(8.8689e-06),tensor(0.2881),tensor(1.),tensor(0.0014),tensor(1.),tensor(0.0018)
s_4835_jpg,tensor(3.6910e-07),tensor(6.4662e-15),tensor(1.2159e-31),tensor(7.3959e-12),tensor(1.7692e-08),tensor(1.0000),tensor(1.0000),tensor(0.0032),tensor(8.0135e-26),tensor(3.5924e-17),tensor(1.3162e-37),tensor(3.8702e-15),tensor(1.),tensor(0.0181),tensor(0.0452),tensor(1.),tensor(0.2040),tensor(0.0547),tensor(0.0008),tensor(1.),tensor(0.0231),tensor(4.2681e-06),tensor(1.),tensor(1.),tensor(0.0039),tensor(0.0029),tensor(3.4640e-07),tensor(0.0018),tensor(0.0060),tensor(1.9855e-05),tensor(0.0021),tensor(0.3421)
s_4813_jpg,tensor(0.2769),tensor(3.9694e-09),tensor(5.4585e-05),tensor(1.0979e-05),tensor(0.0580),tensor(4.0234e-09),tensor(8.3149e-12),tensor(1.3576e-18),tensor(1.),tensor(1.9811e-11),tensor(0.2020),tensor(4.8539e-07),tensor(0.0107),tensor(1.),tensor(1.),tensor(1.),tensor(0.3841),tensor(0.4314),tensor(0.0234),tensor(0.0308),tensor(0.1757),tensor(0.0035),tensor(0.0109),tensor(1.0000),tensor(0.1056),tensor(0.0702),tensor(0.0005),tensor(0.4925),tensor(1.),tensor(1.),tensor(0.0140),tensor(0.0010)
s_6495_jpg,tensor(0.6325),tensor(0.3340),tensor(5.1446e-07),tensor(0.0091),tensor(0.9481),tensor(3.9040e-08),tensor(1.1032e-08),tensor(8.5862e-14),tensor(0.1094),tensor(1.5452e-05),tensor(0.0006),tensor(0.0330),tensor(0.0354),tensor(1.),tensor(1.),tensor(1.),tensor(1.),tensor(1.),tensor(0.2924),tensor(0.0936),tensor(1.),tensor(0.2448),tensor(0.0580),tensor(0.4915),tensor(0.4722),tensor(0.4290),tensor(0.0200),tensor(0.4177),tensor(0.3948),tensor(0.3103),tensor(0.1299),tensor(0.0171)
s_10009_jpg,tensor(0.0132),tensor(1.5039e-12),tensor(3.3281e-06),tensor(2.8517e-09),tensor(0.0004),tensor(1.5380e-07),tensor(5.3640e-16),tensor(8.6670e-05),tensor(6.1797e-16),tensor(0.9980),tensor(0.0001),tensor(0.9375),tensor(0.0754),tensor(0.3038),tensor(1.),tensor(1.),tensor(0.4312),tensor(0.1511),tensor(0.0056),tensor(0.1272),tensor(0.0761),tensor(0.0014),tensor(0.0645),tensor(1.),tensor(0.1054),tensor(0.0476),tensor(0.0006),tensor(0.3254),tensor(1.),tensor(0.0140),tensor(1.),tensor(0.0193)
s_515_jpg,tensor(2.4995e-08),tensor(2.1609e-15),tensor(1.6230e-33),tensor(1.3794e-09),tensor(1.2914e-08),tensor(0.3937),tensor(1.),tensor(1.),tensor(2.1834e-31),tensor(1.0210e-14),tensor(0.),tensor(1.2786e-16),tensor(1.),tensor(0.0106),tensor(0.0339),tensor(1.),tensor(0.1987),tensor(0.0350),tensor(0.0003),tensor(1.),tensor(0.0175),tensor(2.0081e-06),tensor(1.),tensor(1.),tensor(0.0024),tensor(0.0012),tensor(1.4005e-07),tensor(0.0032),tensor(0.0073),tensor(8.0292e-06),tensor(0.0011),tensor(1.)
s_7917_jpg,tensor(0.9727),tensor(0.9916),tensor(0.0152),tensor(1.),tensor(0.7548),tensor(2.5519e-35),tensor(0.),tensor(0.),tensor(0.),tensor(0.),tensor(6.1416e-36),tensor(7.9089e-09),tensor(3.1262e-07),tensor(1.),tensor(1.),tensor(1.),tensor(1.),tensor(1.),tensor(1.),tensor(7.0124e-05),tensor(1.),tensor(0.2504),tensor(2.6465e-05),tensor(1.),tensor(1.),tensor(1.),tensor(7.6730e-06),tensor(0.0587),tensor(0.0111),tensor(4.1430e-05),tensor(0.3518),tensor(4.8135e-05)
s_8526_jpg,tensor(0.8580),tensor(0.4730),tensor(0.9953),tensor(1.0000),tensor(0.9503),tensor(5.0793e-12),tensor(7.3971e-16),tensor(1.3294e-17),tensor(2.1800e-12),tensor(1.6671e-15),tensor(3.3827e-11),tensor(0.0086),tensor(0.0156),tensor(1.),tensor(1.),tensor(1.),tensor(1.),tensor(1.),tensor(1.),tensor(0.0782),tensor(1.),tensor(0.4452),tensor(0.0515),tensor(1.),tensor(1.),tensor(1.),tensor(0.0331),tensor(0.2556),tensor(0.1729),tensor(0.0329),tensor(1.),tensor(0.0926)
s_13051_jpg,tensor(0.0112),tensor(1.1289e-12),tensor(2.1509e-06),tensor(2.1535e-09),tensor(0.0002),tensor(2.0237e-08),tensor(1.2864e-18),tensor(1.3301e-07),tensor(5.5247e-19),tensor(0.9955),tensor(0.0010),tensor(0.8916),tensor(0.0364),tensor(0.3093),tensor(1.),tensor(1.),tensor(0.4168),tensor(0.1230),tensor(0.0035),tensor(0.0762),tensor(0.0668),tensor(0.0006),tensor(0.0375),tensor(1.),tensor(0.0920),tensor(0.0379),tensor(0.0002),tensor(0.3594),tensor(1.),tensor(0.0085),tensor(1.),tensor(0.0097)
s_2549_jpg,tensor(2.9806e-05),tensor(1.6362e-27),tensor(3.0535e-38),tensor(9.1348e-27),tensor(2.6856e-19),tensor(1.),tensor(3.2395e-11),tensor(9.0394e-11),tensor(1.2234e-20),tensor(6.5589e-07),tensor(0.),tensor(9.3841e-10),tensor(1.),tensor(0.0052),tensor(0.0564),tensor(0.9917),tensor(0.2616),tensor(0.0156),tensor(2.5676e-05),tensor(1.),tensor(0.0048),tensor(1.0860e-07),tensor(0.2487),tensor(1.),tensor(0.0012),tensor(0.0006),tensor(1.2585e-08),tensor(0.0004),tensor(0.0093),tensor(1.7521e-06),tensor(0.0119),tensor(0.1672)
s_2047_jpg,tensor(0.0178),tensor(1.0105e-12),tensor(5.1951e-07),tensor(6.6094e-10),tensor(0.0007),tensor(1.4199e-10),tensor(1.0356e-23),tensor(9.7002e-09),tensor(1.9460e-29),tensor(0.9690),tensor(0.9695),tensor(0.8879),tensor(0.0054),tensor(0.4124),tensor(1.),tensor(1.),tensor(0.3704),tensor(0.0799),tensor(0.0011),tensor(0.0131),tensor(0.0472),tensor(0.0001),tensor(0.0071),tensor(1.),tensor(0.0974),tensor(0.0218),tensor(1.5704e-05),tensor(1.),tensor(1.),tensor(0.0031),tensor(1.),tensor(0.0008)
s_15130_jpg,tensor(0.0115),tensor(6.4102e-14),tensor(1.7606e-07),tensor(4.0249e-11),tensor(0.0005),tensor(1.4435e-12),tensor(2.1532e-27),tensor(9.1860e-10),tensor(2.5249e-35),tensor(0.9894),tensor(0.9517),tensor(0.9493),tensor(0.0020),tensor(0.4131),tensor(1.),tensor(1.),tensor(0.3756),tensor(0.0626),tensor(0.0004),tensor(0.0056),tensor(0.0310),tensor(3.1050e-05),tensor(0.0027),tensor(1.),tensor(0.0842),tensor(0.0145),tensor(2.6916e-06),tensor(1.),tensor(1.),tensor(0.0011),tensor(1.),tensor(0.0002)
s_11948_jpg,tensor(8.7107e-07),tensor(1.3037e-10),tensor(5.5796e-24),tensor(1.8114e-06),tensor(7.0910e-06),tensor(0.9838),tensor(1.),tensor(1.),tensor(1.2393e-22),tensor(2.6059e-10),tensor(0.),tensor(2.5412e-10),tensor(1.),tensor(0.0246),tensor(0.0493),tensor(1.),tensor(0.2171),tensor(0.0697),tensor(0.0018),tensor(1.),tensor(0.0385),tensor(2.9580e-05),tensor(1.),tensor(1.),tensor(0.0075),tensor(0.0055),tensor(4.1089e-06),tensor(0.0069),tensor(0.0123),tensor(8.5884e-05),tensor(0.0029),tensor(1.)
s_14122_jpg,tensor(0.0161),tensor(6.0174e-14),tensor(3.8458e-06),tensor(1.3829e-09),tensor(0.0010),tensor(8.7502e-11),tensor(1.4309e-26),tensor(4.2035e-09),tensor(1.8231e-29),tensor(0.9686),tensor(0.9430),tensor(0.9466),tensor(0.0029),tensor(0.4544),tensor(1.),tensor(1.),tensor(0.3405),tensor(0.0682),tensor(0.0007),tensor(0.0076),tensor(0.0364),tensor(5.9868e-05),tensor(0.0035),tensor(1.),tensor(0.0943),tensor(0.0173),tensor(1.0621e-05),tensor(1.),tensor(1.),tensor(0.0030),tensor(1.),tensor(0.0005)
s_11952_jpg,tensor(0.8469),tensor(0.9982),tensor(1.0000),tensor(0.0003),tensor(0.9422),tensor(3.1718e-11),tensor(2.3963e-24),tensor(4.9633e-19),tensor(7.3191e-11),tensor(3.3750e-12),tensor(3.2681e-08),tensor(0.1556),tensor(0.0108),tensor(1.),tensor(1.),tensor(1.),tensor(1.),tensor(1.),tensor(0.3877),tensor(0.0414),tensor(1.),tensor(0.3267),tensor(0.0223),tensor(1.0000),tensor(1.),tensor(1.),tensor(0.0105),tensor(0.2416),tensor(0.1365),tensor(0.0154),tensor(1.),tensor(0.0587)
s_1957_jpg,tensor(0.0605),tensor(1.2387e-08),tensor(0.0002),tensor(8.5713e-07),tensor(0.0091),tensor(1.0923e-06),tensor(2.4381e-17),tensor(4.1490e-06),tensor(4.9206e-19),tensor(0.9085),tensor(0.9269),tensor(0.8720),tensor(0.0205),tensor(0.4485),tensor(1.),tensor(1.),tensor(0.4328),tensor(0.1631),tensor(0.0075),tensor(0.0371),tensor(0.1193),tensor(0.0018),tensor(0.0240),tensor(1.),tensor(0.2070),tensor(0.0739),tensor(0.0004),tensor(1.),tensor(1.),tensor(0.0153),tensor(1.),tensor(0.0058)
s_3877_jpg,tensor(0.0657),tensor(2.4850e-07),tensor(4.0365e-05),tensor(0.0158),tensor(0.1311),tensor(7.3192e-08),tensor(1.0484e-09),tensor(1.7085e-20),tensor(1.),tensor(2.6477e-11),tensor(0.0001),tensor(1.2834e-06),tensor(0.0112),tensor(1.),tensor(1.),tensor(1.),tensor(0.4384),tensor(1.),tensor(0.0811),tensor(0.0347),tensor(0.3122),tensor(0.0121),tensor(0.0129),tensor(0.4890),tensor(0.1713),tensor(0.1515),tensor(0.0008),tensor(0.4478),tensor(0.4481),tensor(1.),tensor(0.0071),tensor(0.0015)
s_2351_jpg,tensor(1.0271e-06),tensor(5.8372e-15),tensor(4.7041e-26),tensor(1.3241e-08),tensor(4.0058e-08),tensor(0.1072),tensor(1.0000),tensor(7.5987e-05),tensor(1.9942e-27),tensor(4.6617e-17),tensor(1.3080e-28),tensor(7.6731e-15),tensor(1.),tensor(0.0295),tensor(0.0588),tensor(1.),tensor(0.2261),tensor(0.0657),tensor(0.0008),tensor(1.),tensor(0.0237),tensor(1.0298e-05),tensor(1.),tensor(1.),tensor(0.0040),tensor(0.0025),tensor(8.9332e-07),tensor(0.0072),tensor(0.0196),tensor(9.8224e-05),tensor(0.0027),tensor(0.3082)
s_6187_jpg,tensor(0.0193),tensor(1.1554e-09),tensor(1.4966e-06),tensor(2.1776e-09),tensor(0.0013),tensor(6.6139e-08),tensor(5.1579e-17),tensor(3.6132e-06),tensor(1.1585e-18),tensor(0.9980),tensor(0.0036),tensor(0.9717),tensor(0.0431),tensor(0.3226),tensor(1.),tensor(1.),tensor(0.4537),tensor(0.1617),tensor(0.0059),tensor(0.0807),tensor(0.0861),tensor(0.0012),tensor(0.0419),tensor(1.),tensor(0.1276),tensor(0.0551),tensor(0.0003),tensor(0.3635),tensor(1.),tensor(0.0087),tensor(1.),tensor(0.0108)
s_7353_jpg,tensor(0.9080),tensor(0.5140),tensor(0.0002),tensor(1.),tensor(0.9869),tensor(4.8967e-19),tensor(2.8968e-25),tensor(2.6184e-34),tensor(1.0024e-20),tensor(1.1909e-28),tensor(1.2099e-20),tensor(7.9206e-06),tensor(0.0007),tensor(1.),tensor(1.),tensor(1.),tensor(1.),tensor(1.),tensor(1.),tensor(0.0120),tensor(1.),tensor(0.3698),tensor(0.0073),tensor(1.),tensor(1.),tensor(1.),tensor(0.0022),tensor(0.1601),tensor(0.0649),tensor(0.0073),tensor(0.3184),tensor(0.0049)
s_4817_jpg,tensor(6.6233e-05),tensor(2.6374e-17),tensor(2.3837e-30),tensor(1.4205e-18),tensor(1.9608e-10),tensor(1.),tensor(4.9090e-07),tensor(9.2802e-06),tensor(2.8535e-14),tensor(5.9948e-08),tensor(0.),tensor(3.2591e-08),tensor(1.),tensor(0.0392),tensor(0.1232),tensor(0.9979),tensor(0.3137),tensor(0.0898),tensor(0.0018),tensor(1.),tensor(0.0377),tensor(3.3293e-05),tensor(0.2864),tensor(1.),tensor(0.0187),tensor(0.0154),tensor(6.7119e-06),tensor(0.0052),tensor(0.0264),tensor(0.0002),tensor(0.0335),tensor(0.2467)
s_15498_jpg,tensor(0.6395),tensor(0.3222),tensor(1.0000),tensor(1.),tensor(2.0711e-07),tensor(1.4993e-23),tensor(1.2624e-29),tensor(0.),tensor(7.7552e-32),tensor(2.1614e-29),tensor(4.1030e-21),tensor(3.1435e-06),tensor(0.0001),tensor(1.),tensor(1.),tensor(1.),tensor(1.),tensor(1.),tensor(1.),tensor(0.0036),tensor(1.),tensor(0.1229),tensor(0.0014),tensor(1.),tensor(1.),tensor(1.),tensor(0.0012),tensor(0.1879),tensor(0.0865),tensor(0.0028),tensor(1.),tensor(0.0054)
s_11895_jpg,tensor(0.1760),tensor(0.1501),tensor(2.5432e-05),tensor(0.0132),tensor(0.9590),tensor(8.5089e-07),tensor(1.8585e-07),tensor(1.8520e-11),tensor(0.3244),tensor(0.0002),tensor(0.0001),tensor(0.0196),tensor(0.0664),tensor(1.),tensor(1.),tensor(1.),tensor(1.0000),tensor(1.),tensor(0.3873),tensor(0.1371),tensor(0.9991),tensor(0.3276),tensor(0.0966),tensor(0.4631),tensor(0.9982),tensor(0.4836),tensor(0.0487),tensor(0.3897),tensor(0.3608),tensor(0.3284),tensor(0.2010),tensor(0.0476)
s_269_jpg,tensor(9.3970e-08),tensor(2.9406e-20),tensor(1.8668e-36),tensor(5.1832e-12),tensor(5.6904e-11),tensor(0.2364),tensor(1.0000),tensor(0.0024),tensor(2.4108e-34),tensor(5.0526e-14),tensor(8.9426e-37),tensor(1.0189e-15),tensor(1.),tensor(0.0105),tensor(0.0367),tensor(1.),tensor(0.1801),tensor(0.0267),tensor(0.0001),tensor(1.),tensor(0.0078),tensor(6.5560e-07),tensor(1.),tensor(1.),tensor(0.0015),tensor(0.0007),tensor(6.0784e-08),tensor(0.0036),tensor(0.0118),tensor(7.4622e-06),tensor(0.0029),tensor(0.3603)
s_7213_jpg,tensor(0.1629),tensor(7.0277e-11),tensor(1.2494e-06),tensor(8.8934e-08),tensor(0.0129),tensor(1.2203e-12),tensor(3.6915e-20),tensor(1.5232e-17),tensor(1.2431e-16),tensor(8.9526e-08),tensor(1.0000),tensor(2.8781e-05),tensor(0.0025),tensor(1.),tensor(1.),tensor(1.),tensor(0.3533),tensor(0.2042),tensor(0.0044),tensor(0.0077),tensor(0.0977),tensor(0.0004),tensor(0.0031),tensor(1.),tensor(0.1149),tensor(0.0337),tensor(2.5127e-05),tensor(1.),tensor(1.),tensor(0.0447),tensor(0.1116),tensor(0.0002)
s_4472_jpg,tensor(2.3979e-14),tensor(4.4977e-29),tensor(0.),tensor(1.0437e-18),tensor(7.4233e-17),tensor(1.),tensor(1.),tensor(1.),tensor(0.),tensor(1.7559e-23),tensor(0.),tensor(4.2571e-26),tensor(1.),tensor(8.6143e-05),tensor(0.0010),tensor(1.),tensor(0.0560),tensor(0.0014),tensor(1.0099e-07),tensor(1.),tensor(0.0003),tensor(3.6914e-12),tensor(1.),tensor(1.),tensor(6.4114e-06),tensor(2.8288e-06),tensor(2.7972e-14),tensor(3.4222e-06),tensor(2.8385e-05),tensor(4.0579e-11),tensor(1.6996e-06),tensor(1.)
s_1235_jpg,tensor(1.3401e-08),tensor(9.4498e-16),tensor(2.7967e-32),tensor(9.8101e-09),tensor(1.3019e-09),tensor(0.2587),tensor(1.),tensor(1.),tensor(1.8769e-33),tensor(2.4048e-14),tensor(0.),tensor(4.5399e-16),tensor(1.),tensor(0.0094),tensor(0.0262),tensor(1.),tensor(0.1889),tensor(0.0330),tensor(0.0002),tensor(1.),tensor(0.0144),tensor(1.4901e-06),tensor(1.),tensor(1.),tensor(0.0019),tensor(0.0011),tensor(8.8987e-08),tensor(0.0030),tensor(0.0073),tensor(6.1592e-06),tensor(0.0008),tensor(1.)
s_13407_jpg,tensor(0.9354),tensor(0.4328),tensor(0.9992),tensor(0.9986),tensor(0.8997),tensor(6.8376e-12),tensor(5.7108e-16),tensor(2.7953e-18),tensor(3.6527e-12),tensor(8.7099e-15),tensor(2.7677e-10),tensor(0.0152),tensor(0.0147),tensor(1.),tensor(1.),tensor(1.),tensor(1.),tensor(1.),tensor(1.0000),tensor(0.0747),tensor(1.),tensor(0.4406),tensor(0.0510),tensor(1.),tensor(1.),tensor(1.),tensor(0.0360),tensor(0.2670),tensor(0.1808),tensor(0.0324),tensor(1.),tensor(0.1004)
s_14722_jpg,tensor(0.0176),tensor(5.2325e-11),tensor(1.1872e-05),tensor(1.6489e-09),tensor(0.0025),tensor(1.5668e-09),tensor(1.8333e-20),tensor(1.9640e-06),tensor(4.2299e-20),tensor(0.9962),tensor(0.0025),tensor(0.9330),tensor(0.0243),tensor(0.3488),tensor(1.),tensor(1.),tensor(0.4420),tensor(0.1334),tensor(0.0039),tensor(0.0553),tensor(0.0641),tensor(0.0006),tensor(0.0251),tensor(1.),tensor(0.1105),tensor(0.0433),tensor(0.0002),tensor(0.3694),tensor(1.),tensor(0.0070),tensor(1.),tensor(0.0066)
s_15071_jpg,tensor(0.0011),tensor(6.2232e-11),tensor(1.2250e-14),tensor(5.7143e-11),tensor(1.7271e-07),tensor(1.0000),tensor(1.3606e-05),tensor(2.1427e-06),tensor(5.5656e-09),tensor(0.0008),tensor(9.1275e-20),tensor(0.0008),tensor(1.),tensor(0.1193),tensor(0.2722),tensor(1.0000),tensor(0.4251),tensor(0.1679),tensor(0.0119),tensor(1.),tensor(0.1139),tensor(0.0016),tensor(0.3500),tensor(1.),tensor(0.0564),tensor(0.0513),tensor(0.0005),tensor(0.0486),tensor(0.1675),tensor(0.0059),tensor(0.1795),tensor(0.2440)
s_2702_jpg,tensor(1.1665e-09),tensor(1.1704e-18),tensor(2.4061e-38),tensor(4.0083e-11),tensor(3.7814e-11),tensor(0.5051),tensor(1.),tensor(1.),tensor(1.4210e-38),tensor(5.8025e-15),tensor(0.),tensor(5.5352e-17),tensor(1.),tensor(0.0038),tensor(0.0137),tensor(1.),tensor(0.1396),tensor(0.0170),tensor(4.3982e-05),tensor(1.),tensor(0.0064),tensor(1.0225e-07),tensor(1.),tensor(1.),tensor(0.0005),tensor(0.0003),tensor(5.5587e-09),tensor(0.0012),tensor(0.0037),tensor(7.1158e-07),tensor(0.0002),tensor(1.)
s_1077_jpg,tensor(0.9502),tensor(0.9938),tensor(0.9999),tensor(0.0214),tensor(0.9681),tensor(1.7566e-12),tensor(3.5556e-25),tensor(2.8332e-19),tensor(2.4741e-12),tensor(1.3085e-14),tensor(1.4454e-09),tensor(0.2438),tensor(0.0077),tensor(1.),tensor(1.),tensor(1.),tensor(1.),tensor(1.),tensor(0.4320),tensor(0.0383),tensor(1.),tensor(0.4018),tensor(0.0237),tensor(1.),tensor(1.),tensor(1.),tensor(0.0130),tensor(0.2182),tensor(0.1234),tensor(0.0140),tensor(1.),tensor(0.0530)
s_12873_jpg,tensor(0.9020),tensor(0.3830),tensor(0.9999),tensor(1.),tensor(0.0857),tensor(2.0780e-22),tensor(3.2513e-29),tensor(1.0516e-33),tensor(1.1632e-24),tensor(5.5911e-28),tensor(1.0141e-20),tensor(4.9576e-05),tensor(0.0003),tensor(1.),tensor(1.),tensor(1.),tensor(1.),tensor(1.),tensor(1.),tensor(0.0051),tensor(1.),tensor(0.2929),tensor(0.0026),tensor(1.),tensor(1.),tensor(1.),tensor(0.0022),tensor(0.1529),tensor(0.0722),tensor(0.0023),tensor(1.),tensor(0.0116)
s_11394_jpg,tensor(0.7784),tensor(0.9568),tensor(0.0209),tensor(1.0000),tensor(0.9796),tensor(1.3196e-15),tensor(5.7784e-22),tensor(3.4235e-29),tensor(5.7999e-17),tensor(1.2649e-21),tensor(6.4403e-16),tensor(0.0002),tensor(0.0014),tensor(1.),tensor(1.),tensor(1.),tensor(1.),tensor(1.),tensor(1.),tensor(0.0177),tensor(1.),tensor(0.4325),tensor(0.0113),tensor(1.),tensor(1.),tensor(1.),tensor(0.0049),tensor(0.1695),tensor(0.0964),tensor(0.0110),tensor(0.3112),tensor(0.0106)
s_1686_jpg,tensor(0.9898),tensor(0.9952),tensor(1.0000),tensor(1.),tensor(0.0003),tensor(3.1275e-25),tensor(6.4158e-39),tensor(0.),tensor(8.0138e-33),tensor(1.0484e-32),tensor(1.7652e-23),tensor(0.0002),tensor(3.9849e-05),tensor(1.),tensor(1.),tensor(1.),tensor(1.),tensor(1.),tensor(1.),tensor(0.0015),tensor(1.),tensor(0.1614),tensor(0.0007),tensor(1.),tensor(1.),tensor(1.),tensor(0.0004),tensor(0.1086),tensor(0.0453),tensor(0.0009),tensor(1.),tensor(0.0042)
s_1366_jpg,tensor(0.1783),tensor(7.7655e-08),tensor(3.8414e-05),tensor(1.0876e-06),tensor(0.1200),tensor(2.1575e-08),tensor(3.1798e-15),tensor(2.6101e-11),tensor(6.8617e-15),tensor(0.0003),tensor(0.9966),tensor(0.0060),tensor(0.0168),tensor(1.),tensor(1.),tensor(1.),tensor(0.4106),tensor(0.2338),tensor(0.0134),tensor(0.0336),tensor(0.1467),tensor(0.0028),tensor(0.0180),tensor(1.),tensor(0.1921),tensor(0.0759),tensor(0.0004),tensor(1.),tensor(1.),tensor(0.0593),tensor(0.3137),tensor(0.0029)
s_11709_jpg,tensor(0.9302),tensor(0.9989),tensor(0.6029),tensor(0.0002),tensor(0.0270),tensor(2.7265e-06),tensor(4.5179e-12),tensor(1.4099e-14),tensor(5.9557e-11),tensor(2.0583e-05),tensor(0.0160),tensor(0.2749),tensor(0.0242),tensor(1.),tensor(1.),tensor(1.),tensor(1.),tensor(0.4973),tensor(0.2899),tensor(0.0579),tensor(1.0000),tensor(0.1481),tensor(0.0420),tensor(1.),tensor(1.0000),tensor(1.),tensor(0.0199),tensor(0.4475),tensor(0.4034),tensor(0.0581),tensor(1.0000),tensor(0.0470)
s_15965_jpg,tensor(3.8593e-14),tensor(9.9699e-31),tensor(0.),tensor(4.9658e-20),tensor(1.2574e-17),tensor(1.),tensor(1.),tensor(1.),tensor(0.),tensor(3.5400e-23),tensor(0.),tensor(1.7897e-26),tensor(1.),tensor(9.7455e-05),tensor(0.0012),tensor(1.),tensor(0.0516),tensor(0.0013),tensor(9.1615e-08),tensor(1.),tensor(0.0003),tensor(4.0356e-12),tensor(1.),tensor(1.),tensor(6.8869e-06),tensor(2.4826e-06),tensor(3.8047e-14),tensor(5.2971e-06),tensor(4.6239e-05),tensor(6.2459e-11),tensor(2.5904e-06),tensor(1.)
s_10324_jpg,tensor(0.2339),tensor(4.0228e-15),tensor(0.0002),tensor(8.2376e-05),tensor(0.0229),tensor(1.4974e-08),tensor(1.1008e-26),tensor(3.2915e-21),tensor(1.),tensor(1.4360e-07),tensor(0.9995),tensor(2.2957e-05),tensor(0.0025),tensor(1.),tensor(1.),tensor(1.),tensor(0.2846),tensor(0.3200),tensor(0.0087),tensor(0.0079),tensor(0.1213),tensor(0.0004),tensor(0.0022),tensor(1.),tensor(0.0760),tensor(0.0347),tensor(6.6421e-05),tensor(1.),tensor(1.),tensor(1.),tensor(0.0059),tensor(7.5225e-05)
s_14216_jpg,tensor(2.2824e-11),tensor(1.7871e-31),tensor(0.),tensor(1.5293e-25),tensor(1.6556e-19),tensor(1.),tensor(1.0000),tensor(0.0001),tensor(0.),tensor(1.9147e-23),tensor(0.),tensor(2.2504e-24),tensor(1.),tensor(0.0003),tensor(0.0041),tensor(1.),tensor(0.0842),tensor(0.0024),tensor(4.2920e-07),tensor(1.),tensor(0.0004),tensor(3.6035e-11),tensor(1.),tensor(1.),tensor(3.2708e-05),tensor(1.0105e-05),tensor(6.0254e-13),tensor(7.9979e-06),tensor(0.0001),tensor(7.0228e-10),tensor(3.9797e-05),tensor(0.2951)
s_3513_jpg,tensor(0.9998),tensor(0.9928),tensor(9.2839e-06),tensor(3.0076e-06),tensor(0.0002),tensor(1.4778e-11),tensor(2.1461e-27),tensor(4.2960e-24),tensor(6.6528e-12),tensor(1.3507e-15),tensor(2.1001e-08),tensor(0.0278),tensor(0.0057),tensor(1.),tensor(1.),tensor(1.),tensor(1.),tensor(0.9997),tensor(0.3524),tensor(0.0167),tensor(1.),tensor(0.2487),tensor(0.0135),tensor(0.4969),tensor(1.),tensor(1.),tensor(0.0090),tensor(0.4193),tensor(0.3054),tensor(0.1051),tensor(0.2107),tensor(0.0094)
s_3469_jpg,tensor(0.0124),tensor(2.0900e-10),tensor(2.9472e-06),tensor(1.2286e-09),tensor(0.0001),tensor(1.9809e-07),tensor(1.5975e-18),tensor(2.0455e-05),tensor(1.4686e-17),tensor(0.9993),tensor(0.0004),tensor(0.9783),tensor(0.0493),tensor(0.3070),tensor(1.),tensor(1.),tensor(0.4539),tensor(0.1502),tensor(0.0058),tensor(0.0932),tensor(0.0913),tensor(0.0011),tensor(0.0430),tensor(1.),tensor(0.1091),tensor(0.0555),tensor(0.0003),tensor(0.3258),tensor(1.),tensor(0.0084),tensor(1.),tensor(0.0116)
s_582_jpg,tensor(0.7868),tensor(0.6749),tensor(0.9998),tensor(1.0000),tensor(0.0008),tensor(4.4747e-14),tensor(4.6431e-20),tensor(3.0829e-24),tensor(1.6704e-16),tensor(4.9364e-16),tensor(1.1593e-10),tensor(0.0056),tensor(0.0047),tensor(1.),tensor(1.),tensor(1.),tensor(1.),tensor(1.),tensor(1.),tensor(0.0318),tensor(1.),tensor(0.2476),tensor(0.0182),tensor(1.),tensor(1.),tensor(1.),tensor(0.0161),tensor(0.2935),tensor(0.1990),tensor(0.0276),tensor(1.),tensor(0.0432)
s_7541_jpg,tensor(4.3967e-10),tensor(3.6662e-22),tensor(0.),tensor(4.8650e-18),tensor(2.7044e-13),tensor(1.),tensor(1.0000),tensor(0.0121),tensor(8.1186e-37),tensor(1.8271e-18),tensor(0.),tensor(3.8596e-19),tensor(1.),tensor(0.0023),tensor(0.0170),tensor(1.),tensor(0.1649),tensor(0.0119),tensor(2.0276e-05),tensor(1.),tensor(0.0042),tensor(2.0206e-08),tensor(1.),tensor(1.),tensor(0.0005),tensor(0.0002),tensor(5.7413e-10),tensor(0.0002),tensor(0.0008),tensor(9.2690e-08),tensor(0.0005),tensor(0.3376)
s_10044_jpg,tensor(0.8203),tensor(0.8519),tensor(1.0000),tensor(0.0084),tensor(0.0013),tensor(4.8901e-08),tensor(9.6095e-13),tensor(1.2098e-11),tensor(1.3672e-10),tensor(1.4936e-05),tensor(0.0020),tensor(0.3547),tensor(0.0283),tensor(1.),tensor(1.),tensor(1.),tensor(1.),tensor(0.4822),tensor(0.3301),tensor(0.0830),tensor(0.8009),tensor(0.1459),tensor(0.0505),tensor(1.),tensor(1.),tensor(1.),tensor(0.0284),tensor(0.3917),tensor(0.3535),tensor(0.0528),tensor(1.),tensor(0.1180)
s_5126_jpg,tensor(1.5880e-10),tensor(2.1387e-21),tensor(0.),tensor(5.0431e-14),tensor(3.8901e-12),tensor(0.9999),tensor(1.),tensor(1.),tensor(0.),tensor(4.7860e-17),tensor(0.),tensor(3.6040e-19),tensor(1.),tensor(0.0017),tensor(0.0095),tensor(1.),tensor(0.1245),tensor(0.0101),tensor(1.3673e-05),tensor(1.),tensor(0.0039),tensor(1.3552e-08),tensor(1.),tensor(1.),tensor(0.0003),tensor(0.0001),tensor(4.3887e-10),tensor(0.0002),tensor(0.0009),tensor(7.5459e-08),tensor(0.0001),tensor(1.)
s_15446_jpg,tensor(9.8498e-11),tensor(4.9308e-21),tensor(0.),tensor(3.0225e-15),tensor(3.8284e-12),tensor(1.0000),tensor(1.),tensor(1.0000),tensor(4.7082e-39),tensor(5.0589e-19),tensor(0.),tensor(6.4726e-21),tensor(1.),tensor(0.0017),tensor(0.0107),tensor(1.),tensor(0.1227),tensor(0.0102),tensor(1.6840e-05),tensor(1.),tensor(0.0044),tensor(1.2200e-08),tensor(1.),tensor(1.),tensor(0.0003),tensor(0.0001),tensor(4.1087e-10),tensor(0.0001),tensor(0.0006),tensor(5.6348e-08),tensor(0.0002),tensor(1.)
s_7361_jpg,tensor(1.5622e-06),tensor(6.0116e-16),tensor(6.0178e-27),tensor(3.2892e-09),tensor(1.5107e-08),tensor(0.1043),tensor(1.0000),tensor(8.7411e-06),tensor(2.9949e-28),tensor(1.6584e-17),tensor(3.0910e-29),tensor(6.8953e-15),tensor(1.),tensor(0.0279),tensor(0.0554),tensor(1.),tensor(0.2138),tensor(0.0598),tensor(0.0006),tensor(1.),tensor(0.0196),tensor(6.3756e-06),tensor(1.),tensor(1.),tensor(0.0032),tensor(0.0019),tensor(5.6113e-07),tensor(0.0064),tensor(0.0190),tensor(8.4345e-05),tensor(0.0022),tensor(0.2756)
s_234_jpg,tensor(0.7729),tensor(0.6218),tensor(0.9993),tensor(1.),tensor(0.0002),tensor(7.6209e-15),tensor(1.9858e-20),tensor(2.0641e-25),tensor(3.3387e-19),tensor(1.4427e-18),tensor(3.6666e-13),tensor(0.0016),tensor(0.0039),tensor(1.),tensor(1.),tensor(1.),tensor(1.),tensor(1.),tensor(1.),tensor(0.0292),tensor(1.),tensor(0.2570),tensor(0.0164),tensor(1.),tensor(1.),tensor(1.),tensor(0.0144),tensor(0.2808),tensor(0.1866),tensor(0.0237),tensor(1.),tensor(0.0395)
s_11620_jpg,tensor(0.2860),tensor(2.8158e-06),tensor(0.0001),tensor(0.0002),tensor(0.0110),tensor(7.5031e-08),tensor(3.2345e-13),tensor(2.3318e-20),tensor(1.),tensor(1.1232e-10),tensor(0.5626),tensor(5.3290e-06),tensor(0.0095),tensor(1.),tensor(1.),tensor(1.),tensor(0.4055),tensor(0.4700),tensor(0.0255),tensor(0.0263),tensor(0.2183),tensor(0.0042),tensor(0.0075),tensor(0.4801),tensor(0.1263),tensor(0.0770),tensor(0.0004),tensor(0.4995),tensor(0.9851),tensor(1.),tensor(0.0098),tensor(0.0007)
s_3376_jpg,tensor(0.1965),tensor(1.0169e-20),tensor(6.1651e-08),tensor(3.9043e-09),tensor(0.0028),tensor(1.1259e-14),tensor(3.2181e-35),tensor(9.0726e-31),tensor(1.),tensor(5.2213e-12),tensor(0.9999),tensor(1.7754e-08),tensor(0.0002),tensor(1.),tensor(1.),tensor(1.),tensor(0.2774),tensor(0.3241),tensor(0.0015),tensor(0.0009),tensor(0.0761),tensor(3.7383e-05),tensor(0.0001),tensor(1.),tensor(0.0596),tensor(0.0152),tensor(1.7820e-06),tensor(1.),tensor(1.),tensor(1.),tensor(0.0016),tensor(2.4129e-06)
s_10708_jpg,tensor(0.2079),tensor(7.0464e-06),tensor(0.0005),tensor(0.0029),tensor(0.0113),tensor(2.8160e-05),tensor(5.7457e-11),tensor(7.6524e-17),tensor(1.),tensor(1.2185e-08),tensor(0.1093),tensor(6.5045e-05),tensor(0.0185),tensor(1.),tensor(1.),tensor(1.),tensor(0.4591),tensor(0.9974),tensor(0.0748),tensor(0.0473),tensor(0.3080),tensor(0.0141),tensor(0.0190),tensor(0.4624),tensor(0.2067),tensor(0.1671),tensor(0.0017),tensor(0.4702),tensor(0.4787),tensor(1.),tensor(0.0171),tensor(0.0029)
s_2823_jpg,tensor(0.9979),tensor(0.9721),tensor(2.1728e-11),tensor(1.),tensor(0.9947),tensor(8.1922e-28),tensor(0.),tensor(0.),tensor(1.0871e-30),tensor(0.),tensor(2.3113e-29),tensor(6.8515e-06),tensor(7.9282e-06),tensor(1.),tensor(1.),tensor(1.),tensor(1.),tensor(1.),tensor(1.),tensor(0.0005),tensor(1.),tensor(0.3969),tensor(0.0003),tensor(1.),tensor(1.),tensor(1.),tensor(5.3766e-05),tensor(0.0971),tensor(0.0305),tensor(0.0007),tensor(0.0767),tensor(8.4952e-05)
s_5592_jpg,tensor(0.9044),tensor(0.8924),tensor(1.0000),tensor(0.0047),tensor(0.0394),tensor(4.0439e-07),tensor(1.3847e-16),tensor(3.1740e-14),tensor(5.7883e-08),tensor(1.5557e-09),tensor(2.6468e-05),tensor(0.1672),tensor(0.0405),tensor(1.),tensor(1.),tensor(1.),tensor(1.),tensor(1.0000),tensor(0.4265),tensor(0.1150),tensor(1.),tensor(0.3075),tensor(0.0728),tensor(1.0000),tensor(1.),tensor(1.),tensor(0.0486),tensor(0.3540),tensor(0.2801),tensor(0.0898),tensor(1.0000),tensor(0.1566)
s_12675_jpg,tensor(0.2593),tensor(0.9639),tensor(0.9998),tensor(1.),tensor(0.0017),tensor(4.2263e-14),tensor(9.8250e-19),tensor(6.0940e-22),tensor(2.9625e-17),tensor(1.9778e-16),tensor(7.6385e-12),tensor(0.0007),tensor(0.0042),tensor(1.),tensor(1.),tensor(1.),tensor(1.),tensor(1.),tensor(1.),tensor(0.0286),tensor(1.),tensor(0.2587),tensor(0.0175),tensor(1.),tensor(1.),tensor(1.),tensor(0.0159),tensor(0.2767),tensor(0.1667),tensor(0.0205),tensor(1.),tensor(0.0417)
s_7973_jpg,tensor(8.0685e-10),tensor(3.1102e-17),tensor(9.1615e-36),tensor(1.0582e-10),tensor(7.8474e-10),tensor(0.1000),tensor(1.),tensor(1.),tensor(3.1329e-37),tensor(3.5202e-14),tensor(0.),tensor(5.3895e-15),tensor(1.),tensor(0.0052),tensor(0.0156),tensor(1.),tensor(0.1530),tensor(0.0233),tensor(7.1358e-05),tensor(1.),tensor(0.0080),tensor(2.6804e-07),tensor(1.),tensor(1.),tensor(0.0008),tensor(0.0005),tensor(1.1741e-08),tensor(0.0017),tensor(0.0038),tensor(1.4333e-06),tensor(0.0002),tensor(1.)
s_12258_jpg,tensor(0.9173),tensor(0.9934),tensor(2.0574e-08),tensor(0.9997),tensor(0.9898),tensor(7.6342e-19),tensor(1.8768e-35),tensor(4.5076e-37),tensor(6.0288e-15),tensor(4.4786e-23),tensor(2.3991e-16),tensor(0.0207),tensor(0.0002),tensor(1.),tensor(1.),tensor(1.),tensor(1.),tensor(1.),tensor(1.0000),tensor(0.0027),tensor(1.),tensor(0.3710),tensor(0.0016),tensor(1.),tensor(1.),tensor(1.),tensor(0.0006),tensor(0.1393),tensor(0.0642),tensor(0.0066),tensor(0.1365),tensor(0.0010)
s_2060_jpg,tensor(3.8759e-10),tensor(4.8892e-26),tensor(0.),tensor(3.0719e-21),tensor(1.1131e-15),tensor(1.),tensor(1.0000),tensor(0.0106),tensor(0.),tensor(2.4233e-24),tensor(0.),tensor(1.0576e-23),tensor(1.),tensor(0.0010),tensor(0.0060),tensor(1.),tensor(0.0864),tensor(0.0060),tensor(3.9024e-06),tensor(1.),tensor(0.0012),tensor(8.1269e-10),tensor(1.),tensor(1.),tensor(0.0001),tensor(4.7015e-05),tensor(2.2405e-11),tensor(3.4302e-05),tensor(0.0003),tensor(1.5343e-08),tensor(5.6908e-05),tensor(0.3680)
s_14740_jpg,tensor(0.3932),tensor(1.8653e-08),tensor(0.0011),tensor(0.0017),tensor(0.0520),tensor(1.6166e-06),tensor(3.0603e-18),tensor(4.5096e-17),tensor(1.),tensor(8.8917e-05),tensor(0.9950),tensor(0.0022),tensor(0.0124),tensor(1.),tensor(1.),tensor(1.),tensor(0.4125),tensor(0.4570),tensor(0.0827),tensor(0.0359),tensor(0.3335),tensor(0.0147),tensor(0.0146),tensor(1.),tensor(0.2891),tensor(0.1822),tensor(0.0021),tensor(1.),tensor(1.),tensor(1.),tensor(0.0408),tensor(0.0020)
s_15081_jpg,tensor(0.7659),tensor(0.5485),tensor(0.9937),tensor(1.0000),tensor(0.9469),tensor(4.3282e-14),tensor(1.4477e-18),tensor(4.8238e-23),tensor(1.3020e-14),tensor(2.4690e-19),tensor(4.5532e-14),tensor(0.0003),tensor(0.0050),tensor(1.),tensor(1.),tensor(1.),tensor(1.),tensor(1.),tensor(1.),tensor(0.0420),tensor(1.),tensor(0.4335),tensor(0.0264),tensor(1.),tensor(1.),tensor(1.),tensor(0.0148),tensor(0.2046),tensor(0.1180),tensor(0.0191),tensor(1.),tensor(0.0455)
s_14961_jpg,tensor(0.9681),tensor(0.9558),tensor(0.0155),tensor(1.),tensor(0.9934),tensor(3.8192e-27),tensor(2.8603e-36),tensor(0.),tensor(3.4682e-31),tensor(1.3741e-38),tensor(2.6679e-29),tensor(1.5491e-07),tensor(2.6109e-05),tensor(1.),tensor(1.),tensor(1.),tensor(1.),tensor(1.),tensor(1.),tensor(0.0013),tensor(1.),tensor(0.3056),tensor(0.0006),tensor(1.),tensor(1.),tensor(1.),tensor(0.0003),tensor(0.1041),tensor(0.0363),tensor(0.0008),tensor(0.4641),tensor(0.0011)
s_8349_jpg,tensor(0.9716),tensor(0.7569),tensor(2.7511e-06),tensor(1.),tensor(0.9856),tensor(8.7706e-21),tensor(9.0233e-31),tensor(5.2656e-38),tensor(1.6308e-22),tensor(7.6885e-30),tensor(6.0686e-22),tensor(5.8466e-05),tensor(0.0002),tensor(1.),tensor(1.),tensor(1.),tensor(1.),tensor(1.),tensor(1.),tensor(0.0046),tensor(1.),tensor(0.4249),tensor(0.0028),tensor(1.),tensor(1.),tensor(1.),tensor(0.0010),tensor(0.1686),tensor(0.0686),tensor(0.0043),tensor(0.2555),tensor(0.0019)
s_2020_jpg,tensor(0.0195),tensor(9.3239e-13),tensor(6.5588e-07),tensor(3.8611e-10),tensor(0.0015),tensor(1.8059e-10),tensor(6.7221e-25),tensor(1.0875e-08),tensor(2.4949e-29),tensor(0.9323),tensor(0.9760),tensor(0.9211),tensor(0.0038),tensor(0.4305),tensor(1.),tensor(1.),tensor(0.3601),tensor(0.0747),tensor(0.0008),tensor(0.0093),tensor(0.0419),tensor(8.7559e-05),tensor(0.0047),tensor(1.),tensor(0.1000),tensor(0.0183),tensor(1.2256e-05),tensor(1.),tensor(1.),tensor(0.0030),tensor(1.),tensor(0.0006)
s_11557_jpg,tensor(0.2718),tensor(3.3455e-11),tensor(5.0915e-05),tensor(7.8900e-06),tensor(0.0847),tensor(1.1884e-09),tensor(6.3624e-16),tensor(6.3853e-20),tensor(1.),tensor(4.4153e-11),tensor(0.6616),tensor(5.6283e-07),tensor(0.0059),tensor(1.),tensor(1.),tensor(1.),tensor(0.3579),tensor(0.4015),tensor(0.0132),tensor(0.0190),tensor(0.1426),tensor(0.0016),tensor(0.0057),tensor(1.0000),tensor(0.0877),tensor(0.0500),tensor(0.0002),tensor(1.0000),tensor(1.),tensor(1.),tensor(0.0110),tensor(0.0004)
s_14945_jpg,tensor(7.1727e-08),tensor(7.0576e-16),tensor(2.5326e-36),tensor(5.5649e-14),tensor(4.5915e-09),tensor(1.),tensor(1.0000),tensor(0.0475),tensor(8.1617e-28),tensor(1.0195e-17),tensor(0.),tensor(5.2704e-16),tensor(1.),tensor(0.0117),tensor(0.0363),tensor(1.),tensor(0.1916),tensor(0.0382),tensor(0.0003),tensor(1.),tensor(0.0140),tensor(1.4717e-06),tensor(1.),tensor(1.),tensor(0.0027),tensor(0.0015),tensor(7.3887e-08),tensor(0.0009),tensor(0.0027),tensor(6.0218e-06),tensor(0.0014),tensor(0.3324)
s_13245_jpg,tensor(0.7929),tensor(0.7803),tensor(0.9994),tensor(0.7997),tensor(0.9610),tensor(6.5451e-08),tensor(3.9810e-13),tensor(1.0248e-11),tensor(1.0356e-06),tensor(2.8342e-09),tensor(3.1039e-06),tensor(0.1634),tensor(0.0585),tensor(1.),tensor(1.),tensor(1.),tensor(1.),tensor(1.),tensor(0.7773),tensor(0.1554),tensor(1.),tensor(0.4459),tensor(0.1177),tensor(1.),tensor(1.),tensor(1.),tensor(0.0736),tensor(0.2772),tensor(0.1991),tensor(0.0616),tensor(1.),tensor(0.1874)
s_4408_jpg,tensor(0.0094),tensor(8.2103e-14),tensor(2.7617e-06),tensor(1.6836e-09),tensor(7.7524e-05),tensor(2.6095e-06),tensor(7.3137e-15),tensor(0.0026),tensor(8.8573e-13),tensor(0.9990),tensor(2.6834e-05),tensor(0.8994),tensor(0.1200),tensor(0.2789),tensor(1.0000),tensor(1.),tensor(0.4277),tensor(0.1586),tensor(0.0068),tensor(0.1796),tensor(0.0768),tensor(0.0019),tensor(0.0939),tensor(1.),tensor(0.0935),tensor(0.0497),tensor(0.0010),tensor(0.2980),tensor(1.),tensor(0.0163),tensor(1.),tensor(0.0326)
s_9166_jpg,tensor(0.0144),tensor(3.1272e-13),tensor(3.1142e-07),tensor(2.1830e-10),tensor(0.0004),tensor(2.6158e-11),tensor(1.5205e-25),tensor(6.2653e-09),tensor(2.4561e-32),tensor(0.9869),tensor(0.9784),tensor(0.9443),tensor(0.0029),tensor(0.4405),tensor(1.),tensor(1.),tensor(0.3472),tensor(0.0648),tensor(0.0008),tensor(0.0080),tensor(0.0356),tensor(6.0793e-05),tensor(0.0038),tensor(1.),tensor(0.0878),tensor(0.0168),tensor(8.1468e-06),tensor(1.),tensor(1.),tensor(0.0024),tensor(1.),tensor(0.0004)
s_11501_jpg,tensor(0.0011),tensor(6.5126e-16),tensor(1.6912e-26),tensor(7.2896e-16),tensor(8.6143e-11),tensor(1.),tensor(0.0001),tensor(9.8498e-05),tensor(2.2856e-14),tensor(5.2302e-07),tensor(7.4344e-34),tensor(5.7505e-08),tensor(1.),tensor(0.0479),tensor(0.1360),tensor(0.4901),tensor(0.3223),tensor(0.0916),tensor(0.0038),tensor(1.),tensor(0.0620),tensor(7.0232e-05),tensor(0.3565),tensor(1.),tensor(0.0282),tensor(0.0249),tensor(2.0391e-05),tensor(0.0075),tensor(0.0320),tensor(0.0003),tensor(0.0452),tensor(0.3107)
s_12341_jpg,tensor(1.5266e-11),tensor(2.8544e-29),tensor(0.),tensor(4.3344e-21),tensor(5.0296e-18),tensor(1.),tensor(1.),tensor(0.0789),tensor(0.),tensor(1.1940e-24),tensor(0.),tensor(1.7677e-26),tensor(1.),tensor(0.0005),tensor(0.0045),tensor(1.),tensor(0.0810),tensor(0.0033),tensor(1.2450e-06),tensor(1.),tensor(0.0008),tensor(1.4594e-10),tensor(1.),tensor(1.),tensor(5.0995e-05),tensor(1.8804e-05),tensor(3.1106e-12),tensor(2.5605e-05),tensor(0.0002),tensor(2.4096e-09),tensor(4.6766e-05),tensor(0.3848)
s_7204_jpg,tensor(0.2793),tensor(1.1002e-13),tensor(1.5220e-05),tensor(5.2319e-06),tensor(0.0170),tensor(1.4049e-09),tensor(5.7454e-22),tensor(7.4355e-21),tensor(1.),tensor(7.8828e-08),tensor(0.9963),tensor(9.3558e-06),tensor(0.0033),tensor(1.),tensor(1.),tensor(1.),tensor(0.3317),tensor(0.3979),tensor(0.0174),tensor(0.0112),tensor(0.1728),tensor(0.0016),tensor(0.0029),tensor(1.),tensor(0.1431),tensor(0.0667),tensor(0.0002),tensor(1.),tensor(1.),tensor(1.),tensor(0.0133),tensor(0.0002)
s_4918_jpg,tensor(0.0019),tensor(3.8590e-18),tensor(8.9258e-10),tensor(9.6886e-14),tensor(3.4386e-06),tensor(5.5118e-10),tensor(5.6976e-21),tensor(0.0002),tensor(9.1422e-23),tensor(1.0000),tensor(3.4192e-05),tensor(0.9778),tensor(0.0329),tensor(0.2180),tensor(1.),tensor(1.),tensor(0.3788),tensor(0.0784),tensor(0.0008),tensor(0.0621),tensor(0.0278),tensor(0.0001),tensor(0.0271),tensor(1.),tensor(0.0442),tensor(0.0140),tensor(3.5629e-05),tensor(0.2763),tensor(1.),tensor(0.0026),tensor(1.),tensor(0.0053)
s_13993_jpg,tensor(0.0844),tensor(5.5406e-07),tensor(0.0072),tensor(0.0070),tensor(0.0413),tensor(3.9057e-05),tensor(8.5326e-11),tensor(2.3328e-18),tensor(1.),tensor(1.9935e-11),tensor(2.6673e-06),tensor(2.1407e-06),tensor(0.0293),tensor(1.),tensor(1.),tensor(1.),tensor(0.4858),tensor(1.),tensor(0.0797),tensor(0.0780),tensor(0.3003),tensor(0.0184),tensor(0.0235),tensor(0.4124),tensor(0.1690),tensor(0.1467),tensor(0.0017),tensor(0.3855),tensor(0.3797),tensor(1.),tensor(0.0171),tensor(0.0044)
s_1297_jpg,tensor(0.0601),tensor(1.2023e-06),tensor(3.1802e-05),tensor(2.3569e-07),tensor(3.8163e-05),tensor(2.9771e-05),tensor(1.7528e-12),tensor(7.1058e-05),tensor(5.5720e-14),tensor(9.8603e-08),tensor(0.9994),tensor(0.0003),tensor(0.0355),tensor(0.3998),tensor(1.),tensor(1.),tensor(0.4355),tensor(0.1694),tensor(0.0090),tensor(0.0535),tensor(0.1850),tensor(0.0014),tensor(0.0408),tensor(1.),tensor(0.1544),tensor(0.0595),tensor(0.0003),tensor(1.),tensor(1.),tensor(0.0271),tensor(0.2351),tensor(0.0097)
s_15749_jpg,tensor(0.0004),tensor(1.7109e-09),tensor(2.3371e-13),tensor(2.3157e-07),tensor(0.0002),tensor(0.0007),tensor(0.9999),tensor(5.5419e-07),tensor(4.5655e-18),tensor(1.3612e-17),tensor(2.0671e-13),tensor(3.3550e-10),tensor(1.),tensor(0.1280),tensor(0.1078),tensor(1.),tensor(0.2796),tensor(0.1927),tensor(0.0085),tensor(1.),tensor(0.0659),tensor(0.0004),tensor(1.),tensor(1.),tensor(0.0139),tensor(0.0122),tensor(5.1416e-05),tensor(0.0367),tensor(0.0631),tensor(0.0064),tensor(0.0046),tensor(0.2065)
s_12763_jpg,tensor(0.2073),tensor(8.8888e-07),tensor(0.0038),tensor(0.0004),tensor(0.0142),tensor(0.0003),tensor(1.2698e-10),tensor(7.6542e-18),tensor(1.),tensor(2.5833e-08),tensor(9.8855e-05),tensor(0.0001),tensor(0.0297),tensor(1.),tensor(1.),tensor(1.),tensor(0.4528),tensor(0.4998),tensor(0.0663),tensor(0.0759),tensor(0.2545),tensor(0.0172),tensor(0.0255),tensor(0.4586),tensor(0.1778),tensor(0.1622),tensor(0.0030),tensor(0.4231),tensor(0.4603),tensor(1.),tensor(0.0417),tensor(0.0058)
s_6839_jpg,tensor(1.1868e-06),tensor(1.1482e-10),tensor(1.2192e-22),tensor(6.9058e-07),tensor(1.4392e-06),tensor(0.5004),tensor(1.),tensor(1.),tensor(6.1311e-24),tensor(5.3650e-11),tensor(1.3878e-34),tensor(6.5430e-11),tensor(1.),tensor(0.0333),tensor(0.0643),tensor(1.),tensor(0.2481),tensor(0.0824),tensor(0.0023),tensor(1.),tensor(0.0471),tensor(5.8990e-05),tensor(1.),tensor(1.),tensor(0.0101),tensor(0.0070),tensor(7.7394e-06),tensor(0.0140),tensor(0.0233),tensor(0.0002),tensor(0.0039),tensor(1.)
s_5225_jpg,tensor(4.1934e-06),tensor(2.8894e-19),tensor(8.1699e-26),tensor(3.7098e-20),tensor(3.1589e-12),tensor(1.),tensor(9.3171e-12),tensor(8.2314e-12),tensor(7.5642e-13),tensor(2.2565e-07),tensor(8.2566e-38),tensor(1.2828e-06),tensor(1.),tensor(0.0236),tensor(0.1412),tensor(1.),tensor(0.3704),tensor(0.0519),tensor(0.0003),tensor(1.),tensor(0.0199),tensor(7.8799e-06),tensor(0.2086),tensor(1.),tensor(0.0054),tensor(0.0037),tensor(8.2900e-07),tensor(0.0033),tensor(0.0319),tensor(6.6969e-05),tensor(0.0530),tensor(0.1243)
s_2736_jpg,tensor(0.7830),tensor(0.9914),tensor(0.9998),tensor(1.0000),tensor(0.0004),tensor(2.1640e-17),tensor(2.0841e-25),tensor(1.6422e-31),tensor(1.2546e-23),tensor(1.6208e-21),tensor(5.4320e-16),tensor(0.0003),tensor(0.0011),tensor(1.),tensor(1.),tensor(1.),tensor(1.),tensor(1.),tensor(1.),tensor(0.0112),tensor(1.),tensor(0.2035),tensor(0.0071),tensor(1.),tensor(1.),tensor(1.),tensor(0.0055),tensor(0.2212),tensor(0.1285),tensor(0.0077),tensor(1.),tensor(0.0234)
s_2924_jpg,tensor(5.6495e-11),tensor(1.4129e-29),tensor(0.),tensor(5.0715e-22),tensor(1.1749e-17),tensor(1.),tensor(1.0000),tensor(0.0008),tensor(0.),tensor(2.4242e-24),tensor(0.),tensor(4.2146e-25),tensor(1.),tensor(0.0006),tensor(0.0053),tensor(1.),tensor(0.0854),tensor(0.0037),tensor(1.1507e-06),tensor(1.),tensor(0.0008),tensor(1.9256e-10),tensor(1.),tensor(1.),tensor(5.3942e-05),tensor(1.8763e-05),tensor(3.8787e-12),tensor(2.9168e-05),tensor(0.0003),tensor(3.8898e-09),tensor(6.8667e-05),tensor(0.3140)
s_4223_jpg,tensor(4.8432e-09),tensor(1.0063e-15),tensor(6.4082e-33),tensor(9.5482e-09),tensor(2.2470e-09),tensor(0.2962),tensor(1.),tensor(1.0000),tensor(2.5505e-33),tensor(1.7139e-15),tensor(0.),tensor(2.8765e-17),tensor(1.),tensor(0.0085),tensor(0.0296),tensor(1.),tensor(0.2059),tensor(0.0334),tensor(0.0002),tensor(1.),tensor(0.0156),tensor(1.3294e-06),tensor(1.),tensor(1.),tensor(0.0019),tensor(0.0010),tensor(6.7056e-08),tensor(0.0024),tensor(0.0058),tensor(3.9349e-06),tensor(0.0009),tensor(1.)
s_8560_jpg,tensor(0.2448),tensor(1.0041e-09),tensor(1.4764e-07),tensor(1.3822e-07),tensor(0.0173),tensor(4.6277e-11),tensor(1.6843e-16),tensor(2.0067e-16),tensor(2.0241e-10),tensor(9.0370e-07),tensor(0.9998),tensor(0.0004),tensor(0.0061),tensor(1.),tensor(1.),tensor(1.),tensor(0.4046),tensor(0.3260),tensor(0.0210),tensor(0.0160),tensor(0.1828),tensor(0.0031),tensor(0.0075),tensor(1.),tensor(0.1981),tensor(0.0771),tensor(0.0003),tensor(1.),tensor(1.),tensor(0.1156),tensor(0.1291),tensor(0.0009)
s_13803_jpg,tensor(0.8498),tensor(0.9904),tensor(3.4059e-07),tensor(1.),tensor(0.0791),tensor(4.8456e-21),tensor(8.4206e-35),tensor(0.),tensor(1.2309e-21),tensor(1.2847e-27),tensor(4.2734e-19),tensor(0.0001),tensor(7.0054e-05),tensor(1.),tensor(1.),tensor(1.),tensor(1.),tensor(1.),tensor(1.),tensor(0.0018),tensor(1.),tensor(0.2377),tensor(0.0009),tensor(1.),tensor(1.),tensor(1.),tensor(0.0004),tensor(0.1444),tensor(0.0583),tensor(0.0035),tensor(0.1602),tensor(0.0005)
s_9898_jpg,tensor(0.3356),tensor(8.1143e-11),tensor(7.8599e-06),tensor(7.3056e-05),tensor(0.0737),tensor(4.2042e-09),tensor(7.3138e-20),tensor(2.3661e-22),tensor(1.),tensor(1.0454e-07),tensor(0.9945),tensor(0.0002),tensor(0.0035),tensor(1.),tensor(1.),tensor(1.),tensor(0.3653),tensor(0.4486),tensor(0.0252),tensor(0.0135),tensor(0.2110),tensor(0.0026),tensor(0.0039),tensor(1.),tensor(0.1468),tensor(0.0743),tensor(0.0002),tensor(1.),tensor(1.),tensor(1.),tensor(0.0081),tensor(0.0002)
s_7456_jpg,tensor(0.0263),tensor(1.4161e-11),tensor(5.8692e-06),tensor(5.0215e-09),tensor(0.0032),tensor(7.6115e-11),tensor(6.9516e-28),tensor(5.7716e-12),tensor(2.2719e-31),tensor(0.7978),tensor(0.9803),tensor(0.9851),tensor(0.0010),tensor(0.9784),tensor(1.),tensor(1.),tensor(0.3844),tensor(0.0859),tensor(0.0010),tensor(0.0043),tensor(0.0501),tensor(8.2434e-05),tensor(0.0017),tensor(1.),tensor(0.1336),tensor(0.0273),tensor(6.2794e-06),tensor(1.),tensor(1.),tensor(0.0019),tensor(1.),tensor(0.0003)
s_6111_jpg,tensor(0.9991),tensor(0.9995),tensor(6.2876e-15),tensor(1.),tensor(0.9977),tensor(0.),tensor(0.),tensor(0.),tensor(0.),tensor(0.),tensor(0.),tensor(2.0213e-07),tensor(2.0002e-08),tensor(1.),tensor(1.),tensor(1.),tensor(1.),tensor(1.),tensor(1.),tensor(8.1353e-06),tensor(1.),tensor(0.3286),tensor(4.4577e-06),tensor(1.),tensor(1.),tensor(1.),tensor(5.4396e-07),tensor(0.0436),tensor(0.0061),tensor(2.3498e-05),tensor(0.0372),tensor(1.0566e-06)
s_15828_jpg,tensor(0.8116),tensor(0.6439),tensor(0.9993),tensor(0.0587),tensor(0.1138),tensor(8.3453e-06),tensor(1.7296e-09),tensor(5.7089e-07),tensor(1.1802e-06),tensor(1.2642e-05),tensor(0.0022),tensor(0.4043),tensor(0.1372),tensor(1.),tensor(1.),tensor(1.),tensor(1.),tensor(0.9984),tensor(0.4359),tensor(0.2204),tensor(1.0000),tensor(0.3719),tensor(0.1823),tensor(1.),tensor(1.),tensor(1.),tensor(0.1554),tensor(0.4533),tensor(0.3912),tensor(0.1890),tensor(1.),tensor(0.2849)
s_1110_jpg,tensor(0.4886),tensor(0.9989),tensor(0.0625),tensor(1.0000),tensor(0.9791),tensor(7.6307e-17),tensor(2.6799e-26),tensor(1.0776e-31),tensor(9.1383e-19),tensor(8.2810e-21),tensor(3.0226e-17),tensor(0.0004),tensor(0.0008),tensor(1.),tensor(1.),tensor(1.),tensor(1.),tensor(1.),tensor(1.),tensor(0.0088),tensor(1.),tensor(0.3905),tensor(0.0060),tensor(1.),tensor(1.),tensor(1.),tensor(0.0031),tensor(0.1805),tensor(0.0967),tensor(0.0044),tensor(0.4340),tensor(0.0101)
s_5050_jpg,tensor(0.0233),tensor(1.0065e-12),tensor(3.1690e-05),tensor(2.8064e-08),tensor(0.0007),tensor(5.2636e-10),tensor(7.3688e-24),tensor(4.2560e-06),tensor(3.8434e-29),tensor(0.9970),tensor(0.9474),tensor(0.9890),tensor(0.0044),tensor(0.4711),tensor(1.),tensor(1.),tensor(0.3650),tensor(0.0840),tensor(0.0014),tensor(0.0094),tensor(0.0482),tensor(0.0002),tensor(0.0051),tensor(1.),tensor(0.1339),tensor(0.0270),tensor(3.6677e-05),tensor(1.),tensor(1.),tensor(0.0043),tensor(1.),tensor(0.0010)
s_14091_jpg,tensor(0.6912),tensor(0.9952),tensor(1.0000),tensor(1.),tensor(0.0015),tensor(1.2495e-18),tensor(6.2413e-28),tensor(1.0063e-31),tensor(8.4518e-26),tensor(1.4248e-23),tensor(8.6987e-18),tensor(0.0002),tensor(0.0007),tensor(1.),tensor(1.),tensor(1.),tensor(1.),tensor(1.),tensor(1.),tensor(0.0085),tensor(1.),tensor(0.2085),tensor(0.0054),tensor(1.),tensor(1.),tensor(1.),tensor(0.0026),tensor(0.1566),tensor(0.0773),tensor(0.0030),tensor(1.),tensor(0.0190)
s_9102_jpg,tensor(0.6837),tensor(0.9928),tensor(0.9994),tensor(0.0820),tensor(0.9921),tensor(7.1174e-07),tensor(2.6488e-14),tensor(1.0316e-11),tensor(8.0212e-06),tensor(5.5656e-08),tensor(2.9775e-05),tensor(0.1878),tensor(0.0553),tensor(1.),tensor(1.),tensor(1.),tensor(1.),tensor(1.),tensor(0.4734),tensor(0.1489),tensor(1.0000),tensor(0.4366),tensor(0.1176),tensor(0.9995),tensor(1.),tensor(1.),tensor(0.0651),tensor(0.2690),tensor(0.1782),tensor(0.0640),tensor(1.0000),tensor(0.1888)
s_14514_jpg,tensor(0.9733),tensor(0.8373),tensor(0.9998),tensor(1.0000),tensor(0.9895),tensor(5.1890e-21),tensor(1.7924e-29),tensor(2.0075e-32),tensor(1.4884e-24),tensor(1.1330e-28),tensor(3.3129e-21),tensor(7.3477e-05),tensor(0.0004),tensor(1.),tensor(1.),tensor(1.),tensor(1.),tensor(1.),tensor(1.),tensor(0.0091),tensor(1.),tensor(0.4384),tensor(0.0054),tensor(1.),tensor(1.),tensor(1.),tensor(0.0021),tensor(0.1238),tensor(0.0477),tensor(0.0019),tensor(1.),tensor(0.0131)
s_11808_jpg,tensor(0.5105),tensor(0.9058),tensor(1.0000),tensor(1.),tensor(0.0002),tensor(1.2985e-24),tensor(3.2030e-33),tensor(0.),tensor(8.5775e-32),tensor(5.1897e-32),tensor(9.6996e-24),tensor(1.1596e-06),tensor(8.2918e-05),tensor(1.),tensor(1.),tensor(1.),tensor(1.),tensor(1.),tensor(1.),tensor(0.0028),tensor(1.),tensor(0.2215),tensor(0.0011),tensor(1.),tensor(1.),tensor(1.),tensor(0.0007),tensor(0.1162),tensor(0.0456),tensor(0.0009),tensor(1.),tensor(0.0045)
s_15769_jpg,tensor(0.0022),tensor(1.0643e-16),tensor(1.1373e-09),tensor(1.9912e-13),tensor(2.9914e-06),tensor(2.4035e-09),tensor(2.6560e-20),tensor(2.3424e-05),tensor(9.0584e-23),tensor(0.9999),tensor(3.7438e-05),tensor(0.9753),tensor(0.0334),tensor(0.2164),tensor(1.),tensor(1.),tensor(0.3944),tensor(0.0819),tensor(0.0010),tensor(0.0655),tensor(0.0341),tensor(0.0001),tensor(0.0280),tensor(1.),tensor(0.0484),tensor(0.0166),tensor(3.5353e-05),tensor(0.2637),tensor(1.),tensor(0.0024),tensor(1.),tensor(0.0054)
s_7214_jpg,tensor(1.8088e-07),tensor(2.5229e-12),tensor(4.3278e-26),tensor(1.9223e-07),tensor(4.0151e-07),tensor(0.3240),tensor(1.),tensor(1.),tensor(2.9326e-26),tensor(1.4713e-10),tensor(1.3182e-37),tensor(7.2157e-12),tensor(1.),tensor(0.0219),tensor(0.0504),tensor(1.),tensor(0.2411),tensor(0.0617),tensor(0.0010),tensor(1.),tensor(0.0332),tensor(2.0011e-05),tensor(1.),tensor(1.),tensor(0.0065),tensor(0.0041),tensor(1.9493e-06),tensor(0.0088),tensor(0.0171),tensor(5.3855e-05),tensor(0.0030),tensor(1.)
s_12580_jpg,tensor(0.0091),tensor(1.5132e-15),tensor(3.4823e-06),tensor(3.2948e-10),tensor(0.0005),tensor(1.1846e-12),tensor(3.2341e-35),tensor(1.1136e-14),tensor(4.6387e-37),tensor(0.9570),tensor(0.9833),tensor(0.9947),tensor(0.0002),tensor(0.9798),tensor(1.),tensor(1.),tensor(0.3362),tensor(0.0423),tensor(0.0001),tensor(0.0009),tensor(0.0235),tensor(5.2774e-06),tensor(0.0003),tensor(1.),tensor(0.0742),tensor(0.0093),tensor(2.3810e-07),tensor(1.),tensor(1.),tensor(0.0004),tensor(1.),tensor(2.7785e-05)
s_9541_jpg,tensor(0.0245),tensor(6.6723e-10),tensor(3.3708e-06),tensor(3.0256e-08),tensor(0.0014),tensor(1.4283e-05),tensor(1.2788e-11),tensor(6.0877e-05),tensor(4.6017e-12),tensor(0.9831),tensor(0.0002),tensor(0.9409),tensor(0.1389),tensor(0.3164),tensor(1.),tensor(1.),tensor(0.4546),tensor(0.2072),tensor(0.0149),tensor(0.1993),tensor(0.1165),tensor(0.0052),tensor(0.1115),tensor(1.),tensor(0.1425),tensor(0.0764),tensor(0.0021),tensor(0.3274),tensor(1.),tensor(0.0296),tensor(1.),tensor(0.0423)
s_7853_jpg,tensor(6.6179e-12),tensor(6.3349e-21),tensor(0.),tensor(5.3781e-13),tensor(4.3498e-12),tensor(0.1393),tensor(1.),tensor(1.),tensor(0.),tensor(6.3122e-16),tensor(0.),tensor(1.6169e-17),tensor(1.),tensor(0.0015),tensor(0.0064),tensor(1.),tensor(0.1048),tensor(0.0092),tensor(7.6585e-06),tensor(1.),tensor(0.0027),tensor(7.6147e-09),tensor(1.),tensor(1.),tensor(0.0002),tensor(8.1331e-05),tensor(2.0234e-10),tensor(0.0004),tensor(0.0013),tensor(6.7100e-08),tensor(3.7770e-05),tensor(1.)
s_15797_jpg,tensor(1.4683e-05),tensor(3.3282e-17),tensor(2.6839e-31),tensor(2.9686e-18),tensor(1.0608e-10),tensor(1.),tensor(1.3298e-05),tensor(6.3283e-06),tensor(2.6471e-16),tensor(2.9683e-08),tensor(0.),tensor(1.3972e-08),tensor(1.),tensor(0.0204),tensor(0.1004),tensor(0.9996),tensor(0.3387),tensor(0.0549),tensor(0.0005),tensor(1.),tensor(0.0230),tensor(9.2310e-06),tensor(0.3373),tensor(1.),tensor(0.0071),tensor(0.0054),tensor(1.1936e-06),tensor(0.0025),tensor(0.0194),tensor(5.5170e-05),tensor(0.0247),tensor(0.2375)
s_14197_jpg,tensor(0.0014),tensor(4.4114e-18),tensor(3.0166e-10),tensor(4.8626e-14),tensor(1.2992e-06),tensor(1.0339e-09),tensor(5.9283e-21),tensor(5.6967e-07),tensor(1.9657e-23),tensor(0.9997),tensor(4.5876e-06),tensor(0.9733),tensor(0.0284),tensor(0.2000),tensor(1.),tensor(1.),tensor(0.3983),tensor(0.0710),tensor(0.0006),tensor(0.0586),tensor(0.0261),tensor(6.6644e-05),tensor(0.0233),tensor(1.),tensor(0.0393),tensor(0.0117),tensor(1.6224e-05),tensor(0.2476),tensor(1.),tensor(0.0016),tensor(1.),tensor(0.0041)
s_9878_jpg,tensor(1.2592e-06),tensor(2.3833e-16),tensor(4.6662e-27),tensor(1.4993e-09),tensor(1.3407e-08),tensor(0.0414),tensor(1.0000),tensor(1.6736e-06),tensor(6.9207e-29),tensor(2.5891e-18),tensor(4.3769e-29),tensor(5.0858e-15),tensor(1.),tensor(0.0279),tensor(0.0536),tensor(1.),tensor(0.2088),tensor(0.0579),tensor(0.0005),tensor(1.),tensor(0.0173),tensor(4.8437e-06),tensor(1.),tensor(1.),tensor(0.0027),tensor(0.0015),tensor(3.9567e-07),tensor(0.0062),tensor(0.0190),tensor(8.2798e-05),tensor(0.0018),tensor(0.2445)
s_8467_jpg,tensor(0.0198),tensor(1.4276e-11),tensor(9.0804e-07),tensor(1.1614e-09),tensor(0.0007),tensor(2.5570e-10),tensor(1.1750e-23),tensor(8.8121e-09),tensor(9.8351e-30),tensor(0.9866),tensor(0.9610),tensor(0.9377),tensor(0.0054),tensor(0.4351),tensor(1.),tensor(1.),tensor(0.3702),tensor(0.0802),tensor(0.0013),tensor(0.0139),tensor(0.0472),tensor(0.0001),tensor(0.0072),tensor(1.),tensor(0.1095),tensor(0.0240),tensor(2.1686e-05),tensor(1.),tensor(1.),tensor(0.0037),tensor(1.),tensor(0.0008)
s_3106_jpg,tensor(0.0318),tensor(5.9427e-09),tensor(1.0171e-06),tensor(1.3425e-08),tensor(5.4485e-06),tensor(1.0033e-06),tensor(2.9240e-14),tensor(8.2991e-06),tensor(8.6981e-19),tensor(4.2333e-07),tensor(0.9999),tensor(0.0004),tensor(0.0197),tensor(0.3408),tensor(1.),tensor(1.),tensor(0.4171),tensor(0.1161),tensor(0.0031),tensor(0.0286),tensor(0.1326),tensor(0.0004),tensor(0.0237),tensor(1.),tensor(0.1107),tensor(0.0337),tensor(5.4048e-05),tensor(1.),tensor(1.),tensor(0.0068),tensor(0.2750),tensor(0.0053)
s_12256_jpg,tensor(0.0122),tensor(4.7642e-13),tensor(3.0371e-06),tensor(9.5929e-10),tensor(0.0003),tensor(4.1102e-09),tensor(3.4694e-19),tensor(2.3227e-05),tensor(1.5069e-19),tensor(0.9982),tensor(0.0027),tensor(0.8735),tensor(0.0391),tensor(0.3127),tensor(1.),tensor(1.),tensor(0.4205),tensor(0.1237),tensor(0.0035),tensor(0.0781),tensor(0.0600),tensor(0.0006),tensor(0.0401),tensor(1.),tensor(0.0974),tensor(0.0369),tensor(0.0002),tensor(0.3739),tensor(1.),tensor(0.0084),tensor(1.),tensor(0.0095)
s_10383_jpg,tensor(0.9625),tensor(0.9997),tensor(4.8347e-15),tensor(2.3596e-05),tensor(0.9938),tensor(7.3151e-17),tensor(1.7514e-33),tensor(5.8276e-34),tensor(3.5418e-11),tensor(3.3813e-16),tensor(3.4044e-11),tensor(0.1737),tensor(0.0003),tensor(1.),tensor(1.),tensor(1.),tensor(1.),tensor(1.),tensor(0.3481),tensor(0.0026),tensor(1.),tensor(0.2438),tensor(0.0012),tensor(0.9698),tensor(1.),tensor(1.),tensor(0.0005),tensor(0.3309),tensor(0.1862),tensor(0.0341),tensor(0.0599),tensor(0.0002)
s_2269_jpg,tensor(0.0409),tensor(1.4901e-10),tensor(7.5166e-05),tensor(1.9731e-07),tensor(0.0069),tensor(7.1331e-09),tensor(2.1208e-20),tensor(5.4982e-08),tensor(4.8445e-24),tensor(0.9294),tensor(0.8605),tensor(0.8982),tensor(0.0097),tensor(0.4646),tensor(1.),tensor(1.),tensor(0.3986),tensor(0.1232),tensor(0.0038),tensor(0.0227),tensor(0.0737),tensor(0.0006),tensor(0.0127),tensor(1.),tensor(0.1617),tensor(0.0474),tensor(0.0001),tensor(1.),tensor(1.),tensor(0.0091),tensor(1.),tensor(0.0026)
s_4563_jpg,tensor(0.9096),tensor(0.0469),tensor(0.9999),tensor(1.),tensor(0.0535),tensor(2.5646e-17),tensor(4.0918e-20),tensor(2.0346e-26),tensor(2.7381e-21),tensor(5.1981e-25),tensor(9.1259e-18),tensor(3.9387e-05),tensor(0.0021),tensor(1.),tensor(1.),tensor(1.),tensor(1.),tensor(1.),tensor(1.),tensor(0.0244),tensor(1.),tensor(0.3438),tensor(0.0143),tensor(1.),tensor(1.),tensor(1.),tensor(0.0086),tensor(0.1946),tensor(0.1003),tensor(0.0091),tensor(1.),tensor(0.0351)
s_12436_jpg,tensor(0.2020),tensor(4.0686e-06),tensor(0.0070),tensor(0.0013),tensor(0.0274),tensor(0.0003),tensor(4.7808e-10),tensor(8.6823e-17),tensor(1.),tensor(2.7936e-08),tensor(0.0002),tensor(0.0001),tensor(0.0353),tensor(1.),tensor(1.),tensor(1.),tensor(0.4731),tensor(0.9632),tensor(0.0774),tensor(0.0845),tensor(0.2857),tensor(0.0230),tensor(0.0309),tensor(0.4558),tensor(0.1962),tensor(0.1797),tensor(0.0041),tensor(0.4257),tensor(0.4690),tensor(1.),tensor(0.0508),tensor(0.0077)
s_14731_jpg,tensor(0.0223),tensor(3.4693e-12),tensor(2.5711e-06),tensor(5.2157e-09),tensor(0.0019),tensor(1.7469e-10),tensor(1.0249e-21),tensor(6.9850e-08),tensor(3.3797e-28),tensor(0.9859),tensor(0.8639),tensor(0.9404),tensor(0.0071),tensor(0.4289),tensor(1.),tensor(1.),tensor(0.3697),tensor(0.0940),tensor(0.0016),tensor(0.0165),tensor(0.0491),tensor(0.0002),tensor(0.0088),tensor(1.),tensor(0.1199),tensor(0.0283),tensor(3.5617e-05),tensor(1.),tensor(1.),tensor(0.0046),tensor(1.),tensor(0.0013)
s_14971_jpg,tensor(0.0015),tensor(4.6637e-19),tensor(6.8445e-09),tensor(6.3022e-14),tensor(4.6828e-06),tensor(7.4521e-11),tensor(2.5661e-25),tensor(6.3297e-07),tensor(1.3718e-23),tensor(0.9999),tensor(3.4507e-06),tensor(0.9681),tensor(0.0182),tensor(0.2402),tensor(1.),tensor(1.),tensor(0.3828),tensor(0.0637),tensor(0.0005),tensor(0.0446),tensor(0.0202),tensor(4.6684e-05),tensor(0.0150),tensor(1.),tensor(0.0349),tensor(0.0108),tensor(1.5266e-05),tensor(0.2673),tensor(1.),tensor(0.0018),tensor(1.),tensor(0.0027)
s_605_jpg,tensor(2.1100e-06),tensor(9.9444e-11),tensor(1.2570e-24),tensor(1.8775e-08),tensor(1.5974e-06),tensor(1.0000),tensor(0.9999),tensor(0.0244),tensor(2.1680e-20),tensor(4.9118e-12),tensor(2.5628e-29),tensor(3.0970e-11),tensor(1.),tensor(0.0390),tensor(0.0968),tensor(1.),tensor(0.2948),tensor(0.0898),tensor(0.0035),tensor(1.),tensor(0.0605),tensor(6.7501e-05),tensor(1.),tensor(1.),tensor(0.0176),tensor(0.0120),tensor(6.9202e-06),tensor(0.0070),tensor(0.0150),tensor(0.0001),tensor(0.0117),tensor(0.3511)
s_1489_jpg,tensor(0.0378),tensor(5.1381e-11),tensor(5.5161e-05),tensor(1.0457e-07),tensor(0.0045),tensor(1.4645e-08),tensor(5.7203e-21),tensor(5.6038e-08),tensor(7.7475e-24),tensor(0.9445),tensor(0.8999),tensor(0.8513),tensor(0.0101),tensor(0.4710),tensor(1.),tensor(1.),tensor(0.3918),tensor(0.1199),tensor(0.0035),tensor(0.0229),tensor(0.0753),tensor(0.0005),tensor(0.0131),tensor(1.),tensor(0.1453),tensor(0.0451),tensor(0.0001),tensor(1.),tensor(1.),tensor(0.0099),tensor(1.),tensor(0.0024)
s_13792_jpg,tensor(0.1296),tensor(1.1549e-10),tensor(8.8495e-06),tensor(4.6896e-08),tensor(0.0356),tensor(4.9486e-11),tensor(6.8996e-22),tensor(4.5048e-15),tensor(2.8341e-19),tensor(1.9647e-06),tensor(0.9999),tensor(0.0003),tensor(0.0034),tensor(1.),tensor(1.),tensor(1.),tensor(0.3742),tensor(0.1657),tensor(0.0027),tensor(0.0093),tensor(0.0981),tensor(0.0003),tensor(0.0040),tensor(1.),tensor(0.1226),tensor(0.0327),tensor(2.0013e-05),tensor(1.),tensor(1.),tensor(0.0242),tensor(0.2033),tensor(0.0003)
s_10494_jpg,tensor(0.8584),tensor(0.9996),tensor(1.2321e-07),tensor(0.0021),tensor(0.9786),tensor(2.3411e-14),tensor(5.3038e-30),tensor(2.0267e-29),tensor(2.5078e-09),tensor(5.9949e-15),tensor(4.9503e-10),tensor(0.0865),tensor(0.0010),tensor(1.),tensor(1.),tensor(1.),tensor(1.),tensor(1.),tensor(0.4274),tensor(0.0071),tensor(1.),tensor(0.2801),tensor(0.0041),tensor(0.9841),tensor(1.),tensor(1.),tensor(0.0016),tensor(0.2546),tensor(0.1332),tensor(0.0271),tensor(0.1352),tensor(0.0021)
s_12836_jpg,tensor(7.5835e-14),tensor(3.2851e-25),tensor(0.),tensor(6.3425e-18),tensor(1.1937e-13),tensor(1.),tensor(1.),tensor(1.),tensor(0.),tensor(1.5522e-17),tensor(0.),tensor(5.5929e-19),tensor(1.),tensor(0.0002),tensor(0.0016),tensor(1.),tensor(0.0668),tensor(0.0021),tensor(3.0190e-07),tensor(1.),tensor(0.0006),tensor(2.6570e-11),tensor(1.),tensor(1.),tensor(1.6720e-05),tensor(7.1246e-06),tensor(3.7029e-13),tensor(6.6799e-06),tensor(5.3387e-05),tensor(2.3517e-10),tensor(4.3946e-06),tensor(1.)
s_941_jpg,tensor(0.0004),tensor(3.4621e-08),tensor(1.2094e-14),tensor(0.0006),tensor(0.0018),tensor(0.1216),tensor(0.9990),tensor(0.0001),tensor(8.1686e-15),tensor(1.1463e-09),tensor(1.8318e-16),tensor(7.0435e-08),tensor(1.),tensor(0.1333),tensor(0.1792),tensor(1.),tensor(0.3356),tensor(0.1909),tensor(0.0173),tensor(1.),tensor(0.1092),tensor(0.0014),tensor(1.),tensor(1.),tensor(0.0413),tensor(0.0329),tensor(0.0004),tensor(0.0590),tensor(0.0987),tensor(0.0061),tensor(0.0358),tensor(0.3336)
s_1953_jpg,tensor(0.9410),tensor(0.3612),tensor(2.2582e-09),tensor(1.),tensor(0.5702),tensor(3.4294e-17),tensor(1.4872e-23),tensor(4.3104e-33),tensor(5.1972e-16),tensor(8.1155e-24),tensor(4.7394e-16),tensor(0.0002),tensor(0.0006),tensor(1.),tensor(1.),tensor(1.),tensor(1.),tensor(1.),tensor(1.),tensor(0.0079),tensor(1.),tensor(0.3178),tensor(0.0047),tensor(1.),tensor(1.),tensor(1.),tensor(0.0020),tensor(0.2450),tensor(0.1229),tensor(0.0204),tensor(0.1253),tensor(0.0019)
s_6984_jpg,tensor(0.7710),tensor(0.7375),tensor(0.9870),tensor(1.),tensor(0.6060),tensor(7.3939e-14),tensor(1.2318e-17),tensor(5.7314e-24),tensor(9.4519e-17),tensor(2.8207e-20),tensor(7.5530e-15),tensor(0.0001),tensor(0.0054),tensor(1.),tensor(1.),tensor(1.),tensor(1.),tensor(1.),tensor(1.),tensor(0.0402),tensor(1.),tensor(0.3655),tensor(0.0252),tensor(1.),tensor(1.),tensor(1.),tensor(0.0140),tensor(0.2003),tensor(0.1282),tensor(0.0171),tensor(1.0000),tensor(0.0418)
s_3390_jpg,tensor(0.9948),tensor(0.9508),tensor(1.6992e-08),tensor(1.0000),tensor(0.4732),tensor(3.1233e-22),tensor(1.3340e-38),tensor(0.),tensor(2.4387e-24),tensor(3.4127e-32),tensor(3.5189e-22),tensor(0.0006),tensor(4.7859e-05),tensor(1.),tensor(1.),tensor(1.),tensor(1.),tensor(1.),tensor(1.),tensor(0.0017),tensor(1.),tensor(0.3386),tensor(0.0008),tensor(1.),tensor(1.),tensor(1.),tensor(0.0002),tensor(0.1294),tensor(0.0493),tensor(0.0023),tensor(0.1327),tensor(0.0004)
s_8012_jpg,tensor(2.3259e-06),tensor(1.0167e-06),tensor(3.2631e-17),tensor(6.1941e-05),tensor(0.0005),tensor(0.3817),tensor(1.),tensor(1.),tensor(6.7415e-19),tensor(1.6305e-06),tensor(3.7763e-27),tensor(4.2334e-06),tensor(1.),tensor(0.0754),tensor(0.1131),tensor(1.0000),tensor(0.3006),tensor(0.1516),tensor(0.0112),tensor(1.),tensor(0.0970),tensor(0.0008),tensor(1.),tensor(1.),tensor(0.0357),tensor(0.0312),tensor(0.0002),tensor(0.0439),tensor(0.0580),tensor(0.0015),tensor(0.0145),tensor(1.)
s_2275_jpg,tensor(0.0519),tensor(2.6033e-08),tensor(0.0001),tensor(2.2158e-07),tensor(0.0120),tensor(1.0126e-09),tensor(1.8554e-20),tensor(1.1276e-08),tensor(1.0717e-26),tensor(0.8221),tensor(0.9054),tensor(0.9188),tensor(0.0044),tensor(0.6894),tensor(1.),tensor(1.),tensor(0.4228),tensor(0.1343),tensor(0.0039),tensor(0.0127),tensor(0.0767),tensor(0.0006),tensor(0.0061),tensor(1.),tensor(0.1746),tensor(0.0602),tensor(7.5855e-05),tensor(1.),tensor(1.),tensor(0.0062),tensor(1.),tensor(0.0016)
s_2740_jpg,tensor(0.0018),tensor(2.0385e-18),tensor(9.6645e-10),tensor(7.3364e-14),tensor(2.2900e-06),tensor(5.0351e-10),tensor(1.8782e-21),tensor(0.0002),tensor(7.4407e-23),tensor(1.0000),tensor(2.1866e-05),tensor(0.9775),tensor(0.0319),tensor(0.2155),tensor(1.),tensor(1.),tensor(0.3782),tensor(0.0777),tensor(0.0008),tensor(0.0610),tensor(0.0276),tensor(0.0001),tensor(0.0261),tensor(1.),tensor(0.0431),tensor(0.0139),tensor(3.3005e-05),tensor(0.2729),tensor(1.),tensor(0.0024),tensor(1.),tensor(0.0052)
s_12585_jpg,tensor(0.9996),tensor(0.8881),tensor(2.8984e-06),tensor(0.9999),tensor(0.9956),tensor(2.3689e-19),tensor(3.7868e-31),tensor(1.0695e-36),tensor(1.9303e-20),tensor(3.3573e-26),tensor(5.7208e-19),tensor(0.0570),tensor(0.0003),tensor(1.),tensor(1.),tensor(1.),tensor(1.),tensor(1.),tensor(0.9981),tensor(0.0041),tensor(1.),tensor(0.3719),tensor(0.0027),tensor(1.),tensor(1.),tensor(1.),tensor(0.0012),tensor(0.1793),tensor(0.0883),tensor(0.0041),tensor(0.3366),tensor(0.0028)
s_665_jpg,tensor(9.8282e-11),tensor(5.6069e-27),tensor(0.),tensor(2.3676e-19),tensor(2.7092e-16),tensor(1.),tensor(1.),tensor(5.4096e-05),tensor(0.),tensor(7.3541e-26),tensor(0.),tensor(6.2949e-25),tensor(1.),tensor(0.0010),tensor(0.0064),tensor(1.),tensor(0.0903),tensor(0.0053),tensor(2.8087e-06),tensor(1.),tensor(0.0013),tensor(4.9624e-10),tensor(1.),tensor(1.),tensor(7.9718e-05),tensor(3.3533e-05),tensor(9.9328e-12),tensor(3.8975e-05),tensor(0.0003),tensor(1.0307e-08),tensor(5.7882e-05),tensor(0.2664)
s_5773_jpg,tensor(0.1253),tensor(9.2111e-09),tensor(0.0020),tensor(0.0027),tensor(0.0046),tensor(6.4824e-06),tensor(4.3289e-10),tensor(6.3073e-20),tensor(1.),tensor(4.4136e-14),tensor(0.0006),tensor(5.8236e-08),tensor(0.0105),tensor(1.),tensor(1.),tensor(1.),tensor(0.4142),tensor(0.9999),tensor(0.0384),tensor(0.0321),tensor(0.2320),tensor(0.0039),tensor(0.0110),tensor(0.4322),tensor(0.0955),tensor(0.0907),tensor(0.0003),tensor(0.3999),tensor(0.4348),tensor(1.),tensor(0.0037),tensor(0.0009)
s_15911_jpg,tensor(0.0001),tensor(5.6728e-11),tensor(4.0664e-20),tensor(1.6510e-14),tensor(6.2153e-08),tensor(1.),tensor(5.8481e-05),tensor(0.0038),tensor(1.2746e-10),tensor(1.1145e-07),tensor(7.4443e-27),tensor(1.5509e-06),tensor(1.),tensor(0.1031),tensor(0.2445),tensor(0.6842),tensor(0.4056),tensor(0.1665),tensor(0.0124),tensor(1.),tensor(0.1367),tensor(0.0008),tensor(0.2786),tensor(1.),tensor(0.0660),tensor(0.0719),tensor(0.0002),tensor(0.0244),tensor(0.0616),tensor(0.0025),tensor(0.0787),tensor(0.2076)
s_8216_jpg,tensor(3.4728e-12),tensor(1.0402e-24),tensor(0.),tensor(6.5454e-17),tensor(8.0667e-14),tensor(1.0000),tensor(1.),tensor(1.),tensor(0.),tensor(6.9326e-18),tensor(0.),tensor(5.9734e-21),tensor(1.),tensor(0.0006),tensor(0.0047),tensor(1.),tensor(0.1006),tensor(0.0044),tensor(1.8336e-06),tensor(1.),tensor(0.0015),tensor(7.5085e-10),tensor(1.),tensor(1.),tensor(7.6740e-05),tensor(3.0109e-05),tensor(1.3859e-11),tensor(4.3546e-05),tensor(0.0003),tensor(4.2356e-09),tensor(4.8954e-05),tensor(1.)
s_8941_jpg,tensor(0.0102),tensor(1.2739e-13),tensor(1.2747e-06),tensor(2.0106e-10),tensor(0.0003),tensor(1.6227e-09),tensor(8.1440e-20),tensor(4.8183e-05),tensor(1.4278e-20),tensor(0.9987),tensor(0.0014),tensor(0.8919),tensor(0.0353),tensor(0.3009),tensor(1.),tensor(1.),tensor(0.4184),tensor(0.1165),tensor(0.0028),tensor(0.0721),tensor(0.0529),tensor(0.0005),tensor(0.0358),tensor(1.),tensor(0.0893),tensor(0.0332),tensor(0.0002),tensor(0.3576),tensor(1.),tensor(0.0067),tensor(1.),tensor(0.0082)
s_12427_jpg,tensor(0.0494),tensor(4.6385e-09),tensor(0.0002),tensor(6.9660e-07),tensor(0.0072),tensor(6.2915e-08),tensor(1.0455e-19),tensor(2.0091e-08),tensor(9.8949e-23),tensor(0.9371),tensor(0.8827),tensor(0.8968),tensor(0.0103),tensor(0.4681),tensor(1.),tensor(1.),tensor(0.4139),tensor(0.1349),tensor(0.0050),tensor(0.0251),tensor(0.0935),tensor(0.0009),tensor(0.0134),tensor(1.),tensor(0.1832),tensor(0.0622),tensor(0.0001),tensor(1.),tensor(1.),tensor(0.0097),tensor(1.),tensor(0.0029)
s_8691_jpg,tensor(0.7122),tensor(0.9981),tensor(7.9259e-06),tensor(0.1237),tensor(0.9960),tensor(3.6585e-08),tensor(7.7598e-17),tensor(4.1885e-16),tensor(8.8527e-06),tensor(7.0309e-09),tensor(6.1798e-06),tensor(0.2597),tensor(0.0177),tensor(1.),tensor(1.),tensor(1.),tensor(1.0000),tensor(1.),tensor(0.4861),tensor(0.0750),tensor(1.),tensor(0.4041),tensor(0.0512),tensor(0.9845),tensor(1.),tensor(1.),tensor(0.0147),tensor(0.2519),tensor(0.1589),tensor(0.0731),tensor(0.1499),tensor(0.0182)
s_7286_jpg,tensor(2.7072e-09),tensor(9.9884e-13),tensor(8.2614e-29),tensor(1.7285e-07),tensor(3.5215e-08),tensor(0.4122),tensor(1.),tensor(1.),tensor(2.4707e-31),tensor(3.2763e-10),tensor(0.),tensor(1.1950e-11),tensor(1.),tensor(0.0128),tensor(0.0372),tensor(1.),tensor(0.2144),tensor(0.0439),tensor(0.0005),tensor(1.),tensor(0.0249),tensor(4.7242e-06),tensor(1.),tensor(1.),tensor(0.0039),tensor(0.0024),tensor(3.4381e-07),tensor(0.0062),tensor(0.0107),tensor(1.1498e-05),tensor(0.0013),tensor(1.)
s_3118_jpg,tensor(0.0155),tensor(9.4991e-14),tensor(1.1071e-07),tensor(1.6840e-10),tensor(0.0011),tensor(2.6579e-11),tensor(9.4911e-24),tensor(5.6648e-09),tensor(1.9626e-30),tensor(0.9672),tensor(0.9591),tensor(0.9036),tensor(0.0050),tensor(0.4196),tensor(1.),tensor(1.),tensor(0.3536),tensor(0.0729),tensor(0.0008),tensor(0.0114),tensor(0.0356),tensor(7.5447e-05),tensor(0.0061),tensor(1.),tensor(0.0852),tensor(0.0152),tensor(1.2074e-05),tensor(1.),tensor(1.),tensor(0.0031),tensor(1.),tensor(0.0006)
s_10757_jpg,tensor(1.6458e-09),tensor(3.2131e-16),tensor(8.9631e-34),tensor(1.0108e-09),tensor(1.2947e-09),tensor(0.3037),tensor(1.),tensor(1.),tensor(3.3266e-35),tensor(1.4972e-14),tensor(0.),tensor(1.8010e-15),tensor(1.),tensor(0.0059),tensor(0.0176),tensor(1.),tensor(0.1660),tensor(0.0261),tensor(0.0001),tensor(1.),tensor(0.0104),tensor(4.6525e-07),tensor(1.),tensor(1.),tensor(0.0011),tensor(0.0006),tensor(1.9581e-08),tensor(0.0018),tensor(0.0040),tensor(1.9833e-06),tensor(0.0003),tensor(1.)
s_6983_jpg,tensor(3.7964e-13),tensor(2.2525e-21),tensor(0.),tensor(6.0621e-14),tensor(4.8463e-13),tensor(0.9996),tensor(1.),tensor(1.),tensor(0.),tensor(4.2821e-18),tensor(0.),tensor(4.8599e-19),tensor(1.),tensor(0.0006),tensor(0.0030),tensor(1.),tensor(0.0871),tensor(0.0056),tensor(2.3886e-06),tensor(1.),tensor(0.0018),tensor(6.7961e-10),tensor(1.),tensor(1.),tensor(5.7231e-05),tensor(3.1687e-05),tensor(1.0417e-11),tensor(8.5658e-05),tensor(0.0004),tensor(5.5537e-09),tensor(6.2742e-06),tensor(1.)
s_13226_jpg,tensor(8.1354e-10),tensor(3.7723e-24),tensor(0.),tensor(6.5374e-19),tensor(1.4019e-13),tensor(1.0000),tensor(1.0000),tensor(0.0030),tensor(8.8830e-39),tensor(2.2469e-19),tensor(0.),tensor(7.6512e-20),tensor(1.),tensor(0.0022),tensor(0.0146),tensor(1.),tensor(0.1378),tensor(0.0101),tensor(1.1673e-05),tensor(1.),tensor(0.0026),tensor(1.2499e-08),tensor(1.),tensor(1.),tensor(0.0003),tensor(0.0001),tensor(3.2702e-10),tensor(0.0002),tensor(0.0008),tensor(8.4086e-08),tensor(0.0004),tensor(0.3255)
s_8276_jpg,tensor(9.4085e-14),tensor(7.0558e-26),tensor(0.),tensor(8.0884e-17),tensor(1.5693e-14),tensor(0.9999),tensor(1.),tensor(1.),tensor(0.),tensor(4.4365e-17),tensor(0.),tensor(1.7096e-20),tensor(1.),tensor(0.0003),tensor(0.0028),tensor(1.),tensor(0.0783),tensor(0.0027),tensor(6.3291e-07),tensor(1.),tensor(0.0009),tensor(1.3004e-10),tensor(1.),tensor(1.),tensor(3.0640e-05),tensor(1.3689e-05),tensor(2.1550e-12),tensor(4.6759e-05),tensor(0.0003),tensor(1.2009e-09),tensor(1.3440e-05),tensor(1.)
s_6622_jpg,tensor(0.0930),tensor(2.9084e-14),tensor(4.9824e-07),tensor(1.0602e-08),tensor(0.0132),tensor(8.0961e-13),tensor(4.4227e-20),tensor(8.3588e-16),tensor(9.5825e-17),tensor(2.9138e-07),tensor(0.9999),tensor(2.0161e-05),tensor(0.0035),tensor(1.),tensor(1.),tensor(1.),tensor(0.3108),tensor(0.1579),tensor(0.0020),tensor(0.0090),tensor(0.0590),tensor(0.0001),tensor(0.0036),tensor(1.),tensor(0.0769),tensor(0.0197),tensor(2.0174e-05),tensor(1.),tensor(1.),tensor(0.0424),tensor(0.1413),tensor(0.0002)
s_8282_jpg,tensor(2.2541e-13),tensor(9.2344e-26),tensor(0.),tensor(1.4465e-16),tensor(1.1198e-14),tensor(1.0000),tensor(1.),tensor(1.),tensor(0.),tensor(2.7823e-17),tensor(0.),tensor(3.3285e-20),tensor(1.),tensor(0.0003),tensor(0.0028),tensor(1.),tensor(0.0822),tensor(0.0029),tensor(6.7154e-07),tensor(1.),tensor(0.0010),tensor(1.4114e-10),tensor(1.),tensor(1.),tensor(3.3086e-05),tensor(1.5489e-05),tensor(2.2397e-12),tensor(3.1039e-05),tensor(0.0002),tensor(1.0653e-09),tensor(1.5033e-05),tensor(1.)
s_10593_jpg,tensor(0.9486),tensor(0.9265),tensor(1.1817e-06),tensor(1.),tensor(0.9802),tensor(1.4758e-21),tensor(6.2923e-33),tensor(0.),tensor(1.1630e-22),tensor(8.5159e-30),tensor(5.0960e-21),tensor(3.8205e-05),tensor(0.0001),tensor(1.),tensor(1.),tensor(1.),tensor(1.),tensor(1.),tensor(1.),tensor(0.0038),tensor(1.),tensor(0.3316),tensor(0.0019),tensor(1.),tensor(1.),tensor(1.),tensor(0.0005),tensor(0.1529),tensor(0.0593),tensor(0.0041),tensor(0.1996),tensor(0.0009)
s_12411_jpg,tensor(0.8468),tensor(0.5210),tensor(0.9915),tensor(0.0941),tensor(0.8967),tensor(1.1140e-06),tensor(5.3976e-11),tensor(1.0060e-09),tensor(2.7140e-05),tensor(1.3284e-07),tensor(5.5684e-05),tensor(0.2213),tensor(0.0857),tensor(1.),tensor(1.),tensor(1.),tensor(1.),tensor(1.),tensor(0.4682),tensor(0.1862),tensor(1.),tensor(0.4381),tensor(0.1468),tensor(0.9999),tensor(1.),tensor(1.),tensor(0.1101),tensor(0.3657),tensor(0.3025),tensor(0.1460),tensor(1.),tensor(0.2094)
s_10453_jpg,tensor(0.2537),tensor(0.0002),tensor(0.0253),tensor(0.0623),tensor(0.1142),tensor(0.0009),tensor(2.5789e-07),tensor(3.0955e-13),tensor(1.),tensor(3.1662e-07),tensor(0.0096),tensor(0.0003),tensor(0.0589),tensor(1.),tensor(1.),tensor(1.),tensor(0.4532),tensor(0.9994),tensor(0.1427),tensor(0.1098),tensor(0.3412),tensor(0.0458),tensor(0.0569),tensor(0.4710),tensor(0.2322),tensor(0.2301),tensor(0.0111),tensor(0.4574),tensor(0.4710),tensor(1.),tensor(0.0527),tensor(0.0157)
s_11279_jpg,tensor(8.9443e-05),tensor(8.6756e-08),tensor(2.0079e-16),tensor(0.0001),tensor(0.0001),tensor(0.4206),tensor(1.0000),tensor(0.9979),tensor(3.8106e-16),tensor(1.8164e-09),tensor(1.0160e-21),tensor(1.0041e-09),tensor(1.),tensor(0.0882),tensor(0.1382),tensor(1.),tensor(0.3438),tensor(0.1677),tensor(0.0174),tensor(1.),tensor(0.1159),tensor(0.0013),tensor(1.),tensor(1.),tensor(0.0421),tensor(0.0322),tensor(0.0003),tensor(0.0371),tensor(0.0555),tensor(0.0020),tensor(0.0266),tensor(1.)
s_5053_jpg,tensor(0.0154),tensor(9.8787e-13),tensor(8.5553e-06),tensor(5.0624e-09),tensor(0.0012),tensor(1.3189e-07),tensor(2.5174e-16),tensor(4.4705e-05),tensor(7.6924e-16),tensor(0.9988),tensor(8.6528e-05),tensor(0.9345),tensor(0.0758),tensor(0.3224),tensor(1.),tensor(1.),tensor(0.4253),tensor(0.1557),tensor(0.0061),tensor(0.1339),tensor(0.0757),tensor(0.0017),tensor(0.0676),tensor(1.),tensor(0.1074),tensor(0.0489),tensor(0.0007),tensor(0.3321),tensor(1.),tensor(0.0162),tensor(1.),tensor(0.0189)
s_7543_jpg,tensor(0.0017),tensor(1.0929e-17),tensor(2.3638e-09),tensor(6.7668e-14),tensor(8.5867e-06),tensor(2.5401e-13),tensor(1.2889e-28),tensor(5.8192e-11),tensor(6.0183e-30),tensor(0.9993),tensor(0.0005),tensor(0.9547),tensor(0.0047),tensor(0.2668),tensor(1.),tensor(1.),tensor(0.3627),tensor(0.0463),tensor(0.0002),tensor(0.0148),tensor(0.0169),tensor(1.0972e-05),tensor(0.0049),tensor(1.),tensor(0.0339),tensor(0.0067),tensor(1.9554e-06),tensor(0.3556),tensor(1.),tensor(0.0008),tensor(1.),tensor(0.0005)
s_6494_jpg,tensor(9.7972e-10),tensor(3.7735e-22),tensor(0.),tensor(4.3960e-14),tensor(8.1139e-13),tensor(1.0000),tensor(1.0000),tensor(0.0002),tensor(3.1812e-38),tensor(2.5440e-20),tensor(0.),tensor(1.7568e-20),tensor(1.),tensor(0.0035),tensor(0.0170),tensor(1.),tensor(0.1436),tensor(0.0138),tensor(2.5925e-05),tensor(1.),tensor(0.0047),tensor(2.8213e-08),tensor(1.),tensor(1.),tensor(0.0004),tensor(0.0002),tensor(8.8969e-10),tensor(0.0003),tensor(0.0018),tensor(2.8309e-07),tensor(0.0004),tensor(0.2809)
s_13092_jpg,tensor(0.6919),tensor(0.9811),tensor(0.9992),tensor(1.0000),tensor(0.0216),tensor(4.7284e-17),tensor(6.5335e-27),tensor(1.1527e-31),tensor(1.7521e-19),tensor(2.7592e-21),tensor(3.9151e-15),tensor(0.0006),tensor(0.0007),tensor(1.),tensor(1.),tensor(1.),tensor(1.),tensor(1.),tensor(1.),tensor(0.0089),tensor(1.),tensor(0.2592),tensor(0.0045),tensor(1.),tensor(1.),tensor(1.),tensor(0.0034),tensor(0.1799),tensor(0.0949),tensor(0.0054),tensor(1.),tensor(0.0125)
s_14377_jpg,tensor(0.3230),tensor(1.0106e-05),tensor(3.3653e-05),tensor(8.9258e-05),tensor(0.0184),tensor(7.7249e-07),tensor(4.6088e-11),tensor(5.3210e-12),tensor(0.0007),tensor(0.0003),tensor(0.9959),tensor(0.0085),tensor(0.0359),tensor(1.),tensor(1.),tensor(1.),tensor(0.4466),tensor(0.4334),tensor(0.1264),tensor(0.0791),tensor(0.3831),tensor(0.0370),tensor(0.0461),tensor(1.),tensor(0.3362),tensor(0.2539),tensor(0.0055),tensor(1.),tensor(1.),tensor(0.3032),tensor(0.1455),tensor(0.0097)
s_13186_jpg,tensor(0.0072),tensor(3.4024e-12),tensor(8.9024e-07),tensor(3.3079e-10),tensor(2.0462e-05),tensor(9.7112e-07),tensor(3.0134e-18),tensor(9.0696e-07),tensor(7.3158e-18),tensor(0.9989),tensor(4.1998e-05),tensor(0.9509),tensor(0.0479),tensor(0.2887),tensor(1.),tensor(1.),tensor(0.4498),tensor(0.1368),tensor(0.0045),tensor(0.0953),tensor(0.0784),tensor(0.0007),tensor(0.0412),tensor(1.),tensor(0.0995),tensor(0.0492),tensor(0.0002),tensor(0.2986),tensor(1.),tensor(0.0060),tensor(1.),tensor(0.0109)
s_4271_jpg,tensor(1.3972e-05),tensor(1.9826e-10),tensor(3.7245e-19),tensor(4.8593e-05),tensor(1.4817e-05),tensor(0.2344),tensor(1.0000),tensor(0.0003),tensor(5.6992e-21),tensor(3.4667e-12),tensor(6.4407e-21),tensor(1.3296e-10),tensor(1.),tensor(0.0706),tensor(0.1223),tensor(1.),tensor(0.2947),tensor(0.1259),tensor(0.0057),tensor(1.),tensor(0.0724),tensor(0.0002),tensor(1.),tensor(1.),tensor(0.0193),tensor(0.0147),tensor(3.4144e-05),tensor(0.0244),tensor(0.0498),tensor(0.0010),tensor(0.0143),tensor(0.3238)
s_4587_jpg,tensor(0.8432),tensor(0.9975),tensor(1.5492e-06),tensor(1.0000),tensor(0.9612),tensor(3.1538e-18),tensor(2.7455e-32),tensor(6.9306e-36),tensor(3.9529e-17),tensor(2.0339e-23),tensor(6.7559e-17),tensor(0.0023),tensor(0.0002),tensor(1.),tensor(1.),tensor(1.),tensor(1.),tensor(1.),tensor(1.),tensor(0.0036),tensor(1.),tensor(0.3936),tensor(0.0024),tensor(1.),tensor(1.),tensor(1.),tensor(0.0010),tensor(0.1566),tensor(0.0665),tensor(0.0048),tensor(0.1909),tensor(0.0015)
s_981_jpg,tensor(0.9840),tensor(0.9909),tensor(1.0000),tensor(1.),tensor(0.0023),tensor(5.8959e-29),tensor(0.),tensor(0.),tensor(1.0620e-35),tensor(5.9388e-36),tensor(1.2758e-26),tensor(3.8936e-05),tensor(1.0803e-05),tensor(1.),tensor(1.),tensor(1.),tensor(1.),tensor(1.),tensor(1.),tensor(0.0006),tensor(1.),tensor(0.2332),tensor(0.0003),tensor(1.),tensor(1.),tensor(1.),tensor(0.0002),tensor(0.0817),tensor(0.0279),tensor(0.0003),tensor(1.),tensor(0.0022)
s_13986_jpg,tensor(0.8566),tensor(0.9580),tensor(0.0132),tensor(1.0000),tensor(0.0042),tensor(3.6708e-11),tensor(1.3963e-17),tensor(1.6420e-24),tensor(1.6934e-15),tensor(5.1887e-16),tensor(1.3115e-10),tensor(0.0059),tensor(0.0060),tensor(1.),tensor(1.),tensor(1.),tensor(1.),tensor(1.),tensor(1.),tensor(0.0367),tensor(1.),tensor(0.2512),tensor(0.0246),tensor(1.),tensor(1.),tensor(1.),tensor(0.0129),tensor(0.3308),tensor(0.2224),tensor(0.0348),tensor(0.4157),tensor(0.0231)
s_7886_jpg,tensor(4.2179e-10),tensor(1.6466e-26),tensor(0.),tensor(1.7505e-19),tensor(1.5901e-15),tensor(1.0000),tensor(1.0000),tensor(0.0032),tensor(0.),tensor(1.0564e-20),tensor(0.),tensor(5.0690e-22),tensor(1.),tensor(0.0014),tensor(0.0101),tensor(1.),tensor(0.1206),tensor(0.0075),tensor(5.5675e-06),tensor(1.),tensor(0.0019),tensor(3.4443e-09),tensor(1.),tensor(1.),tensor(0.0002),tensor(6.5893e-05),tensor(8.6559e-11),tensor(9.6485e-05),tensor(0.0007),tensor(3.2810e-08),tensor(0.0002),tensor(0.3553)
s_15396_jpg,tensor(0.9221),tensor(0.9993),tensor(1.0000),tensor(7.4133e-05),tensor(0.7864),tensor(1.5688e-12),tensor(1.9652e-27),tensor(4.1021e-21),tensor(8.3756e-13),tensor(8.2841e-14),tensor(2.6349e-09),tensor(0.1720),tensor(0.0055),tensor(1.),tensor(1.),tensor(1.),tensor(1.),tensor(1.),tensor(0.3772),tensor(0.0231),tensor(1.),tensor(0.3262),tensor(0.0145),tensor(1.0000),tensor(1.),tensor(1.),tensor(0.0085),tensor(0.2361),tensor(0.1406),tensor(0.0143),tensor(1.),tensor(0.0449)
s_5782_jpg,tensor(0.0370),tensor(2.9543e-10),tensor(0.0003),tensor(5.6282e-07),tensor(0.0044),tensor(4.1106e-09),tensor(2.4273e-21),tensor(1.5925e-09),tensor(7.2538e-25),tensor(0.9436),tensor(0.8277),tensor(0.8567),tensor(0.0063),tensor(0.4826),tensor(1.),tensor(1.),tensor(0.3957),tensor(0.1161),tensor(0.0032),tensor(0.0174),tensor(0.0686),tensor(0.0004),tensor(0.0089),tensor(1.),tensor(0.1480),tensor(0.0482),tensor(8.0554e-05),tensor(1.),tensor(1.),tensor(0.0075),tensor(1.),tensor(0.0019)
s_7859_jpg,tensor(1.7491e-09),tensor(3.7857e-22),tensor(0.),tensor(6.3633e-17),tensor(4.6396e-13),tensor(1.),tensor(1.0000),tensor(0.0024),tensor(3.7278e-37),tensor(5.0948e-19),tensor(0.),tensor(4.5183e-19),tensor(1.),tensor(0.0032),tensor(0.0160),tensor(1.),tensor(0.1405),tensor(0.0125),tensor(2.4369e-05),tensor(1.),tensor(0.0041),tensor(2.2724e-08),tensor(1.),tensor(1.),tensor(0.0005),tensor(0.0002),tensor(1.0655e-09),tensor(0.0002),tensor(0.0013),tensor(2.3096e-07),tensor(0.0005),tensor(0.3262)
s_1910_jpg,tensor(1.2417e-11),tensor(5.6023e-25),tensor(0.),tensor(7.9841e-19),tensor(1.7536e-14),tensor(1.),tensor(1.),tensor(1.),tensor(0.),tensor(3.8093e-19),tensor(0.),tensor(3.5532e-21),tensor(1.),tensor(0.0004),tensor(0.0036),tensor(1.),tensor(0.0895),tensor(0.0039),tensor(1.5874e-06),tensor(1.),tensor(0.0014),tensor(2.8629e-10),tensor(1.),tensor(1.),tensor(6.3411e-05),tensor(2.8739e-05),tensor(6.3375e-12),tensor(1.4909e-05),tensor(0.0001),tensor(2.0648e-09),tensor(2.7756e-05),tensor(1.)
s_3388_jpg,tensor(0.0090),tensor(1.0483e-15),tensor(1.3783e-07),tensor(2.8332e-11),tensor(0.0002),tensor(1.5701e-12),tensor(3.7830e-30),tensor(6.0049e-10),tensor(4.9581e-36),tensor(0.9932),tensor(0.9803),tensor(0.9884),tensor(0.0010),tensor(0.4482),tensor(1.),tensor(1.),tensor(0.3423),tensor(0.0491),tensor(0.0002),tensor(0.0031),tensor(0.0239),tensor(1.7256e-05),tensor(0.0013),tensor(1.),tensor(0.0777),tensor(0.0104),tensor(1.5582e-06),tensor(1.),tensor(1.),tensor(0.0010),tensor(1.),tensor(0.0001)
s_1160_jpg,tensor(1.6194e-10),tensor(4.4704e-23),tensor(0.),tensor(8.4585e-18),tensor(8.3859e-14),tensor(1.),tensor(1.0000),tensor(0.0004),tensor(0.),tensor(2.1428e-23),tensor(0.),tensor(4.5045e-22),tensor(1.),tensor(0.0018),tensor(0.0109),tensor(1.),tensor(0.1239),tensor(0.0095),tensor(1.0822e-05),tensor(1.),tensor(0.0029),tensor(4.4209e-09),tensor(1.),tensor(1.),tensor(0.0002),tensor(0.0001),tensor(8.7876e-11),tensor(8.3728e-05),tensor(0.0005),tensor(4.6824e-08),tensor(0.0001),tensor(0.2597)
s_7626_jpg,tensor(0.8592),tensor(0.9788),tensor(8.8108e-05),tensor(0.0384),tensor(0.9947),tensor(8.8856e-13),tensor(5.8476e-25),tensor(1.0448e-24),tensor(1.4897e-08),tensor(1.0014e-13),tensor(8.7809e-10),tensor(0.1304),tensor(0.0035),tensor(1.),tensor(1.),tensor(1.),tensor(1.),tensor(1.),tensor(0.4755),tensor(0.0224),tensor(1.),tensor(0.3835),tensor(0.0139),tensor(1.0000),tensor(1.),tensor(1.),tensor(0.0060),tensor(0.2427),tensor(0.1511),tensor(0.0396),tensor(0.2287),tensor(0.0106)
s_14401_jpg,tensor(0.2030),tensor(4.0997e-17),tensor(1.7227e-06),tensor(2.9120e-07),tensor(0.0053),tensor(3.9687e-12),tensor(1.7719e-27),tensor(3.1479e-25),tensor(1.),tensor(7.3546e-11),tensor(0.9992),tensor(1.7877e-07),tensor(0.0008),tensor(1.),tensor(1.),tensor(1.),tensor(0.2810),tensor(0.3366),tensor(0.0040),tensor(0.0034),tensor(0.1049),tensor(0.0002),tensor(0.0008),tensor(1.),tensor(0.0657),tensor(0.0252),tensor(1.3513e-05),tensor(1.),tensor(1.),tensor(1.),tensor(0.0033),tensor(2.0221e-05)
s_718_jpg,tensor(0.2606),tensor(1.2696e-13),tensor(9.8884e-07),tensor(8.8329e-08),tensor(0.0240),tensor(6.4088e-11),tensor(3.9257e-19),tensor(7.0182e-20),tensor(1.),tensor(8.8924e-10),tensor(0.9815),tensor(9.2553e-07),tensor(0.0033),tensor(1.),tensor(1.),tensor(1.),tensor(0.3663),tensor(0.4012),tensor(0.0117),tensor(0.0101),tensor(0.1315),tensor(0.0014),tensor(0.0029),tensor(1.),tensor(0.1206),tensor(0.0495),tensor(0.0002),tensor(1.),tensor(1.),tensor(1.),tensor(0.0189),tensor(0.0002)
s_12588_jpg,tensor(0.9334),tensor(0.9019),tensor(0.9997),tensor(1.),tensor(0.9545),tensor(2.6575e-26),tensor(3.3602e-38),tensor(0.),tensor(4.8524e-28),tensor(4.4165e-35),tensor(7.8299e-26),tensor(2.7381e-06),tensor(3.1343e-05),tensor(1.),tensor(1.),tensor(1.),tensor(1.),tensor(1.),tensor(1.),tensor(0.0016),tensor(1.),tensor(0.3514),tensor(0.0007),tensor(1.),tensor(1.),tensor(1.),tensor(0.0003),tensor(0.0789),tensor(0.0258),tensor(0.0006),tensor(1.),tensor(0.0025)
s_291_jpg,tensor(0.6535),tensor(0.9956),tensor(0.9994),tensor(0.0014),tensor(0.8588),tensor(2.6027e-12),tensor(4.5408e-24),tensor(4.3126e-21),tensor(2.5028e-10),tensor(4.2927e-11),tensor(1.2499e-08),tensor(0.1247),tensor(0.0066),tensor(1.),tensor(1.),tensor(1.),tensor(1.),tensor(1.),tensor(0.4359),tensor(0.0261),tensor(1.),tensor(0.3670),tensor(0.0180),tensor(1.0000),tensor(1.),tensor(1.),tensor(0.0159),tensor(0.2836),tensor(0.1753),tensor(0.0250),tensor(1.),tensor(0.0528)
s_12987_jpg,tensor(0.9982),tensor(0.8040),tensor(0.0003),tensor(0.0028),tensor(0.9967),tensor(8.0152e-14),tensor(3.3753e-25),tensor(2.6983e-26),tensor(9.2580e-14),tensor(1.5077e-17),tensor(1.2886e-11),tensor(0.2227),tensor(0.0028),tensor(1.),tensor(1.),tensor(1.),tensor(1.),tensor(1.),tensor(0.4143),tensor(0.0179),tensor(1.),tensor(0.3731),tensor(0.0121),tensor(1.),tensor(1.),tensor(1.),tensor(0.0059),tensor(0.2957),tensor(0.1717),tensor(0.0183),tensor(0.4453),tensor(0.0112)
s_359_jpg,tensor(1.3990e-05),tensor(1.0951e-25),tensor(2.3561e-37),tensor(1.0618e-25),tensor(8.3580e-18),tensor(1.),tensor(3.1458e-10),tensor(1.0334e-09),tensor(2.8368e-20),tensor(2.6019e-07),tensor(0.),tensor(1.7642e-09),tensor(1.),tensor(0.0065),tensor(0.0613),tensor(0.9903),tensor(0.2704),tensor(0.0198),tensor(4.0386e-05),tensor(1.),tensor(0.0063),tensor(2.3724e-07),tensor(0.2635),tensor(1.),tensor(0.0015),tensor(0.0009),tensor(2.8282e-08),tensor(0.0007),tensor(0.0120),tensor(3.3762e-06),tensor(0.0152),tensor(0.1858)
s_539_jpg,tensor(2.5549e-07),tensor(3.4333e-12),tensor(4.0612e-25),tensor(2.3171e-07),tensor(2.8354e-07),tensor(0.3757),tensor(1.),tensor(1.),tensor(7.1891e-26),tensor(3.0518e-11),tensor(1.2348e-37),tensor(4.7126e-12),tensor(1.),tensor(0.0221),tensor(0.0477),tensor(1.),tensor(0.2400),tensor(0.0644),tensor(0.0011),tensor(1.),tensor(0.0340),tensor(2.1763e-05),tensor(1.),tensor(1.),tensor(0.0064),tensor(0.0041),tensor(1.9331e-06),tensor(0.0082),tensor(0.0154),tensor(5.6221e-05),tensor(0.0026),tensor(1.)
s_14817_jpg,tensor(0.9992),tensor(0.9445),tensor(9.5293e-13),tensor(1.0000),tensor(0.9997),tensor(1.9948e-26),tensor(0.),tensor(0.),tensor(4.4754e-28),tensor(1.2630e-36),tensor(7.5028e-27),tensor(0.0002),tensor(1.3255e-05),tensor(1.),tensor(1.),tensor(1.),tensor(1.),tensor(1.),tensor(1.),tensor(0.0006),tensor(1.),tensor(0.4349),tensor(0.0004),tensor(1.),tensor(1.),tensor(1.),tensor(8.1392e-05),tensor(0.1189),tensor(0.0401),tensor(0.0012),tensor(0.0834),tensor(0.0001)
s_3309_jpg,tensor(0.9575),tensor(0.3232),tensor(3.0225e-10),tensor(1.0000),tensor(0.9937),tensor(9.8324e-13),tensor(1.1753e-17),tensor(1.0414e-22),tensor(2.5133e-11),tensor(2.2934e-17),tensor(4.4128e-12),tensor(0.0150),tensor(0.0058),tensor(1.),tensor(1.),tensor(1.),tensor(1.),tensor(1.),tensor(1.),tensor(0.0345),tensor(1.),tensor(0.4049),tensor(0.0250),tensor(1.),tensor(1.),tensor(1.),tensor(0.0082),tensor(0.3030),tensor(0.1995),tensor(0.0689),tensor(0.1420),tensor(0.0066)
s_9864_jpg,tensor(0.8578),tensor(0.1728),tensor(0.9971),tensor(0.0079),tensor(0.4066),tensor(0.0010),tensor(9.3826e-06),tensor(1.8233e-07),tensor(0.0019),tensor(8.2917e-07),tensor(0.0023),tensor(0.0159),tensor(0.1371),tensor(0.9990),tensor(0.9988),tensor(1.),tensor(1.),tensor(0.4937),tensor(0.3809),tensor(0.2538),tensor(0.9987),tensor(0.3167),tensor(0.2005),tensor(0.9996),tensor(1.0000),tensor(1.),tensor(0.0984),tensor(0.3563),tensor(0.3423),tensor(0.1812),tensor(0.4603),tensor(0.2950)
s_10499_jpg,tensor(2.5413e-07),tensor(8.9646e-15),tensor(1.2074e-31),tensor(2.3087e-11),tensor(1.9957e-08),tensor(1.0000),tensor(1.0000),tensor(0.0105),tensor(6.3025e-26),tensor(2.3130e-15),tensor(7.2973e-37),tensor(1.9971e-14),tensor(1.),tensor(0.0191),tensor(0.0513),tensor(1.),tensor(0.2151),tensor(0.0494),tensor(0.0007),tensor(1.),tensor(0.0230),tensor(5.2811e-06),tensor(1.),tensor(1.),tensor(0.0044),tensor(0.0028),tensor(4.7000e-07),tensor(0.0025),tensor(0.0075),tensor(2.4200e-05),tensor(0.0035),tensor(0.3343)
s_10248_jpg,tensor(0.9304),tensor(0.9997),tensor(2.5376e-06),tensor(1.),tensor(0.9959),tensor(8.0434e-23),tensor(3.2982e-39),tensor(0.),tensor(1.4514e-25),tensor(4.3418e-30),tensor(4.5365e-22),tensor(0.0002),tensor(4.3271e-05),tensor(1.),tensor(1.),tensor(1.),tensor(1.),tensor(1.),tensor(1.),tensor(0.0019),tensor(1.),tensor(0.3891),tensor(0.0011),tensor(1.),tensor(1.),tensor(1.),tensor(0.0002),tensor(0.1189),tensor(0.0427),tensor(0.0016),tensor(0.1920),tensor(0.0006)
s_873_jpg,tensor(0.9782),tensor(0.6173),tensor(1.4732e-07),tensor(1.0000),tensor(0.0200),tensor(7.0057e-16),tensor(1.1822e-25),tensor(1.9648e-32),tensor(3.1089e-16),tensor(1.1781e-22),tensor(9.6879e-15),tensor(0.0024),tensor(0.0010),tensor(1.),tensor(1.),tensor(1.),tensor(1.),tensor(1.),tensor(1.),tensor(0.0099),tensor(1.),tensor(0.2589),tensor(0.0061),tensor(1.),tensor(1.),tensor(1.),tensor(0.0025),tensor(0.2805),tensor(0.1635),tensor(0.0265),tensor(0.1494),tensor(0.0027)
s_2815_jpg,tensor(0.0654),tensor(1.0113e-08),tensor(0.0001),tensor(1.1120e-07),tensor(0.0247),tensor(7.7488e-07),tensor(6.6235e-20),tensor(5.4645e-06),tensor(1.2491e-19),tensor(0.7900),tensor(0.9208),tensor(0.9144),tensor(0.0121),tensor(0.4907),tensor(1.),tensor(1.),tensor(0.4221),tensor(0.1525),tensor(0.0053),tensor(0.0232),tensor(0.1040),tensor(0.0013),tensor(0.0132),tensor(1.),tensor(0.2023),tensor(0.0621),tensor(0.0002),tensor(1.),tensor(1.),tensor(0.0151),tensor(1.),tensor(0.0030)
s_7330_jpg,tensor(0.0527),tensor(1.3987e-08),tensor(0.0003),tensor(7.3742e-07),tensor(0.0030),tensor(9.8717e-07),tensor(4.8841e-20),tensor(1.7167e-06),tensor(7.0593e-21),tensor(0.9485),tensor(0.9688),tensor(0.9251),tensor(0.0122),tensor(0.4572),tensor(1.),tensor(1.),tensor(0.4293),tensor(0.1422),tensor(0.0057),tensor(0.0247),tensor(0.1198),tensor(0.0011),tensor(0.0144),tensor(1.),tensor(0.2110),tensor(0.0735),tensor(0.0002),tensor(1.),tensor(1.),tensor(0.0104),tensor(1.),tensor(0.0035)
s_600_jpg,tensor(0.6888),tensor(0.0329),tensor(3.4414e-05),tensor(0.0364),tensor(0.9893),tensor(4.0533e-08),tensor(1.2139e-07),tensor(5.2576e-14),tensor(0.4362),tensor(5.0879e-08),tensor(1.5451e-05),tensor(0.0040),tensor(0.0529),tensor(1.),tensor(1.),tensor(1.),tensor(1.),tensor(1.),tensor(0.3974),tensor(0.1362),tensor(1.),tensor(0.2878),tensor(0.0876),tensor(0.4733),tensor(0.4619),tensor(0.4447),tensor(0.0314),tensor(0.3612),tensor(0.3429),tensor(0.3330),tensor(0.1300),tensor(0.0338)
s_13448_jpg,tensor(6.0273e-09),tensor(5.8241e-17),tensor(6.3308e-35),tensor(1.3704e-09),tensor(5.7034e-10),tensor(0.2622),tensor(1.),tensor(1.),tensor(2.8362e-35),tensor(1.7928e-15),tensor(0.),tensor(4.3303e-17),tensor(1.),tensor(0.0066),tensor(0.0201),tensor(1.),tensor(0.1692),tensor(0.0258),tensor(0.0001),tensor(1.),tensor(0.0102),tensor(5.1310e-07),tensor(1.),tensor(1.),tensor(0.0012),tensor(0.0006),tensor(2.6734e-08),tensor(0.0018),tensor(0.0048),tensor(2.6120e-06),tensor(0.0004),tensor(1.)
s_11444_jpg,tensor(1.1587e-06),tensor(8.7848e-16),tensor(1.5539e-26),tensor(4.4921e-09),tensor(2.3099e-08),tensor(0.0543),tensor(1.0000),tensor(4.0151e-06),tensor(1.8427e-28),tensor(1.8654e-18),tensor(6.2653e-29),tensor(3.3390e-15),tensor(1.),tensor(0.0291),tensor(0.0541),tensor(1.),tensor(0.2121),tensor(0.0616),tensor(0.0005),tensor(1.),tensor(0.0191),tensor(5.9374e-06),tensor(1.),tensor(1.),tensor(0.0029),tensor(0.0018),tensor(4.7997e-07),tensor(0.0064),tensor(0.0192),tensor(9.3389e-05),tensor(0.0018),tensor(0.2547)
s_9499_jpg,tensor(0.2774),tensor(5.6789e-09),tensor(6.3093e-09),tensor(3.4680e-09),tensor(0.0166),tensor(7.4376e-11),tensor(1.6386e-18),tensor(1.5891e-17),tensor(2.3778e-10),tensor(1.8441e-06),tensor(0.9999),tensor(0.0012),tensor(0.0042),tensor(1.),tensor(1.),tensor(1.),tensor(0.4305),tensor(0.3664),tensor(0.0222),tensor(0.0130),tensor(0.2196),tensor(0.0041),tensor(0.0055),tensor(1.),tensor(0.2422),tensor(0.0982),tensor(0.0002),tensor(1.),tensor(1.),tensor(0.1250),tensor(0.1292),tensor(0.0005)
s_7758_jpg,tensor(0.5350),tensor(0.9722),tensor(0.0219),tensor(1.0000),tensor(0.0014),tensor(2.0379e-10),tensor(7.4532e-18),tensor(1.7645e-23),tensor(5.6280e-13),tensor(3.6061e-14),tensor(2.2077e-09),tensor(0.0059),tensor(0.0066),tensor(1.),tensor(1.),tensor(1.),tensor(1.0000),tensor(1.),tensor(1.),tensor(0.0366),tensor(1.),tensor(0.3268),tensor(0.0258),tensor(1.),tensor(1.),tensor(1.),tensor(0.0196),tensor(0.3751),tensor(0.2372),tensor(0.0520),tensor(0.3949),tensor(0.0216)
s_2598_jpg,tensor(0.9774),tensor(0.9867),tensor(1.0434e-08),tensor(1.),tensor(0.9997),tensor(1.0892e-35),tensor(0.),tensor(0.),tensor(0.),tensor(0.),tensor(2.3766e-38),tensor(1.8271e-08),tensor(3.7968e-07),tensor(1.),tensor(1.),tensor(1.),tensor(1.),tensor(1.),tensor(1.),tensor(7.6752e-05),tensor(1.),tensor(0.3936),tensor(3.3684e-05),tensor(1.),tensor(1.),tensor(1.),tensor(6.5605e-06),tensor(0.0399),tensor(0.0086),tensor(4.4330e-05),tensor(0.1990),tensor(2.6567e-05)
s_4349_jpg,tensor(0.0002),tensor(2.4108e-06),tensor(6.1481e-16),tensor(2.5447e-10),tensor(0.0012),tensor(1.0000),tensor(0.0027),tensor(0.1105),tensor(2.6601e-07),tensor(4.5103e-07),tensor(2.0025e-21),tensor(4.1878e-05),tensor(1.),tensor(0.1844),tensor(0.3023),tensor(0.9835),tensor(0.4407),tensor(0.2891),tensor(0.0647),tensor(1.),tensor(0.2521),tensor(0.0082),tensor(0.3179),tensor(0.9999),tensor(0.1696),tensor(0.1880),tensor(0.0023),tensor(0.0565),tensor(0.0801),tensor(0.0120),tensor(0.1424),tensor(0.2890)
s_1474_jpg,tensor(0.0057),tensor(7.0612e-15),tensor(4.2744e-07),tensor(6.7275e-11),tensor(7.2689e-05),tensor(2.8795e-10),tensor(1.7298e-22),tensor(4.0507e-07),tensor(5.5408e-23),tensor(0.9999),tensor(0.0003),tensor(0.9761),tensor(0.0208),tensor(0.3116),tensor(1.),tensor(1.),tensor(0.3757),tensor(0.0919),tensor(0.0015),tensor(0.0502),tensor(0.0395),tensor(0.0002),tensor(0.0198),tensor(1.),tensor(0.0683),tensor(0.0231),tensor(6.4247e-05),tensor(0.3429),tensor(1.),tensor(0.0049),tensor(1.),tensor(0.0040)
s_14359_jpg,tensor(0.0305),tensor(2.3703e-14),tensor(1.0558e-06),tensor(6.6488e-10),tensor(0.0042),tensor(2.1168e-13),tensor(5.2226e-31),tensor(1.3503e-20),tensor(2.3991e-30),tensor(1.8120e-05),tensor(0.9999),tensor(0.0010),tensor(0.0004),tensor(1.),tensor(1.),tensor(1.),tensor(0.2956),tensor(0.0600),tensor(0.0003),tensor(0.0020),tensor(0.0278),tensor(6.9010e-06),tensor(0.0006),tensor(1.),tensor(0.0528),tensor(0.0088),tensor(4.2901e-07),tensor(1.),tensor(1.),tensor(0.0024),tensor(0.2993),tensor(2.9850e-05)
s_2607_jpg,tensor(0.8867),tensor(0.9957),tensor(0.0031),tensor(1.0000),tensor(0.8757),tensor(1.2766e-16),tensor(4.6900e-27),tensor(6.9362e-33),tensor(1.2209e-18),tensor(2.8958e-22),tensor(2.3582e-16),tensor(0.0012),tensor(0.0008),tensor(1.),tensor(1.),tensor(1.),tensor(1.),tensor(1.),tensor(1.),tensor(0.0093),tensor(1.),tensor(0.3579),tensor(0.0059),tensor(1.),tensor(1.),tensor(1.),tensor(0.0029),tensor(0.1979),tensor(0.1054),tensor(0.0081),tensor(0.3774),tensor(0.0062)
s_15059_jpg,tensor(1.7663e-12),tensor(3.5217e-34),tensor(0.),tensor(1.0778e-25),tensor(8.7658e-21),tensor(1.),tensor(1.),tensor(0.0005),tensor(0.),tensor(3.9315e-29),tensor(0.),tensor(1.8373e-29),tensor(1.),tensor(0.0002),tensor(0.0020),tensor(1.),tensor(0.0537),tensor(0.0014),tensor(1.4029e-07),tensor(1.),tensor(0.0002),tensor(4.0413e-12),tensor(1.),tensor(1.),tensor(9.9285e-06),tensor(3.2093e-06),tensor(5.0012e-14),tensor(4.3816e-06),tensor(6.4226e-05),tensor(1.6383e-10),tensor(8.8985e-06),tensor(0.3030)
s_5534_jpg,tensor(2.6323e-12),tensor(4.0800e-19),tensor(0.),tensor(6.9050e-12),tensor(3.5121e-11),tensor(0.3531),tensor(1.),tensor(1.),tensor(0.),tensor(2.5750e-16),tensor(0.),tensor(7.2721e-17),tensor(1.),tensor(0.0016),tensor(0.0052),tensor(1.),tensor(0.1009),tensor(0.0107),tensor(9.4661e-06),tensor(1.),tensor(0.0030),tensor(7.9682e-09),tensor(1.),tensor(1.),tensor(0.0002),tensor(9.6302e-05),tensor(1.7463e-10),tensor(0.0004),tensor(0.0009),tensor(6.3784e-08),tensor(2.0573e-05),tensor(1.)
s_12231_jpg,tensor(0.1257),tensor(0.9102),tensor(1.0000),tensor(1.0000),tensor(0.0003),tensor(2.7313e-12),tensor(1.4367e-16),tensor(6.8426e-19),tensor(3.8878e-16),tensor(1.3448e-13),tensor(9.4852e-11),tensor(0.0020),tensor(0.0082),tensor(1.),tensor(1.),tensor(1.),tensor(1.),tensor(1.),tensor(1.),tensor(0.0383),tensor(1.),tensor(0.2365),tensor(0.0258),tensor(1.),tensor(1.),tensor(1.),tensor(0.0228),tensor(0.2806),tensor(0.1890),tensor(0.0268),tensor(1.),tensor(0.0700)
s_6139_jpg,tensor(0.0238),tensor(1.3779e-12),tensor(5.1297e-06),tensor(4.7755e-09),tensor(0.0017),tensor(1.0254e-09),tensor(5.1989e-23),tensor(3.9273e-07),tensor(7.1644e-27),tensor(0.9790),tensor(0.9368),tensor(0.9513),tensor(0.0058),tensor(0.4575),tensor(1.),tensor(1.),tensor(0.3705),tensor(0.0914),tensor(0.0015),tensor(0.0129),tensor(0.0502),tensor(0.0002),tensor(0.0067),tensor(1.),tensor(0.1269),tensor(0.0278),tensor(3.8388e-05),tensor(1.),tensor(1.),tensor(0.0056),tensor(1.),tensor(0.0011)
