Epoch,Alpha,train_sat_kb,val_sat_kb,train_loss,val_loss,combined_val_loss,combined_train_loss,alpha,cafe_train_accuracy,hotel_train_accuracy,restaurant_train_accuracy,store_train_accuracy,misccommercial_train_accuracy,suburban_train_accuracy,miscresidential_train_accuracy,countryhouse_train_accuracy,constructionsite_train_accuracy,miscindustrial_train_accuracy,powerplant_train_accuracy,watertreatment_train_accuracy,residential_train_accuracy,commercial_train_accuracy,industrial_train_accuracy,door_train_accuracy,window_train_accuracy,awning_train_accuracy,billboard_train_accuracy,porch_train_accuracy,sign_train_accuracy,table_train_accuracy,tiledroof_train_accuracy,tiledrooftop_train_accuracy,vendingmachine_train_accuracy,wallsign_train_accuracy,statue_train_accuracy,chimney_train_accuracy,pipe_train_accuracy,machine_train_accuracy,truck_train_accuracy,car_train_accuracy,cafe_val_accuracy,hotel_val_accuracy,restaurant_val_accuracy,store_val_accuracy,misccommercial_val_accuracy,suburban_val_accuracy,miscresidential_val_accuracy,countryhouse_val_accuracy,constructionsite_val_accuracy,miscindustrial_val_accuracy,powerplant_val_accuracy,watertreatment_val_accuracy,residential_val_accuracy,commercial_val_accuracy,industrial_val_accuracy,door_val_accuracy,window_val_accuracy,awning_val_accuracy,billboard_val_accuracy,porch_val_accuracy,sign_val_accuracy,table_val_accuracy,tiledroof_val_accuracy,tiledrooftop_val_accuracy,vendingmachine_val_accuracy,wallsign_val_accuracy,statue_val_accuracy,chimney_val_accuracy,pipe_val_accuracy,machine_val_accuracy,truck_val_accuracy,car_val_accuracy
0,1.0,0.5403054274143057,0.5395312714576721,1.13802684621608,1.1331615676879883,1.1331615676879883,1.13802684621608,1.0,0.24224290774857743,0.20833333335975382,0.8602615246113311,0.7982047872340425,0.7955452127659575,0.2137632978723404,0.3950576240077932,0.8692375884411183,0.9042553191489362,0.8467420212765957,0.8285682626227115,0.14273049650674172,0.6707668437602672,0.5749113477290945,0.6628989361702128,0.4305186170212766,0.5660460993964621,0.4626551419496536,0.36436170212765956,0.29986702127659576,0.6529255319148937,0.663674645601435,0.6766400711333498,0.5975177303907719,0.19171099285496043,0.22074468085106383,0.8882978723404256,0.7014627659574468,0.3142730495397081,0.7330452127659575,0.49578900730356257,0.7646276595744681,0.237,0.203,0.876,0.78925,0.8045,0.2255,0.2765,0.86175,0.90525,0.8535,0.8285,0.13925,0.66675,0.66675,0.6665,0.654,0.336,0.46,0.21075,0.2255,0.7045,0.6675,0.66575,0.31125,0.18625,0.203,0.8885,0.71975,0.30625,0.90525,0.6795,0.75625
1,1.0,0.5395414994118062,0.5395703854560852,1.137712482442247,1.1323552961349488,1.1323552961349488,1.137712482442247,1.0,0.24257535471561106,0.20888741124183574,0.8591533690056903,0.7973182626227115,0.7948803191489362,0.21365248221666255,0.2859042553191489,0.8691267732610094,0.904366134963137,0.8467420212765957,0.7978723404255319,0.15214982272145597,0.6681072692921821,0.641511524928377,0.661679964750371,0.4941267732610094,0.3874113474120485,0.46420656049505193,0.2603058510638298,0.34230939726880255,0.546875,0.6637854607815438,0.6767508863134587,0.3168218085106383,0.1918218085106383,0.41456117021276595,0.8747783690056903,0.6979166668780307,0.3185948580503464,0.5695921984758783,0.6078235817716476,0.7638519501432459,0.237,0.203,0.876,0.78925,0.8045,0.2255,0.2765,0.86175,0.90525,0.8535,0.8285,0.13925,0.66675,0.66675,0.6665,0.654,0.336,0.46,0.21075,0.2255,0.2955,0.6675,0.66575,0.31125,0.18625,0.203,0.8885,0.71975,0.30625,0.90525,0.6795,0.75625
2,1.0,0.541406124196154,0.5512218298912048,1.1217672025903742,1.0242635326385499,1.0242635326385499,1.1217672025903742,1.0,0.25808953890141023,0.21509308510638298,0.6606826243248392,0.48991578024752597,0.6840647161006927,0.3386524820581396,0.5377881203560119,0.8154920212765957,0.8725620565262246,0.7944370565262246,0.5485372340425532,0.5193927307078179,0.46830673769433445,0.632424645601435,0.6319813829787234,0.6000664893617021,0.41943705652622465,0.46963652461133104,0.24379432613545277,0.5372340425531915,0.49368351063829785,0.6497118793269421,0.6770833331219693,0.29842641838687534,0.19747340425531915,0.5305851063829787,0.7829122340425532,0.4925753543985651,0.44968971641773875,0.5818927307078179,0.5169547872340425,0.6906028367737507,0.5435,0.21425,0.80175,0.24375,0.8235,0.7995,0.72375,0.7935,0.86575,0.83,0.5805,0.492,0.33325,0.46475,0.6665,0.58275,0.652,0.5,0.51625,0.7745,0.7185,0.4115,0.66575,0.30025,0.2325,0.7545,0.25375,0.385,0.30375,0.09725,0.27625,0.30725
3,1.0,0.555602417347279,0.5753465371131897,0.8841409404227074,0.6644917860031128,0.6644917860031128,0.8841409404227074,1.0,0.7534352838993073,0.7138741136865413,0.5897606382978723,0.7341533690056903,0.8249113477290945,0.7348182626227115,0.8166001775163285,0.8119459221971795,0.6563608158142009,0.7015735817716476,0.6284352838993073,0.6669991136865413,0.4566710993964621,0.5631648936170213,0.5544104610985898,0.5212765957446809,0.6445035458879268,0.5118572692921821,0.5123005319148937,0.6461657802475259,0.5674867021276596,0.5905363477290945,0.7119902480155864,0.2705008863134587,0.24368351063829788,0.47429078024752597,0.6996897161006927,0.5028812057794408,0.3130540781198664,0.6318705671645225,0.4070257091141762,0.3337765957446808,0.79825,0.8005,0.7765,0.869,0.8485,0.83725,0.8605,0.7935,0.81325,0.79675,0.72725,0.78875,0.54375,0.66675,0.3935,0.504,0.664,0.56125,0.54575,0.51425,0.31575,0.6675,0.77475,0.307,0.33375,0.4135,0.84975,0.53725,0.22175,0.74775,0.28125,0.42575
4,1.0,0.5578116387762921,0.5627971234321594,0.659136804494452,0.5136485724449158,0.5136485724449158,0.659136804494452,1.0,0.8118351063829787,0.8129432626227115,0.7348182626227115,0.8518395392184562,0.846520390282286,0.8298980498567541,0.8827570924099456,0.830895390282286,0.8200354607815438,0.8342198583673923,0.7342641841857991,0.8174867021276596,0.49700797872340424,0.6384086881546264,0.3632535458879268,0.4953457446808511,0.6724290778028205,0.5656028370907966,0.5089760638297872,0.48625886503686294,0.46420656049505193,0.6467198583673923,0.7557624115588817,0.23337765957446807,0.31117021276595747,0.3960549644333251,0.7142065604950519,0.5136303191489362,0.24102393617021275,0.80695922006952,0.2865691489361702,0.39505762432483915,0.85525,0.8365,0.78925,0.8905,0.84775,0.84775,0.93125,0.8535,0.857,0.85275,0.74875,0.84475,0.54625,0.66675,0.33875,0.49125,0.664,0.55075,0.54425,0.47525,0.423,0.69425,0.8155,0.193,0.3355,0.44875,0.70475,0.54625,0.2025,0.775,0.2,0.42525
5,1.0,0.5547771441175583,0.5592683181762695,0.5395540950146127,0.45323209357261657,0.45323209357261657,0.5395540950146127,1.0,0.8428634753886689,0.8252437945376051,0.7796985817716476,0.8641400711333498,0.8367686170212766,0.8423093969517566,0.9271941489361702,0.8669104607815438,0.8699024820581396,0.8860815604950519,0.7682845744680851,0.8652482267389906,0.502770390282286,0.6273271276595744,0.3412012410290698,0.5200576243248392,0.6742021276595744,0.5631648936170213,0.47063386535390894,0.4810505319148936,0.4434840425531915,0.6189051416326077,0.7957668437602672,0.21309840425531915,0.3050753547156111,0.4084663121624196,0.6687721629092034,0.5093085106382979,0.2106604610985898,0.8283466309943097,0.2836879433152523,0.39051418450284514,0.86075,0.84825,0.79175,0.888,0.854,0.8485,0.95125,0.86025,0.92875,0.86875,0.77375,0.85375,0.597,0.66675,0.32625,0.5065,0.664,0.573,0.51925,0.50675,0.42025,0.713,0.8665,0.26675,0.34875,0.44175,0.5125,0.5465,0.19925,0.78225,0.19325,0.415
6,1.0,0.5537836336074992,0.5642680292129516,0.49768547967393345,0.41773274683952333,0.41773274683952333,0.49768547967393345,1.0,0.856604609717714,0.8399822692921821,0.794104609717714,0.8767730498567541,0.8395390073035626,0.851174645601435,0.945700354398565,0.878656914893617,0.9133421987929242,0.8959441489361702,0.7718306735475012,0.8762189714198417,0.50554077993048,0.6297650711333498,0.36136968085106386,0.509197695141143,0.6738696808510638,0.5773492908858239,0.46187943283547744,0.49501329787234044,0.43794326230566555,0.6257757094312222,0.8349955671645225,0.23714539012376298,0.2855718085106383,0.3803191489361702,0.5823359926964374,0.5057624112418357,0.21054964528438894,0.8285682626227115,0.28523936170212766,0.40968528358226125,0.87725,0.857,0.7985,0.897,0.85925,0.85,0.954,0.85175,0.93075,0.89025,0.7875,0.873,0.54675,0.6665,0.3575,0.50225,0.664,0.58075,0.5045,0.52025,0.41575,0.72,0.90825,0.27725,0.34275,0.393,0.44125,0.56375,0.198,0.76075,0.1805,0.42475
7,1.0,0.5515287898956461,0.5584862604141235,0.45643409230607623,0.38463937187194824,0.38463937187194824,0.45643409230607623,1.0,0.8660239361702128,0.8427526595744681,0.8016400711333498,0.8827570924099456,0.8438608158142009,0.8582668437602672,0.9526817373772885,0.8783244680851063,0.9260859926964374,0.9209884753886689,0.7916666668780307,0.8959441489361702,0.49346187932694213,0.6449468085106383,0.35183953890141023,0.5310283690056903,0.6743129434737754,0.5839982267389906,0.42974290759005446,0.4988918440773132,0.43129432613545277,0.6053856382978723,0.8330008863134587,0.22761524825337084,0.29000443267695447,0.3705673759922068,0.5458776595744681,0.5124113474120485,0.2074468085106383,0.8230274820581396,0.29399379422055916,0.39971187932694213,0.86675,0.84975,0.802,0.8905,0.84075,0.8655,0.972,0.87925,0.93225,0.91475,0.797,0.8895,0.4555,0.666,0.31375,0.528,0.664,0.56725,0.4345,0.511,0.4545,0.71875,0.80075,0.23075,0.33075,0.4165,0.4335,0.527,0.2025,0.83825,0.2755,0.42675
8,1.0,0.5495287744288749,0.5566763334274292,0.4295403148899687,0.3580771064758301,0.3580771064758301,0.4295403148899687,1.0,0.8693484042553191,0.8460771276595744,0.8150487586538843,0.8870789009205838,0.8397606382978723,0.8686835106382979,0.9593306735475012,0.8857491136865413,0.9375,0.9213209221971795,0.7994237586538843,0.8982712765957447,0.4662012410290698,0.6415115246113311,0.3425310282631123,0.5335771276595744,0.6745345744680851,0.5710328015241217,0.40370124134611574,0.5076462765957447,0.43328900698651657,0.6135859926964374,0.815270390282286,0.2241799644333251,0.2843528367737506,0.35316932613545277,0.5383421987929242,0.4869237589709302,0.1982491135280183,0.8377659574468085,0.29343971641773875,0.4103501771992825,0.879,0.8595,0.81375,0.90825,0.852,0.86025,0.96525,0.87075,0.956,0.91975,0.811,0.911,0.4765,0.66675,0.3535,0.501,0.664,0.5795,0.427,0.49375,0.432,0.66675,0.88625,0.26625,0.3285,0.318,0.372,0.489,0.189,0.837,0.3,0.4315
9,1.0,0.5481980271795963,0.5581043062210083,0.4162118888281761,0.3505717808008194,0.3505717808008194,0.4162118888281761,1.0,0.8718971629092034,0.8475177307078179,0.8136081562397328,0.8897384753886689,0.8423093969517566,0.8671320924099456,0.9660904255319149,0.8923980498567541,0.945700354398565,0.9268617021276596,0.8034131203560119,0.9003767732610094,0.46398492918369616,0.6421764182283524,0.3503989361702128,0.5212765957446809,0.6740913118453736,0.5823359926964374,0.4023714541120732,0.4867021276595745,0.41411790790710046,0.6309840425531915,0.8305629434737754,0.23503989361702127,0.29753989361702127,0.3245789006035379,0.5024379431567294,0.45423315623973276,0.21143617021276595,0.8436391841857991,0.31527038996524,0.40436613464609106,0.8935,0.8645,0.83275,0.915,0.85575,0.8695,0.97375,0.871,0.96175,0.905,0.80425,0.89275,0.48675,0.66675,0.31375,0.50725,0.664,0.56425,0.45,0.4935,0.39675,0.7325,0.91675,0.2415,0.3485,0.32575,0.444,0.539,0.19625,0.85425,0.28275,0.428
10,1.0,0.5513830254686639,0.5616035981178283,0.39736351148879273,0.3449356210231781,0.3449356210231781,0.39736351148879273,1.0,0.8870789009205838,0.8533909574468085,0.8223625884411183,0.8945035458879268,0.8405363477290945,0.8718971629092034,0.9684175531914894,0.8950576243248392,0.9462544328354775,0.9325132978723404,0.8090647161006927,0.9082446808510638,0.455895390282286,0.6487145392184562,0.3539450355666749,0.5433289009205838,0.6743129434737754,0.5879875884411183,0.40613918450284514,0.4910239361702128,0.39716312067305787,0.6409574468085106,0.8448581562397328,0.2318262410290698,0.2946586878375804,0.3091755319148936,0.5206117021276596,0.46886081549715486,0.20755762416631618,0.8457446808510638,0.3099512410290698,0.40902038996524,0.8755,0.85375,0.8525,0.89425,0.84675,0.8745,0.97025,0.89475,0.93025,0.961,0.81375,0.93275,0.4945,0.66625,0.32,0.51325,0.664,0.5585,0.39425,0.561,0.4655,0.761,0.882,0.19175,0.36725,0.3825,0.49875,0.481,0.207,0.77275,0.309,0.4285
11,1.0,0.547168531950484,0.5576453862190247,0.3740583051075327,0.3203504348993301,0.3203504348993301,0.3740583051075327,1.0,0.8864140073035626,0.8521719860269669,0.8380984042553191,0.9056959221971795,0.8488475179418604,0.885970744680851,0.9670877659574468,0.9075797872340425,0.9547872340425532,0.9401595744680851,0.8089539009205838,0.9120124115588817,0.4410460993964621,0.6440602838993073,0.33898492918369616,0.538563829787234,0.6725398936170213,0.5851063829787234,0.37976507081630384,0.49268617021276595,0.4128989361702128,0.6707668437602672,0.8341090425531915,0.22639627659574468,0.26063829787234044,0.33311170212765956,0.5116356382978723,0.4542331559226868,0.2046764183868753,0.8275709221971795,0.3157136525879515,0.3974955674815685,0.87875,0.85975,0.84375,0.9095,0.84525,0.873,0.974,0.87775,0.974,0.941,0.82125,0.917,0.442,0.66675,0.355,0.50675,0.664,0.61325,0.37075,0.493,0.451,0.733,0.896,0.24275,0.304,0.2935,0.45675,0.48475,0.1975,0.81625,0.31525,0.4285
12,1.0,0.5488910928685614,0.5579055819511414,0.3594512184883686,0.31314053606986997,0.31314053606986997,0.3594512184883686,1.0,0.8812056735475012,0.8512854607815438,0.8507313829787234,0.9019281914893617,0.8526152480155864,0.8812056735475012,0.976063829787234,0.9058067373772885,0.9593306735475012,0.9434840425531915,0.8222517732610094,0.9222074468085106,0.4464760638297872,0.646054964750371,0.3554964537950272,0.5231604607815438,0.6736480498567541,0.5905363477290945,0.37411347507162296,0.5005540778028205,0.41079343950494807,0.6835106382978723,0.8359929075900544,0.22994237583368382,0.28213652461133104,0.3039671984758783,0.5134086881546264,0.43683510638297873,0.20755762416631618,0.8393173756751608,0.32070035455708806,0.4186613474120485,0.88875,0.868,0.83675,0.91875,0.86175,0.87825,0.97775,0.88425,0.96425,0.93025,0.8145,0.9135,0.50075,0.66675,0.3245,0.50575,0.664,0.603,0.44325,0.5115,0.39925,0.7555,0.891,0.257,0.34725,0.313,0.49175,0.47425,0.203,0.86175,0.316,0.4095
13,1.0,0.5477852136530774,0.5570195841789246,0.35796848827220024,0.29825688207149503,0.29825688207149503,0.35796848827220024,1.0,0.8803191489361702,0.8533909574468085,0.8398714541120732,0.9002659574468085,0.8495124115588817,0.8835328012070758,0.9744015957446809,0.9134530139730331,0.9597739361702128,0.9383865246113311,0.8313386522709055,0.9203235817716476,0.4326241133694953,0.6482712765957447,0.33976063829787234,0.5236037234042553,0.6743129434737754,0.5945257094312222,0.37533244680851063,0.5039893617021277,0.39029255319148937,0.727947694824097,0.8250221629092034,0.2074468085106383,0.2722739361702128,0.3125,0.5548537234042553,0.4308510638297872,0.21675531914893617,0.857491134963137,0.31416223404255317,0.40492021276595747,0.889,0.86875,0.877,0.9165,0.864,0.88225,0.97875,0.91275,0.95325,0.94375,0.81925,0.92725,0.485,0.66675,0.297,0.50725,0.664,0.56325,0.4345,0.5275,0.438,0.7795,0.865,0.21475,0.33475,0.34325,0.52825,0.44825,0.19275,0.80725,0.288,0.42175
14,1.0,0.5475654684482737,0.5548479046821594,0.3436679721195647,0.29228205847740174,0.29228205847740174,0.3436679721195647,1.0,0.8836436170212766,0.8592641841857991,0.8587101063829787,0.9031471629092034,0.8560505319148937,0.8899601063829787,0.9691932626227115,0.918218085106383,0.9593306735475012,0.9473625884411183,0.835549645601435,0.926529255319149,0.42664007081630384,0.6492686170212766,0.3324468085106383,0.5456560282631123,0.6747562054623949,0.5872118796439881,0.3572695036517813,0.5097517729439633,0.40104166656098467,0.7267287234042553,0.8058510638297872,0.22783687932694213,0.2872340425531915,0.31283244680851063,0.508311170212766,0.42941046109858977,0.21298758859964126,0.8512854607815438,0.3068484042553192,0.41910461003476,0.8895,0.8645,0.85325,0.9085,0.86175,0.8845,0.98275,0.91975,0.97475,0.93675,0.817,0.91675,0.46375,0.66675,0.3045,0.5255,0.664,0.58875,0.404,0.52125,0.46275,0.79625,0.8615,0.21825,0.28125,0.33175,0.4915,0.46775,0.194,0.86175,0.277,0.42675
15,1.0,0.5481054002934314,0.5569698204994201,0.3343459624559321,0.29125857961177826,0.29125857961177826,0.3343459624559321,1.0,0.878656914893617,0.8584884753886689,0.859375,0.898049645601435,0.85383422006952,0.895279255319149,0.9716312054623949,0.9215425531914894,0.9649822692921821,0.9474734042553191,0.8353280139730331,0.9276374115588817,0.4230939717368877,0.6458333331219693,0.3318927303907719,0.5213874115588817,0.6729831562397328,0.5946365246113311,0.36236702127659576,0.5032136522709055,0.4236480495397081,0.7344858158142009,0.8144946808510638,0.20766843966347107,0.2758200355666749,0.3257978723404255,0.5148492905687778,0.44736258875816426,0.20467641846613682,0.8704565604950519,0.3130540778028204,0.42276152492837704,0.89325,0.8725,0.907,0.93175,0.8655,0.87775,0.977,0.8985,0.957,0.9445,0.82175,0.9245,0.471,0.66525,0.30325,0.486,0.664,0.5635,0.45925,0.517,0.46025,0.7705,0.8705,0.21425,0.3415,0.333,0.4785,0.5005,0.18925,0.88275,0.29675,0.398
16,1.0,0.5477517633996112,0.5574558544158935,0.3291314020752907,0.276361634850502,0.276361634850502,0.3291314020752907,1.0,0.8830895392184562,0.8579343969517566,0.865802305175903,0.9041445033347353,0.8494015957446809,0.8915115246113311,0.9722960990794162,0.9250886522709055,0.9680851063829787,0.9473625884411183,0.8347739361702128,0.9276374115588817,0.41411790759005446,0.6486037234042553,0.32790336884716725,0.5199468085106383,0.6728723404255319,0.5915336881546264,0.37300531914893614,0.5096409574468085,0.43173758875816426,0.7422429075900544,0.8150487586538843,0.2063386525879515,0.29964538996524,0.33300088647198167,0.5209441489361702,0.44536790759005446,0.2198581560812098,0.8761081562397328,0.31538120577944084,0.39539007081630384,0.89025,0.86325,0.88075,0.937,0.85775,0.884,0.979,0.90825,0.985,0.94,0.8485,0.92225,0.4065,0.66675,0.30125,0.51575,0.66375,0.612,0.3365,0.5035,0.43375,0.75775,0.8265,0.205,0.33075,0.3345,0.564,0.4535,0.20575,0.8985,0.27325,0.41875
17,1.0,0.5481811051673078,0.5563075876235962,0.317676750427865,0.25527483451366423,0.25527483451366423,0.317676750427865,1.0,0.877770390282286,0.862145390282286,0.8764406030482434,0.9052526595744681,0.8618129434737754,0.9042553191489362,0.9783909574468085,0.9332890073035626,0.96875,0.9464760638297872,0.8431959221971795,0.9251994680851063,0.4105718085106383,0.6451684395049481,0.3313386524294285,0.5264849291836962,0.6730939714198417,0.5933067376943345,0.3699024823751855,0.5052083334390153,0.40480939726880255,0.7457890073035626,0.8016400711333498,0.20667109923793914,0.29654255319148937,0.3314494680851064,0.5089760638297872,0.4277482270560366,0.21597960987623702,0.8619237586538843,0.3011968085106383,0.3941710993964621,0.89275,0.86675,0.90575,0.9375,0.8655,0.90025,0.9825,0.935,0.9705,0.95075,0.86475,0.93625,0.44025,0.6665,0.3055,0.5185,0.664,0.587,0.38375,0.505,0.47325,0.761,0.8595,0.22425,0.3385,0.31475,0.535,0.43,0.2015,0.8965,0.2875,0.425
18,1.0,0.5460098525311085,0.551401665687561,0.30793914832967395,0.26106392168998716,0.26106392168998716,0.30793914832967395,1.0,0.8929521276595744,0.8568262413461157,0.8740026595744681,0.909906914893617,0.8615913118453736,0.9106826243248392,0.9739583331219693,0.9266400711333498,0.9727393617021277,0.9546764182283524,0.8494015957446809,0.9306294328354775,0.4123448583673924,0.6437278370907966,0.3087322696092281,0.5277039009205838,0.6744237586538843,0.5920877659574468,0.3744459218801336,0.5060948583673923,0.42320478723404253,0.7450132978723404,0.8134973404255319,0.21077127659574468,0.2963209218801336,0.31770833343901533,0.49113475166736764,0.42054521276595747,0.20944148936170212,0.8738918437602672,0.2951019504602919,0.40070921975247403,0.88925,0.87,0.89225,0.9315,0.8665,0.9,0.9865,0.91775,0.98425,0.93575,0.869,0.9215,0.435,0.6665,0.31125,0.4995,0.66375,0.60125,0.42025,0.52475,0.48225,0.758,0.851,0.2325,0.349,0.29075,0.38975,0.42325,0.19775,0.8885,0.261,0.412
19,1.0,0.5448372871317761,0.5569098010063172,0.304550475421104,0.2513326870203018,0.2513326870203018,0.304550475421104,1.0,0.8807624115588817,0.8622562054623949,0.8807624115588817,0.917220744680851,0.8572695033347353,0.9040336881546264,0.9800531914893617,0.9250886522709055,0.9782801416326077,0.9517952127659575,0.8673537234042553,0.9295212765957447,0.4046985814546017,0.6458333334390153,0.3183732270560366,0.5224955671645225,0.6728723404255319,0.5959663118453736,0.384197695141143,0.5132978723404256,0.4341755319148936,0.7457890073035626,0.8305629434737754,0.21298758859964126,0.29621010638297873,0.32335992918369616,0.4226507094312221,0.4275265957446808,0.21631205684327065,0.8642508863134587,0.3025265957446808,0.4029255319148936,0.89025,0.8635,0.9015,0.9235,0.863,0.88825,0.9815,0.9275,0.98475,0.94925,0.87825,0.93325,0.443,0.6645,0.30525,0.499,0.6635,0.60025,0.39975,0.523,0.46525,0.77325,0.871,0.20125,0.38375,0.34025,0.44925,0.45875,0.19975,0.87575,0.3055,0.42075
20,1.0,0.5462166603575361,0.5595776081085205,0.2969013549228932,0.2553926191329956,0.2553926191329956,0.2969013549228932,1.0,0.8847517732610094,0.8554964541120732,0.8892952127659575,0.9168882978723404,0.8641400711333498,0.9181072692921821,0.9827127659574468,0.9342863477290945,0.9777260638297872,0.9511303191489362,0.8659131203560119,0.932070035249629,0.39949024833263236,0.6419547872340425,0.321697695141143,0.5206117021276596,0.673758865036863,0.5893173756751608,0.3646941489361702,0.5099734042553191,0.4111258863134587,0.7497783690056903,0.7923315604950519,0.18550531914893617,0.2953235814546017,0.32524379422055916,0.49213209209289954,0.4336214541120732,0.2137632978723404,0.8687943264524988,0.29820478723404253,0.4134530139730332,0.8885,0.86275,0.9165,0.9285,0.871,0.8895,0.9835,0.91425,0.9825,0.94775,0.8525,0.92375,0.412,0.6625,0.2985,0.50325,0.66375,0.586,0.361,0.539,0.4395,0.7925,0.87425,0.1685,0.38975,0.357,0.5065,0.477,0.19725,0.89,0.18875,0.43375
21,1.0,0.5444201820708335,0.549477635383606,0.2959344529725136,0.24898706936836243,0.24898706936836243,0.2959344529725136,1.0,0.8870789009205838,0.863031914893617,0.8930629434737754,0.9155585106382979,0.8674645392184562,0.9094636522709055,0.9796099288666502,0.9389406030482434,0.9727393617021277,0.9511303191489362,0.8696808510638298,0.9304078012070758,0.4013741136865413,0.6361923756751608,0.324468085106383,0.5172872340425532,0.6723182626227115,0.5889849288666502,0.37998670212765956,0.5197251771992826,0.42708333343901533,0.7461214541120732,0.7927748224836715,0.19514627659574468,0.30463209225142257,0.3207003547156111,0.4799423759922068,0.4174423759922068,0.20999556732304553,0.8665780139730331,0.2900044325184315,0.41578014179113065,0.89025,0.86925,0.9025,0.92225,0.87425,0.90325,0.98975,0.9565,0.98025,0.93975,0.847,0.92375,0.43725,0.65975,0.30925,0.49425,0.66375,0.58525,0.4085,0.52825,0.44625,0.77225,0.84375,0.16525,0.363,0.315,0.425,0.40825,0.1985,0.9005,0.286,0.4095
22,1.0,0.5458775067583044,0.5513588628768921,0.2769584389443093,0.24314562666416167,0.24314562666416167,0.2769584389443093,1.0,0.8856382978723404,0.8628102838993073,0.897052305175903,0.9215425531914894,0.8726728723404256,0.9184397161006927,0.9787234042553191,0.941156914893617,0.9782801416326077,0.9556737586538843,0.8775487586538843,0.9375,0.40070921975247403,0.6428413118453736,0.3119459218801336,0.515625,0.6722074468085106,0.5954122340425532,0.3615913121624196,0.5181737586538843,0.43661347507162296,0.7379210990794162,0.783133865036863,0.1971409574468085,0.31759751778333745,0.32324911352801833,0.47063386503686294,0.4226507091141762,0.2137632978723404,0.8829787234042553,0.30308067386454723,0.40769060273119745,0.88925,0.86925,0.93075,0.9515,0.874,0.9115,0.988,0.94675,0.97425,0.9455,0.8325,0.93175,0.40525,0.66675,0.2875,0.49575,0.66325,0.55825,0.435,0.508,0.44625,0.75725,0.8455,0.1405,0.34875,0.341,0.49825,0.395,0.1975,0.90375,0.2445,0.43025
23,1.0,0.5466410948875102,0.5525253872871398,0.272488128314627,0.23093874084949492,0.23093874084949492,0.272488128314627,1.0,0.8829787234042553,0.8682402480155864,0.9102393617021277,0.9268617021276596,0.8697916668780307,0.9155585106382979,0.9837101063829787,0.9373891841857991,0.9738475179418604,0.9556737586538843,0.8810948583673923,0.9351728723404256,0.41511524833263236,0.646054964750371,0.31604609923793914,0.5254875887581643,0.6736480498567541,0.5848847519844136,0.38120567386454723,0.5232712765957447,0.45323581549715486,0.7516622340425532,0.7925531914893617,0.19703014179113063,0.31881648936170215,0.31903812067305787,0.46597961003476,0.4072473404255319,0.2063386524294285,0.88054077993048,0.2790336878375804,0.42220744680851063,0.8905,0.8715,0.93125,0.94475,0.87675,0.9,0.98575,0.93775,0.97925,0.9515,0.89225,0.9395,0.4495,0.666,0.2945,0.4855,0.66375,0.5835,0.423,0.50975,0.46075,0.74025,0.84025,0.19325,0.3925,0.3055,0.40075,0.411,0.19925,0.90225,0.26825,0.41175
24,1.0,0.5454309005686577,0.5517320890426636,0.26609516001128136,0.22097136044502258,0.22097136044502258,0.26609516001128136,1.0,0.8855274820581396,0.8661347519844136,0.9055851063829787,0.9240913118453736,0.8704565604950519,0.9239804966652647,0.9812721629092034,0.9504654255319149,0.9810505319148937,0.9606604607815438,0.8889627659574468,0.9377216309943097,0.4164450355666749,0.6456117021276596,0.3056294325184315,0.5127437945376051,0.6716533690056903,0.5824468085106383,0.37488918418579914,0.5224955674815686,0.44148936170212766,0.7534352838993073,0.7788120565262246,0.2046764185453983,0.29698581549715486,0.3232491133694953,0.4413785462049728,0.4123448580503464,0.21509308510638298,0.8867464541120732,0.2922207446808511,0.4300753547156111,0.893,0.86825,0.9165,0.95,0.873,0.9555,0.99025,0.9525,0.98425,0.95,0.9015,0.9365,0.40925,0.6665,0.3025,0.491,0.6635,0.58725,0.40275,0.51575,0.438,0.76275,0.83975,0.1705,0.32875,0.34625,0.39525,0.4055,0.20025,0.901,0.27525,0.445
25,1.0,0.5454652017735421,0.5497576580047607,0.2661052473047946,0.2215791175365448,0.2215791175365448,0.2661052473047946,1.0,0.8861923756751608,0.8660239361702128,0.9044769501432459,0.9261968085106383,0.8644725179418604,0.9187721629092034,0.9830452127659575,0.945700354398565,0.9799423756751608,0.9553413118453736,0.886968085106383,0.9357269501432459,0.4116799644333251,0.6426196808510638,0.3185948580503464,0.5115248228007174,0.6738696808510638,0.5968528370907966,0.38486258875816426,0.5300310285801583,0.43949468085106386,0.7563164893617021,0.7792553191489362,0.19791666671950767,0.2915558510638298,0.31183510638297873,0.449468085106383,0.4201019504602919,0.21631205676400916,0.863031914893617,0.2973182624641885,0.4244237589709302,0.8945,0.86475,0.9315,0.95725,0.88075,0.93025,0.99125,0.95725,0.98825,0.946,0.904,0.93375,0.38625,0.66425,0.2965,0.491,0.6635,0.58,0.42675,0.52425,0.4645,0.7665,0.788,0.18475,0.317,0.2955,0.4475,0.434,0.19625,0.90075,0.2835,0.42775
26,1.0,0.5442840425257988,0.5550129551887513,0.26393241736483064,0.21766506314277648,0.21766506314277648,0.26393241736483064,1.0,0.8919547872340425,0.86945922006952,0.9120124115588817,0.9268617021276596,0.8693484042553191,0.9227615246113311,0.9819370565262246,0.9459219860269669,0.9785017732610094,0.957779255319149,0.8949468085106383,0.9373891841857991,0.40636081549715486,0.6385195033347353,0.29643173769433445,0.5162898936170213,0.6734264182283524,0.5794547872340425,0.3847517729439634,0.5254875887581643,0.44636524833263236,0.7493351063829787,0.7860150711333498,0.20035460987623702,0.3223625885996413,0.3320035462049728,0.4435948580503464,0.4024822696092281,0.21808510638297873,0.8664671987929242,0.29343971641773875,0.41411790790710046,0.89175,0.868,0.927,0.948,0.88025,0.9155,0.9885,0.95,0.981,0.95625,0.876,0.942,0.43075,0.664,0.29625,0.49675,0.6635,0.54925,0.448,0.5395,0.50275,0.7535,0.84175,0.16175,0.36025,0.36975,0.417,0.43875,0.193,0.8925,0.26475,0.41225
27,1.0,0.5454838111045512,0.5518891534805298,0.2550222856250215,0.21633464741706848,0.21633464741706848,0.2550222856250215,1.0,0.8844193264524988,0.8661347519844136,0.9131205671645225,0.932845744680851,0.8781028370907966,0.9270833331219693,0.9837101063829787,0.9471409574468085,0.980718085106383,0.9580008863134587,0.8923980498567541,0.9388297872340425,0.4002659574468085,0.6405141841857991,0.316156914893617,0.5230496452843889,0.6728723404255319,0.5871010638297872,0.386968085106383,0.5113031914893617,0.44758421975247403,0.7388076243248392,0.7772606382978723,0.1869459220386566,0.30640514187039214,0.3406471632262494,0.4498005319148936,0.4259751775163285,0.2160904255319149,0.8751108158142009,0.28091755319148937,0.4136746452843889,0.8915,0.8665,0.92175,0.95625,0.88075,0.9595,0.9915,0.9525,0.98475,0.94675,0.88975,0.93475,0.4145,0.666,0.29925,0.49975,0.6635,0.58275,0.408,0.53825,0.4495,0.76675,0.81025,0.1585,0.3765,0.3555,0.422,0.41325,0.205,0.897,0.2535,0.45875
28,1.0,0.543787383018656,0.5483743004798889,0.24428089169111658,0.21499113702774048,0.21499113702774048,0.24428089169111658,1.0,0.8890735817716476,0.868572694824097,0.9183289009205838,0.9295212765957447,0.879654255319149,0.9229831562397328,0.9842641841857991,0.9572251775163285,0.9857047872340425,0.9589982267389906,0.901595744680851,0.9397163118453736,0.3972739361702128,0.6438386525879515,0.29931294315672935,0.5158466309943097,0.673758865036863,0.5750221632262493,0.3595966313113558,0.512854609717714,0.4384973404255319,0.760970744680851,0.7703900711333498,0.1875,0.31538120577944084,0.334552304858857,0.4362810285801583,0.41988031914893614,0.21742021276595744,0.8776595744680851,0.2787012410290698,0.41766400698651657,0.8925,0.87475,0.9445,0.95575,0.8895,0.94,0.98925,0.94725,0.99,0.94975,0.93375,0.93475,0.43775,0.66375,0.285,0.48675,0.6635,0.5695,0.38975,0.5085,0.45975,0.76325,0.828,0.15675,0.39475,0.315,0.343,0.42525,0.19225,0.903,0.242,0.41475
29,1.0,0.5431366873548386,0.5479047956466675,0.2471440168137246,0.2068745185136795,0.2068745185136795,0.2471440168137246,1.0,0.8902925531914894,0.8686835106382979,0.917220744680851,0.932845744680851,0.8807624115588817,0.934729609717714,0.9857047872340425,0.9486923756751608,0.9849290778028205,0.9606604607815438,0.9013741136865413,0.9397163118453736,0.40425531914893614,0.6417331562397328,0.30596187932694213,0.5138519501432459,0.6712101063829787,0.5774601063829787,0.3619237589709302,0.5270390073035626,0.44204343982199407,0.7491134753886689,0.785904255319149,0.18539450349325828,0.3232491133694953,0.3388741133694953,0.41356382978723405,0.4070257091141762,0.21963652484911553,0.8738918437602672,0.27316046109858977,0.41300975166736764,0.8935,0.87075,0.9445,0.948,0.88125,0.956,0.991,0.95825,0.9815,0.95525,0.92875,0.942,0.41175,0.6655,0.29725,0.48775,0.6635,0.57925,0.433,0.543,0.505,0.743,0.83525,0.19675,0.3835,0.3125,0.36925,0.40025,0.19075,0.89625,0.24575,0.4185
30,1.0,0.5429294661004492,0.5521700701713562,0.24048306364962396,0.21644357311725618,0.21644357311725618,0.24048306364962396,1.0,0.8838652480155864,0.8665780139730331,0.919104609717714,0.9367242905687778,0.8822030139730331,0.9438164893617021,0.9876994680851063,0.9584441489361702,0.9863696808510638,0.9607712765957447,0.8901817373772885,0.940270390282286,0.38763297872340424,0.6449468085106383,0.3132757091141762,0.5099734042553191,0.6713209221971795,0.5783466309943097,0.368572695141143,0.522938829787234,0.4398271276595745,0.73991577993048,0.7733820924099456,0.18051861702127658,0.3081781914893617,0.3426418440773132,0.4400487589709302,0.4201019501432459,0.2252881205145349,0.8754432626227115,0.27770390076206086,0.42630762432483915,0.89275,0.8705,0.92275,0.951,0.89275,0.9145,0.97925,0.923,0.9895,0.95725,0.92875,0.9445,0.4,0.66575,0.2995,0.5095,0.66325,0.5605,0.37,0.53225,0.45925,0.75925,0.8055,0.14725,0.42425,0.35225,0.3895,0.47925,0.21525,0.89225,0.22075,0.468
31,1.0,0.5440637691223875,0.5471685318946838,0.24057493660044163,0.20234405142068862,0.20234405142068862,0.24057493660044163,1.0,0.8889627659574468,0.8642508863134587,0.9173315604950519,0.9352836881546264,0.8844193264524988,0.9330673756751608,0.9876994680851063,0.9534574468085106,0.9806072692921821,0.9601063829787234,0.9027039009205838,0.9419326243248392,0.38508421975247403,0.6430629434737754,0.3048537234042553,0.5189494680851063,0.6714317373772885,0.5690381206730579,0.40104166656098467,0.5282579787234043,0.45179521276595747,0.7502216309943097,0.7645168437602672,0.1925975177437067,0.3212544325184315,0.3390957446808511,0.4206560285801583,0.41433953890141023,0.22595301413155616,0.8743351063829787,0.27238475166736764,0.425531914893617,0.89275,0.8725,0.93225,0.95925,0.8985,0.9475,0.9905,0.95775,0.99075,0.95,0.93075,0.937,0.37825,0.6655,0.296,0.49225,0.66275,0.55525,0.382,0.53525,0.466,0.738,0.7905,0.15325,0.386,0.3245,0.3665,0.4175,0.199,0.90075,0.22425,0.43275
32,1.0,0.5428006331971351,0.5521753883361816,0.2365432191402354,0.19588505816459656,0.19588505816459656,0.2365432191402354,1.0,0.8864140073035626,0.8660239361702128,0.9127881203560119,0.9410460990794162,0.8812056735475012,0.9390514182283524,0.9847074468085106,0.9553413118453736,0.9875886522709055,0.9619902480155864,0.9041445033347353,0.9397163118453736,0.3916223404255319,0.6402925531914894,0.3099512410290698,0.4982269501432459,0.6685505319148937,0.5590647164177387,0.3701241133694953,0.5302526595744681,0.48393173769433445,0.7606382978723404,0.7618572692921821,0.1940381205145349,0.3496232270560366,0.34663120577944084,0.38818705684327065,0.4193262410290698,0.21631205676400916,0.8765514182283524,0.2598625885996413,0.4380540778028204,0.89025,0.8685,0.93725,0.94875,0.8855,0.96625,0.98975,0.966,0.98825,0.95775,0.91925,0.94525,0.40675,0.65975,0.30225,0.48975,0.66225,0.544,0.42,0.5645,0.51175,0.76075,0.823,0.16175,0.419,0.365,0.35575,0.42225,0.1995,0.89475,0.21425,0.4385
33,1.0,0.5445231294378321,0.5531617012023926,0.2294209326835389,0.1895975107550621,0.1895975107550621,0.2294209326835389,1.0,0.8818705671645225,0.8693484042553191,0.9232047872340425,0.9442597519844136,0.8853058510638298,0.9432624115588817,0.9842641841857991,0.9571143617021277,0.9870345744680851,0.9603280139730331,0.9083554966652647,0.9406028370907966,0.4094636525879515,0.6430629434737754,0.31382978723404253,0.5043218085106383,0.6719858158142009,0.5857712765957447,0.3818705674815685,0.5324689717368877,0.4695257091141762,0.7441267732610094,0.775820035249629,0.1886081560812098,0.30529698570992087,0.3324468085106383,0.39694148936170215,0.4187721632262494,0.21354166656098467,0.8782136522709055,0.26152482264219445,0.42464538996524,0.8875,0.86775,0.941,0.961,0.89275,0.95125,0.98575,0.9685,0.9905,0.96225,0.9345,0.94825,0.42575,0.66575,0.29475,0.49275,0.66375,0.585,0.3705,0.56425,0.51675,0.74225,0.807,0.1655,0.40775,0.337,0.40175,0.42575,0.21275,0.9045,0.208,0.44975
34,1.0,0.5440402367013566,0.5483375430107117,0.2329764408158495,0.1951838241815567,0.1951838241815567,0.2329764408158495,1.0,0.8879654255319149,0.8710106382978723,0.9261968085106383,0.9391622340425532,0.8898492905687778,0.9391622340425532,0.9850398936170213,0.9594414893617021,0.984375,0.9598847519844136,0.903479609717714,0.942929964750371,0.41201241155888174,0.644281914893617,0.2994237588916687,0.506427304858857,0.6736480498567541,0.568927305175903,0.3826462765957447,0.5182845744680851,0.47007978723404253,0.7468971629092034,0.7761524820581396,0.19791666656098467,0.32025709225142257,0.34097960987623704,0.3943927303907719,0.41023936170212766,0.21675531914893617,0.8856382978723404,0.2512189715783647,0.4348404255319149,0.891,0.873,0.935,0.96925,0.89025,0.9565,0.99375,0.96975,0.9845,0.951,0.921,0.93775,0.412,0.66275,0.3035,0.482,0.6635,0.5525,0.42525,0.52325,0.51125,0.7395,0.77875,0.16225,0.37675,0.33775,0.337,0.4205,0.19625,0.90425,0.256,0.44175
35,1.0,0.5448310850782597,0.5502103023529052,0.2208997539066254,0.19299465346336364,0.19299465346336364,0.2208997539066254,1.0,0.8870789009205838,0.8706781914893617,0.9256427307078179,0.9442597519844136,0.887854609717714,0.9453679075900544,0.9857047872340425,0.9647606382978723,0.9872562054623949,0.963320035249629,0.9105718085106383,0.9413785458879268,0.39904698570992087,0.6438386522709055,0.30795656033652896,0.5050975179418604,0.6710992905687778,0.5769060282631123,0.39350620577944084,0.5418882978723404,0.4740691489361702,0.7410239361702128,0.7701684395049481,0.19171099293422192,0.3443040779613434,0.3402039006035379,0.3706781914893617,0.41145833312196933,0.2209663120038966,0.8795434395049481,0.25254875881240724,0.43583776595744683,0.89325,0.8675,0.9475,0.963,0.89325,0.971,0.98775,0.95425,0.991,0.957,0.93,0.947,0.38925,0.665,0.29875,0.48575,0.6635,0.5645,0.4595,0.55375,0.52775,0.72925,0.81725,0.16875,0.41325,0.31075,0.37725,0.4265,0.19225,0.90225,0.21225,0.44075
36,1.0,0.5429647368319491,0.548712990283966,0.22291918780575407,0.19289556288719178,0.19289556288719178,0.22291918780575407,1.0,0.888741134963137,0.8682402480155864,0.9202127659574468,0.9455895392184562,0.8886303191489362,0.9435948583673923,0.9853723404255319,0.9653147161006927,0.9847074468085106,0.9617686170212766,0.9171099288666502,0.9438164893617021,0.39871453890141023,0.6405141841857991,0.32524379422055916,0.510195035249629,0.6736480498567541,0.5804521276595744,0.4072473404255319,0.5280363477290945,0.47007978723404253,0.7328235817716476,0.7736037234042553,0.18783244680851063,0.35460992918369616,0.3318927303907719,0.4005984042553192,0.3932845744680851,0.21919326246418852,0.8867464541120732,0.2488918440773132,0.44858156017800593,0.89325,0.87275,0.9475,0.9595,0.897,0.9565,0.987,0.95425,0.99575,0.95525,0.9395,0.94175,0.3775,0.665,0.319,0.4895,0.66375,0.5995,0.43175,0.5635,0.513,0.73725,0.7865,0.1715,0.43225,0.30675,0.34175,0.4275,0.203,0.9045,0.20675,0.4465
37,1.0,0.5425384735807459,0.5504729380607605,0.21761336605599585,0.18607014751434325,0.18607014751434325,0.21761336605599585,1.0,0.8886303191489362,0.8711214541120732,0.933843085106383,0.9427083331219693,0.8899601063829787,0.9468085106382979,0.989029255319149,0.9663120565262246,0.9873670212765957,0.9630984042553191,0.9069148936170213,0.9434840425531915,0.4136746452843889,0.6405141841857991,0.33111702127659576,0.5048758866305046,0.6723182626227115,0.59929077993048,0.3953900711333498,0.5283687942205592,0.45833333343901533,0.72883422006952,0.751883865036863,0.19891400710540882,0.328125,0.3303413121624196,0.3836436170212766,0.41633421975247403,0.2241799644333251,0.8652482267389906,0.25820035463634955,0.4244237589709302,0.89025,0.868,0.9405,0.962,0.89425,0.9745,0.99125,0.96525,0.99025,0.9615,0.917,0.94725,0.43125,0.66425,0.30575,0.4885,0.6635,0.596,0.42825,0.54775,0.47125,0.735,0.81,0.15175,0.42425,0.332,0.377,0.41475,0.2065,0.89825,0.22375,0.43475
38,1.0,0.5428012983596071,0.5469306769371033,0.21298474802615794,0.18298924899101257,0.18298924899101257,0.21298474802615794,1.0,0.8927304966652647,0.8747783690056903,0.9341755319148937,0.9489140073035626,0.8927304966652647,0.9516843969517566,0.988031914893617,0.9637632978723404,0.989029255319149,0.9643173756751608,0.9124556735475012,0.9441489361702128,0.4187721632262494,0.6371897161006927,0.3207003547156111,0.49645390092058383,0.6702127659574468,0.5867686170212766,0.39206560273119745,0.5236037234042553,0.47007978723404253,0.7402482267389906,0.7661790778028205,0.19703014187039214,0.37023492918369616,0.3316710993964621,0.39250886535390894,0.4040336881546264,0.22661790774857743,0.8845301416326077,0.2429078015241217,0.4204343969517566,0.89125,0.87175,0.94175,0.956,0.91325,0.97975,0.994,0.97175,0.9915,0.95875,0.91675,0.945,0.4215,0.65925,0.303,0.4835,0.6635,0.57625,0.4045,0.548,0.49275,0.7355,0.7885,0.15175,0.4405,0.35575,0.3295,0.40675,0.21125,0.905,0.20775,0.454
39,1.0,0.5416061516771925,0.5442061290740967,0.21060372587848217,0.18641690611839296,0.18641690611839296,0.21060372587848217,1.0,0.892508865036863,0.8732269501432459,0.9355053191489362,0.9491356382978723,0.8926196808510638,0.9524601063829787,0.9883643617021277,0.9629875884411183,0.9886968085106383,0.9649822692921821,0.9069148936170213,0.9447030139730331,0.3873005319148936,0.6375221632262493,0.3101728723404255,0.5048758866305046,0.6736480498567541,0.5789007094312222,0.37943262432483915,0.513741134963137,0.4655363474120485,0.7367021276595744,0.7717198583673923,0.1740913120831581,0.36713209209289954,0.33743351063829785,0.3714539006035379,0.4080230495397081,0.22739361702127658,0.883311170212766,0.23293439711027958,0.4460328012070757,0.8905,0.86725,0.9505,0.9595,0.90675,0.9755,0.99325,0.9675,0.993,0.95175,0.93475,0.93925,0.368,0.66125,0.301,0.48775,0.66275,0.55575,0.43175,0.552,0.49675,0.73875,0.78075,0.14525,0.436,0.338,0.35325,0.4035,0.2075,0.90225,0.18175,0.44725
40,1.0,0.5410355633877694,0.5475444850921631,0.2039101131735964,0.1777627267241478,0.1777627267241478,0.2039101131735964,1.0,0.8958333331219693,0.8735593969517566,0.932070035249629,0.9517952127659575,0.8898492905687778,0.9593306735475012,0.9867021276595744,0.9689716309943097,0.9903590425531915,0.9627659574468085,0.9166666668780307,0.9425975179418604,0.39483599301348343,0.6414007094312222,0.3125,0.4994459218801336,0.6742021276595744,0.5794547872340425,0.38896276595744683,0.5281471632262493,0.46298758875816426,0.7347074468085106,0.759197694824097,0.1875,0.36691046109858977,0.33311170212765956,0.38286790774857743,0.3962765957446808,0.21298758859964126,0.8754432626227115,0.23836436170212766,0.4343971632262494,0.894,0.879,0.94725,0.9515,0.9005,0.96675,0.99375,0.9735,0.9885,0.9585,0.93825,0.94525,0.4085,0.66525,0.307,0.49325,0.663,0.56325,0.42375,0.55275,0.47225,0.72275,0.808,0.1695,0.43125,0.337,0.34125,0.39475,0.202,0.9015,0.21325,0.46225
41,1.0,0.5402884559428438,0.5446344933509827,0.2103027162399698,0.17729164892435073,0.17729164892435073,0.2103027162399698,1.0,0.8919547872340425,0.8677969860269669,0.9280806735475012,0.9438164893617021,0.8963874115588817,0.9453679075900544,0.9889184395049481,0.9666445033347353,0.9903590425531915,0.9676418437602672,0.9187721629092034,0.9442597519844136,0.4101285462049728,0.6436170212765957,0.3157136524294285,0.5001108154971549,0.6703235817716476,0.5748005319148937,0.4040336878375804,0.5185062057794408,0.44148936170212766,0.7327127659574468,0.759197694824097,0.20179521276595744,0.3660239361702128,0.3352171984758783,0.3544991133694953,0.3952792553191489,0.20190602842163533,0.878656914893617,0.25,0.45024379422055916,0.8955,0.876,0.93575,0.9625,0.9075,0.962,0.99175,0.96975,0.99575,0.959,0.943,0.946,0.42,0.663,0.29,0.48,0.6635,0.565,0.42975,0.53975,0.48675,0.74,0.78575,0.164,0.4465,0.31925,0.29675,0.3885,0.197,0.90475,0.235,0.453
42,1.0,0.5406813076201905,0.5438836674690246,0.20005164604554784,0.17964097183942795,0.17964097183942795,0.20005164604554784,1.0,0.8910682626227115,0.8708998224836715,0.9355053191489362,0.959552305175903,0.9005984042553191,0.9566710990794162,0.991688829787234,0.9709663118453736,0.9933510638297872,0.964095744680851,0.9247562054623949,0.942929964750371,0.4024822696092281,0.6400709221971795,0.3011968085106383,0.501883865036863,0.6698803191489362,0.57258422006952,0.39949024833263236,0.5147384753886689,0.45279255319148937,0.7306072692921821,0.7497783690056903,0.19304078008900297,0.35660461003476,0.331781914893617,0.3532801419496536,0.4056959218801336,0.21952570911417615,0.8808732267389906,0.23193705668474765,0.4499113474120485,0.89475,0.8705,0.94575,0.97075,0.903,0.9465,0.98875,0.95875,0.992,0.9615,0.94275,0.9485,0.41675,0.6645,0.3235,0.4855,0.6635,0.59825,0.40875,0.54875,0.46925,0.7365,0.7515,0.173,0.43325,0.29875,0.344,0.42475,0.2105,0.90225,0.20875,0.439
43,1.0,0.5402267429422825,0.5451870522499085,0.20246733344615775,0.17408441990613938,0.17408441990613938,0.20246733344615775,1.0,0.8955008863134587,0.8764406030482434,0.9370567373772885,0.9540115246113311,0.8947251775163285,0.9527925531914894,0.9893617021276596,0.965979609717714,0.9870345744680851,0.9649822692921821,0.9202127659574468,0.9435948583673923,0.39195478723404253,0.6472739361702128,0.3117242908858238,0.4967863474120485,0.6723182626227115,0.5878767732610094,0.39993351063829785,0.5313608158142009,0.4566710993964621,0.7300531914893617,0.761968085106383,0.19448138297872342,0.3540558510638298,0.32779255319148937,0.3712322694507051,0.4002659574468085,0.2203014185453983,0.88054077993048,0.23016400710540882,0.4369459218801336,0.8945,0.8725,0.95425,0.96,0.89825,0.97875,0.9945,0.97125,0.9875,0.9615,0.928,0.94525,0.38275,0.6665,0.30725,0.49175,0.6625,0.5755,0.4155,0.55775,0.483,0.716,0.79325,0.16,0.4215,0.32175,0.3515,0.40475,0.2135,0.8965,0.192,0.43775
44,1.0,0.5409350915158049,0.5454823784828186,0.19826265955541997,0.1709572837948799,0.1709572837948799,0.19826265955541997,1.0,0.888741134963137,0.8772163118453736,0.9358377659574468,0.9530141841857991,0.8937278370907966,0.9630984042553191,0.9893617021276596,0.966866134963137,0.9903590425531915,0.9660904255319149,0.9232047872340425,0.94758422006952,0.39550088647198167,0.6453900711333498,0.31671099301348343,0.4976728723404255,0.6705452127659575,0.580008865036863,0.3798758866305047,0.5382313829787234,0.4630984042553192,0.7257313829787234,0.769281914893617,0.1924867021276596,0.3724512410290698,0.3322251771992825,0.38430851063829785,0.39738475166736764,0.22240691489361702,0.8775487586538843,0.2369237589709302,0.4357269504602919,0.8945,0.88575,0.9555,0.9555,0.90525,0.97725,0.99275,0.9735,0.9925,0.961,0.9395,0.94625,0.425,0.66575,0.292,0.48425,0.66275,0.5585,0.3915,0.55825,0.4955,0.717,0.7875,0.18,0.444,0.31475,0.34225,0.39675,0.20175,0.89325,0.19375,0.4325
45,1.0,0.539782278715296,0.5410029754638672,0.19974584029392994,0.16930954909324647,0.16930954909324647,0.19974584029392994,1.0,0.896054964750371,0.8809840425531915,0.9391622340425532,0.9483599288666502,0.8997118796439881,0.9575576243248392,0.989029255319149,0.9707446808510638,0.991688829787234,0.9626551416326077,0.913674645601435,0.942929964750371,0.4050310282631123,0.6443927307078179,0.30518617021276595,0.4930186170212766,0.6734264182283524,0.5733599291836962,0.38973847507162296,0.5258200355666749,0.4476950352496289,0.726174645601435,0.7770390073035626,0.19703014187039214,0.37666223404255317,0.3332225176248145,0.3716755319148936,0.3992686170212766,0.2171985814546017,0.8705673756751608,0.24179964528438894,0.4375,0.89575,0.87425,0.95175,0.97425,0.912,0.963,0.99175,0.97525,0.994,0.961,0.942,0.94775,0.38875,0.6665,0.30125,0.482,0.6635,0.57975,0.426,0.5415,0.471,0.7245,0.8055,0.15725,0.44175,0.30475,0.33825,0.39575,0.202,0.8835,0.23575,0.43275
46,1.0,0.5386676090828916,0.5429475889205932,0.19379399043131382,0.17150154089927674,0.17150154089927674,0.19379399043131382,1.0,0.8916223404255319,0.8793218085106383,0.9423758863134587,0.955008865036863,0.9042553191489362,0.9530141841857991,0.9879210990794162,0.9700797872340425,0.9883643617021277,0.9677526595744681,0.9233156030482434,0.948470744680851,0.3809840425531915,0.6462765957446809,0.3026374114003587,0.4939051419496536,0.6702127659574468,0.5816710993964621,0.41123670212765956,0.5254875884411183,0.44636524833263236,0.7160904255319149,0.7742686170212766,0.18672429088582385,0.3737810285801583,0.33122783693227364,0.38009751778333745,0.3972739361702128,0.22972074468085107,0.8689051416326077,0.2542109928549604,0.4244237589709302,0.892,0.87575,0.9425,0.97025,0.907,0.97825,0.99025,0.9725,0.99225,0.9595,0.93375,0.94675,0.39025,0.6665,0.28775,0.4815,0.6635,0.56575,0.42925,0.5385,0.4585,0.70875,0.7965,0.1475,0.4285,0.32225,0.37175,0.40975,0.199,0.897,0.20575,0.43475
47,1.0,0.5402708174066341,0.5460491795539856,0.19599565736790922,0.16391733479499818,0.16391733479499818,0.19599565736790922,1.0,0.8919547872340425,0.8766622340425532,0.9391622340425532,0.9502437945376051,0.8978280139730331,0.9621010638297872,0.9893617021276596,0.9690824468085106,0.9919104607815438,0.9638741136865413,0.9225398936170213,0.9461436170212766,0.3894060282631123,0.6474955671645225,0.2994237589709302,0.5086436170212766,0.6710992905687778,0.5697030139730331,0.37799202127659576,0.5224955671645225,0.4380540781198664,0.7440159574468085,0.7970966309943097,0.1907136524294285,0.3691267729439634,0.33089538996524,0.38741134772909447,0.3950576240077932,0.21575797872340424,0.873116134963137,0.21941489361702127,0.4507978723404255,0.894,0.87375,0.952,0.969,0.9025,0.9815,0.99475,0.973,0.993,0.95975,0.95025,0.94425,0.41175,0.666,0.296,0.48625,0.6635,0.5605,0.41825,0.566,0.48375,0.73025,0.827,0.1675,0.439,0.30775,0.36025,0.407,0.20925,0.872,0.17325,0.43025
48,1.0,0.5402955488955721,0.5453681259155273,0.1893809529695105,0.1670348181128502,0.1670348181128502,0.1893809529695105,1.0,0.8911790778028205,0.879654255319149,0.9358377659574468,0.9611037234042553,0.9029255319148937,0.9603280139730331,0.9902482267389906,0.9686391841857991,0.9912455671645225,0.9638741136865413,0.9210992905687778,0.9451462765957447,0.40968528389930725,0.6482712765957447,0.30950797872340424,0.4974512410290698,0.6687721629092034,0.580895390282286,0.40104166656098467,0.5410017729439633,0.4554521276595745,0.722406914893617,0.7882313829787234,0.2047872340425532,0.37898936170212766,0.3214760638297872,0.37333776595744683,0.40757978723404253,0.22285017719928255,0.8503989361702128,0.22606382978723405,0.4349512410290698,0.893,0.87425,0.94125,0.96275,0.9105,0.95725,0.9925,0.97425,0.993,0.964,0.9435,0.95,0.43325,0.6665,0.29675,0.4865,0.6625,0.5505,0.40875,0.55375,0.50325,0.72475,0.81875,0.1735,0.447,0.33875,0.345,0.39575,0.2115,0.8685,0.191,0.4605
49,1.0,0.5412032496421895,0.54331050157547,0.18340566080618412,0.16286513662338256,0.16286513662338256,0.18340566080618412,1.0,0.8983820924099456,0.8830895392184562,0.9398271276595744,0.9521276595744681,0.9041445033347353,0.9625443264524988,0.9900265957446809,0.9694148936170213,0.9913563829787234,0.9679742905687778,0.9259751775163285,0.9493572692921821,0.40658244680851063,0.648049645601435,0.30274822689751363,0.49756205684327065,0.6694370565262246,0.5765735817716476,0.41046099301348343,0.5253767729439633,0.4708554966652647,0.7347074468085106,0.7693927307078179,0.2032358154971549,0.3783244680851064,0.32746010638297873,0.34895833343901533,0.3980496456014349,0.21974734042553193,0.865802305175903,0.23337765957446807,0.44636524833263236,0.8935,0.878,0.95175,0.97175,0.90275,0.982,0.995,0.97625,0.9925,0.968,0.94675,0.95,0.391,0.66675,0.30375,0.4895,0.6595,0.57275,0.38225,0.56825,0.50275,0.73225,0.8135,0.188,0.455,0.31975,0.315,0.3955,0.221,0.866,0.187,0.4815
50,1.0,0.539680634407287,0.5431133794784546,0.18559894393733206,0.1628571959733963,0.1628571959733963,0.18559894393733206,1.0,0.8951684395049481,0.8834219860269669,0.9427083331219693,0.9582225179418604,0.9039228723404256,0.9589982267389906,0.9919104607815438,0.9739583331219693,0.992686170212766,0.9707446808510638,0.9261968085106383,0.9464760638297872,0.39838209240994554,0.6492686170212766,0.3119459220386566,0.4958998228007175,0.6710992905687778,0.5672650711333498,0.40048758875816426,0.5352393617021277,0.46254432613545277,0.7326019501432459,0.7764849288666502,0.20179521276595744,0.3938386525879515,0.33289007081630384,0.3396498228007175,0.40370124134611574,0.21143617021276595,0.8594858158142009,0.20899822697677511,0.46254432645249877,0.8955,0.88275,0.957,0.964,0.90925,0.9805,0.99175,0.97225,0.99425,0.96225,0.949,0.94725,0.38375,0.6665,0.29375,0.49175,0.66175,0.57125,0.40725,0.57875,0.51425,0.7235,0.807,0.18775,0.45425,0.338,0.33075,0.38775,0.20525,0.86675,0.16925,0.53275
51,1.0,0.5395101220049756,0.5445629587173462,0.19006886055811922,0.16419438236951828,0.16419438236951828,0.19006886055811922,1.0,0.8932845744680851,0.8806515957446809,0.9463652480155864,0.9597739361702128,0.9040336881546264,0.9578900711333498,0.9923537234042553,0.9670877659574468,0.9913563829787234,0.9649822692921821,0.9257535458879268,0.9412677307078179,0.3952792553191489,0.648936170212766,0.3115026595744681,0.4966755319148936,0.6679964541120732,0.5714760638297872,0.41023936170212766,0.5272606382978723,0.47429078024752597,0.739804964750371,0.7907801416326077,0.1985815602968982,0.3832003543985651,0.3393173758336838,0.3429742908858238,0.41433953890141023,0.2198581560812098,0.8446365246113311,0.20589538996523998,0.4509086881546264,0.89425,0.876,0.955,0.965,0.9005,0.9745,0.99325,0.9735,0.99275,0.963,0.94525,0.9455,0.409,0.66675,0.29675,0.49075,0.662,0.55275,0.42675,0.57175,0.531,0.73225,0.82625,0.16425,0.4545,0.3615,0.342,0.39275,0.21875,0.839,0.15975,0.4875
52,1.0,0.54071791691983,0.5434378585815429,0.18276325026725201,0.1574962641596794,0.1574962641596794,0.18276325026725201,1.0,0.8986037234042553,0.8740026595744681,0.9454787234042553,0.9555629434737754,0.9066932626227115,0.9690824468085106,0.9912455671645225,0.9694148936170213,0.9909131203560119,0.9683067373772885,0.9258643617021277,0.9496897161006927,0.4031471631469879,0.6491578015241217,0.29133421975247403,0.5097517732610094,0.6715425531914894,0.5701462765957447,0.41888297872340424,0.5299202127659575,0.4746232270560366,0.711325354398565,0.7874556735475012,0.19847074468085107,0.3861923758336838,0.3368794325184315,0.38331117021276595,0.3980496452843889,0.22152038996523998,0.8578235817716476,0.2085549644333251,0.46099290790710046,0.89575,0.87875,0.961,0.96275,0.91075,0.97725,0.99475,0.974,0.991,0.96375,0.946,0.95025,0.42375,0.66675,0.29625,0.48425,0.66275,0.5775,0.42275,0.54675,0.4875,0.7195,0.8185,0.18075,0.4505,0.3235,0.32825,0.40825,0.20925,0.89225,0.18475,0.45125
53,1.0,0.5400895577795962,0.5447308211326599,0.18720188197937418,0.16019647300243378,0.16019647300243378,0.18720188197937418,1.0,0.8972739361702128,0.8766622340425532,0.9424867021276596,0.958554964750371,0.91179077993048,0.9635416668780307,0.989804964750371,0.9684175531914894,0.9920212765957447,0.9690824468085106,0.9220966309943097,0.9470301416326077,0.40203900698651657,0.6487145392184562,0.3142730495397081,0.49168882978723405,0.6668882978723404,0.5756870565262246,0.41101507081630384,0.5219414893617021,0.46431737567516085,0.7263962765957447,0.7890070924099456,0.21431737599220682,0.37788120577944084,0.3312278370907966,0.35904255319148937,0.3967198580503464,0.21730939711027958,0.8643617021276596,0.21786347523014596,0.45124113496313706,0.89625,0.8775,0.96375,0.9675,0.912,0.98225,0.99475,0.97075,0.99125,0.963,0.94375,0.94725,0.396,0.66675,0.3045,0.48475,0.6615,0.58225,0.45425,0.572,0.5285,0.72725,0.81625,0.19625,0.45625,0.34725,0.33025,0.4135,0.19925,0.853,0.16975,0.45225
54,1.0,0.5387049349064522,0.5405401864051819,0.17732754516157698,0.1630446873307228,0.1630446873307228,0.17732754516157698,1.0,0.8947251775163285,0.8815381203560119,0.944813829787234,0.9570035458879268,0.9078014182283524,0.9671985817716476,0.9936835106382979,0.9736258863134587,0.9936835106382979,0.9657579787234043,0.9357269501432459,0.9479166668780307,0.39782801429007913,0.6499335106382979,0.31748670212765956,0.49368351063829785,0.6714317376943345,0.570700354398565,0.4085771276595745,0.5176196808510638,0.45445478723404253,0.7191932626227115,0.7761524820581396,0.2046764183868753,0.3836436170212766,0.3259086879961034,0.36768617021276595,0.3957225176248145,0.2128767731024864,0.8599290778028205,0.21077127659574468,0.4434840425531915,0.89675,0.8805,0.96325,0.97275,0.9205,0.986,0.9935,0.97375,0.99225,0.95775,0.93625,0.94675,0.43125,0.66675,0.30275,0.4845,0.66325,0.55125,0.47875,0.57,0.466,0.719,0.8065,0.164,0.44625,0.3065,0.35075,0.398,0.1885,0.86325,0.15325,0.43275
55,1.0,0.5374793790756388,0.5397931141853333,0.17950572961188377,0.15855375373363495,0.15855375373363495,0.17950572961188377,1.0,0.8948359926964374,0.8856382978723404,0.9519060285801583,0.9535682626227115,0.9120124115588817,0.9719636522709055,0.9886968085106383,0.9703014182283524,0.9903590425531915,0.9644281914893617,0.9297429075900544,0.9440381203560119,0.40004432613545277,0.6503767732610094,0.32203014179113065,0.4966755319148936,0.6720966309943097,0.5741356382978723,0.4285239361702128,0.5342420212765957,0.46221187932694213,0.7136524820581396,0.756427305175903,0.21254432613545277,0.37976507081630384,0.3090647162592157,0.3851950355666749,0.37788120562091787,0.21575797872340424,0.8619237586538843,0.20600620562091787,0.4343971632262494,0.8955,0.8805,0.96025,0.97375,0.9065,0.98425,0.994,0.9705,0.99275,0.96575,0.94575,0.95,0.4065,0.66675,0.30975,0.48475,0.663,0.5515,0.44075,0.5695,0.5015,0.732,0.789,0.18025,0.45275,0.297,0.33275,0.374,0.204,0.8745,0.16875,0.43
56,1.0,0.5384629210259052,0.5415592803955078,0.1788056365987088,0.15563110077381134,0.15563110077381134,0.1788056365987088,1.0,0.896054964750371,0.8921764182283524,0.9493572692921821,0.9556737586538843,0.9093528370907966,0.9680851063829787,0.9905806735475012,0.9709663118453736,0.9936835106382979,0.9677526595744681,0.926529255319149,0.9480274820581396,0.41046099301348343,0.6494902480155864,0.3178191489361702,0.4967863474120485,0.6714317373772885,0.5733599288666502,0.4240913121624196,0.53679077993048,0.46963652492837704,0.7231826243248392,0.7798093969517566,0.21332003540815192,0.39261968085106386,0.3211436170212766,0.3761081559226868,0.37921099301348343,0.22152039012376298,0.8562721629092034,0.21243351063829788,0.4372783690056902,0.894,0.88225,0.96025,0.97175,0.91875,0.97425,0.9945,0.977,0.9925,0.96525,0.947,0.95075,0.41775,0.66675,0.30925,0.4825,0.663,0.54675,0.453,0.5725,0.521,0.72925,0.78775,0.19675,0.44125,0.31425,0.356,0.4055,0.20025,0.85725,0.178,0.434
57,1.0,0.539152111144776,0.5393632874488831,0.17313886299095255,0.15613226354122162,0.15613226354122162,0.17313886299095255,1.0,0.8927304966652647,0.8778812054623949,0.9492464541120732,0.9621010638297872,0.9110150711333498,0.9703014182283524,0.991688829787234,0.9767287234042553,0.9930186170212766,0.9677526595744681,0.9358377659574468,0.9480274820581396,0.40757978723404253,0.6491578012070758,0.29831560273119745,0.4912455674815685,0.6732047872340425,0.5740248224836715,0.4068040781198664,0.5274822696092281,0.4681959218801336,0.7330452127659575,0.7514406030482434,0.20423315604157904,0.3785460993964621,0.3245789006035379,0.39694148936170215,0.39029255319148937,0.22262854604644977,0.8551640073035626,0.2236258864719817,0.45113031914893614,0.8955,0.87675,0.963,0.9745,0.915,0.98275,0.9945,0.97875,0.9935,0.958,0.94775,0.94875,0.389,0.66675,0.302,0.48575,0.66225,0.54325,0.45825,0.5325,0.4685,0.7425,0.7775,0.168,0.44275,0.30725,0.34825,0.374,0.20175,0.88675,0.174,0.47525
58,1.0,0.5402494903574598,0.5437348747253418,0.17017242534363525,0.1528316695690155,0.1528316695690155,0.17017242534363525,1.0,0.896054964750371,0.8871897161006927,0.9541223404255319,0.965093085106383,0.9087987586538843,0.9677526595744681,0.9923537234042553,0.9762854607815438,0.992686170212766,0.9689716309943097,0.9289671987929242,0.9502437945376051,0.4003767729439634,0.6502659574468085,0.3038563829787234,0.4917996452843889,0.6697695033347353,0.5531914893617021,0.41799645395355023,0.5230496452843889,0.4679742908858238,0.723404255319149,0.751883865036863,0.21143617021276595,0.3829787234042553,0.3224734042553192,0.39029255319148937,0.39616578024752597,0.21786347523014596,0.8775487586538843,0.2138741135280183,0.46476063829787234,0.89575,0.87375,0.96225,0.9735,0.90825,0.97975,0.99475,0.98225,0.99425,0.96725,0.945,0.95325,0.4025,0.66675,0.29825,0.48575,0.66275,0.558,0.439,0.5675,0.501,0.73225,0.79475,0.19775,0.449,0.34,0.36425,0.413,0.2085,0.90125,0.1885,0.48375
59,1.0,0.5407492112606129,0.5422980990409851,0.17029891083849238,0.15617871749401094,0.15617871749401094,0.17029891083849238,1.0,0.893395390282286,0.8864140073035626,0.9519060285801583,0.9646498224836715,0.911679964750371,0.9660904255319149,0.9943484042553191,0.9730718085106383,0.9936835106382979,0.9710771276595744,0.9335106382978723,0.9482491136865413,0.40691489361702127,0.65070922006952,0.30906471641773875,0.4941267729439634,0.667220744680851,0.5647163121624196,0.412677304858857,0.5209441489361702,0.46221187932694213,0.7175310285801583,0.7585328012070758,0.21187943251843147,0.38541666656098467,0.32513297872340424,0.3560505319148936,0.4054742908858238,0.21320921975247403,0.882313829787234,0.20113031914893617,0.46199024801558636,0.89575,0.88225,0.965,0.977,0.916,0.98075,0.99275,0.96775,0.993,0.96775,0.9495,0.95325,0.425,0.66675,0.29225,0.48125,0.66075,0.55575,0.4495,0.565,0.507,0.7245,0.792,0.199,0.44775,0.314,0.31,0.40575,0.195,0.8955,0.169,0.469
60,1.0,0.5395111606476155,0.5402710480690003,0.17156649452257663,0.15447358053922652,0.15447358053922652,0.17156649452257663,1.0,0.8966090425531915,0.8897384753886689,0.9514627659574468,0.964095744680851,0.9091312054623949,0.9703014182283524,0.9905806735475012,0.976063829787234,0.9936835106382979,0.9690824468085106,0.9360593969517566,0.9452570924099456,0.4103501771992825,0.6496010638297872,0.306959219910997,0.4974512410290698,0.6678856382978723,0.5608377659574468,0.4203235814546017,0.5381205674815686,0.4548980495397081,0.723404255319149,0.7724955671645225,0.20733599285496043,0.3885195034932583,0.32613031914893614,0.3759973404255319,0.39339539012376296,0.21165780136559872,0.878656914893617,0.20511968085106383,0.4515735814546017,0.895,0.885,0.957,0.974,0.9085,0.98275,0.9945,0.9755,0.99525,0.9615,0.9425,0.9495,0.394,0.66675,0.29825,0.48625,0.659,0.5525,0.44575,0.55675,0.462,0.743,0.80125,0.17125,0.452,0.3055,0.33225,0.3695,0.196,0.89925,0.16425,0.48525
61,1.0,0.5369895081570808,0.538657666683197,0.17105729481641282,0.15551079720258712,0.15551079720258712,0.17105729481641282,1.0,0.892508865036863,0.8858599288666502,0.9520168437602672,0.9619902480155864,0.9054742905687778,0.9695257094312222,0.9943484042553191,0.9747340425531915,0.9933510638297872,0.9714095744680851,0.9289671987929242,0.949468085106383,0.3829787234042553,0.647052305175903,0.3081781914893617,0.4955673759922068,0.669991134963137,0.566156914893617,0.41345301429007913,0.535793439821994,0.45656028358226125,0.7252881203560119,0.7685062054623949,0.19802748221666255,0.3923980498567541,0.3257978723404255,0.3626994680851064,0.37300531914893614,0.2181959220386566,0.8762189714198417,0.2046764183868753,0.4649822692921821,0.89625,0.871,0.9615,0.9785,0.9125,0.988,0.996,0.98425,0.98975,0.96225,0.94525,0.946,0.394,0.6665,0.31475,0.48125,0.6615,0.54325,0.47125,0.56075,0.4545,0.739,0.79125,0.16075,0.44075,0.3125,0.3365,0.3495,0.1975,0.9035,0.15775,0.43475
62,1.0,0.5387324265977169,0.5416455154418945,0.17413562124079845,0.15168311160802841,0.15168311160802841,0.17413562124079845,1.0,0.8953900711333498,0.8867464541120732,0.9493572692921821,0.9621010638297872,0.9138962765957447,0.9677526595744681,0.9885859926964374,0.973404255319149,0.9913563829787234,0.9680851063829787,0.932845744680851,0.9444813829787234,0.39561170212765956,0.647938829787234,0.3132757091141762,0.4934618796439881,0.669104609717714,0.5760195036517813,0.42531028389930725,0.5341312054623949,0.46742021276595747,0.724179964750371,0.7695035458879268,0.2030141843443221,0.3960549644333251,0.3183732270560366,0.3431959218801336,0.3793218085106383,0.21365248229592404,0.8860815604950519,0.21143617021276595,0.44104609907941617,0.8945,0.8875,0.9665,0.96,0.9125,0.986,0.9945,0.97975,0.9935,0.96525,0.9465,0.951,0.40675,0.66675,0.304,0.4885,0.66225,0.58325,0.4585,0.58075,0.47625,0.729,0.8135,0.18075,0.44975,0.31975,0.32375,0.38475,0.20525,0.8975,0.1685,0.44975
63,1.0,0.5384858022344873,0.5414547786712647,0.17307324192308365,0.15717025381326674,0.15717025381326674,0.17307324192308365,1.0,0.8955008863134587,0.8829787234042553,0.9557845744680851,0.9602171987929242,0.9138962765957447,0.9685283690056903,0.9903590425531915,0.9766179075900544,0.991688829787234,0.9719636522709055,0.9267508863134587,0.949468085106383,0.4024822692921821,0.6501551416326077,0.3115026595744681,0.49833776595744683,0.6693262413461157,0.5787898936170213,0.42253989361702127,0.5306959221971795,0.45401152492837704,0.7129875884411183,0.7806959221971795,0.20456560288972042,0.3966090425531915,0.3201462765957447,0.3556072696092281,0.3868572696092281,0.22772606382978725,0.8875221629092034,0.21830673753581148,0.4471409574468085,0.89575,0.88175,0.9655,0.975,0.91525,0.9655,0.9945,0.9665,0.993,0.96925,0.95075,0.95275,0.3975,0.66675,0.3035,0.48275,0.661,0.578,0.4145,0.58575,0.51825,0.73225,0.80025,0.19375,0.45475,0.309,0.3095,0.38975,0.19875,0.88825,0.15975,0.475
64,1.0,0.5386759163217342,0.541381630897522,0.16470882050851557,0.1517929369211197,0.1517929369211197,0.16470882050851557,1.0,0.8999335106382979,0.8881870565262246,0.9533466309943097,0.9707446808510638,0.913563829787234,0.9709663118453736,0.9930186170212766,0.9757313829787234,0.9913563829787234,0.971520390282286,0.9284131203560119,0.9493572692921821,0.39250886535390894,0.6493794328354775,0.30496453890141023,0.4904698583673924,0.6684397161006927,0.5730274823751855,0.42021276595744683,0.5431072696092281,0.4725177307078179,0.71875,0.7764849288666502,0.20268173753581148,0.3974955674815685,0.3204787234042553,0.3598182626227115,0.36558067386454723,0.2098847517862599,0.8853058510638298,0.19581117021276595,0.45035461003476,0.898,0.885,0.9595,0.97675,0.92175,0.98675,0.99475,0.977,0.99275,0.9665,0.94325,0.948,0.42375,0.66675,0.304,0.48325,0.6595,0.54675,0.452,0.58,0.488,0.72825,0.82375,0.17125,0.45,0.305,0.31325,0.38675,0.19725,0.9035,0.1565,0.4465
65,1.0,0.5384096541303269,0.5416020426750183,0.16638788097399346,0.15109987658262253,0.15109987658262253,0.16638788097399346,1.0,0.8894060285801583,0.8923980498567541,0.9612145392184562,0.962322694824097,0.9169991136865413,0.9670877659574468,0.9912455671645225,0.9810505319148937,0.9903590425531915,0.972406914893617,0.9352836881546264,0.9489140073035626,0.38984929072730085,0.6509308510638298,0.3034131205145349,0.48758865227090553,0.6662234042553191,0.5701462765957447,0.43428634772909447,0.537677304858857,0.4627659574468085,0.7214095744680851,0.7635195033347353,0.19858156033652893,0.40425531914893614,0.31549202127659576,0.35460992918369616,0.38785461003476,0.21675531914893617,0.88054077993048,0.2091090425531915,0.4509086878375804,0.89825,0.8805,0.9695,0.95625,0.91375,0.989,0.995,0.97025,0.99325,0.9655,0.94925,0.9505,0.41225,0.66675,0.29425,0.4795,0.663,0.5535,0.49125,0.57175,0.5115,0.71775,0.8105,0.201,0.45575,0.32575,0.3205,0.39575,0.19325,0.89425,0.16325,0.438
66,1.0,0.5388623818438104,0.5387777647972107,0.1634448861029554,0.15140560483932494,0.15140560483932494,0.1634448861029554,1.0,0.897052305175903,0.898049645601435,0.9565602838993073,0.9591090425531915,0.9143395392184562,0.9813829787234043,0.9912455671645225,0.9785017732610094,0.9910239361702128,0.9700797872340425,0.9270833331219693,0.9486923756751608,0.3976063829787234,0.6496010638297872,0.30640514179113065,0.4894725179418604,0.669991134963137,0.5749113477290945,0.43605939726880255,0.5534131203560119,0.46620124134611574,0.7207446808510638,0.7799202127659575,0.21476063829787234,0.4073581559226868,0.3232491133694953,0.3747783690056902,0.3759973404255319,0.2112145390599332,0.8781028370907966,0.20722517735780555,0.4392730495397081,0.899,0.87975,0.9695,0.972,0.91475,0.9855,0.99525,0.978,0.99425,0.964,0.9445,0.94775,0.402,0.66675,0.30925,0.4825,0.66225,0.5585,0.47975,0.58075,0.4555,0.73375,0.81875,0.18075,0.453,0.3135,0.3275,0.368,0.1965,0.8965,0.16025,0.43425
67,1.0,0.5394762424712486,0.5377273135185242,0.15583961805764665,0.14879757702350616,0.14879757702350616,0.15583961805764665,1.0,0.8986037234042553,0.8895168437602672,0.9576684395049481,0.9637632978723404,0.9169991136865413,0.9729609926964374,0.991688829787234,0.9746232267389906,0.9936835106382979,0.9732934395049481,0.9352836881546264,0.9521276595744681,0.3918439717368877,0.6503767732610094,0.3055186170212766,0.5021054966652647,0.6716533690056903,0.571697694824097,0.4482491136865413,0.5397828012070758,0.453125,0.7272828012070758,0.7783687945376051,0.21897163115283277,0.40591755319148937,0.3265735814546017,0.3705673759922068,0.3755540781198664,0.2122118794854651,0.8825354607815438,0.19802748221666255,0.44503546109858977,0.897,0.88,0.97175,0.977,0.921,0.9875,0.99575,0.9805,0.9945,0.9635,0.9535,0.9515,0.38975,0.66675,0.3005,0.47975,0.6615,0.54225,0.51475,0.5545,0.4735,0.72625,0.7875,0.197,0.45275,0.30625,0.31075,0.36925,0.202,0.89925,0.17325,0.4285
68,1.0,0.5385664631711676,0.5400641016960144,0.15771372624217195,0.14854961884021758,0.14854961884021758,0.15771372624217195,1.0,0.9019281914893617,0.8880762413461157,0.9551196808510638,0.9656471629092034,0.9201019501432459,0.9721852838993073,0.9923537234042553,0.9792774820581396,0.9936835106382979,0.9736258863134587,0.9397163118453736,0.9496897161006927,0.39261968085106386,0.6509308510638298,0.3081781914893617,0.4966755319148936,0.6676640073035626,0.5618351063829787,0.4470301419496536,0.5397828015241217,0.4582225179418604,0.7198581562397328,0.7718306735475012,0.22063386519538594,0.4083554966652647,0.33233599301348343,0.3653590425531915,0.3744459218801336,0.20844414893617022,0.8765514182283524,0.20035460987623702,0.4504654255319149,0.895,0.8825,0.97,0.968,0.91775,0.9865,0.99525,0.9785,0.99675,0.967,0.94975,0.949,0.388,0.66675,0.298,0.48625,0.65975,0.54825,0.46,0.5875,0.48925,0.7355,0.78675,0.1975,0.45525,0.32425,0.3115,0.379,0.20025,0.892,0.153,0.45375
69,1.0,0.5390425945850129,0.5379295592308044,0.1578094627153366,0.14489147716760636,0.14489147716760636,0.1578094627153366,1.0,0.900820035249629,0.8879654255319149,0.9625443264524988,0.9664228723404256,0.9194370565262246,0.9763962765957447,0.9933510638297872,0.9762854607815438,0.9960106382978723,0.9749556735475012,0.9346187945376051,0.9519060285801583,0.39993351063829785,0.6502659574468085,0.30164007081630384,0.4915780139730332,0.6702127659574468,0.5537455671645225,0.4734042553191489,0.5364583331219693,0.4699689714198417,0.7225177307078179,0.7611923756751608,0.22007978723404256,0.4083554963482187,0.31704343982199407,0.3552748228007175,0.3798758866305047,0.21354166671950767,0.8815381203560119,0.1923758866305047,0.4401595744680851,0.89925,0.88175,0.97,0.977,0.9185,0.98425,0.99575,0.98525,0.994,0.96675,0.95275,0.95,0.39,0.66675,0.29875,0.48,0.66225,0.53425,0.48025,0.54925,0.498,0.73975,0.7745,0.20075,0.4485,0.2815,0.33475,0.3915,0.196,0.89825,0.16125,0.434
70,1.0,0.5387479498031291,0.5391190438270569,0.15852098682142318,0.14768764662742614,0.14768764662742614,0.15852098682142318,1.0,0.9011524820581396,0.8940602838993073,0.9622118796439881,0.972406914893617,0.9166666668780307,0.977947694824097,0.9943484042553191,0.9819370565262246,0.9933510638297872,0.9714095744680851,0.9434840425531915,0.9481382978723404,0.40104166687803067,0.6504875884411183,0.3025265957446808,0.4835992908858238,0.6701019501432459,0.5659352838993073,0.4382757091141762,0.5282579787234043,0.46199024801558636,0.7258421987929242,0.7572030139730331,0.21575797872340424,0.41356382978723405,0.31870567386454723,0.36414007081630384,0.38020833343901533,0.22905585106382978,0.8746675531914894,0.19392730501738,0.43018617021276595,0.8985,0.88,0.96525,0.97725,0.92625,0.987,0.99525,0.98775,0.99525,0.963,0.95,0.94425,0.41925,0.66625,0.29875,0.483,0.66075,0.56925,0.4595,0.57525,0.482,0.73525,0.7945,0.188,0.4535,0.30875,0.333,0.36125,0.20575,0.8785,0.153,0.43825
71,1.0,0.5363419835871839,0.540149884223938,0.1567577026942943,0.1439030414223671,0.1439030414223671,0.1567577026942943,1.0,0.897052305175903,0.8880762413461157,0.9589982267389906,0.9711879434737754,0.915447694824097,0.9763962765957447,0.9930186170212766,0.9736258863134587,0.9940159574468085,0.9711879434737754,0.9391622340425532,0.9485815604950519,0.3810948580503464,0.6504875884411183,0.2979831559226868,0.4951241136865413,0.6667774823751855,0.5728058510638298,0.41843971641773875,0.5417774823751855,0.44093528389930725,0.723404255319149,0.7667331562397328,0.2138741135280183,0.41145833343901533,0.31837322689751363,0.375,0.36391843982199407,0.22717198586844384,0.86491577993048,0.19215425531914893,0.44270833343901533,0.89775,0.8865,0.97075,0.96775,0.91375,0.99125,0.996,0.9865,0.99425,0.96625,0.945,0.94975,0.38975,0.6665,0.30175,0.48575,0.66125,0.55425,0.48375,0.582,0.4675,0.7335,0.78775,0.2005,0.44525,0.30975,0.374,0.37375,0.201,0.867,0.1555,0.44025
72,1.0,0.5363762645011253,0.5404121990203857,0.1599949207553204,0.14561167460680008,0.14561167460680008,0.1599949207553204,1.0,0.9004875884411183,0.8948359926964374,0.9609929075900544,0.9666445033347353,0.9150044328354775,0.9809397161006927,0.9903590425531915,0.9793882978723404,0.9943484042553191,0.9728501775163285,0.9353945033347353,0.948470744680851,0.3810948580503464,0.650820035249629,0.29942375881240724,0.49013741155888174,0.6679964541120732,0.5552969857099208,0.46099290790710046,0.511968085106383,0.46320922006952003,0.7290558510638298,0.769281914893617,0.21664450365178128,0.390625,0.3107269504602919,0.3689051419496536,0.3911790778028204,0.2074468085106383,0.8700132978723404,0.19270833335975382,0.43229166687803067,0.89725,0.88075,0.97,0.97075,0.9155,0.9885,0.994,0.98375,0.995,0.9675,0.94325,0.95225,0.4065,0.66675,0.29525,0.47975,0.6625,0.54325,0.51675,0.58925,0.50775,0.73825,0.79175,0.21775,0.44325,0.29325,0.3655,0.36775,0.2,0.88575,0.15575,0.4405
73,1.0,0.537744865772572,0.5391025953292846,0.1563505377382674,0.14378611773252487,0.14378611773252487,0.1563505377382674,1.0,0.9001551416326077,0.8873005319148937,0.9544547872340425,0.9624335106382979,0.9155585106382979,0.9753989361702128,0.9920212765957447,0.9803856382978723,0.9943484042553191,0.9747340425531915,0.9339539009205838,0.9516843969517566,0.4051418440773132,0.6491578012070758,0.3029698580503464,0.4919104607815438,0.6695478723404256,0.5555186170212766,0.44304078024752597,0.5453235817716476,0.4675310285801583,0.7262854607815438,0.7629654255319149,0.22451241124183574,0.3928413118453736,0.31117021276595747,0.3767730498567541,0.3755540779613434,0.20921985816923863,0.875,0.18450797872340424,0.42819148936170215,0.8985,0.8935,0.97125,0.975,0.91475,0.98775,0.995,0.9815,0.992,0.969,0.95,0.94975,0.42775,0.6665,0.28675,0.47975,0.66225,0.544,0.4765,0.56225,0.5135,0.73725,0.7815,0.2105,0.45225,0.28575,0.3285,0.3775,0.1895,0.898,0.15175,0.42575
74,1.0,0.537419189163979,0.5393505258560181,0.15435584388831827,0.1399370990395546,0.1399370990395546,0.15435584388831827,1.0,0.9010416668780307,0.9022606382978723,0.961436170212766,0.9675310285801583,0.9245345744680851,0.973404255319149,0.9936835106382979,0.9766179075900544,0.992686170212766,0.9727393617021277,0.933843085106383,0.951241134963137,0.4044769501432459,0.6478280139730331,0.2845744680851064,0.49545656017800593,0.6732047872340425,0.5632757094312222,0.43129432613545277,0.5246010638297872,0.46908244680851063,0.7245124115588817,0.7618572692921821,0.23503989361702127,0.40591755319148937,0.3086214537950272,0.3847517729439634,0.3718971632262494,0.21099290774857743,0.883200354398565,0.18661347523014596,0.4333998228007175,0.8985,0.886,0.96875,0.97625,0.9245,0.98675,0.996,0.97925,0.996,0.9685,0.951,0.951,0.40425,0.66675,0.29125,0.481,0.66225,0.556,0.4395,0.5765,0.46925,0.74825,0.79175,0.22425,0.44625,0.30825,0.34975,0.3805,0.20925,0.90425,0.14975,0.4505
75,1.0,0.5369653733486824,0.5381899724006652,0.14973178743682009,0.14343067651987076,0.14343067651987076,0.14973178743682009,1.0,0.8947251775163285,0.8927304966652647,0.9636524820581396,0.9717420212765957,0.918218085106383,0.979720744680851,0.9933510638297872,0.980718085106383,0.9962322692921821,0.9710771276595744,0.9355053191489362,0.9510195033347353,0.39782801429007913,0.6474955671645225,0.30086436170212766,0.4931294325184315,0.671875,0.5634973404255319,0.41910461003476,0.5406693264524988,0.44913563829787234,0.7294991136865413,0.7515514182283524,0.24578900714503957,0.3987145392184562,0.3109485814546017,0.3640292553191489,0.36569148936170215,0.2269503545570881,0.8846409574468085,0.19060283689264287,0.443927304858857,0.89775,0.893,0.97175,0.977,0.91475,0.98825,0.9955,0.97875,0.992,0.96625,0.947,0.95175,0.4115,0.66675,0.302,0.48,0.66225,0.555,0.4575,0.56,0.46175,0.73725,0.77025,0.2085,0.442,0.28875,0.34175,0.4005,0.2055,0.89875,0.15275,0.43
76,1.0,0.5370908588805097,0.5371155567169189,0.15570758069132237,0.13970719850063323,0.13970719850063323,0.15570758069132237,1.0,0.8993794328354775,0.8969414893617021,0.960549645601435,0.9667553191489362,0.9168882978723404,0.9778368796439881,0.9929078012070758,0.9787234042553191,0.9936835106382979,0.97429077993048,0.9394946808510638,0.94758422006952,0.40148492918369616,0.6473847519844136,0.3042996452843889,0.4903590425531915,0.674645390282286,0.5622783690056903,0.42531028358226125,0.5428856382978723,0.44891400698651657,0.7259530139730331,0.7632978723404256,0.2381427303907719,0.3996010638297872,0.30751329787234044,0.3683510638297872,0.37666223404255317,0.21298758859964126,0.8802083331219693,0.19160017735780555,0.4380540781198664,0.9,0.893,0.96975,0.9805,0.91825,0.9875,0.9955,0.983,0.995,0.96775,0.95475,0.94925,0.402,0.6665,0.293,0.48225,0.6625,0.55175,0.439,0.5585,0.47825,0.741,0.7955,0.22275,0.45075,0.291,0.32025,0.3655,0.1985,0.903,0.15875,0.44325
77,1.0,0.5366321637275371,0.5393787016868591,0.1477105180792352,0.14140367513895036,0.14140367513895036,0.1477105180792352,1.0,0.9012632978723404,0.8982712765957447,0.9653147161006927,0.9740691489361702,0.9202127659574468,0.9785017732610094,0.9932402480155864,0.9820478723404256,0.9946808510638298,0.976063829787234,0.9375,0.9479166668780307,0.3870789006035379,0.648825354398565,0.28523936170212766,0.48836436170212766,0.6678856382978723,0.551529255319149,0.4121232270560366,0.5290336881546264,0.46863918450284514,0.72883422006952,0.7787012413461157,0.24102393617021275,0.39228723404255317,0.3147163121624196,0.3680186170212766,0.3690159574468085,0.21797429088582385,0.8866356382978723,0.19281914893617022,0.4454787234042553,0.898,0.88775,0.97225,0.9745,0.91525,0.98925,0.995,0.9825,0.99425,0.9695,0.9485,0.953,0.38675,0.66525,0.2985,0.48275,0.66225,0.5425,0.46875,0.58375,0.487,0.7475,0.81725,0.2105,0.4515,0.3045,0.3465,0.3675,0.20675,0.9035,0.15925,0.43725
78,1.0,0.5388172757118306,0.5353227438926697,0.14762373522241065,0.14331323474645616,0.14331323474645616,0.14762373522241065,1.0,0.9010416668780307,0.9004875884411183,0.960438829787234,0.9700797872340425,0.9223182626227115,0.9823803191489362,0.9932402480155864,0.9813829787234043,0.9942375884411183,0.9749556735475012,0.9391622340425532,0.9498005319148937,0.3864140071450396,0.6468306738645473,0.2980939717368877,0.49113475198441364,0.6706560285801583,0.5559618796439881,0.43882978723404253,0.5387854607815438,0.4519060282631123,0.7176418437602672,0.7815824468085106,0.2419104609400668,0.3839760638297872,0.3194813829787234,0.37211879422055916,0.38641400698651657,0.21963652476985404,0.8868572692921821,0.20667109923793914,0.44171099301348343,0.899,0.883,0.96425,0.9835,0.92325,0.98925,0.995,0.98275,0.9965,0.9655,0.952,0.95225,0.39275,0.66675,0.29325,0.47925,0.66275,0.54775,0.4665,0.54925,0.4895,0.74375,0.78875,0.2185,0.437,0.27525,0.31075,0.3855,0.196,0.9035,0.16425,0.43725
79,1.0,0.5374958603940112,0.534345787525177,0.14672025102884212,0.1440044718980789,0.1440044718980789,0.14672025102884212,1.0,0.897052305175903,0.8984929075900544,0.9622118796439881,0.9747340425531915,0.9202127659574468,0.9799423756751608,0.9946808510638298,0.9830452127659575,0.9940159574468085,0.9740691489361702,0.9373891841857991,0.9533466309943097,0.39716312067305787,0.6462765957446809,0.30308067386454723,0.4961214541120732,0.6696586881546264,0.5463209221971795,0.4287455674815685,0.5407801419496536,0.47395833343901533,0.7179742905687778,0.7814716309943097,0.24479166656098467,0.3945035462049728,0.3042996452843889,0.36103723404255317,0.3771054963482187,0.21254432629397574,0.8810948583673923,0.19148936170212766,0.4410460993964621,0.9,0.88375,0.9725,0.983,0.9195,0.99225,0.995,0.98125,0.99525,0.96525,0.955,0.95125,0.40725,0.66675,0.2945,0.4805,0.6635,0.5325,0.47625,0.55825,0.472,0.73375,0.81075,0.2245,0.4515,0.283,0.30825,0.3545,0.19875,0.89975,0.14825,0.4385
80,1.0,0.5369654659261095,0.5403592987060547,0.1459206446529703,0.137569131731987,0.137569131731987,0.1459206446529703,1.0,0.9053634753886689,0.895279255319149,0.9673093969517566,0.973404255319149,0.9178856382978723,0.9823803191489362,0.9936835106382979,0.9810505319148937,0.9936835106382979,0.973404255319149,0.9413785458879268,0.9496897161006927,0.40048758875816426,0.6462765957446809,0.3025265957446808,0.48736702127659576,0.6683289009205838,0.5562943264524988,0.43617021276595747,0.5289228723404256,0.46420656017800593,0.7312721629092034,0.7785904255319149,0.25044326230566555,0.4027039006035379,0.31172429072730085,0.3568262410290698,0.3752216313113558,0.21941489361702127,0.8848625884411183,0.1841755319148936,0.43351063829787234,0.8985,0.89625,0.9695,0.9795,0.9205,0.98925,0.99525,0.9815,0.99475,0.9685,0.95175,0.953,0.41675,0.66675,0.297,0.4825,0.66175,0.5445,0.4435,0.56875,0.50075,0.743,0.79525,0.23625,0.4525,0.31525,0.322,0.39975,0.20875,0.89325,0.149,0.446
81,1.0,0.537542128816564,0.5381794414520263,0.1412576268169474,0.14198343867063523,0.14198343867063523,0.1412576268169474,1.0,0.9045877659574468,0.9029255319148937,0.9681959221971795,0.9700797872340425,0.9185505319148937,0.9813829787234043,0.993572694824097,0.9813829787234043,0.9966755319148937,0.9763962765957447,0.9419326243248392,0.9496897161006927,0.38541666656098467,0.6482712765957447,0.2989804963482187,0.4904698583673924,0.6702127659574468,0.5576241136865413,0.4084663121624196,0.5355718085106383,0.4841533690056902,0.72883422006952,0.7813608158142009,0.2623005319148936,0.41988031914893614,0.3175975176248145,0.3572695034932583,0.38076241124183574,0.2247340425531915,0.8830895392184562,0.18129432613545277,0.44248670212765956,0.8965,0.896,0.96675,0.98225,0.9155,0.98825,0.99475,0.98575,0.9945,0.96875,0.95225,0.952,0.396,0.66675,0.29625,0.482,0.6615,0.531,0.48375,0.5695,0.5065,0.7375,0.8155,0.25725,0.4515,0.2835,0.33525,0.38475,0.196,0.89775,0.1485,0.42725
82,1.0,0.5377002650118888,0.5363323884010315,0.1430821143724817,0.13987683454155922,0.13987683454155922,0.1430821143724817,1.0,0.899822694824097,0.902593085106383,0.9624335106382979,0.9750664893617021,0.9251994680851063,0.97883422006952,0.992686170212766,0.980718085106383,0.9960106382978723,0.9767287234042553,0.9427083331219693,0.9511303191489362,0.4089095744680851,0.6492686170212766,0.2898936170212766,0.4841533686886442,0.673758865036863,0.5531914893617021,0.43118351063829785,0.5300310285801583,0.4685283686886442,0.721520390282286,0.7788120565262246,0.2570921984758783,0.40757978723404253,0.31449468085106386,0.3775487589709302,0.37433510638297873,0.20921985820886937,0.8820921987929242,0.1820700354874134,0.43550531914893614,0.89875,0.8855,0.97625,0.9835,0.9185,0.98375,0.996,0.98875,0.995,0.969,0.95425,0.95225,0.399,0.6665,0.2985,0.478,0.662,0.53875,0.449,0.55075,0.49575,0.73425,0.7835,0.22525,0.44875,0.28775,0.32825,0.36575,0.20575,0.904,0.14825,0.43
83,1.0,0.5380302090594109,0.5351752390861512,0.13995919776882262,0.1427829259634018,0.1427829259634018,0.13995919776882262,1.0,0.9058067373772885,0.901595744680851,0.9667553191489362,0.9729609926964374,0.9216533690056903,0.9813829787234043,0.9956781914893617,0.9823803191489362,0.9960106382978723,0.9735150711333498,0.939383865036863,0.9529033690056903,0.3890735814546017,0.646054964750371,0.31161347507162296,0.4870345744680851,0.6703235817716476,0.5583998228007174,0.4210992908858238,0.5467641841857991,0.47318262432483915,0.7228501775163285,0.7746010638297872,0.24623226945070512,0.4094636525879515,0.3137189715783647,0.3773271276595745,0.38120567354750123,0.21941489361702127,0.8885195033347353,0.18871897157836467,0.4490248228007175,0.901,0.892,0.97275,0.98375,0.92525,0.99025,0.994,0.98025,0.99475,0.9685,0.94975,0.9535,0.4135,0.6665,0.29825,0.47875,0.66275,0.53575,0.465,0.56725,0.48775,0.7285,0.806,0.25275,0.4535,0.2795,0.3175,0.38475,0.192,0.89625,0.15,0.42825
84,1.0,0.53632826627569,0.5346210832595826,0.14226733679150014,0.13929297006130217,0.13929297006130217,0.14226733679150014,1.0,0.9051418437602672,0.903479609717714,0.9627659574468085,0.9730718085106383,0.9243129434737754,0.9777260638297872,0.9966755319148937,0.9802748224836715,0.9956781914893617,0.9736258863134587,0.9377216309943097,0.9524601063829787,0.3809840425531915,0.6492686170212766,0.30740248221666255,0.49013741124183574,0.6713209221971795,0.5507535458879268,0.4097960993964621,0.5407801419496536,0.4529033690056902,0.7283909574468085,0.7824689714198417,0.24966755319148937,0.42154255319148937,0.31438386535390894,0.36513741124183574,0.3634751771992825,0.21143617021276595,0.8806515957446809,0.1751994680851064,0.4591090425531915,0.89925,0.88825,0.97925,0.98125,0.91925,0.989,0.9955,0.988,0.99575,0.9705,0.95125,0.951,0.38475,0.6665,0.2875,0.481,0.662,0.53775,0.44625,0.5655,0.50425,0.72325,0.80475,0.2265,0.45625,0.2845,0.31325,0.345,0.20175,0.90125,0.1505,0.43475
85,1.0,0.5357158583529452,0.5387596306800843,0.14454286541551986,0.13320036071538927,0.13320036071538927,0.14454286541551986,1.0,0.9032579787234043,0.9061391841857991,0.9642065604950519,0.9729609926964374,0.9220966309943097,0.9832668437602672,0.9943484042553191,0.9847074468085106,0.9943484042553191,0.9739583331219693,0.9373891841857991,0.9504654255319149,0.3810948583673924,0.6457225179418604,0.2931072694507051,0.4787234042553192,0.6717641841857991,0.5611702127659575,0.4072473404255319,0.5242686170212766,0.46320922006952003,0.7296099288666502,0.7902260638297872,0.24124556748156853,0.4011524823751855,0.30507535463634955,0.3523936170212766,0.37101063829787234,0.2165336879961034,0.885970744680851,0.19215425531914893,0.44171099301348343,0.8965,0.88975,0.97125,0.97525,0.91925,0.98675,0.9955,0.99475,0.99625,0.97,0.951,0.95175,0.3735,0.66675,0.29525,0.488,0.6625,0.55125,0.38775,0.569,0.495,0.7415,0.82325,0.2195,0.45575,0.286,0.352,0.357,0.21325,0.89975,0.152,0.452
86,1.0,0.5377384899778569,0.5385279579162597,0.1440662981030789,0.13082012552022934,0.13082012552022934,0.1440662981030789,1.0,0.8993794328354775,0.9046985817716476,0.9654255319148937,0.96875,0.9204343969517566,0.9799423756751608,0.995345744680851,0.9810505319148937,0.9943484042553191,0.9763962765957447,0.940270390282286,0.9513519501432459,0.3959441489361702,0.6456117021276596,0.3017508866305047,0.4913563829787234,0.6725398936170213,0.5545212765957447,0.4277482270560366,0.5341312057794408,0.4747340425531915,0.722406914893617,0.7898936170212766,0.2440159574468085,0.40070921975247403,0.3076241133694953,0.37145390092058383,0.3791001771992825,0.2252881205145349,0.8763297872340425,0.18650265957446807,0.4372783690056902,0.89925,0.8875,0.96425,0.97625,0.91975,0.9955,0.99625,0.9925,0.995,0.97275,0.95175,0.954,0.398,0.6665,0.3025,0.48475,0.6625,0.54175,0.459,0.5675,0.4735,0.7325,0.81425,0.245,0.44575,0.30725,0.35775,0.347,0.2115,0.89275,0.15575,0.4425
87,1.0,0.5370995871564175,0.5399428281784058,0.14497073153232007,0.13414268311858177,0.13414268311858177,0.14497073153232007,1.0,0.9053634753886689,0.9100177307078179,0.961325354398565,0.9694148936170213,0.9226507094312222,0.9803856382978723,0.9933510638297872,0.9818262413461157,0.9960106382978723,0.9726285458879268,0.9409352838993073,0.9500221629092034,0.3957225176248145,0.6490469860269669,0.30263741124183574,0.4945700355666749,0.6678856382978723,0.5564051419496536,0.4175531914893617,0.523936170212766,0.4638741136865413,0.7321586881546264,0.7881205671645225,0.2393617021276596,0.397052304858857,0.30474290790710046,0.3712322694507051,0.38020833343901533,0.21575797872340424,0.8758865246113311,0.19769503540815192,0.44658687932694213,0.8995,0.88925,0.976,0.98075,0.91175,0.993,0.99725,0.98675,0.99425,0.9675,0.95125,0.94925,0.4065,0.66675,0.30375,0.48375,0.6615,0.536,0.47825,0.5715,0.497,0.74525,0.81175,0.2265,0.44025,0.28375,0.336,0.39075,0.20025,0.893,0.14725,0.43075
88,1.0,0.5377002301368308,0.5395468640327453,0.1401467293976469,0.13352446520328523,0.13352446520328523,0.1401467293976469,1.0,0.8974955671645225,0.9130097519844136,0.9686391841857991,0.9732934395049481,0.9138962765957447,0.9830452127659575,0.9920212765957447,0.9817154255319149,0.993572694824097,0.9773936170212766,0.9427083331219693,0.9489140073035626,0.4073581559226868,0.6496010638297872,0.29986702127659576,0.49069148936170215,0.6688829787234043,0.5460992908858239,0.43550531914893614,0.5374556735475012,0.4701906028897204,0.7310505319148937,0.7862367021276596,0.24612145379502723,0.39893617021276595,0.3054078013655987,0.3625886525879515,0.37466755319148937,0.2128767729439634,0.8728945033347353,0.19326241140035874,0.4352836878375804,0.902,0.8895,0.97425,0.97975,0.92675,0.991,0.996,0.985,0.9945,0.9705,0.9515,0.95275,0.41425,0.6665,0.29925,0.48375,0.66275,0.5325,0.49125,0.569,0.508,0.7435,0.81375,0.226,0.45025,0.28075,0.33075,0.38275,0.203,0.8895,0.1565,0.4295
89,1.0,0.5379357927657188,0.5406653184890747,0.1393558589067865,0.13143633645772934,0.13143633645772934,0.1393558589067865,1.0,0.9030363477290945,0.9019281914893617,0.9677526595744681,0.9703014182283524,0.9267508863134587,0.9830452127659575,0.9976728723404256,0.9839317373772885,0.9933510638297872,0.9747340425531915,0.9370567373772885,0.9511303191489362,0.39306294315672935,0.6456117021276596,0.297761524769854,0.49069148936170215,0.6709884753886689,0.5466533686886442,0.4298537234042553,0.5365691489361702,0.46420656017800593,0.7246232267389906,0.7952127659574468,0.24468085106382978,0.38996010638297873,0.31804077993047997,0.3772163121624196,0.3803191489361702,0.21697695046029192,0.8671320924099456,0.18284574468085107,0.43550531914893614,0.9005,0.89225,0.976,0.981,0.92175,0.99275,0.99475,0.9875,0.99675,0.973,0.95,0.95425,0.40575,0.66675,0.30175,0.483,0.6625,0.54775,0.45425,0.58875,0.525,0.7415,0.818,0.22,0.44675,0.29325,0.3585,0.41525,0.2025,0.88875,0.1505,0.44025
90,1.0,0.5366592223339892,0.5367943749427796,0.1331577604596919,0.13347102653980256,0.13347102653980256,0.1331577604596919,1.0,0.9059175531914894,0.9070257094312222,0.9699689714198417,0.9767287234042553,0.9327349288666502,0.9822695033347353,0.9956781914893617,0.9813829787234043,0.9933510638297872,0.9744015957446809,0.9454787234042553,0.9527925531914894,0.3955008866305047,0.6456117021276596,0.30186170212765956,0.48371010638297873,0.6683289009205838,0.5452127659574468,0.4171099290251732,0.5298093972688026,0.46620124134611574,0.7276152480155864,0.7839095744680851,0.2451241135280183,0.40048758875816426,0.3083998228007175,0.35893173769433445,0.3857491133694953,0.21620124118759276,0.8767730498567541,0.18982712765957446,0.4359485814546017,0.89975,0.895,0.97925,0.98325,0.912,0.9915,0.9955,0.9915,0.99575,0.9715,0.953,0.955,0.3915,0.66675,0.29775,0.482,0.662,0.5425,0.444,0.55875,0.498,0.74575,0.815,0.22525,0.4475,0.304,0.33175,0.36175,0.2035,0.89075,0.1575,0.44075
91,1.0,0.5360377709916297,0.5372130937576294,0.13390229785061897,0.13222075128555297,0.13222075128555297,0.13390229785061897,1.0,0.9024822692921821,0.909020390282286,0.9690824468085106,0.9736258863134587,0.9230939714198417,0.9853723404255319,0.9966755319148937,0.9792774820581396,0.9946808510638298,0.9783909574468085,0.9441489361702128,0.9540115246113311,0.3981604607815438,0.6432845744680851,0.28956117021276595,0.48404255319148937,0.6703235817716476,0.5479831562397328,0.421875,0.5402260638297872,0.4676418440773132,0.7350398936170213,0.7958776595744681,0.2556515957446808,0.4152260638297872,0.3099512410290698,0.3576019504602919,0.3793218085106383,0.22030141846613682,0.8696808510638298,0.18982712765957446,0.44071365227090553,0.8995,0.899,0.97875,0.98075,0.92225,0.99375,0.996,0.988,0.99425,0.971,0.95475,0.95225,0.41,0.66675,0.28125,0.48125,0.6625,0.51575,0.46625,0.56,0.4985,0.73425,0.82925,0.23175,0.4445,0.28775,0.325,0.379,0.20175,0.885,0.15325,0.44025
92,1.0,0.5358130291421362,0.5374429311752319,0.13227493545793473,0.1369134443998337,0.1369134443998337,0.13227493545793473,1.0,0.9059175531914894,0.9091312054623949,0.9716312054623949,0.9744015957446809,0.9290780139730331,0.9839317373772885,0.9946808510638298,0.9853723404255319,0.995345744680851,0.9753989361702128,0.9460328012070758,0.9486923756751608,0.39151152492837704,0.6448359926964374,0.2866799644333251,0.49700797872340424,0.6703235817716476,0.5438829787234043,0.4144503547156111,0.5258200355666749,0.47983156049505193,0.7338209221971795,0.788674645601435,0.24822695046029192,0.4109042553191489,0.31870567386454723,0.35161790790710046,0.3706781914893617,0.21509308510638298,0.8740026595744681,0.18461879437908213,0.4554521276595745,0.898,0.9,0.9775,0.986,0.92425,0.99375,0.99575,0.98725,0.9885,0.96925,0.9515,0.95325,0.4205,0.6665,0.291,0.47975,0.65925,0.51625,0.464,0.52025,0.497,0.73325,0.8145,0.233,0.4485,0.30325,0.31025,0.361,0.1975,0.89125,0.1485,0.46575
93,1.0,0.536353939391197,0.5373237452507019,0.13855572353969228,0.13574956458806992,0.13574956458806992,0.13855572353969228,1.0,0.9058067373772885,0.904366134963137,0.9654255319148937,0.9727393617021277,0.9173315604950519,0.9827127659574468,0.9936835106382979,0.9861480498567541,0.9923537234042553,0.9757313829787234,0.9431515957446809,0.9517952127659575,0.4068040781198664,0.6446143617021277,0.2866799645918481,0.4886968085106383,0.6694370565262246,0.5392287234042553,0.403479609717714,0.5261524820581396,0.4790558510638298,0.7291666668780307,0.7843528370907966,0.25243794315672935,0.4157801419496536,0.3249113474120485,0.36458333343901533,0.37411347538866896,0.20345744680851063,0.8788785458879268,0.18495124114796202,0.45933067386454723,0.89975,0.9,0.97875,0.9805,0.929,0.9935,0.995,0.99175,0.99425,0.9695,0.95025,0.951,0.43725,0.6655,0.28625,0.4785,0.6625,0.52525,0.44375,0.56575,0.51625,0.7435,0.8185,0.23625,0.455,0.2895,0.3135,0.34775,0.195,0.89475,0.15,0.44075
94,1.0,0.5366892301021738,0.5364183244705201,0.1344159702037243,0.13863516557216643,0.13863516557216643,0.1344159702037243,1.0,0.9020390073035626,0.9076906030482434,0.9709663118453736,0.9753989361702128,0.9235372340425532,0.9830452127659575,0.9943484042553191,0.9882535458879268,0.9950132978723404,0.9746232267389906,0.9397163118453736,0.9488031914893617,0.40148492918369616,0.6456117021276596,0.2954343971102796,0.4884751775163285,0.6710992905687778,0.540447694824097,0.40757978723404253,0.526595744680851,0.48160461003476,0.7278368796439881,0.8003102838993073,0.2535460993964621,0.4164450355666749,0.3265735814546017,0.3496232270560366,0.3683510638297872,0.21354166671950767,0.8752216309943097,0.18517287234042554,0.456781914893617,0.899,0.895,0.98025,0.98275,0.927,0.9905,0.99475,0.98625,0.99425,0.96725,0.95125,0.948,0.42325,0.6665,0.29375,0.47675,0.663,0.5095,0.44275,0.53775,0.5175,0.7415,0.8315,0.25875,0.4495,0.296,0.27175,0.375,0.192,0.90375,0.153,0.4295
95,1.0,0.5379558383150304,0.5390941534042358,0.13130390247766008,0.13080464172363282,0.13080464172363282,0.13130390247766008,1.0,0.897938829787234,0.9091312054623949,0.9747340425531915,0.9773936170212766,0.9281914893617021,0.9823803191489362,0.9936835106382979,0.989029255319149,0.9946808510638298,0.979720744680851,0.9420434395049481,0.9523492905687778,0.39971187932694213,0.64616577993048,0.30263741124183574,0.47983156017800593,0.6703235817716476,0.5394503547156111,0.40336879422055916,0.5281471632262493,0.4698581559226868,0.7152039009205838,0.7912234042553191,0.2609707446808511,0.4132313829787234,0.3232491133694953,0.35217198570992087,0.37699468085106386,0.23127216306772638,0.8886303191489362,0.19137854620497277,0.46531471641773875,0.89675,0.89775,0.97675,0.983,0.9175,0.99075,0.994,0.992,0.99625,0.97125,0.9535,0.954,0.39075,0.6665,0.3035,0.47975,0.6615,0.527,0.4235,0.5575,0.516,0.7405,0.81075,0.2495,0.451,0.31525,0.3055,0.3875,0.20175,0.8995,0.15475,0.479
96,1.0,0.5379601621881445,0.5392372312545777,0.13170894988356752,0.13247059053182603,0.13247059053182603,0.13170894988356752,1.0,0.9064716309943097,0.9156693264524988,0.9726285458879268,0.9748448583673923,0.9284131203560119,0.9822695033347353,0.9940159574468085,0.986258865036863,0.9980053191489362,0.9777260638297872,0.9376108158142009,0.9520168437602672,0.4046985814546017,0.644281914893617,0.3119459218801336,0.4891400711333498,0.6705452127659575,0.5382313829787234,0.4052526595744681,0.520279255319149,0.4767287234042553,0.7299423756751608,0.7870124115588817,0.25631648936170215,0.4113475176248145,0.3283466313113558,0.3496232270560366,0.38020833343901533,0.20999556732304553,0.8890735817716476,0.18605939711027958,0.45124113464609106,0.899,0.8935,0.975,0.9805,0.924,0.983,0.9945,0.9885,0.9955,0.97175,0.95275,0.954,0.4215,0.66625,0.29925,0.481,0.6625,0.5325,0.42275,0.558,0.529,0.74,0.818,0.2425,0.45225,0.297,0.313,0.39375,0.19425,0.90075,0.15475,0.43725
97,1.0,0.5377297927724555,0.5383706035614013,0.13101367390853294,0.13308143264055253,0.13308143264055253,0.13101367390853294,1.0,0.9040336881546264,0.9095744680851063,0.9717420212765957,0.9753989361702128,0.9286347519844136,0.986258865036863,0.9946808510638298,0.9847074468085106,0.9946808510638298,0.9781693264524988,0.9452570924099456,0.9530141841857991,0.41633421975247403,0.6445035458879268,0.30851063829787234,0.4941267732610094,0.6714317373772885,0.5412234042553191,0.4398271276595745,0.5243794328354775,0.4768395392184562,0.7196365246113311,0.7843528370907966,0.2507757091141762,0.4085771276595745,0.30939716306772636,0.34519060273119745,0.3787677303907719,0.21110372340425532,0.8855274820581396,0.18650265957446807,0.43118351063829785,0.8995,0.89225,0.976,0.9755,0.921,0.992,0.99525,0.9925,0.99675,0.97375,0.953,0.95225,0.40725,0.66575,0.30475,0.48275,0.6625,0.51875,0.49175,0.57675,0.515,0.73975,0.83025,0.219,0.4515,0.30275,0.31475,0.39275,0.1965,0.89675,0.1505,0.4305
98,1.0,0.5377437681593793,0.536557834148407,0.12915065817217877,0.1320980478823185,0.1320980478823185,0.12915065817217877,1.0,0.9061391841857991,0.9119015957446809,0.9759530139730331,0.9780585106382979,0.9258643617021277,0.9823803191489362,0.9966755319148937,0.9879210990794162,0.995345744680851,0.9773936170212766,0.9438164893617021,0.9522384753886689,0.39738475166736764,0.6458333331219693,0.3112810282631123,0.4978945033347353,0.6726507094312222,0.5290336881546264,0.4287455674815685,0.5305851063829787,0.4994459221971796,0.7314937945376051,0.8080673756751608,0.2505540779613434,0.4121232270560366,0.32978723404255317,0.3517287234042553,0.38175975166736764,0.2144281914893617,0.8829787234042553,0.1842863475705715,0.441156914893617,0.89975,0.8965,0.97925,0.98275,0.92625,0.99325,0.997,0.98625,0.996,0.9725,0.953,0.9535,0.3935,0.66675,0.30175,0.48075,0.66175,0.516,0.4675,0.56025,0.5105,0.73275,0.83375,0.225,0.45175,0.307,0.3145,0.412,0.20125,0.90025,0.151,0.437
99,1.0,0.5361514199287334,0.5402769346237183,0.12985177143932658,0.12907620245218276,0.12907620245218276,0.12985177143932658,1.0,0.9054742905687778,0.9157801416326077,0.9730718085106383,0.973404255319149,0.930075354398565,0.9906914893617021,0.9950132978723404,0.9837101063829787,0.995345744680851,0.973404255319149,0.9468085106382979,0.9501329787234043,0.3896276595744681,0.64616577993048,0.30418882978723405,0.49069148936170215,0.6697695033347353,0.5316932626227115,0.41733156017800593,0.5169547872340425,0.47750443283547744,0.727947694824097,0.7969858158142009,0.2505540780406049,0.4185505319148936,0.3232491133694953,0.35261524833263236,0.38286790790710046,0.22118794331525235,0.8845301416326077,0.19547872340425532,0.4502437945376051,0.9,0.9055,0.979,0.98175,0.92925,0.99,0.99525,0.99225,0.99675,0.97225,0.95225,0.95475,0.40475,0.66575,0.30325,0.4785,0.6615,0.51875,0.44125,0.58225,0.5045,0.7295,0.8345,0.2315,0.45575,0.3175,0.34975,0.378,0.205,0.89825,0.152,0.43975
100,1.0,0.5392799301350371,0.5395233926773071,0.13279548366653157,0.12792505860328673,0.12792505860328673,0.13279548366653157,1.0,0.9024822692921821,0.9138962765957447,0.9684175531914894,0.9698581562397328,0.9251994680851063,0.9857047872340425,0.991688829787234,0.9883643617021277,0.9960106382978723,0.9766179075900544,0.9443705671645225,0.9534574468085106,0.4094636525879515,0.64616577993048,0.30574024817410933,0.48404255319148937,0.664450354398565,0.5397828015241217,0.41456117021276595,0.529476950460292,0.47750443283547744,0.7339317373772885,0.8102836881546264,0.2466755319148936,0.42076684376026724,0.3275709218801336,0.36779698570992087,0.3849734042553192,0.20456560288972042,0.8894060285801583,0.19547872340425532,0.43472961003476,0.9015,0.9015,0.9775,0.97925,0.9225,0.99525,0.9965,0.9925,0.995,0.97025,0.95275,0.9535,0.40725,0.664,0.29625,0.47975,0.66175,0.53075,0.45575,0.5705,0.49725,0.734,0.81875,0.2445,0.455,0.3205,0.34075,0.3945,0.196,0.89925,0.15275,0.42925
101,1.0,0.5389098290433275,0.5416305656433106,0.1286193843376129,0.12668226897716522,0.12668226897716522,0.1286193843376129,1.0,0.9122340425531915,0.9065824468085106,0.97429077993048,0.9749556735475012,0.9322916668780307,0.9855939714198417,0.9950132978723404,0.9863696808510638,0.996343085106383,0.9757313829787234,0.9481382978723404,0.9517952127659575,0.3993794325184315,0.6420656030482434,0.3086214537950272,0.4875886525879515,0.6712101063829787,0.5313608154971549,0.40591755319148937,0.5332446808510638,0.4744015957446808,0.727947694824097,0.7836879434737754,0.25842198586844384,0.4185505319148936,0.3303413121624196,0.381427304858857,0.384197695141143,0.2128767729439634,0.8848625884411183,0.1890514183868753,0.45323581549715486,0.902,0.8975,0.977,0.97975,0.92975,0.993,0.99525,0.9955,0.9975,0.9715,0.95175,0.9555,0.435,0.665,0.30275,0.481,0.6615,0.53,0.4525,0.5985,0.4985,0.74825,0.8295,0.2455,0.456,0.32575,0.36425,0.40075,0.20225,0.89725,0.1505,0.443
102,1.0,0.538832592203262,0.5383246212005616,0.12718204412847123,0.12743484300374985,0.12743484300374985,0.12718204412847123,1.0,0.9053634753886689,0.9128989361702128,0.9722960990794162,0.9671985817716476,0.931072694824097,0.9863696808510638,0.9932402480155864,0.9893617021276596,0.996343085106383,0.9799423756751608,0.9454787234042553,0.9516843969517566,0.40226063829787234,0.646054964750371,0.3092863474120485,0.48581560273119745,0.6693262413461157,0.5308067373772885,0.4046985817716477,0.5451019501432459,0.47861258875816426,0.7232934395049481,0.7910017732610094,0.265625,0.4185505319148936,0.32845744680851063,0.3732269504602919,0.37788120577944084,0.21032801413155616,0.8806515957446809,0.18716755319148937,0.4552304966652647,0.9025,0.9,0.97525,0.97725,0.9225,0.99575,0.99475,0.9955,0.9925,0.97525,0.954,0.955,0.42975,0.6655,0.30275,0.48,0.661,0.517,0.4555,0.57575,0.51075,0.73175,0.81625,0.2615,0.4575,0.30525,0.32375,0.3685,0.20375,0.889,0.1545,0.432
103,1.0,0.5391216975577334,0.5398137669563293,0.12803623072327452,0.1289647859930992,0.1289647859930992,0.12803623072327452,1.0,0.9070257094312222,0.9209884753886689,0.9737367021276596,0.973404255319149,0.9247562054623949,0.9886968085106383,0.995345744680851,0.988031914893617,0.9940159574468085,0.9783909574468085,0.9434840425531915,0.9529033690056903,0.3945035462049728,0.6431737586538843,0.3147163121624196,0.48692375865388426,0.6702127659574468,0.5405585106382979,0.42276152492837704,0.5552969860269669,0.49168882978723405,0.7349290778028205,0.7936613477290945,0.24711879422055913,0.42918882978723405,0.3263519504602919,0.363031914893617,0.3917331559226868,0.2149822696092281,0.8776595744680851,0.18716755319148937,0.4597739361702128,0.9,0.896,0.98,0.98325,0.929,0.99375,0.99725,0.993,0.997,0.97275,0.953,0.95225,0.3945,0.66625,0.31,0.48625,0.66225,0.507,0.44475,0.598,0.52075,0.746,0.826,0.22025,0.4535,0.314,0.33425,0.403,0.20775,0.885,0.147,0.4825
104,1.0,0.538782739892919,0.5394554891586304,0.1277360569764959,0.12760655176639557,0.12760655176639557,0.1277360569764959,1.0,0.9096852838993073,0.9085771276595744,0.9746232267389906,0.977061170212766,0.9297429075900544,0.9870345744680851,0.9946808510638298,0.9863696808510638,0.9966755319148937,0.9763962765957447,0.944813829787234,0.9496897161006927,0.39838209209289954,0.6428413118453736,0.30629432613545277,0.48625886503686294,0.6698803191489362,0.5305851063829787,0.4105718085106383,0.5521941489361702,0.4838209218801336,0.7250664893617021,0.8027482267389906,0.25875443267695447,0.42808067386454723,0.33854166656098467,0.3660239361702128,0.38275709209289954,0.2188608156556779,0.8680186170212766,0.18118351063829788,0.465093085106383,0.9005,0.8945,0.97775,0.9795,0.93125,0.99275,0.99675,0.98875,0.995,0.97375,0.95225,0.95525,0.41175,0.66625,0.307,0.482,0.6625,0.525,0.43875,0.5885,0.5055,0.74675,0.8265,0.258,0.45375,0.32775,0.341,0.396,0.1985,0.87125,0.152,0.45825
105,1.0,0.536923681801938,0.5364649882316589,0.12318460326245491,0.13752846485376358,0.13752846485376358,0.12318460326245491,1.0,0.9148936170212766,0.9128989361702128,0.976063829787234,0.977061170212766,0.9339539009205838,0.9837101063829787,0.9960106382978723,0.9867021276595744,0.9943484042553191,0.9787234042553191,0.9401595744680851,0.9525709221971795,0.3986037234042553,0.6438386522709055,0.29820478723404253,0.4814937945376051,0.668218085106383,0.527593085106383,0.41046099301348343,0.5321365246113311,0.4740691489361702,0.727061170212766,0.8055186170212766,0.2579787234042553,0.40691489361702127,0.32624113464609106,0.37078900698651657,0.377770390282286,0.2137632978723404,0.86491577993048,0.18495124118759276,0.4484707446808511,0.90125,0.8995,0.98225,0.98475,0.9315,0.994,0.9955,0.989,0.99425,0.973,0.9515,0.95375,0.4145,0.664,0.29425,0.4775,0.662,0.5065,0.5015,0.5785,0.52625,0.74075,0.8175,0.22975,0.4495,0.28475,0.3175,0.413,0.19625,0.889,0.1505,0.42775
106,1.0,0.5368001746370438,0.5352886509895325,0.1226909854944716,0.13353803211450577,0.13353803211450577,0.1226909854944716,1.0,0.9060283690056903,0.9161125884411183,0.9740691489361702,0.9790558510638298,0.929299645601435,0.9883643617021277,0.995345744680851,0.9886968085106383,0.9966755319148937,0.9790558510638298,0.9463652480155864,0.9529033690056903,0.3986037234042553,0.6423980498567541,0.30319148936170215,0.48293439726880255,0.6706560285801583,0.5364583334390153,0.4109042553191489,0.5427748228007174,0.4920212765957447,0.7340425531914894,0.7624113477290945,0.2608599290251732,0.3959441489361702,0.31826241124183574,0.37300531914893614,0.37954343950494807,0.21852836868864425,0.8743351063829787,0.19027039012376298,0.4476950355666749,0.90325,0.9065,0.982,0.98475,0.934,0.99425,0.99575,0.9905,0.9955,0.97425,0.95225,0.955,0.42225,0.66575,0.3,0.477,0.66275,0.51825,0.4335,0.57425,0.523,0.7385,0.78925,0.2585,0.449,0.2975,0.2995,0.411,0.19775,0.87625,0.154,0.4325
107,1.0,0.5371241899246865,0.5368401908874512,0.12556104112337244,0.12994272994995118,0.12994272994995118,0.12556104112337244,1.0,0.908133865036863,0.914450354398565,0.9737367021276596,0.9782801416326077,0.9315159574468085,0.9827127659574468,0.995345744680851,0.9840425531914894,0.9973404255319149,0.977061170212766,0.9440381203560119,0.9515735817716476,0.4078014185453983,0.644281914893617,0.2935505319148936,0.4855939717368877,0.6702127659574468,0.5397828012070758,0.39793882978723405,0.5354609926964374,0.4886968085106383,0.7391400711333498,0.7832446808510638,0.2575354609400668,0.4070257091141762,0.3249113474120485,0.3405363475705715,0.3947251771992825,0.21830673769433448,0.8671320924099456,0.19115691489361702,0.453125,0.9005,0.90925,0.98125,0.9825,0.9315,0.98925,0.99475,0.991,0.99725,0.96975,0.95375,0.95525,0.4185,0.66575,0.29325,0.47875,0.66125,0.53375,0.39275,0.59375,0.5115,0.751,0.8095,0.23,0.45325,0.30625,0.3035,0.4095,0.208,0.8735,0.1525,0.4365
108,1.0,0.5366745749686627,0.5381541132926941,0.12305709759288645,0.12807255297899245,0.12807255297899245,0.12305709759288645,1.0,0.9127881203560119,0.9112367021276596,0.9767287234042553,0.9793882978723404,0.9361702127659575,0.989029255319149,0.9940159574468085,0.98991577993048,0.9976728723404256,0.9780585106382979,0.9464760638297872,0.9543439714198417,0.3952792553191489,0.6445035458879268,0.2919991133694953,0.4838209218801336,0.669104609717714,0.5401152483326324,0.39893617021276595,0.5438829787234043,0.4753989361702128,0.7363696808510638,0.7938829787234043,0.2544326240077932,0.4070257091141762,0.32535460987623704,0.3554964537950272,0.38763297872340424,0.21132535471561106,0.8740026595744681,0.18938386519538594,0.44913563829787234,0.8985,0.90825,0.98175,0.9795,0.931,0.99525,0.99675,0.99675,0.99625,0.9715,0.9535,0.95175,0.44075,0.66575,0.3005,0.48,0.66275,0.504,0.45075,0.581,0.49625,0.745,0.82075,0.256,0.4555,0.304,0.33,0.374,0.19625,0.87725,0.15225,0.441
109,1.0,0.5358374372441718,0.5329185781478882,0.11970221853636681,0.1371806732416153,0.1371806732416153,0.11970221853636681,1.0,0.9113475179418604,0.9152260638297872,0.9727393617021277,0.9763962765957447,0.9371675531914894,0.988031914893617,0.995345744680851,0.9882535458879268,0.9976728723404256,0.9787234042553191,0.9478058510638298,0.9517952127659575,0.40048758875816426,0.6435062054623949,0.28479609923793914,0.48526152492837704,0.6708776595744681,0.5278147161006927,0.4083554963482187,0.527593085106383,0.4859264185453983,0.7338209221971795,0.7871232267389906,0.253656914893617,0.4128989361702128,0.31316489361702127,0.3614804963482187,0.3705673759922068,0.19581117021276595,0.8707890073035626,0.1796320922117918,0.4498005319148936,0.90075,0.89625,0.984,0.98625,0.9315,0.9925,0.9945,0.99475,0.9955,0.96975,0.954,0.95175,0.417,0.6655,0.28825,0.47725,0.66325,0.5035,0.4765,0.53525,0.51225,0.74175,0.828,0.225,0.45225,0.2715,0.30925,0.36425,0.19425,0.884,0.14625,0.4235
110,1.0,0.5358161165359172,0.5373844714164734,0.11970674036506643,0.12986729645729064,0.12986729645729064,0.11970674036506643,1.0,0.9100177307078179,0.9146719860269669,0.9730718085106383,0.9800531914893617,0.93195922006952,0.9869237586538843,0.9930186170212766,0.9902482267389906,0.9960106382978723,0.9793882978723404,0.9500221629092034,0.9530141841857991,0.39638741124183574,0.644281914893617,0.29698581549715486,0.4792774823751855,0.6701019501432459,0.5221631203560119,0.4128989361702128,0.5141843972688026,0.4898049644333251,0.7313829787234043,0.8017508863134587,0.24711879422055913,0.4023714537950272,0.30474290790710046,0.3663563829787234,0.38175975198441364,0.2074468085106383,0.8732269501432459,0.18173758859964126,0.4372783686886442,0.90025,0.89925,0.98,0.9815,0.93,0.9935,0.99575,0.99225,0.995,0.97375,0.954,0.95425,0.42825,0.6635,0.3005,0.47875,0.66225,0.509,0.47475,0.566,0.50475,0.73525,0.838,0.23,0.4475,0.29225,0.296,0.40975,0.2035,0.88425,0.1545,0.4315
111,1.0,0.5375251770019531,0.5381676225662232,0.11869543426214381,0.13051378434896468,0.13051378434896468,0.11869543426214381,1.0,0.9075797872340425,0.9089095744680851,0.976063829787234,0.9750664893617021,0.9348404255319149,0.9903590425531915,0.9956781914893617,0.9912455671645225,0.9950132978723404,0.9777260638297872,0.9500221629092034,0.955008865036863,0.39638741124183574,0.6385195033347353,0.30363475182589067,0.47650709209289954,0.669991134963137,0.5305851063829787,0.4321808510638298,0.5213874112418357,0.4817154255319149,0.7308289009205838,0.8030806735475012,0.25487588647198167,0.4103501771992825,0.3146054963482187,0.3560505319148936,0.39228723404255317,0.20356826246418852,0.8704565604950519,0.18927304953970808,0.45345744680851063,0.901,0.8995,0.9815,0.984,0.934,0.99575,0.9955,0.9925,0.99525,0.96875,0.954,0.94975,0.39725,0.662,0.3025,0.4795,0.6615,0.497,0.4575,0.5675,0.51025,0.743,0.84825,0.24225,0.4545,0.30575,0.32,0.407,0.19775,0.884,0.147,0.477
112,1.0,0.5373774323057621,0.5367432770729065,0.12021908671297926,0.13027086180448533,0.13027086180448533,0.12021908671297926,1.0,0.9133421987929242,0.9192154255319149,0.976950354398565,0.9737367021276596,0.9386081562397328,0.9829343969517566,0.9966755319148937,0.9892508863134587,0.9965647161006927,0.9780585106382979,0.9502437945376051,0.9521276595744681,0.3929521276595745,0.6401817373772885,0.2992021276595745,0.48426418450284514,0.6702127659574468,0.512854609717714,0.41866134772909447,0.5330230498567541,0.48348847538866896,0.7302748224836715,0.7997562054623949,0.26318705684327065,0.42154255319148937,0.30972961003476,0.36236702127659576,0.3836436170212766,0.21476063829787234,0.8772163118453736,0.18905141846613682,0.4585549644333251,0.9,0.905,0.98325,0.98625,0.93225,0.9965,0.99575,0.99275,0.99675,0.9695,0.95275,0.953,0.39825,0.66625,0.29525,0.47825,0.662,0.506,0.45525,0.56325,0.51625,0.73775,0.82425,0.23675,0.4555,0.2865,0.32475,0.3935,0.19775,0.8855,0.15375,0.45425
113,1.0,0.5370532635678636,0.5372558760643006,0.11849053893634613,0.12653886038064957,0.12653886038064957,0.11849053893634613,1.0,0.9160017732610094,0.9185505319148937,0.9759530139730331,0.9809397161006927,0.932070035249629,0.9852615246113311,0.995345744680851,0.9893617021276596,0.9970079787234043,0.9783909574468085,0.9496897161006927,0.9526817373772885,0.3945035462049728,0.6432845744680851,0.2919991133694953,0.4896941489361702,0.6673315604950519,0.5189494680851063,0.390625,0.5301418440773132,0.4919104607815438,0.7272828012070758,0.8001994680851063,0.25831117021276595,0.41278812067305787,0.3151595744680851,0.3703457446808511,0.37699468085106386,0.2025709220386566,0.878656914893617,0.19137854604644977,0.46675531914893614,0.90275,0.89875,0.9815,0.9875,0.9335,0.9955,0.997,0.99525,0.99775,0.9745,0.952,0.95425,0.395,0.6655,0.305,0.48,0.66175,0.5,0.4075,0.5755,0.51675,0.7465,0.8275,0.26325,0.45075,0.31225,0.32275,0.3985,0.20275,0.8885,0.15425,0.464
114,1.0,0.5372358148402356,0.5390897607803344,0.12053476971514682,0.12341454136371613,0.12341454136371613,0.12053476971514682,1.0,0.9097960990794162,0.9185505319148937,0.9750664893617021,0.9830452127659575,0.9331781914893617,0.9870345744680851,0.9936835106382979,0.9892508863134587,0.9976728723404256,0.97883422006952,0.9488031914893617,0.955008865036863,0.39561170212765956,0.6462765957446809,0.29886968085106386,0.47916666687803067,0.671875,0.5187278367737507,0.3955008866305047,0.5295877659574468,0.47628546109858977,0.7334884753886689,0.808843085106383,0.2754875885996413,0.4185505319148936,0.32025709209289954,0.37101063829787234,0.3832003547156111,0.2078900709748268,0.8646941489361702,0.18506205684327065,0.4708554966652647,0.90025,0.8945,0.97925,0.98525,0.932,0.997,0.9955,0.99325,0.99625,0.97375,0.954,0.95625,0.388,0.66675,0.30225,0.47925,0.66225,0.5125,0.426,0.57725,0.53075,0.74275,0.82575,0.27425,0.45425,0.31325,0.348,0.3925,0.20375,0.886,0.153,0.526
115,1.0,0.537112128227315,0.5362310495376587,0.11610922554230436,0.1336830330491066,0.1336830330491066,0.11610922554230436,1.0,0.9096852838993073,0.9161125884411183,0.9765070924099456,0.976950354398565,0.9350620565262246,0.9860372340425532,0.9970079787234043,0.9923537234042553,0.9975620565262246,0.9787234042553191,0.9529033690056903,0.9537898936170213,0.3863031914893617,0.6398492908858239,0.30241578024752597,0.481604609717714,0.6714317373772885,0.5228280139730331,0.4031471632262494,0.5252659574468085,0.48448581549715486,0.7280585106382979,0.7926640073035626,0.2682845744680851,0.4060283686886442,0.3125,0.37821365227090553,0.3836436170212766,0.2053413120038966,0.8682402480155864,0.19370567370602426,0.45600620577944084,0.90175,0.90075,0.9835,0.9845,0.9255,0.994,0.996,0.99525,0.98975,0.97225,0.952,0.9535,0.416,0.66475,0.30425,0.47625,0.66275,0.506,0.4675,0.55625,0.51875,0.73425,0.809,0.25075,0.44825,0.28575,0.34075,0.39275,0.194,0.89,0.15,0.42775
116,1.0,0.5375519686556877,0.5361597661972046,0.11527778683824742,0.1306217314004898,0.1306217314004898,0.11527778683824742,1.0,0.9143395392184562,0.9204343969517566,0.976063829787234,0.9860372340425532,0.9343971629092034,0.9892508863134587,0.995345744680851,0.9893617021276596,0.9950132978723404,0.9790558510638298,0.9474734042553191,0.9537898936170213,0.40791223404255317,0.6417331562397328,0.29975620562091787,0.49091312067305787,0.6708776595744681,0.5288120568432706,0.39738475166736764,0.5345744680851063,0.4833776595744681,0.7282801416326077,0.7934397161006927,0.2599734042553192,0.41666666687803067,0.3137189715783647,0.38076241124183574,0.38585992918369616,0.21886081561604712,0.8661347519844136,0.18816489361702127,0.45611702127659576,0.90225,0.91025,0.98075,0.98775,0.9325,0.9965,0.994,0.99225,0.99675,0.97275,0.95475,0.9545,0.4105,0.663,0.29475,0.47675,0.6615,0.49525,0.4725,0.561,0.53275,0.729,0.8475,0.24175,0.44875,0.29125,0.327,0.4085,0.2035,0.882,0.15725,0.4365
117,1.0,0.5359696371758238,0.5381465082168579,0.11841855435929399,0.12441451609134674,0.12441451609134674,0.11841855435929399,1.0,0.9151152480155864,0.9220966309943097,0.9763962765957447,0.979720744680851,0.9342863477290945,0.9886968085106383,0.9976728723404256,0.9873670212765957,0.9949024820581396,0.9796099288666502,0.9511303191489362,0.9540115246113311,0.39638741124183574,0.6445035458879268,0.30241578024752597,0.48371010638297873,0.6688829787234043,0.5182845744680851,0.39793882978723405,0.5277039009205838,0.4892508863134587,0.7237367021276596,0.8017508863134587,0.25343528358226125,0.39583333343901533,0.3194813829787234,0.3699024823751855,0.3868572696092281,0.21132535463634958,0.8681294328354775,0.18927304969823106,0.44791666687803067,0.9005,0.91,0.976,0.98,0.92875,0.993,0.996,0.99675,0.99475,0.9745,0.95325,0.95425,0.4295,0.666,0.311,0.48175,0.663,0.4965,0.408,0.573,0.5305,0.74175,0.838,0.24525,0.43425,0.304,0.33975,0.38225,0.193,0.87875,0.15025,0.44825
118,1.0,0.5367527191943311,0.5378695464134217,0.12221780407460446,0.1269429593682289,0.1269429593682289,0.12221780407460446,1.0,0.9158909574468085,0.921875,0.9753989361702128,0.9777260638297872,0.9261968085106383,0.9845966309943097,0.9960106382978723,0.9876994680851063,0.9950132978723404,0.978945035249629,0.9459219860269669,0.9547872340425532,0.397052304858857,0.6464982267389906,0.2979831559226868,0.4796099290251732,0.6694370565262246,0.51839538996524,0.4064716313113558,0.5363475176248145,0.5005540781198664,0.7301640073035626,0.7993129434737754,0.25454343982199407,0.3918439715783647,0.3191489361702128,0.3806515957446808,0.3772163121624196,0.20279255319148937,0.8711214541120732,0.18029698586844384,0.4363918440773132,0.9015,0.9005,0.9835,0.98625,0.93,0.99625,0.99675,0.9895,0.99425,0.9735,0.95425,0.954,0.41425,0.6665,0.2965,0.47975,0.66175,0.49275,0.4585,0.56975,0.52675,0.7355,0.806,0.25425,0.44875,0.312,0.34475,0.38875,0.20225,0.887,0.1505,0.43
119,1.0,0.5376766095770166,0.5371007809638977,0.11668134377674853,0.129686936378479,0.129686936378479,0.11668134377674853,1.0,0.9105718085106383,0.9286347519844136,0.9727393617021277,0.9833776595744681,0.9366134753886689,0.989029255319149,0.995345744680851,0.9865913118453736,0.9956781914893617,0.9772828012070758,0.947695035249629,0.9540115246113311,0.40924202127659576,0.6457225179418604,0.29532358161312466,0.47938829787234044,0.6704343969517566,0.5090868796439881,0.41411790790710046,0.5459884753886689,0.4891400711333498,0.7208554966652647,0.7955452127659575,0.2638519504602919,0.40325797872340424,0.3224734042553192,0.37921099301348343,0.3794326241663162,0.20833333328049233,0.86945922006952,0.18439716306772638,0.4350620566847477,0.90525,0.909,0.98,0.98575,0.9305,0.997,0.99575,0.995,0.9905,0.975,0.9525,0.9525,0.4315,0.6655,0.30225,0.47675,0.661,0.48825,0.48325,0.57025,0.53675,0.733,0.83025,0.23775,0.4395,0.2905,0.32875,0.383,0.197,0.884,0.14725,0.42325
120,1.0,0.5359017367058612,0.5358617515563965,0.11384217413340478,0.12443354803323746,0.12443354803323746,0.11384217413340478,1.0,0.9150044328354775,0.9227615246113311,0.979720744680851,0.9820478723404256,0.9343971629092034,0.9870345744680851,0.996343085106383,0.9893617021276596,0.9950132978723404,0.977061170212766,0.9474734042553191,0.9527925531914894,0.3952792553191489,0.6447251775163285,0.28756648936170215,0.48082890092058383,0.666445035249629,0.505429964750371,0.4142287234042553,0.5374556735475012,0.5018838653539089,0.7237367021276596,0.7958776595744681,0.2635195035725198,0.4001551419496536,0.3064051416326076,0.3810948580503464,0.37455673769433445,0.20068705668474765,0.8654698583673923,0.18727836884716723,0.44204343982199407,0.90175,0.9085,0.98075,0.9825,0.9315,0.99425,0.996,0.995,0.99625,0.9755,0.9545,0.955,0.40575,0.666,0.30075,0.48025,0.662,0.506,0.42325,0.57775,0.5315,0.7265,0.83975,0.2535,0.4535,0.29675,0.33725,0.3625,0.20125,0.8855,0.1555,0.44975
121,1.0,0.5358144488740475,0.5350500550270081,0.11609892570909033,0.12468516460061073,0.12468516460061073,0.11609892570909033,1.0,0.914561170212766,0.9267508863134587,0.977947694824097,0.9810505319148937,0.9406028370907966,0.9863696808510638,0.9940159574468085,0.9886968085106383,0.9940159574468085,0.9748448583673923,0.9473625884411183,0.953125,0.3976063829787234,0.6402925531914894,0.29055851063829785,0.48914007081630384,0.6704343969517566,0.5120789006035379,0.4046985814546017,0.5333554966652647,0.48725620577944084,0.7183067373772885,0.7955452127659575,0.25886524833263236,0.4111258866305047,0.31083776595744683,0.37433510638297873,0.3652482270560366,0.21786347523014596,0.8674645392184562,0.1908244680851064,0.4450354607815438,0.9025,0.906,0.98325,0.98425,0.92975,0.99675,0.99625,0.9965,0.99625,0.9765,0.9535,0.95525,0.39975,0.66025,0.29275,0.4815,0.662,0.5,0.44175,0.5795,0.52375,0.7355,0.8015,0.259,0.44275,0.286,0.3415,0.37275,0.20225,0.87575,0.15975,0.43125
122,1.0,0.534718854630247,0.5358501024246216,0.11353080787081668,0.1256032890677452,0.1256032890677452,0.11353080787081668,1.0,0.9089095744680851,0.9308510638297872,0.9773936170212766,0.9833776595744681,0.932070035249629,0.9896941489361702,0.9973404255319149,0.9905806735475012,0.9980053191489362,0.9782801416326077,0.9491356382978723,0.9523492905687778,0.3947251775163285,0.6373005319148937,0.2791445036517813,0.4903590425531915,0.666445035249629,0.5169547872340425,0.4029255319148936,0.5324689717368877,0.4794991133694953,0.7306072692921821,0.7931072692921821,0.26640070927269915,0.40458776595744683,0.30906471641773875,0.36336436170212766,0.3785460993964621,0.2137632978723404,0.8624778370907966,0.18772163131135575,0.44758421975247403,0.9015,0.90975,0.98475,0.9875,0.92925,0.996,0.99675,0.99525,0.9955,0.9735,0.95375,0.95575,0.391,0.64975,0.28525,0.47775,0.66175,0.494,0.4535,0.567,0.53525,0.73975,0.823,0.2435,0.44125,0.2985,0.33225,0.381,0.20525,0.87525,0.1605,0.44575
123,1.0,0.5362295001111133,0.5351592121124268,0.11375789578132173,0.1314219271838665,0.1314219271838665,0.11375789578132173,1.0,0.9124556735475012,0.9284131203560119,0.9776152480155864,0.9833776595744681,0.939383865036863,0.9896941489361702,0.9943484042553191,0.9885859926964374,0.9966755319148937,0.9827127659574468,0.953125,0.9544547872340425,0.3977171984758783,0.631427305175903,0.2835771276595745,0.48503989361702127,0.6674423756751608,0.5131870568432706,0.4192154255319149,0.5402260638297872,0.5131870565262246,0.7137632978723404,0.7969858158142009,0.26385195030176894,0.4111258866305047,0.31881648936170215,0.3822030139730332,0.36281028358226125,0.2127659574468085,0.8587101063829787,0.20024379437908213,0.44968971641773875,0.90375,0.9085,0.98225,0.98775,0.92875,0.994,0.997,0.997,0.995,0.97225,0.95125,0.951,0.3995,0.6475,0.30025,0.48075,0.662,0.49325,0.4775,0.5695,0.5215,0.7275,0.83875,0.2385,0.4465,0.295,0.331,0.365,0.1985,0.86525,0.154,0.426
124,1.0,0.5339572416975144,0.5324795722961426,0.11369864781327704,0.1297584139108658,0.1297584139108658,0.11369864781327704,1.0,0.9070257094312222,0.9204343969517566,0.9777260638297872,0.9829343969517566,0.9391622340425532,0.9847074468085106,0.9946808510638298,0.9889184395049481,0.995345744680851,0.9806072692921821,0.9545656030482434,0.9533466309943097,0.38020833343901533,0.6181294328354775,0.2935505319148936,0.4841533690056902,0.6692154255319149,0.5103058510638298,0.412677305175903,0.5334663118453736,0.488031914893617,0.7309397161006927,0.8103945033347353,0.25188386535390894,0.4142287234042553,0.31382978723404253,0.3570478723404255,0.3683510638297872,0.21099290782783894,0.8457446808510638,0.18894060273119745,0.4435948583673924,0.90225,0.904,0.9855,0.9825,0.93075,0.997,0.9955,0.9955,0.997,0.97125,0.954,0.95325,0.3825,0.63125,0.296,0.47925,0.6625,0.494,0.43925,0.574,0.5095,0.733,0.82925,0.24175,0.45125,0.29575,0.30975,0.35475,0.199,0.869,0.15225,0.4335
125,1.0,0.5351789371764406,0.5353117260932923,0.11286409484579209,0.12746505969762803,0.12746505969762803,0.11286409484579209,1.0,0.9143395392184562,0.9234264182283524,0.9787234042553191,0.9796099288666502,0.9325132978723404,0.9900265957446809,0.9940159574468085,0.9900265957446809,0.9973404255319149,0.9787234042553191,0.948470744680851,0.9536790778028205,0.3867464537950272,0.6269946808510638,0.27936613464609106,0.4902482267389906,0.6696586881546264,0.5167331559226868,0.39350620577944084,0.5301418437602672,0.4902482267389906,0.7191932626227115,0.8037455671645225,0.24900265957446807,0.41943705684327065,0.31493794315672935,0.36724290790710046,0.3673537234042553,0.20545212765957446,0.864804964750371,0.1873891843443221,0.45423315623973276,0.90125,0.91,0.984,0.982,0.93175,0.99525,0.99475,0.9975,0.997,0.97475,0.9525,0.956,0.39325,0.64,0.281,0.47775,0.66225,0.5015,0.43425,0.57825,0.526,0.73425,0.835,0.2485,0.45325,0.3045,0.332,0.37975,0.20125,0.88275,0.1545,0.45
126,1.0,0.5361316273821161,0.5359595770835877,0.10793724644215817,0.12708613431453705,0.12708613431453705,0.10793724644215817,1.0,0.9148936170212766,0.9270833331219693,0.9793882978723404,0.9809397161006927,0.9418218085106383,0.9923537234042553,0.9956781914893617,0.995345744680851,0.9966755319148937,0.9810505319148937,0.9520168437602672,0.9535682626227115,0.3785460993964621,0.6289893617021277,0.27925531914893614,0.48736702127659576,0.6704343969517566,0.5139627659574468,0.39539007081630384,0.5296985814546017,0.4984485817716477,0.730718085106383,0.8110593969517566,0.2667331559226868,0.40902038996524,0.32613031914893614,0.3771054963482187,0.37788120577944084,0.21043882978723405,0.8720079787234043,0.1880540780406049,0.4574468085106383,0.89975,0.91375,0.9805,0.9825,0.9335,0.997,0.995,0.9875,0.99675,0.97325,0.95175,0.956,0.39425,0.64225,0.29675,0.4815,0.662,0.50625,0.39625,0.59625,0.52,0.733,0.8335,0.2565,0.445,0.31375,0.34525,0.38375,0.20225,0.8815,0.149,0.4575
127,1.0,0.5350937532617691,0.5337783403396607,0.1078037669921809,0.126288085013628,0.126288085013628,0.1078037669921809,1.0,0.9165558510638298,0.932070035249629,0.9766179075900544,0.9800531914893617,0.9370567373772885,0.9896941489361702,0.9973404255319149,0.9903590425531915,0.9980053191489362,0.980718085106383,0.9514627659574468,0.9547872340425532,0.3875221632262494,0.6224512413461157,0.29233156017800593,0.49213209240994554,0.6713209221971795,0.5146276595744681,0.3895168439187902,0.5351285458879268,0.4828235817716477,0.7244015957446809,0.8102836881546264,0.26263297872340424,0.40791223404255317,0.3190381205937964,0.36026152492837704,0.37522163115283275,0.21154698570992084,0.8652482267389906,0.1831781914893617,0.44813829787234044,0.90325,0.913,0.98175,0.98675,0.934,0.99475,0.99525,0.996,0.9955,0.97675,0.9535,0.9565,0.4175,0.64225,0.29225,0.47975,0.66275,0.4985,0.41525,0.581,0.515,0.73375,0.82675,0.24625,0.44125,0.2935,0.31075,0.388,0.20225,0.884,0.1615,0.4305
128,1.0,0.5359172351816868,0.534767153263092,0.11248577334620852,0.12777478283643723,0.12777478283643723,0.11248577334620852,1.0,0.91633422006952,0.9267508863134587,0.9773936170212766,0.9793882978723404,0.9396054966652647,0.9913563829787234,0.9946808510638298,0.9850398936170213,0.9980053191489362,0.976950354398565,0.9537898936170213,0.9553413118453736,0.3960549644333251,0.6163563829787234,0.28424202127659576,0.4915780139730332,0.6695478723404256,0.5196143617021277,0.3895168439187902,0.5345744680851063,0.4884751775163285,0.727061170212766,0.80695922006952,0.26041666656098467,0.40769060273119745,0.3162677305492949,0.37799202127659576,0.3723404255319149,0.21775265957446807,0.8680186170212766,0.18816489361702127,0.4471409574468085,0.9015,0.916,0.98075,0.98525,0.93425,0.9955,0.99525,0.994,0.9945,0.97325,0.95275,0.95375,0.39725,0.64025,0.284,0.4825,0.6625,0.4925,0.4405,0.57325,0.5335,0.7305,0.83075,0.2535,0.44925,0.28525,0.35075,0.388,0.19925,0.8855,0.149,0.43025
129,1.0,0.5357005488365254,0.5340863327980041,0.10698936197985993,0.12671203154325486,0.12671203154325486,0.10698936197985993,1.0,0.9181072692921821,0.9275265957446809,0.9749556735475012,0.9850398936170213,0.9433732267389906,0.9893617021276596,0.9970079787234043,0.991688829787234,0.9970079787234043,0.979720744680851,0.9530141841857991,0.9543439714198417,0.3949468085106383,0.6251108158142009,0.2800310282631123,0.4814937945376051,0.6681072692921821,0.5079787234042553,0.4054742908858238,0.5326906027311974,0.48603723404255317,0.7353723404255319,0.8003102838993073,0.2526595744680851,0.4039228723404255,0.30263741124183574,0.3718971632262494,0.3708998228007175,0.20611702127659576,0.8738918437602672,0.18539450349325828,0.43949468085106386,0.90075,0.91525,0.98425,0.987,0.933,0.993,0.99525,0.998,0.99675,0.97575,0.9535,0.956,0.38625,0.636,0.28275,0.48075,0.66275,0.48925,0.43025,0.57475,0.53325,0.7415,0.8165,0.235,0.4415,0.29125,0.3265,0.39025,0.204,0.88575,0.156,0.433
130,1.0,0.5359362763293246,0.5351334233283996,0.10652552311249236,0.12929909536242484,0.12929909536242484,0.10652552311249236,1.0,0.9178856382978723,0.9332890073035626,0.9780585106382979,0.9829343969517566,0.9444813829787234,0.9893617021276596,0.9973404255319149,0.9905806735475012,0.9973404255319149,0.9803856382978723,0.9486923756751608,0.9561170212765957,0.38331117021276595,0.6317597519844136,0.2853501771992825,0.48736702127659576,0.6708776595744681,0.5144060285801583,0.4009308510638298,0.5222739361702128,0.5015514185453983,0.7406914893617021,0.8016400711333498,0.25808953890141023,0.40070921975247403,0.3147163120038966,0.375,0.3952792553191489,0.20777925531914893,0.8683510638297872,0.18339982264219445,0.4529033690056902,0.90125,0.90025,0.982,0.9895,0.9335,0.99325,0.99525,0.99225,0.9965,0.9725,0.9545,0.95625,0.3885,0.6435,0.29725,0.47975,0.6625,0.49475,0.4575,0.5655,0.532,0.752,0.82875,0.234,0.43325,0.28925,0.326,0.41275,0.19975,0.88025,0.15325,0.43975
131,1.0,0.535992573550407,0.5379992566108703,0.1157541876222859,0.12693168076872827,0.12693168076872827,0.1157541876222859,1.0,0.9128989361702128,0.9261968085106383,0.9817154255319149,0.9823803191489362,0.9433732267389906,0.9895833331219693,0.9929078012070758,0.9903590425531915,0.9966755319148937,0.9809397161006927,0.9523492905687778,0.9529033690056903,0.39583333343901533,0.6282136522709055,0.2924423759922068,0.49069148936170215,0.6704343969517566,0.504654255319149,0.41888297872340424,0.5334663121624196,0.4929078012070757,0.7214095744680851,0.8047429075900544,0.26263297872340424,0.4029255319148936,0.3093971632262494,0.3835328015241217,0.3888519501432459,0.21332003540815192,0.8679078012070758,0.18661347523014596,0.4418218085106383,0.9025,0.90125,0.9795,0.98625,0.93025,0.9955,0.99675,0.991,0.9965,0.9725,0.9535,0.9555,0.397,0.64725,0.28575,0.48,0.66175,0.4865,0.48575,0.57025,0.5305,0.73825,0.83625,0.2305,0.433,0.30125,0.338,0.427,0.2025,0.88,0.1575,0.4355
132,1.0,0.5370599881131598,0.5350382499694825,0.10851468375705658,0.12812191453576088,0.12812191453576088,0.10851468375705658,1.0,0.913563829787234,0.9268617021276596,0.9810505319148937,0.9803856382978723,0.9433732267389906,0.9895833331219693,0.9936835106382979,0.9841533690056903,0.9970079787234043,0.9798315604950519,0.9537898936170213,0.9548980498567541,0.38486258875816426,0.63508422006952,0.2765957446808511,0.488031914893617,0.6706560285801583,0.4992242908858238,0.4072473404255319,0.5306959221971795,0.48393173769433445,0.7322695033347353,0.7912234042553191,0.269281914893617,0.3996010638297872,0.3190381205145349,0.3881870566847477,0.38707890076206086,0.2036790779613434,0.8798758863134587,0.19038120562091787,0.45035461003476,0.90425,0.9055,0.98525,0.98425,0.93,0.9945,0.995,0.99625,0.9965,0.97325,0.9545,0.95525,0.39825,0.64875,0.2875,0.48175,0.6625,0.49075,0.45275,0.5555,0.50125,0.7465,0.84375,0.25825,0.441,0.293,0.332,0.404,0.19725,0.8925,0.15275,0.43075
133,1.0,0.5357472934621446,0.5342390522956848,0.10401648497010799,0.13172387605905533,0.13172387605905533,0.10401648497010799,1.0,0.9107934395049481,0.9299645392184562,0.976063829787234,0.9844858158142009,0.9438164893617021,0.9906914893617021,0.9960106382978723,0.9889184395049481,0.9983377659574468,0.9806072692921821,0.9534574468085106,0.9544547872340425,0.3911790779613434,0.6289893617021277,0.2688386524294285,0.48781028389930725,0.6732047872340425,0.5113031914893617,0.4174423759922068,0.5336879434737754,0.47495567386454723,0.7285017732610094,0.8079565604950519,0.2589760638297872,0.39993351063829785,0.29931294315672935,0.37976507081630384,0.39793882978723405,0.21243351063829788,0.8795434395049481,0.19603280136559872,0.4343971632262494,0.90225,0.91425,0.9845,0.987,0.93575,0.99425,0.99525,0.9945,0.9975,0.9755,0.95325,0.9555,0.406,0.642,0.26275,0.48,0.662,0.491,0.46675,0.56475,0.51125,0.7335,0.84375,0.24125,0.43375,0.287,0.35225,0.409,0.2035,0.8915,0.16025,0.43025
134,1.0,0.5354715801299886,0.5370468482971191,0.11098952452711602,0.12405478942394256,0.12405478942394256,0.11098952452711602,1.0,0.9161125884411183,0.9244237586538843,0.9782801416326077,0.980718085106383,0.9417109926964374,0.9896941489361702,0.9956781914893617,0.9883643617021277,0.9965647161006927,0.9827127659574468,0.9546764182283524,0.9544547872340425,0.39350620577944084,0.6293218085106383,0.2666223404255319,0.4917996456014349,0.6683289009205838,0.49933510638297873,0.40924202127659576,0.5214982267389906,0.4949024820581396,0.7250664893617021,0.820811170212766,0.26551418450284514,0.3947251771992825,0.31538120577944084,0.3949468085106383,0.38408687932694213,0.2127659574468085,0.8772163118453736,0.18439716306772638,0.4570035462049728,0.90375,0.9,0.98275,0.9845,0.92625,0.9975,0.99675,0.9945,0.9985,0.9785,0.95525,0.9565,0.39075,0.64375,0.287,0.484,0.66225,0.4895,0.4605,0.571,0.51925,0.7425,0.83925,0.255,0.44025,0.2925,0.3635,0.40475,0.20875,0.8815,0.15525,0.4625
135,1.0,0.5363022742119241,0.536347936630249,0.10694525434457242,0.12898346427083016,0.12898346427083016,0.10694525434457242,1.0,0.916445035249629,0.9305186170212766,0.9820478723404256,0.9840425531914894,0.9408244680851063,0.9882535458879268,0.996343085106383,0.9900265957446809,0.995345744680851,0.9803856382978723,0.9498005319148937,0.9534574468085106,0.3853058510638298,0.6254432626227115,0.2800310284216353,0.4939051419496536,0.6684397161006927,0.5013297872340425,0.4271941489361702,0.5228280142900792,0.5018838653539089,0.7365913118453736,0.8191489361702128,0.26839538996524,0.40004432613545277,0.30729166656098467,0.38054078024752597,0.3997118796439881,0.21464982272145597,0.8665780139730331,0.18240248229592404,0.4484707446808511,0.90275,0.9115,0.98525,0.98475,0.933,0.996,0.99575,0.99775,0.994,0.97525,0.95575,0.95625,0.40425,0.64025,0.2845,0.48175,0.6615,0.48375,0.478,0.5725,0.531,0.742,0.853,0.25175,0.43425,0.2875,0.33975,0.41175,0.20225,0.87825,0.1545,0.44025
136,1.0,0.5365101492151301,0.5331920747756957,0.1092015508007496,0.1348607635498047,0.1348607635498047,0.1092015508007496,1.0,0.9177748224836715,0.929299645601435,0.9822695033347353,0.9813829787234043,0.941156914893617,0.9896941489361702,0.9980053191489362,0.9870345744680851,0.9960106382978723,0.979720744680851,0.9496897161006927,0.9520168437602672,0.39228723404255317,0.6297650711333498,0.28136081549715486,0.48603723404255317,0.6696586881546264,0.4945700355666749,0.42198581581420086,0.5269281914893617,0.49124556716452256,0.7352615246113311,0.8168218085106383,0.26207890076206086,0.40824468085106386,0.3101728723404255,0.38076241124183574,0.38896276595744683,0.20667109923793914,0.869570035249629,0.18129432629397574,0.45478723404255317,0.9015,0.91625,0.983,0.9875,0.9285,0.995,0.99425,0.9955,0.997,0.976,0.95325,0.955,0.40225,0.644,0.27775,0.4785,0.66175,0.4915,0.46575,0.55575,0.52625,0.74825,0.85075,0.24175,0.44875,0.2845,0.32025,0.38275,0.19625,0.883,0.15575,0.4365
137,1.0,0.5358322598832719,0.5343062362670898,0.10217900934847111,0.13113464283943177,0.13113464283943177,0.10217900934847111,1.0,0.9169991136865413,0.9378324468085106,0.9822695033347353,0.9847074468085106,0.9450354607815438,0.9902482267389906,0.9960106382978723,0.9923537234042553,0.9976728723404256,0.9803856382978723,0.9530141841857991,0.953125,0.39406028358226125,0.6338652480155864,0.2755984042553192,0.49268617021276595,0.6687721629092034,0.5052083331219693,0.41500443283547744,0.5301418437602672,0.475177305175903,0.7304964541120732,0.8139406030482434,0.2710549644333251,0.4131205674815685,0.3166001771992825,0.37333776595744683,0.37699468085106386,0.20833333328049233,0.8712322692921821,0.18306737583368382,0.45378989361702127,0.9045,0.908,0.98,0.98775,0.93325,0.995,0.9945,0.996,0.9975,0.97475,0.954,0.95675,0.415,0.64875,0.28875,0.479,0.6615,0.49325,0.4645,0.56875,0.51525,0.72925,0.841,0.24525,0.44425,0.2895,0.3475,0.40025,0.19925,0.8795,0.155,0.43975
138,1.0,0.5359049344316442,0.534705937385559,0.10106217859194,0.12438819777965546,0.12438819777965546,0.10106217859194,1.0,0.9244237586538843,0.9335106382978723,0.9833776595744681,0.979720744680851,0.9498005319148937,0.9913563829787234,0.9950132978723404,0.9920212765957447,0.9978945033347353,0.980718085106383,0.9536790778028205,0.9537898936170213,0.39816046109858977,0.6246675531914894,0.28956117021276595,0.4943484042553192,0.669104609717714,0.5049867021276596,0.41544769498262,0.5301418440773132,0.4849290781198664,0.736258865036863,0.8137189714198417,0.2634086879961034,0.40813386535390894,0.3093971632262494,0.3818705674815685,0.368572695141143,0.2204122340425532,0.8642508863134587,0.18384308510638298,0.4429299647503711,0.90275,0.91775,0.98225,0.987,0.9335,0.99675,0.99675,0.99725,0.998,0.977,0.9535,0.956,0.403,0.634,0.299,0.4805,0.662,0.49025,0.429,0.581,0.5175,0.75075,0.84325,0.25025,0.4485,0.28575,0.357,0.3875,0.2015,0.8765,0.15125,0.437
139,1.0,0.53567476982766,0.5341793737411499,0.10462949496317417,0.12669457319378852,0.12669457319378852,0.10462949496317417,1.0,0.9243129434737754,0.9311835106382979,0.9804964541120732,0.9823803191489362,0.9408244680851063,0.9946808510638298,0.9973404255319149,0.9913563829787234,0.9973404255319149,0.9792774820581396,0.9555629434737754,0.9521276595744681,0.3993794325184315,0.620345744680851,0.28125,0.4910239361702128,0.6683289009205838,0.5016622340425532,0.40924202127659576,0.5212765957446809,0.47983156017800593,0.7276152480155864,0.8136081562397328,0.27083333343901533,0.41245567386454723,0.30773492918369616,0.3824246452843889,0.37588652492837704,0.21564716306772638,0.8701241136865413,0.18461879422055913,0.44038120577944084,0.90525,0.9045,0.98325,0.98625,0.93275,0.997,0.9965,0.9885,0.99675,0.97425,0.955,0.95575,0.40825,0.63175,0.29175,0.48025,0.66275,0.49075,0.45325,0.5615,0.5265,0.742,0.8365,0.26825,0.457,0.28175,0.32975,0.4045,0.19425,0.881,0.14975,0.42775
140,1.0,0.5360457345526269,0.5339899868965149,0.09781245225446021,0.12544519621133804,0.12544519621133804,0.09781245225446021,1.0,0.9236480498567541,0.9490248224836715,0.9809397161006927,0.9821586881546264,0.9501329787234043,0.9960106382978723,0.9973404255319149,0.9886968085106383,0.9966755319148937,0.9817154255319149,0.9530141841857991,0.9547872340425532,0.40447695030176894,0.6092641845028451,0.28058510638297873,0.49268617021276595,0.6695478723404256,0.5005540778028205,0.4116799644333251,0.5187278370907966,0.5041001775163285,0.7194148936170213,0.8007535458879268,0.269281914893617,0.42686170212765956,0.30851063829787234,0.39073581549715486,0.37211879422055916,0.21110372340425532,0.8720079787234043,0.18461879422055913,0.4493572696092281,0.90375,0.91675,0.9835,0.98675,0.92875,0.997,0.99625,0.99875,0.99725,0.97775,0.9555,0.95725,0.384,0.611,0.29225,0.482,0.662,0.48875,0.4425,0.571,0.52225,0.739,0.823,0.258,0.45575,0.28725,0.36675,0.37925,0.2095,0.89,0.1535,0.4405
141,1.0,0.5356337294933644,0.5326272916793823,0.1029528667159537,0.13599011471867561,0.13599011471867561,0.1029528667159537,1.0,0.9217641841857991,0.9390514182283524,0.9773936170212766,0.9787234042553191,0.942929964750371,0.9920212765957447,0.9960106382978723,0.9896941489361702,0.9973404255319149,0.9794991136865413,0.9527925531914894,0.9564494680851063,0.3997118796439881,0.5935283690056903,0.2915558510638298,0.4910239361702128,0.6705452127659575,0.505429964750371,0.415447695141143,0.5355718085106383,0.49601063829787234,0.7361480498567541,0.8123891841857991,0.25941932613545277,0.42253989361702127,0.3081781914893617,0.3806515957446808,0.37544326230566555,0.19459219863440128,0.8734485817716476,0.18306737583368382,0.4443705674815685,0.9025,0.92,0.98525,0.98775,0.93025,0.99425,0.996,0.99875,0.99525,0.9725,0.95175,0.9525,0.44775,0.58675,0.2935,0.477,0.6615,0.489,0.47925,0.56125,0.522,0.75275,0.854,0.23875,0.4505,0.279,0.3025,0.355,0.1945,0.88175,0.15,0.417
142,1.0,0.5353327070144897,0.5345607795715333,0.10062400525079128,0.12608866840600969,0.12608866840600969,0.10062400525079128,1.0,0.9251994680851063,0.9324024820581396,0.9793882978723404,0.9786125884411183,0.94758422006952,0.9930186170212766,0.9983377659574468,0.9883643617021277,0.9955673756751608,0.9800531914893617,0.9541223404255319,0.9542331562397328,0.40658244680851063,0.5994015957446809,0.2865691489361702,0.48182624134611574,0.6687721629092034,0.5019946808510638,0.40791223404255317,0.5277039006035379,0.4955673759922068,0.7334884753886689,0.8096187945376051,0.26496010638297873,0.41766400698651657,0.3078457446808511,0.3662455674815685,0.36236702127659576,0.19304078008900297,0.8679078012070758,0.18173758859964126,0.4428191489361702,0.903,0.921,0.9825,0.98875,0.93325,0.99675,0.995,0.995,0.99775,0.97875,0.95375,0.95675,0.4175,0.61175,0.29775,0.477,0.66125,0.487,0.46575,0.583,0.52375,0.73575,0.848,0.25,0.44825,0.28575,0.316,0.38375,0.19725,0.88125,0.155,0.44325
143,1.0,0.5348160691717838,0.5311483998298645,0.1032486524670682,0.13297013047337533,0.13297013047337533,0.1032486524670682,1.0,0.9187721629092034,0.933843085106383,0.9773936170212766,0.9857047872340425,0.9410460990794162,0.9910239361702128,0.9980053191489362,0.992686170212766,0.9966755319148937,0.9800531914893617,0.9496897161006927,0.9551196808510638,0.4054742908858238,0.5978501775163285,0.28413120577944084,0.48470744680851063,0.6698803191489362,0.4973404255319149,0.4228723404255319,0.5180629431567294,0.4806072696092281,0.7196365246113311,0.819813829787234,0.27493351063829785,0.4196586878375804,0.29831560273119745,0.3571586878375804,0.3781028367737506,0.20434397157836467,0.8758865246113311,0.18295656017800596,0.4285239361702128,0.90625,0.91875,0.98125,0.98875,0.9325,0.99375,0.995,0.99625,0.99725,0.976,0.9555,0.95675,0.412,0.60925,0.2815,0.47625,0.6615,0.48625,0.4575,0.56775,0.51625,0.7295,0.8415,0.23825,0.45425,0.28575,0.30275,0.3755,0.2035,0.89,0.154,0.4275
144,1.0,0.5357380572785723,0.535244809627533,0.1016163141565754,0.12886029934883117,0.12886029934883117,0.1016163141565754,1.0,0.9215425531914894,0.9307402480155864,0.9830452127659575,0.9850398936170213,0.9442597519844136,0.9920212765957447,0.9980053191489362,0.989029255319149,0.9976728723404256,0.9787234042553191,0.9511303191489362,0.9560062054623949,0.3974955674815685,0.6165780139730331,0.27471187932694213,0.4822695036517813,0.6678856382978723,0.49656471641773875,0.4093528367737506,0.52116577993048,0.48781028358226125,0.7209663118453736,0.8172650711333498,0.277593085106383,0.4213209218801336,0.31438386519538597,0.3717863474120485,0.3857491133694953,0.20766843982199404,0.8816489361702128,0.17597517735780555,0.4413785462049728,0.90625,0.91975,0.98325,0.988,0.93175,0.99675,0.996,0.99025,0.99675,0.97525,0.9555,0.95525,0.40875,0.64125,0.2955,0.47925,0.66175,0.4865,0.485,0.567,0.52275,0.7355,0.8455,0.2425,0.4455,0.2915,0.3225,0.4255,0.1905,0.89775,0.148,0.4265
145,1.0,0.5351567629804003,0.5357694520950317,0.10418275874504383,0.12195796436071396,0.12195796436071396,0.10418275874504383,1.0,0.9137854607815438,0.9363918437602672,0.980718085106383,0.9850398936170213,0.9455895392184562,0.9919104607815438,0.9949024820581396,0.9883643617021277,0.9960106382978723,0.9803856382978723,0.9536790778028205,0.9554521276595744,0.3859707446808511,0.6256648936170213,0.2951019504602919,0.48371010638297873,0.6684397161006927,0.49279698570992087,0.40625,0.534020390282286,0.4762854607815438,0.7220744680851063,0.809729609717714,0.2646276595744681,0.4009308510638298,0.3168218085106383,0.37799202127659576,0.3727836878375804,0.2122118794854651,0.8855274820581396,0.17741578008900297,0.4482491136865413,0.9035,0.91125,0.98125,0.98875,0.931,0.99675,0.99575,0.99625,0.997,0.976,0.95325,0.957,0.40225,0.639,0.29925,0.4805,0.6625,0.48425,0.44225,0.58375,0.51175,0.72425,0.83775,0.245,0.4365,0.304,0.347,0.396,0.20525,0.89575,0.15275,0.44375
146,1.0,0.5371012186750452,0.532881353855133,0.10421991209558984,0.13641959917545318,0.13641959917545318,0.10421991209558984,1.0,0.9225398936170213,0.9358377659574468,0.9817154255319149,0.9823803191489362,0.9409352838993073,0.9923537234042553,0.9968971629092034,0.9933510638297872,0.9940159574468085,0.9809397161006927,0.9563386522709055,0.9544547872340425,0.40757978723404253,0.6123670212765957,0.2945478723404255,0.48426418450284514,0.6681072692921821,0.4976728723404255,0.4181072696092281,0.5372340425531915,0.4870345744680851,0.7334884753886689,0.8101728723404256,0.26385195030176894,0.39838209209289954,0.31205673769433445,0.3706781914893617,0.3888519504602919,0.20101950365178128,0.8895168437602672,0.18384308510638298,0.43816489361702127,0.90425,0.9255,0.9845,0.988,0.9355,0.99475,0.9955,0.99375,0.996,0.971,0.9545,0.95375,0.42025,0.61425,0.28425,0.47625,0.6615,0.491,0.48775,0.57125,0.50625,0.7495,0.836,0.23575,0.443,0.2865,0.28975,0.40825,0.19625,0.89925,0.1525,0.42225
147,1.0,0.5358614610864761,0.5315259566307068,0.09974937628399819,0.13626912972331048,0.13626912972331048,0.09974937628399819,1.0,0.9189937945376051,0.9410460990794162,0.9787234042553191,0.9837101063829787,0.9481382978723404,0.989029255319149,0.9980053191489362,0.9920212765957447,0.9970079787234043,0.9837101063829787,0.9555629434737754,0.9543439714198417,0.3900709220386566,0.613031914893617,0.29864804969823106,0.4923537234042553,0.6701019501432459,0.5063164893617021,0.4144503547156111,0.5382313829787234,0.4639849290251732,0.7331560285801583,0.8089539009205838,0.26640070927269915,0.4116799644333251,0.3148271276595745,0.3755540779613434,0.3665780139730332,0.2078900708163038,0.8840868796439881,0.17874556740230702,0.4454787234042553,0.9065,0.91575,0.98425,0.986,0.93325,0.99375,0.99475,0.999,0.995,0.97275,0.95175,0.95625,0.4365,0.62925,0.29425,0.47575,0.66275,0.494,0.458,0.57725,0.47525,0.7395,0.8505,0.242,0.45025,0.28375,0.3125,0.35725,0.197,0.899,0.1485,0.42375
148,1.0,0.5361336165286125,0.5344872283935547,0.09933649665339196,0.1289773963689804,0.1289773963689804,0.09933649665339196,1.0,0.9264184395049481,0.9375,0.9810505319148937,0.9883643617021277,0.9474734042553191,0.9936835106382979,0.9966755319148937,0.9903590425531915,0.9983377659574468,0.9810505319148937,0.9516843969517566,0.9555629434737754,0.40281471641773875,0.6262189714198417,0.2946586878375804,0.47706117021276595,0.669991134963137,0.5043218085106383,0.41278812067305787,0.5485372340425532,0.45833333343901533,0.7200797872340425,0.8157136522709055,0.277593085106383,0.421875,0.3089539006035379,0.375,0.3839760638297872,0.2112145389014102,0.8854166668780307,0.1751994680851064,0.4367242908858238,0.906,0.9175,0.984,0.9875,0.9355,0.99675,0.996,0.993,0.995,0.9755,0.953,0.9565,0.42725,0.6255,0.29825,0.47875,0.6625,0.49075,0.493,0.57875,0.4805,0.734,0.8435,0.27575,0.45125,0.2925,0.333,0.41675,0.197,0.89675,0.151,0.42275
149,1.0,0.5360745838347901,0.5354671249389649,0.0999055755661523,0.12393182745575905,0.12393182745575905,0.0999055755661523,1.0,0.9217641841857991,0.9378324468085106,0.9869237586538843,0.9863696808510638,0.9463652480155864,0.991688829787234,0.9976728723404256,0.9870345744680851,0.9970079787234043,0.9830452127659575,0.9536790778028205,0.9546764182283524,0.39261968085106386,0.6153590425531915,0.30518617021276595,0.4900265957446808,0.6705452127659575,0.5037677303907719,0.4119015957446808,0.5294769501432459,0.4671985817716477,0.7197473404255319,0.8090647161006927,0.2791445036517813,0.4266400711333498,0.30629432629397574,0.3791001771992825,0.38608156017800593,0.20755762416631618,0.885195035249629,0.18783244680851063,0.4398271276595745,0.90525,0.9175,0.9845,0.98775,0.93525,0.995,0.9965,0.9965,0.99675,0.97525,0.95325,0.95525,0.42025,0.62475,0.305,0.47825,0.663,0.49375,0.45975,0.58025,0.484,0.74175,0.845,0.23675,0.45275,0.299,0.34775,0.38425,0.198,0.894,0.14875,0.43925
150,1.0,0.5356035010611757,0.5336495213508606,0.10010788403451443,0.12681384909152985,0.12681384909152985,0.10010788403451443,1.0,0.9276374115588817,0.9365026595744681,0.9841533690056903,0.9828235817716476,0.9517952127659575,0.9900265957446809,0.9973404255319149,0.9910239361702128,0.9966755319148937,0.9820478723404256,0.9563386522709055,0.955008865036863,0.40070921975247403,0.613918439821994,0.2927748228007175,0.49013741155888174,0.6685505319148937,0.49867021276595747,0.3959441489361702,0.5167331562397328,0.46863918450284514,0.728945035249629,0.8020833331219693,0.27061170212765956,0.42664007081630384,0.31748670212765956,0.38175975166736764,0.3605939717368877,0.19747340425531915,0.8860815604950519,0.17852393617021275,0.4407136525879515,0.906,0.924,0.983,0.98675,0.93475,0.9975,0.996,0.99825,0.996,0.977,0.954,0.95575,0.44225,0.6255,0.298,0.4765,0.6625,0.4915,0.44025,0.5625,0.4955,0.733,0.8315,0.256,0.45725,0.30025,0.3275,0.37525,0.1955,0.8995,0.14975,0.43125
151,1.0,0.536638265594523,0.5352430682182312,0.09842316976728592,0.12403761625289916,0.12403761625289916,0.09842316976728592,1.0,0.9259751775163285,0.9417109926964374,0.9813829787234043,0.9857047872340425,0.9480274820581396,0.9940159574468085,0.996343085106383,0.991688829787234,0.9923537234042553,0.9850398936170213,0.9529033690056903,0.9556737586538843,0.4164450355666749,0.6162455671645225,0.3026374114003587,0.4853723404255319,0.6675531914893617,0.5048758866305046,0.4196586881546264,0.5145168440773132,0.4714095744680851,0.7188608158142009,0.8045212765957447,0.2774822696092281,0.4269725176248145,0.3181515957446808,0.37699468085106386,0.3718971632262494,0.20190602826311232,0.8835328012070758,0.18306737583368382,0.44370567386454723,0.9055,0.90575,0.983,0.983,0.934,0.99725,0.9965,0.99775,0.99325,0.97725,0.95375,0.957,0.43875,0.6245,0.305,0.47975,0.66275,0.48975,0.47575,0.56625,0.4885,0.717,0.839,0.27975,0.4575,0.309,0.34925,0.38125,0.19525,0.88875,0.15775,0.4275
152,1.0,0.5357940583787066,0.5324070038795471,0.09811610823616068,0.13406188496947288,0.13406188496947288,0.09811610823616068,1.0,0.9197695033347353,0.9362810285801583,0.9827127659574468,0.9850398936170213,0.9451462765957447,0.9933510638297872,0.9960106382978723,0.9893617021276596,0.9970079787234043,0.980718085106383,0.9556737586538843,0.9551196808510638,0.4060283686886442,0.607601950460292,0.3080673759922068,0.47717198570992087,0.669104609717714,0.4958998224836715,0.41943705684327065,0.5221631203560119,0.4725177307078179,0.7084441489361702,0.8082890073035626,0.27382535455708806,0.42608599269643743,0.32236258875816426,0.3810948580503464,0.3737810282631123,0.20877659574468085,0.8754432626227115,0.1875,0.4392730495397081,0.90675,0.90825,0.98325,0.98825,0.93475,0.996,0.99475,0.99375,0.99575,0.97475,0.955,0.95675,0.41875,0.618,0.30025,0.4745,0.66175,0.4865,0.48775,0.562,0.51075,0.7245,0.8535,0.25075,0.45775,0.294,0.339,0.3965,0.19725,0.89475,0.14875,0.42575
153,1.0,0.5354863887137555,0.5363825535774231,0.09916098998423586,0.12637389653921127,0.12637389653921127,0.09916098998423586,1.0,0.9238696808510638,0.9368351063829787,0.9827127659574468,0.9849290778028205,0.9471409574468085,0.9906914893617021,0.9966755319148937,0.9912455671645225,0.9933510638297872,0.9798315604950519,0.9594414893617021,0.9557845744680851,0.39461436170212766,0.5995124115588817,0.30308067386454723,0.48636968085106386,0.6692154255319149,0.48293439726880255,0.4207668440773132,0.5171764182283524,0.48238031914893614,0.71875,0.817929964750371,0.2673980495397081,0.4289671987929243,0.30862145395355023,0.3867464537950272,0.381427304858857,0.1981382978723404,0.8819813829787234,0.18229166671950767,0.44791666687803067,0.90875,0.91275,0.983,0.987,0.93225,0.99625,0.9965,0.995,0.9925,0.97625,0.955,0.95675,0.42075,0.6095,0.29875,0.47825,0.663,0.488,0.49675,0.57,0.52625,0.734,0.84475,0.252,0.446,0.3115,0.37675,0.394,0.19175,0.8975,0.1505,0.426
154,1.0,0.5365405146111834,0.5365486445426941,0.10322209760705207,0.12413902866840362,0.12413902866840362,0.10322209760705207,1.0,0.925531914893617,0.9444813829787234,0.9793882978723404,0.9827127659574468,0.9410460990794162,0.9913563829787234,0.9943484042553191,0.9923537234042553,0.9970079787234043,0.9786125884411183,0.9546764182283524,0.9546764182283524,0.39106826230566555,0.6070478723404256,0.29753989361702127,0.4851507091141762,0.6712101063829787,0.4859264185453983,0.41300975166736764,0.5252659574468085,0.48138297872340424,0.7194148936170213,0.8095079787234043,0.2716090425531915,0.41511524833263236,0.3275709220386566,0.41611258875816426,0.38331117021276595,0.21165780136559872,0.888741134963137,0.17952127659574468,0.462322695141143,0.9055,0.91275,0.985,0.98625,0.93325,0.997,0.99625,0.99275,0.99575,0.97325,0.95475,0.95525,0.405,0.617,0.29875,0.47875,0.66175,0.478,0.47525,0.58175,0.519,0.7365,0.82875,0.25,0.4515,0.30625,0.35,0.4085,0.2015,0.89875,0.14675,0.453
155,1.0,0.5363876299655184,0.5359382138252259,0.09895577109319732,0.12237565752863884,0.12237565752863884,0.09895577109319732,1.0,0.9225398936170213,0.9317375884411183,0.9817154255319149,0.9876994680851063,0.9434840425531915,0.9936835106382979,0.9966755319148937,0.9915780139730331,0.996343085106383,0.9817154255319149,0.9561170212765957,0.9543439714198417,0.3959441489361702,0.5998448583673923,0.3071808510638298,0.48038563829787234,0.669104609717714,0.4920212765957447,0.4192154255319149,0.5139627659574468,0.4697473404255319,0.7183067373772885,0.807845744680851,0.26496010638297873,0.42641843982199407,0.32158687932694213,0.38785461003476,0.3803191489361702,0.20777925531914893,0.8788785458879268,0.17974290774857743,0.45944148936170215,0.906,0.91975,0.9815,0.985,0.93275,0.99525,0.99575,0.9935,0.99725,0.9775,0.95675,0.9575,0.428,0.6165,0.30525,0.47725,0.6625,0.48225,0.4525,0.57625,0.51225,0.7315,0.843,0.256,0.45825,0.30625,0.33425,0.403,0.19425,0.89425,0.15075,0.44275
156,1.0,0.5362755827447201,0.53420707654953,0.09480890500894253,0.12232687425613403,0.12232687425613403,0.09480890500894253,1.0,0.9267508863134587,0.939383865036863,0.9873670212765957,0.9847074468085106,0.9486923756751608,0.9922429075900544,0.995345744680851,0.988031914893617,0.9966755319148937,0.979720744680851,0.9547872340425532,0.9546764182283524,0.4122340425531915,0.5967420212765957,0.3065159574468085,0.47861258875816426,0.6678856382978723,0.4910239361702128,0.42143173769433445,0.5292553191489362,0.47650709240994554,0.7226285458879268,0.8057402480155864,0.2722739361702128,0.4201019504602919,0.33200354604644977,0.3714539006035379,0.38286790790710046,0.20656028374078425,0.8868572692921821,0.1799645390599332,0.44913563829787234,0.90475,0.92625,0.984,0.9885,0.9335,0.9955,0.99625,0.9995,0.998,0.97775,0.95575,0.95625,0.40275,0.594,0.30275,0.478,0.66125,0.47725,0.43425,0.56825,0.526,0.73675,0.84375,0.255,0.45325,0.3095,0.3365,0.39125,0.1955,0.89675,0.15075,0.45675
157,1.0,0.5360103775846198,0.5346233024597168,0.09956420530030068,0.12495543056726456,0.12495543056726456,0.09956420530030068,1.0,0.9214317373772885,0.9337322692921821,0.9837101063829787,0.9829343969517566,0.941156914893617,0.9950132978723404,0.9973404255319149,0.991688829787234,0.9980053191489362,0.9827127659574468,0.9548980498567541,0.9552304966652647,0.39849290790710046,0.5910904255319149,0.296875,0.48758865227090553,0.6687721629092034,0.49113475198441364,0.4113475176248145,0.5281471629092034,0.472406914893617,0.7227393617021277,0.8054078012070758,0.26728723404255317,0.4206560285801583,0.33499556732304553,0.38486258875816426,0.38441932613545277,0.20434397157836467,0.8839760638297872,0.17320478723404256,0.4548980495397081,0.9055,0.92025,0.982,0.98775,0.93725,0.99675,0.99575,0.99925,0.99725,0.9735,0.955,0.954,0.4345,0.5945,0.29525,0.4755,0.662,0.4865,0.47825,0.5625,0.486,0.744,0.842,0.2545,0.45275,0.2925,0.3445,0.403,0.1945,0.89475,0.1495,0.43025
158,1.0,0.5349929148846484,0.5355452766418457,0.10072695887944799,0.12549743923544884,0.12549743923544884,0.10072695887944799,1.0,0.9232047872340425,0.9470301416326077,0.9782801416326077,0.9796099288666502,0.944813829787234,0.9910239361702128,0.995345744680851,0.9933510638297872,0.9955673756751608,0.9803856382978723,0.9545656030482434,0.9530141841857991,0.4050310285801583,0.6040558510638298,0.29233156033652896,0.4804964537950272,0.6696586881546264,0.4904698583673924,0.4103501771992825,0.5272606382978723,0.456781914893617,0.7229609926964374,0.8011968085106383,0.2755984042553192,0.42375886535390894,0.32236258875816426,0.38785461003476,0.3754432626227115,0.21863918442358363,0.8807624115588817,0.17730496459184808,0.4459219860269668,0.907,0.92325,0.9835,0.98925,0.9365,0.99675,0.99575,0.99525,0.99475,0.97375,0.9545,0.9565,0.4575,0.602,0.299,0.4745,0.661,0.4825,0.47775,0.57275,0.48875,0.71575,0.84125,0.2545,0.45725,0.31075,0.3375,0.407,0.18975,0.8875,0.15075,0.424
159,1.0,0.5352973430714709,0.536068651676178,0.0966021587398458,0.1232444924712181,0.1232444924712181,0.0966021587398458,1.0,0.9261968085106383,0.9416001775163285,0.9826019501432459,0.9863696808510638,0.944813829787234,0.9920212765957447,0.9980053191489362,0.9906914893617021,0.9966755319148937,0.9837101063829787,0.9609929075900544,0.9562278370907966,0.4070257091141762,0.5947473404255319,0.29488031914893614,0.4812721632262494,0.663674645601435,0.4888076240077932,0.40613918450284514,0.5224955674815686,0.4831560285801583,0.7138741136865413,0.8072916668780307,0.27836879437908213,0.4213209218801336,0.31970301429007913,0.3816489361702128,0.38863031914893614,0.21354166656098467,0.8754432626227115,0.18406471633847724,0.4492464537950272,0.90575,0.92275,0.982,0.988,0.93625,0.9965,0.9965,0.99825,0.998,0.978,0.9535,0.957,0.428,0.58925,0.307,0.479,0.661,0.48275,0.44325,0.58425,0.51425,0.73525,0.8405,0.25725,0.44125,0.318,0.366,0.419,0.198,0.88725,0.15125,0.4425
160,1.0,0.5382205501515814,0.5357265577316285,0.09862891560856332,0.12330938389897346,0.12330938389897346,0.09862891560856332,1.0,0.9269725179418604,0.9389406030482434,0.9782801416326077,0.9849290778028205,0.9498005319148937,0.9930186170212766,0.9970079787234043,0.9933510638297872,0.996343085106383,0.9817154255319149,0.9570035458879268,0.9597739361702128,0.41688829787234044,0.5776817373772885,0.30474290790710046,0.4870345744680851,0.6661125884411183,0.49268617021276595,0.4175531914893617,0.5308067373772885,0.47562056716452256,0.7283909574468085,0.8066267732610094,0.2730496452843889,0.4052526595744681,0.32513297872340424,0.3976063829787234,0.3947251771992825,0.2057845744680851,0.8799867021276596,0.18339982264219445,0.4413785458879268,0.90525,0.919,0.98575,0.9875,0.9335,0.99725,0.99625,0.9975,0.99675,0.97225,0.95475,0.95325,0.4205,0.58825,0.29425,0.477,0.66075,0.4875,0.46575,0.56925,0.51175,0.74875,0.84125,0.258,0.4505,0.31675,0.3405,0.4185,0.19175,0.88625,0.1455,0.43
161,1.0,0.5359613730552348,0.5335112714767456,0.09450643616629407,0.12807885056734086,0.12807885056734086,0.09450643616629407,1.0,0.9260859926964374,0.9390514182283524,0.9831560285801583,0.9900265957446809,0.9521276595744681,0.992686170212766,0.9956781914893617,0.9936835106382979,0.995345744680851,0.9803856382978723,0.9566710990794162,0.9543439714198417,0.3993794325184315,0.5908687945376051,0.2984264185453983,0.4790558510638298,0.662677305175903,0.4831560285801583,0.41245567386454723,0.5273714541120732,0.47351507081630384,0.715979609717714,0.8086214541120732,0.2789228723404255,0.4208776595744681,0.33056294315672935,0.3793218085106383,0.3947251771992825,0.20545212765957446,0.8689051416326077,0.17564273054929488,0.4328457446808511,0.906,0.9285,0.985,0.98775,0.93125,0.99725,0.99525,0.99725,0.99675,0.9745,0.9545,0.95525,0.41775,0.60075,0.29875,0.47625,0.66025,0.48525,0.486,0.559,0.5205,0.73125,0.8465,0.258,0.45725,0.31125,0.33075,0.40575,0.18975,0.88175,0.14525,0.428
162,1.0,0.535617396552512,0.5334849495887757,0.09437188755800115,0.12531808665394784,0.12531808665394784,0.09437188755800115,1.0,0.9220966309943097,0.945700354398565,0.9829343969517566,0.9829343969517566,0.948470744680851,0.9913563829787234,0.99445922006952,0.9915780139730331,0.9973404255319149,0.9814937945376051,0.9525709221971795,0.9537898936170213,0.3972739361702128,0.587322694824097,0.30751329787234044,0.4812721632262494,0.6684397161006927,0.49756205652622465,0.4103501771992825,0.523936170212766,0.47296099301348343,0.7330452127659575,0.8130540778028205,0.27570921975247403,0.42054521276595747,0.3270168440773132,0.38076241124183574,0.37200797872340424,0.20279255319148937,0.8702349288666502,0.17708333335975382,0.4384973404255319,0.90625,0.92025,0.984,0.989,0.93225,0.99775,0.9965,0.99925,0.9945,0.97825,0.95575,0.956,0.4085,0.59825,0.30975,0.4765,0.662,0.4865,0.46825,0.557,0.49475,0.73925,0.83125,0.26175,0.45325,0.30175,0.35775,0.3865,0.1905,0.886,0.156,0.4245
163,1.0,0.5352333448034652,0.5332211947441101,0.09648406953412167,0.1275519463121891,0.1275519463121891,0.09648406953412167,1.0,0.9277482267389906,0.9377216309943097,0.9827127659574468,0.9813829787234043,0.9506870565262246,0.9936835106382979,0.9950132978723404,0.9910239361702128,0.9976728723404256,0.9835992905687778,0.9547872340425532,0.9571143617021277,0.39782801429007913,0.6028368796439881,0.3083998228007175,0.48570478723404253,0.6695478723404256,0.48991577993047997,0.39583333343901533,0.5181737589709302,0.4643173759922068,0.7313829787234043,0.799645390282286,0.2738253547156111,0.4183289006035379,0.32746010638297873,0.3895168440773132,0.37843528358226125,0.2106604610193283,0.8734485817716476,0.18617021276595744,0.43860815623973276,0.906,0.9185,0.98725,0.98825,0.9335,0.998,0.99525,0.99875,0.99575,0.97475,0.9565,0.9555,0.434,0.621,0.30475,0.4755,0.66225,0.488,0.451,0.56025,0.48675,0.742,0.8215,0.262,0.4525,0.293,0.35925,0.3865,0.192,0.8895,0.15,0.421
164,1.0,0.5362210812720847,0.5343861575126648,0.09734625599168717,0.12418183439970017,0.12418183439970017,0.09734625599168717,1.0,0.9294104607815438,0.9474734042553191,0.9829343969517566,0.9820478723404256,0.9501329787234043,0.9906914893617021,0.9960106382978723,0.991688829787234,0.9973404255319149,0.979720744680851,0.95866577993048,0.9555629434737754,0.40757978723404253,0.6068262413461157,0.3151595744680851,0.4828235814546017,0.66633422006952,0.5037677303907719,0.4103501771992825,0.524822694824097,0.46830673769433445,0.7326019501432459,0.80241577993048,0.2843528367737506,0.4197695033347353,0.3142730495397081,0.3894060282631123,0.3734485814546017,0.2053413120831581,0.8660239361702128,0.18960549650674172,0.42220744680851063,0.90725,0.91475,0.98125,0.98775,0.92975,0.9975,0.995,0.99375,0.99725,0.97125,0.95475,0.95275,0.3945,0.63125,0.3075,0.4765,0.66225,0.49375,0.4725,0.563,0.50125,0.7235,0.8305,0.304,0.4575,0.30625,0.383,0.4075,0.192,0.877,0.1495,0.42675
165,1.0,0.5360261677427495,0.5338520526885986,0.09728646535981209,0.125324742436409,0.125324742436409,0.09728646535981209,1.0,0.9251994680851063,0.9367242905687778,0.976950354398565,0.9867021276595744,0.9498005319148937,0.9946808510638298,0.9976728723404256,0.9943484042553191,0.9973404255319149,0.9782801416326077,0.9580008863134587,0.9522384753886689,0.39461436170212766,0.611148049539708,0.3042996452843889,0.4848182626227115,0.669991134963137,0.5012189714198417,0.4152260638297872,0.523825354398565,0.47451241155888174,0.7229609926964374,0.802304964750371,0.28933953890141023,0.42054521276595747,0.3270168440773132,0.3996010638297872,0.3781028367737506,0.2113253545570881,0.8764406030482434,0.1825132978723404,0.43328900730356257,0.90725,0.916,0.985,0.987,0.93375,0.998,0.9955,0.996,0.998,0.9735,0.95275,0.9545,0.40225,0.624,0.3,0.47675,0.66225,0.489,0.4575,0.579,0.512,0.7225,0.836,0.292,0.4575,0.31375,0.3595,0.394,0.19575,0.88625,0.1465,0.42575
166,1.0,0.5356819591623672,0.5328615970611572,0.09066596504380094,0.12395407477021217,0.12395407477021217,0.09066596504380094,1.0,0.9324024820581396,0.9422650711333498,0.9845966309943097,0.9853723404255319,0.9505762413461157,0.9940159574468085,0.996343085106383,0.9913563829787234,0.9986702127659575,0.980718085106383,0.9603280139730331,0.955008865036863,0.390625,0.6077127659574468,0.3050753547156111,0.4859264185453983,0.6662234042553191,0.48681294315672935,0.41688829787234044,0.5298093972688026,0.47229609907941617,0.7196365246113311,0.8095079787234043,0.28080673769433445,0.4228723404255319,0.32568705684327065,0.37632978723404253,0.3804299644333251,0.21010638297872342,0.8673537234042553,0.1832890069865166,0.4382757094312221,0.90775,0.92025,0.98525,0.98875,0.935,0.998,0.9955,0.99775,0.9965,0.9785,0.95675,0.95575,0.41,0.6175,0.304,0.474,0.6625,0.4785,0.467,0.575,0.49575,0.72375,0.83125,0.27875,0.45375,0.3015,0.3285,0.40375,0.19825,0.8835,0.1465,0.42775
167,1.0,0.535197322038894,0.5340496587753296,0.09143255940301621,0.1229312592446804,0.1229312592446804,0.09143255940301621,1.0,0.9230939714198417,0.9420434395049481,0.9827127659574468,0.989029255319149,0.9500221629092034,0.995345744680851,0.9970079787234043,0.9956781914893617,0.9956781914893617,0.9810505319148937,0.9554521276595744,0.9548980498567541,0.3874113474120485,0.6013962765957447,0.3113918439187902,0.4794991133694953,0.6707668437602672,0.4841533686886442,0.40625,0.5332446808510638,0.47152038996524,0.726174645601435,0.81804077993048,0.2779255319148936,0.4181072696092281,0.3260195036517813,0.3714539006035379,0.38153812067305787,0.21531471625921575,0.873116134963137,0.17985372340425532,0.4472517729439634,0.90925,0.9205,0.98525,0.98675,0.93525,0.99725,0.9965,0.9995,0.9975,0.97725,0.95675,0.95625,0.3965,0.6125,0.3045,0.4775,0.6625,0.48075,0.459,0.58325,0.5085,0.7245,0.83625,0.284,0.45825,0.31275,0.3535,0.39475,0.195,0.886,0.1485,0.4515
168,1.0,0.5348031248183961,0.5306915335655212,0.09555633110489617,0.126231263756752,0.126231263756752,0.09555633110489617,1.0,0.9258643617021277,0.9443705671645225,0.9823803191489362,0.9837101063829787,0.9465868796439881,0.9910239361702128,0.9983377659574468,0.9930186170212766,0.9976728723404256,0.9800531914893617,0.9557845744680851,0.955008865036863,0.3794326240077932,0.605718085106383,0.3169326240077932,0.4859264182283523,0.6652260638297872,0.4841533686886442,0.41378546109858977,0.528479609717714,0.4588874114003587,0.7236258863134587,0.8071808510638298,0.2844636524294285,0.4197695036517813,0.31870567386454723,0.38308953890141023,0.37533244680851063,0.2102171984758783,0.8759973404255319,0.1876108156556779,0.4478058510638298,0.90925,0.91575,0.983,0.9895,0.9305,0.9975,0.9955,0.99975,0.99675,0.9775,0.956,0.956,0.39875,0.60675,0.30775,0.476,0.662,0.483,0.46125,0.55725,0.50025,0.72275,0.84525,0.26575,0.4545,0.279,0.33225,0.3705,0.19375,0.8885,0.1555,0.4245
169,1.0,0.5339340161769948,0.5311510591506958,0.09365280828577408,0.13188190364837646,0.13188190364837646,0.09365280828577408,1.0,0.9280806735475012,0.9453679075900544,0.9813829787234043,0.9857047872340425,0.9488031914893617,0.991688829787234,0.9946808510638298,0.9900265957446809,0.9973404255319149,0.9830452127659575,0.9580008863134587,0.9563386522709055,0.3855274823751855,0.60383422006952,0.31449468085106386,0.47816932613545277,0.6696586881546264,0.4904698580503464,0.4236480498567541,0.5268173756751608,0.47163120577944084,0.7271719860269669,0.8174867021276596,0.2863475176248145,0.4206560282631123,0.30950797872340424,0.3624778370907966,0.36103723404255317,0.20877659574468085,0.8689051416326077,0.18450797872340424,0.42996453890141023,0.90725,0.921,0.98425,0.99025,0.9345,0.998,0.99575,0.997,0.99675,0.976,0.95575,0.956,0.39025,0.62325,0.305,0.47525,0.6625,0.47975,0.4705,0.57875,0.50325,0.7245,0.845,0.28825,0.45125,0.2895,0.3275,0.3905,0.19675,0.8785,0.14975,0.42475
170,1.0,0.5347126157993966,0.5310033359527588,0.09350423887372017,0.1328290476500988,0.1328290476500988,0.09350423887372017,1.0,0.9277482267389906,0.9400487586538843,0.9823803191489362,0.9859264182283524,0.9541223404255319,0.9939051416326077,0.9980053191489362,0.992686170212766,0.9986702127659575,0.9811613477290945,0.957779255319149,0.9551196808510638,0.38973847507162296,0.6199024820581396,0.2994237589709302,0.4740691489361702,0.6697695033347353,0.48093971641773875,0.42176418450284514,0.5365691489361702,0.46875,0.7217420212765957,0.8108377659574468,0.28956117021276595,0.4229831559226868,0.3074024823751855,0.3695700354081519,0.37045656017800593,0.1998005319148936,0.8683510638297872,0.1848404255319149,0.43074024833263236,0.9055,0.926,0.98525,0.98725,0.93425,0.9975,0.99525,0.9985,0.9955,0.9745,0.95525,0.95575,0.403,0.62225,0.2995,0.47525,0.662,0.48125,0.4675,0.56325,0.48375,0.722,0.836,0.29925,0.45325,0.29025,0.31425,0.38825,0.20125,0.89225,0.14875,0.41775
171,1.0,0.5353797458587809,0.5336685333251953,0.09319637014352261,0.12263384491205215,0.12263384491205215,0.09319637014352261,1.0,0.9295212765957447,0.9479166668780307,0.9830452127659575,0.9863696808510638,0.9492464541120732,0.9913563829787234,0.9976728723404256,0.9900265957446809,0.9950132978723404,0.9820478723404256,0.955895390282286,0.9565602838993073,0.3921764185453983,0.6104831562397328,0.30629432613545277,0.48304521276595747,0.669991134963137,0.4855939717368877,0.4150044325184315,0.5369015957446809,0.4646498228007175,0.7148714541120732,0.7951019501432459,0.28302304969823106,0.41766400698651657,0.316156914893617,0.3706781914893617,0.38430851063829785,0.20390070911417615,0.8797650711333498,0.18783244680851063,0.4331781914893617,0.90625,0.92375,0.984,0.988,0.93175,0.99725,0.99625,0.99425,0.99675,0.97825,0.955,0.95575,0.4015,0.62375,0.3015,0.47625,0.6615,0.4815,0.468,0.57825,0.49475,0.72875,0.8365,0.2895,0.45725,0.292,0.34175,0.405,0.19425,0.86825,0.154,0.4235
172,1.0,0.5349120250407685,0.5294182481765747,0.08692032126511665,0.13175948089361192,0.13175948089361192,0.08692032126511665,1.0,0.9367242905687778,0.9465868796439881,0.9830452127659575,0.9860372340425532,0.9481382978723404,0.9966755319148937,0.9968971629092034,0.9920212765957447,0.9976728723404256,0.9833776595744681,0.960438829787234,0.9571143617021277,0.38641400730356257,0.614804964750371,0.3004210993964621,0.4806072696092281,0.6688829787234043,0.48470744680851063,0.41411790790710046,0.5423315604950519,0.465093085106383,0.7231826243248392,0.8148271276595744,0.2907801419496536,0.43328900730356257,0.3232491133694953,0.3727836878375804,0.37666223404255317,0.21520390076206086,0.8644725179418604,0.1841755319148936,0.42841312067305787,0.909,0.93,0.98375,0.989,0.934,0.997,0.99625,1.0,0.998,0.979,0.95575,0.9555,0.3985,0.62775,0.29,0.4755,0.6625,0.4715,0.45725,0.568,0.4695,0.7335,0.839,0.294,0.46,0.29,0.32175,0.38125,0.19725,0.8715,0.1545,0.42575
173,1.0,0.5332138481292319,0.5314024467468261,0.09772165515955458,0.12871724390983583,0.12871724390983583,0.09772165515955458,1.0,0.9288563829787234,0.9485815604950519,0.9827127659574468,0.9812721629092034,0.9491356382978723,0.9933510638297872,0.9973404255319149,0.9929078012070758,0.995345744680851,0.9782801416326077,0.9578900711333498,0.9563386522709055,0.39516843982199407,0.6245567373772885,0.2957668439187902,0.4772828015241217,0.6660017732610094,0.48293439726880255,0.43029698570992087,0.5306959218801336,0.44481382978723405,0.7195257094312222,0.8144946808510638,0.2898936170212766,0.4279698580503464,0.31438386535390894,0.3535017729439634,0.3765514185453983,0.21154698570992084,0.8644725179418604,0.18184840425531915,0.4236480495397081,0.90725,0.91875,0.98625,0.98825,0.93325,0.99775,0.99575,0.99925,0.99475,0.9765,0.95525,0.95575,0.39475,0.6345,0.29575,0.47375,0.661,0.47825,0.4865,0.57275,0.46225,0.717,0.832,0.2875,0.45925,0.295,0.32275,0.40275,0.19925,0.88475,0.15375,0.4195
174,1.0,0.5334809948789313,0.530902533531189,0.09059330571363582,0.12673903915286064,0.12673903915286064,0.09059330571363582,1.0,0.9327349288666502,0.950354609717714,0.9839317373772885,0.989029255319149,0.9507978723404256,0.9913563829787234,0.9976728723404256,0.9930186170212766,0.995345744680851,0.9835992905687778,0.9537898936170213,0.955008865036863,0.3849734042553192,0.619570035249629,0.30031028358226125,0.4861480498567541,0.669104609717714,0.4734042553191489,0.4216533686886442,0.5223847516673676,0.4585549644333251,0.7203014182283524,0.7978723404255319,0.2820257091141762,0.4206560282631123,0.32036790774857743,0.3654698580503464,0.36613475166736764,0.21686613464609106,0.8663563829787234,0.18384308510638298,0.4254210993964621,0.905,0.93025,0.98625,0.98825,0.93475,0.99725,0.996,1.0,0.99625,0.97475,0.95575,0.95475,0.40375,0.63175,0.2995,0.4765,0.6615,0.475,0.45475,0.558,0.4765,0.7305,0.8365,0.2725,0.457,0.29225,0.32075,0.38625,0.19525,0.87325,0.1535,0.42175
175,1.0,0.5347806925469256,0.5320965566635132,0.08895455685226207,0.1269520419538021,0.1269520419538021,0.08895455685226207,1.0,0.9271941489361702,0.9455895392184562,0.9777260638297872,0.9863696808510638,0.9516843969517566,0.996343085106383,0.9978945033347353,0.995345744680851,0.9976728723404256,0.984375,0.960438829787234,0.9573359926964374,0.39195478723404253,0.6165780139730331,0.3045212765957447,0.4806072696092281,0.6703235817716476,0.4884751775163285,0.4097960993964621,0.5310283690056903,0.4592198580503464,0.7262854607815438,0.8057402480155864,0.296875,0.43129432645249877,0.32513297872340424,0.37045656017800593,0.37211879422055916,0.2065602837011535,0.8591533690056903,0.18672429080656233,0.43816489361702127,0.90675,0.91775,0.9855,0.98875,0.93575,0.997,0.9955,0.9995,0.9985,0.97775,0.95525,0.95475,0.396,0.6145,0.3025,0.47575,0.6625,0.48025,0.457,0.57375,0.48525,0.741,0.84125,0.262,0.454,0.30325,0.3405,0.39975,0.193,0.86425,0.15625,0.42625
176,1.0,0.5340727225263068,0.5303094778060913,0.08996327419547324,0.13329541936516762,0.13329541936516762,0.08996327419547324,1.0,0.9318484042553191,0.9527925531914894,0.9817154255319149,0.9886968085106383,0.9490248224836715,0.992686170212766,0.9966755319148937,0.9936835106382979,0.9980053191489362,0.9820478723404256,0.958554964750371,0.9551196808510638,0.3870789006035379,0.6042774820581396,0.2980939717368877,0.47118794315672935,0.6719858158142009,0.4886968085106383,0.4070257091141762,0.5352393617021277,0.4649822696092281,0.7333776595744681,0.807845744680851,0.28756648936170215,0.4349512410290698,0.3271276595744681,0.3847517729439634,0.3717863474120485,0.20656028358226128,0.8470744680851063,0.1907136524294285,0.43683510638297873,0.90725,0.922,0.9855,0.988,0.9335,0.99675,0.9955,0.99675,0.996,0.977,0.955,0.95575,0.392,0.62275,0.2835,0.4745,0.66125,0.48625,0.455,0.55575,0.4915,0.726,0.8425,0.28075,0.45575,0.30075,0.33825,0.39525,0.1965,0.86325,0.15975,0.425
177,1.0,0.5337484339450268,0.5326781010627747,0.08793278363473872,0.1231875906586647,0.1231875906586647,0.08793278363473872,1.0,0.9297429075900544,0.9461436170212766,0.9896941489361702,0.9857047872340425,0.9513519501432459,0.9943484042553191,0.997229609717714,0.9936835106382979,0.9966755319148937,0.9839317373772885,0.9584441489361702,0.9583333331219693,0.38054078024752597,0.6088209221971795,0.28756648936170215,0.4768395392184562,0.6692154255319149,0.4826019501432459,0.41511524833263236,0.5253767732610094,0.47661790759005446,0.7139849288666502,0.80241577993048,0.2878989361702128,0.4273049647503711,0.32413563829787234,0.37699468085106386,0.37078900698651657,0.21343085106382978,0.8629210990794162,0.1912677303907719,0.4352836878375804,0.90775,0.926,0.98575,0.9875,0.93475,0.9975,0.99575,0.99775,0.998,0.97975,0.95525,0.9575,0.4,0.618,0.28375,0.4765,0.66125,0.48425,0.431,0.58825,0.50275,0.732,0.82375,0.29825,0.4555,0.302,0.3435,0.39575,0.2,0.876,0.1585,0.4275
178,1.0,0.534542978443998,0.5330747113227844,0.09245838807459841,0.12891428193449975,0.12891428193449975,0.09245838807459841,1.0,0.9330673756751608,0.9440381203560119,0.9837101063829787,0.9853723404255319,0.9533466309943097,0.9943484042553191,0.9960106382978723,0.9923537234042553,0.9970079787234043,0.9820478723404256,0.9564494680851063,0.9568927307078179,0.3959441489361702,0.6067154255319149,0.3004210993964621,0.47661790790710046,0.667220744680851,0.4810505319148936,0.40070922006952003,0.5293661346460911,0.4728501771992825,0.7268395392184562,0.7972074468085106,0.30086436170212766,0.42586436170212766,0.3238031914893617,0.3767730495397081,0.3732269504602919,0.2139849290251732,0.869570035249629,0.18605939711027958,0.4342863474120485,0.90875,0.9315,0.98225,0.98925,0.934,0.99825,0.9955,0.99975,0.99675,0.9785,0.95425,0.95525,0.4235,0.61575,0.3035,0.475,0.661,0.4785,0.44625,0.572,0.484,0.724,0.84175,0.3135,0.45675,0.30975,0.3465,0.37375,0.19675,0.8785,0.1535,0.4315
179,1.0,0.5355308100264123,0.531190631389618,0.08872134424746037,0.13808549869060516,0.13808549869060516,0.08872134424746037,1.0,0.9322916668780307,0.9535682626227115,0.9840425531914894,0.9857047872340425,0.9554521276595744,0.9920212765957447,0.9943484042553191,0.9943484042553191,0.9980053191489362,0.9818262413461157,0.9584441489361702,0.953125,0.4031471632262494,0.5950797872340425,0.30042109923793914,0.48038563829787234,0.6679964541120732,0.49069148936170215,0.40203900730356257,0.5431072696092281,0.4616578012070757,0.7298315604950519,0.8007535458879268,0.2882313829787234,0.4289671987929243,0.3384308510638298,0.36923758875816426,0.3680186170212766,0.2063386524294285,0.8725620565262246,0.18428634753094075,0.43461879422055916,0.90775,0.92775,0.985,0.98875,0.93275,0.99675,0.99375,0.9985,0.996,0.9765,0.9555,0.95625,0.423,0.59225,0.293,0.47425,0.66025,0.4865,0.4385,0.56025,0.513,0.73875,0.83725,0.295,0.463,0.29575,0.31725,0.383,0.2055,0.89125,0.15775,0.419
180,1.0,0.5353259494964112,0.5324182019233704,0.08569929831998145,0.12761510545015334,0.12761510545015334,0.08569929831998145,1.0,0.9352836881546264,0.9453679075900544,0.9852615246113311,0.9863696808510638,0.9510195033347353,0.9943484042553191,0.9980053191489362,0.9933510638297872,0.9973404255319149,0.9833776595744681,0.9606604607815438,0.957779255319149,0.40536347507162296,0.5931959221971795,0.28701241124183574,0.4746232267389906,0.6662234042553191,0.49811613496313706,0.4177748228007175,0.5292553191489362,0.46143617021276595,0.7344858158142009,0.8064051416326077,0.2892287234042553,0.44592198570992087,0.32335992918369616,0.3604831559226868,0.3673537234042553,0.20977393617021275,0.8744459221971795,0.1934840425531915,0.4337322692921821,0.9065,0.92375,0.98575,0.989,0.93425,0.99725,0.996,0.9985,0.99675,0.97725,0.9555,0.9565,0.41425,0.61875,0.28725,0.47625,0.6615,0.4835,0.4765,0.574,0.48025,0.74075,0.8335,0.29425,0.45825,0.312,0.3325,0.37825,0.19925,0.89125,0.15625,0.42525
181,1.0,0.5349696849254851,0.5328839631080627,0.08622595208122376,0.1248571170270443,0.1248571170270443,0.08622595208122376,1.0,0.933843085106383,0.9520168437602672,0.9823803191489362,0.9860372340425532,0.9483599288666502,0.992686170212766,0.9983377659574468,0.9943484042553191,0.9976728723404256,0.984375,0.9597739361702128,0.9564494680851063,0.3896276595744681,0.6009530139730331,0.2933289006035379,0.48891843950494807,0.666445035249629,0.48093971641773875,0.4203235814546017,0.5374556738645473,0.45223847507162296,0.7208554966652647,0.8076241136865413,0.2945478723404255,0.4304078015241217,0.33211436170212766,0.3782136525879515,0.3626994680851064,0.20168439718954106,0.8756648936170213,0.18550531914893617,0.43794326230566555,0.90675,0.91425,0.98475,0.99,0.9315,0.9975,0.9955,0.99875,0.99775,0.97825,0.9555,0.95675,0.38125,0.61675,0.28525,0.4775,0.66225,0.48525,0.47375,0.57725,0.49325,0.74025,0.8325,0.28525,0.4595,0.31075,0.3515,0.3895,0.19825,0.8895,0.156,0.4335
182,1.0,0.536048303893272,0.5325851063728333,0.08713414095976252,0.12756077948212624,0.12756077948212624,0.08713414095976252,1.0,0.9383865246113311,0.957779255319149,0.9817154255319149,0.9860372340425532,0.9548980498567541,0.9930186170212766,0.9980053191489362,0.9960106382978723,0.9970079787234043,0.9806072692921821,0.9587765957446809,0.956781914893617,0.3929521276595745,0.6046099291836962,0.3000886525879515,0.48304521276595747,0.6693262413461157,0.48681294347377535,0.41766400730356257,0.5232712765957447,0.46786347507162296,0.7266179075900544,0.8093971629092034,0.29000443267695447,0.4254210993964621,0.3242464537950272,0.38663563829787234,0.38275709209289954,0.20511968085106383,0.8765514182283524,0.18661347507162296,0.44049202127659576,0.9075,0.909,0.9865,0.98925,0.932,0.9975,0.997,0.99875,0.99525,0.9795,0.95625,0.95675,0.41125,0.621,0.30575,0.47525,0.66125,0.477,0.46075,0.56325,0.51775,0.734,0.8385,0.27625,0.44275,0.289,0.35825,0.37025,0.19175,0.889,0.1505,0.42275
183,1.0,0.5354873690199344,0.5336313147544861,0.08742589269705275,0.1296098149418831,0.1296098149418831,0.08742589269705275,1.0,0.9350620565262246,0.9504654255319149,0.9840425531914894,0.9882535458879268,0.9532358158142009,0.9960106382978723,0.9973404255319149,0.9886968085106383,0.995345744680851,0.9867021276595744,0.9584441489361702,0.9582225179418604,0.399822695141143,0.6015070924099456,0.3006427303907719,0.4828235814546017,0.663674645601435,0.4886968085106383,0.41710992918369616,0.5249335106382979,0.4752881203560119,0.72429077993048,0.8072916668780307,0.28047429072730085,0.41899379422055916,0.31704343966347104,0.37367021276595747,0.37777038996524,0.20589539012376298,0.865802305175903,0.18772163123209426,0.42586436170212766,0.90875,0.918,0.9855,0.98925,0.936,0.9975,0.99675,0.997,0.99625,0.981,0.95525,0.957,0.4395,0.6005,0.29475,0.4745,0.65975,0.48875,0.4775,0.56875,0.5115,0.73225,0.834,0.26875,0.446,0.29075,0.3215,0.40675,0.19325,0.88,0.16225,0.424
184,1.0,0.5351512660371497,0.5339006524085999,0.08602268803626933,0.12257959911227226,0.12257959911227226,0.08602268803626933,1.0,0.9375,0.955008865036863,0.9841533690056903,0.98991577993048,0.953125,0.9956781914893617,0.9983377659574468,0.9940159574468085,0.9976728723404256,0.9803856382978723,0.9587765957446809,0.9563386522709055,0.42021276595744683,0.5981826243248392,0.2872340425531915,0.4821586881546264,0.668218085106383,0.4869237589709302,0.40757978723404253,0.5238253547156111,0.46066046109858977,0.7262854607815438,0.8093971629092034,0.2966533686886442,0.42708333312196933,0.3148271276595745,0.36868351063829785,0.37843528389930725,0.2057845744680851,0.8710106382978723,0.18960549646711095,0.4239804966652647,0.91,0.92025,0.98275,0.989,0.9325,0.99825,0.996,0.99325,0.9965,0.97775,0.9555,0.95725,0.415,0.6195,0.28775,0.47875,0.6615,0.48575,0.4605,0.553,0.5,0.72675,0.8435,0.30475,0.45125,0.31,0.346,0.41625,0.19525,0.87375,0.15125,0.431
185,1.0,0.5355052130019411,0.5307541060447692,0.08347559767834684,0.12636843478679657,0.12636843478679657,0.08347559767834684,1.0,0.9355053191489362,0.9554521276595744,0.9863696808510638,0.9896941489361702,0.953125,0.9930186170212766,0.9973404255319149,0.9905806735475012,0.9980053191489362,0.9830452127659575,0.956781914893617,0.9557845744680851,0.3982712765957447,0.6017287234042553,0.2802526595744681,0.4802748228007175,0.6697695033347353,0.48714538996524,0.40658244680851063,0.5254875887581643,0.4693040778028204,0.7239583331219693,0.809729609717714,0.29499113480461403,0.43074024833263236,0.3289007091141762,0.3894060282631123,0.3791001771992825,0.21354166656098467,0.8609264182283524,0.1873891843443221,0.43561613496313706,0.90725,0.92525,0.987,0.989,0.93675,0.99775,0.99675,0.99925,0.99575,0.97825,0.954,0.9545,0.4165,0.59575,0.292,0.4765,0.66125,0.48725,0.4365,0.56275,0.48875,0.735,0.8445,0.27375,0.454,0.297,0.34975,0.36425,0.20175,0.866,0.15,0.431
186,1.0,0.5343216923957176,0.5317427334785462,0.08643130621218935,0.1238722086250782,0.1238722086250782,0.08643130621218935,1.0,0.9379432626227115,0.9510195033347353,0.986258865036863,0.9853723404255319,0.9496897161006927,0.9940159574468085,0.9966755319148937,0.9920212765957447,0.9956781914893617,0.9809397161006927,0.9609929075900544,0.9560062054623949,0.4084663120038966,0.5843306738645473,0.28800975166736764,0.4799423759922068,0.6689937945376051,0.4924645392184562,0.39716312067305787,0.5105274820581396,0.4553413121624196,0.7246232267389906,0.8140514182283524,0.2816932624641885,0.4285239361702128,0.3249113475705715,0.3825354609400668,0.37367021276595747,0.21243351063829788,0.8573803191489362,0.17641843966347107,0.4504654255319149,0.906,0.91875,0.98625,0.98875,0.93475,0.99875,0.99625,0.99775,0.9975,0.979,0.9565,0.955,0.41625,0.582,0.28525,0.47725,0.662,0.4915,0.4045,0.55975,0.49175,0.73875,0.84275,0.2965,0.4575,0.29725,0.34175,0.3845,0.2025,0.8775,0.15425,0.43525
187,1.0,0.5339217128905844,0.5308505458831787,0.08494067215856085,0.1206375373005867,0.1206375373005867,0.08494067215856085,1.0,0.9333998224836715,0.9482491136865413,0.9883643617021277,0.9886968085106383,0.9574468085106383,0.9915780139730331,0.996343085106383,0.9943484042553191,0.9976728723404256,0.9809397161006927,0.9566710990794162,0.955008865036863,0.4024822696092281,0.5848847519844136,0.2870124114003587,0.47761524833263236,0.6674423756751608,0.49745124134611574,0.3826462765957447,0.5058732270560367,0.4521276595744681,0.71875,0.801529255319149,0.29443705684327065,0.4384973404255319,0.3250221632262494,0.3959441489361702,0.37045656017800593,0.21021719863440128,0.8651374115588817,0.1859485816131247,0.4429299644333251,0.907,0.924,0.98575,0.989,0.93775,0.99725,0.99675,0.99725,0.996,0.97825,0.95675,0.95725,0.404,0.598,0.2895,0.4745,0.66175,0.48675,0.432,0.55175,0.48575,0.731,0.828,0.28975,0.451,0.29325,0.344,0.36675,0.20975,0.87025,0.159,0.4275
188,1.0,0.5326420988174195,0.5306114816665649,0.08689010034295473,0.12420272251963616,0.12420272251963616,0.08689010034295473,1.0,0.9358377659574468,0.9498005319148937,0.984375,0.9853723404255319,0.9506870565262246,0.9936835106382979,0.9973404255319149,0.9931294328354775,0.996343085106383,0.9826019501432459,0.9574468085106383,0.9573359926964374,0.39106826230566555,0.5816710990794162,0.29033687932694213,0.4870345744680851,0.6716533690056903,0.4984485814546017,0.4084663121624196,0.5057624115588817,0.4597739361702128,0.7189716309943097,0.8020833331219693,0.2900044325184315,0.4295212765957447,0.31338652492837704,0.38175975166736764,0.35693705684327065,0.21254432629397574,0.8527260638297872,0.1842863475705715,0.431072695141143,0.9085,0.91425,0.98375,0.99025,0.9365,0.99825,0.996,0.99975,0.998,0.978,0.95575,0.95475,0.38175,0.57275,0.29425,0.477,0.66225,0.49425,0.4485,0.56775,0.51,0.74025,0.8325,0.27575,0.4495,0.29575,0.36675,0.36425,0.204,0.86125,0.1555,0.42325
189,1.0,0.533583032323959,0.5338726439476014,0.08897786817335068,0.12710702815651895,0.12710702815651895,0.08897786817335068,1.0,0.9357269501432459,0.9557845744680851,0.9853723404255319,0.9893617021276596,0.9561170212765957,0.9936835106382979,0.9970079787234043,0.9927969860269669,0.995345744680851,0.9833776595744681,0.9575576243248392,0.9553413118453736,0.38818705652622465,0.5806737586538843,0.29033687932694213,0.4819370566847477,0.6675531914893617,0.4864804966652647,0.41511524833263236,0.5337987586538843,0.4747340425531915,0.7248448583673923,0.7989804966652647,0.29499113464609106,0.4277482267389906,0.3232491133694953,0.39029255319148937,0.37300531914893614,0.21575797872340424,0.8624778370907966,0.1875,0.4213209218801336,0.9075,0.92475,0.98525,0.9905,0.9345,0.99775,0.99675,0.9975,0.995,0.9765,0.9565,0.95575,0.41425,0.57625,0.2885,0.47475,0.6625,0.4835,0.473,0.55875,0.51425,0.748,0.828,0.28175,0.447,0.297,0.33575,0.41725,0.2035,0.87325,0.1565,0.42025
190,1.0,0.5356674967928136,0.5334027256965638,0.08506493745966161,0.12151184675097465,0.12151184675097465,0.08506493745966161,1.0,0.9312943264524988,0.9587765957446809,0.9827127659574468,0.9863696808510638,0.9554521276595744,0.9913563829787234,0.9986702127659575,0.993572694824097,0.9973404255319149,0.9830452127659575,0.957779255319149,0.955895390282286,0.39128989361702127,0.5633865246113311,0.2980939715783647,0.4812721632262494,0.6675531914893617,0.490802304858857,0.4113475176248145,0.5161790781198664,0.47606382978723405,0.7240691489361702,0.7892287234042553,0.2873448580503464,0.42231826230566555,0.31283244680851063,0.3880762410290698,0.38486258875816426,0.22606382978723405,0.8764406030482434,0.18628102842163533,0.4273049644333251,0.90725,0.928,0.98575,0.99,0.93525,0.99825,0.99625,0.99925,0.9975,0.97925,0.95625,0.955,0.38825,0.57175,0.30725,0.47625,0.66125,0.48375,0.43675,0.56275,0.5185,0.7315,0.82025,0.2905,0.44725,0.29125,0.3665,0.404,0.20875,0.893,0.15775,0.42625
191,1.0,0.5362230101798443,0.5339949645996094,0.08749918758552125,0.12283676373958588,0.12283676373958588,0.08749918758552125,1.0,0.9324024820581396,0.9515735817716476,0.9863696808510638,0.9870345744680851,0.9470301416326077,0.992686170212766,0.9966755319148937,0.9930186170212766,0.9973404255319149,0.980718085106383,0.9601063829787234,0.957779255319149,0.3927304963482187,0.5774601063829787,0.3098404255319149,0.4796099288666502,0.6667774820581396,0.4939051419496536,0.4074689717368877,0.5195035458879268,0.4882535462049728,0.7299423756751608,0.8028590425531915,0.28756648936170215,0.4195478723404255,0.313386524769854,0.4046985814546017,0.3703457446808511,0.2155363475705715,0.8797650711333498,0.1819592198713663,0.42298315623973276,0.908,0.92525,0.9865,0.9915,0.93675,0.99825,0.996,0.9965,0.99725,0.978,0.9575,0.95725,0.39275,0.611,0.30725,0.47575,0.66275,0.48625,0.45275,0.559,0.52625,0.7275,0.82475,0.2965,0.44925,0.311,0.375,0.412,0.2005,0.88925,0.15475,0.41625
192,1.0,0.5366280478365878,0.5332266249656678,0.083269536297055,0.12739872282743453,0.12739872282743453,0.083269536297055,1.0,0.9365026595744681,0.9594414893617021,0.9883643617021277,0.9893617021276596,0.9561170212765957,0.9966755319148937,0.9942375884411183,0.9915780139730331,0.9970079787234043,0.9853723404255319,0.9593306735475012,0.9556737586538843,0.3865248228007175,0.5995124115588817,0.30463209225142257,0.4822695033347353,0.6697695033347353,0.49368351063829785,0.40691489361702127,0.5197251775163285,0.47883422006952003,0.7214095744680851,0.7935505319148937,0.28967198570992087,0.41500443283547744,0.31648936170212766,0.3974955674815685,0.3853058510638298,0.22085549634821872,0.8783244680851063,0.1923758864719817,0.41445035455708806,0.9075,0.93075,0.98775,0.9895,0.9325,0.9975,0.99625,0.99975,0.99625,0.97875,0.95775,0.9575,0.3805,0.61625,0.29075,0.47625,0.66175,0.484,0.462,0.561,0.51475,0.73025,0.82,0.28975,0.44575,0.29275,0.3815,0.40675,0.21325,0.88775,0.1575,0.41925
193,1.0,0.5352427674100754,0.5317073588371277,0.08517888315180515,0.13108761700987817,0.13108761700987817,0.08517888315180515,1.0,0.933843085106383,0.9561170212765957,0.984375,0.9879210990794162,0.9556737586538843,0.9936835106382979,0.996343085106383,0.9923537234042553,0.9976728723404256,0.9850398936170213,0.9564494680851063,0.9565602838993073,0.37843528358226125,0.6032801419496536,0.29210992918369616,0.48293439726880255,0.6710992905687778,0.48958333343901533,0.42586436170212766,0.52116577993048,0.4718528370907966,0.7173093969517566,0.8026374115588817,0.29731826230566555,0.42464538996524,0.3223625885996413,0.4030363474120485,0.38220301413155616,0.20689273054929488,0.8756648936170213,0.18617021276595744,0.4220966313113558,0.90675,0.9295,0.984,0.9895,0.9375,0.997,0.99525,0.9995,0.9965,0.981,0.95625,0.95725,0.38175,0.5955,0.292,0.4745,0.6625,0.47225,0.48725,0.562,0.50325,0.7335,0.83375,0.2745,0.444,0.28625,0.34975,0.40125,0.2045,0.88275,0.1595,0.41775
194,1.0,0.5339196406780405,0.5340690312385559,0.08699252567392715,0.12294093561172485,0.12294093561172485,0.08699252567392715,1.0,0.9350620565262246,0.9533466309943097,0.988031914893617,0.9853723404255319,0.9553413118453736,0.9910239361702128,0.9976728723404256,0.9943484042553191,0.9956781914893617,0.9830452127659575,0.962322694824097,0.9554521276595744,0.3873005319148936,0.5885416665609847,0.28956117021276595,0.4841533686886442,0.6704343969517566,0.4744015957446808,0.42608599269643743,0.5142952127659575,0.4602171987929243,0.7258421987929242,0.8006427307078179,0.2979831559226868,0.4167774823751855,0.3101728723404255,0.39350620577944084,0.3765514185453983,0.21199024817410936,0.8711214541120732,0.1842863475705715,0.4134530139730332,0.908,0.92225,0.982,0.9865,0.939,0.9975,0.99575,0.9995,0.9975,0.97775,0.9555,0.957,0.413,0.59775,0.29525,0.476,0.662,0.4835,0.4635,0.583,0.50225,0.73925,0.83375,0.295,0.44375,0.29775,0.36,0.399,0.2045,0.874,0.158,0.42125
195,1.0,0.5346190580662261,0.5304141902923584,0.08167332874492128,0.1338189003765583,0.1338189003765583,0.08167332874492128,1.0,0.934729609717714,0.9525709221971795,0.9847074468085106,0.988031914893617,0.9572251775163285,0.9956781914893617,0.9986702127659575,0.9946808510638298,0.9983377659574468,0.9833776595744681,0.9583333331219693,0.9566710990794162,0.37566489361702127,0.5821143617021277,0.29609929072730085,0.4854831559226868,0.6695478723404256,0.4914671984758783,0.42253989361702127,0.5180629431567294,0.47783687932694213,0.728945035249629,0.796875,0.2902260638297872,0.4164450355666749,0.31560283693227364,0.3855274823751855,0.3744459221971796,0.2106604610985898,0.8708998224836715,0.18960549650674172,0.421875,0.90625,0.9305,0.98375,0.99,0.93625,0.998,0.99525,0.9995,0.998,0.9785,0.95525,0.95625,0.38075,0.5805,0.287,0.473,0.661,0.48825,0.48375,0.55325,0.51825,0.7425,0.827,0.2845,0.44475,0.2915,0.33725,0.39875,0.20725,0.88275,0.1615,0.4235
196,1.0,0.5355100333690643,0.531893274307251,0.08269954966183038,0.13136540740728378,0.13136540740728378,0.08269954966183038,1.0,0.9324024820581396,0.955008865036863,0.9837101063829787,0.9876994680851063,0.9606604607815438,0.995345744680851,0.9980053191489362,0.9950132978723404,0.9983377659574468,0.9823803191489362,0.9607712765957447,0.9584441489361702,0.37898936170212766,0.5838874112418357,0.2908909574468085,0.4758421987929243,0.6652260638297872,0.4898049647503711,0.4208776595744681,0.5178413118453736,0.4869237589709302,0.7317154255319149,0.803302305175903,0.2839095744680851,0.4226507091141762,0.3146054963482187,0.38929521276595747,0.37699468085106386,0.21597960987623702,0.8736702127659575,0.19171099285496043,0.4245345744680851,0.905,0.93225,0.9855,0.9905,0.9385,0.99775,0.997,0.99975,0.99675,0.97875,0.953,0.9555,0.399,0.58975,0.29,0.4715,0.66125,0.47925,0.462,0.551,0.52,0.74125,0.83775,0.28175,0.441,0.29875,0.32675,0.41225,0.205,0.88475,0.16125,0.41875
197,1.0,0.5347846771808381,0.5336974201202392,0.08544816500804525,0.11984499815106392,0.11984499815106392,0.08544816500804525,1.0,0.9359485817716476,0.9447030139730331,0.9847074468085106,0.9875886522709055,0.9540115246113311,0.9950132978723404,0.9973404255319149,0.9913563829787234,0.9973404255319149,0.9847074468085106,0.9589982267389906,0.9573359926964374,0.38818705684327065,0.6053856382978723,0.2937721632262494,0.4797207446808511,0.6716533690056903,0.4912455674815685,0.41411790759005446,0.5152925531914894,0.4789450352496289,0.727061170212766,0.8101728723404256,0.2915558510638298,0.4224290778028204,0.31338652492837704,0.3810948580503464,0.3875221632262494,0.21908244680851063,0.8726728723404256,0.19038120562091787,0.42143173769433445,0.90775,0.9265,0.98525,0.988,0.937,0.99825,0.99675,0.99775,0.998,0.97925,0.95575,0.95775,0.39075,0.62225,0.2945,0.47775,0.66275,0.48675,0.44575,0.5605,0.49975,0.7405,0.8325,0.2815,0.443,0.31625,0.36125,0.4075,0.2115,0.87225,0.157,0.42575
198,1.0,0.5337368503529974,0.5315122184753418,0.08880812492459378,0.12447615981101989,0.12447615981101989,0.08880812492459378,1.0,0.933843085106383,0.9468085106382979,0.9814937945376051,0.9857047872340425,0.9483599288666502,0.9960106382978723,0.9973404255319149,0.9933510638297872,0.9940159574468085,0.9860372340425532,0.961325354398565,0.955895390282286,0.38763297872340424,0.6128102838993073,0.3001994680851064,0.47661790790710046,0.6696586881546264,0.49379432613545277,0.40070922006952003,0.5100842197524741,0.46708776595744683,0.7367021276595744,0.8038563829787234,0.2844636524294285,0.41411790790710046,0.3127216313113558,0.3794326240077932,0.3691267732610094,0.21597960987623702,0.8581560285801583,0.1875,0.4186613474120485,0.90725,0.92975,0.98475,0.99,0.93775,0.9985,0.99625,0.9975,0.996,0.9785,0.9555,0.95625,0.401,0.619,0.2885,0.474,0.66,0.4825,0.4305,0.5445,0.50975,0.7495,0.83275,0.28075,0.44725,0.297,0.35125,0.39225,0.20475,0.841,0.15575,0.42125
199,1.0,0.5353943730922456,0.5307459063529968,0.07930187865140591,0.128033090621233,0.128033090621233,0.07930187865140591,1.0,0.9392730498567541,0.9572251775163285,0.9847074468085106,0.9903590425531915,0.9553413118453736,0.9936835106382979,0.9960106382978723,0.9936835106382979,0.9966755319148937,0.9855939714198417,0.9616578012070758,0.956781914893617,0.39350620577944084,0.6089317373772885,0.29432624118759276,0.4769503543985651,0.6695478723404256,0.5013297872340425,0.4018173759922068,0.5162898936170213,0.4903590425531915,0.7306072692921821,0.807845744680851,0.28169326230566555,0.43173758875816426,0.32025709240994554,0.3972739361702128,0.3762189717368877,0.20844414893617022,0.8369902480155864,0.18628102842163533,0.4234264185453983,0.908,0.922,0.98325,0.99,0.93775,0.9985,0.99525,0.99875,0.99825,0.98,0.957,0.9575,0.3935,0.62125,0.29325,0.47675,0.66175,0.4825,0.4315,0.57725,0.4955,0.72575,0.84225,0.297,0.457,0.31775,0.37025,0.398,0.2005,0.82675,0.1565,0.42275
200,1.0,0.5325207494674845,0.5291782846450805,0.08615499441611006,0.13113427099585534,0.13113427099585534,0.08615499441611006,1.0,0.9397163118453736,0.9556737586538843,0.9847074468085106,0.9875886522709055,0.957779255319149,0.9933510638297872,0.9983377659574468,0.9906914893617021,0.996343085106383,0.9847074468085106,0.9637632978723404,0.9574468085106383,0.37566489361702127,0.6050531914893617,0.3007535462049728,0.4746232270560366,0.6656693264524988,0.4943484042553192,0.40968528358226125,0.5259308510638298,0.4654255319148936,0.7250664893617021,0.80695922006952,0.29388297872340424,0.434729609717714,0.31748670212765956,0.3846409574468085,0.36846187932694213,0.20722517735780555,0.8398714541120732,0.18716755319148937,0.4233156030482434,0.90425,0.936,0.98675,0.9915,0.93675,0.9975,0.99625,0.99975,0.99575,0.98,0.95525,0.95625,0.36975,0.611,0.29075,0.47225,0.66025,0.48675,0.456,0.54525,0.48275,0.7255,0.83625,0.286,0.457,0.30775,0.3515,0.38,0.20825,0.8595,0.15875,0.4225
201,1.0,0.5348961765461779,0.5310726494789123,0.07516441599247937,0.13153313353657722,0.13153313353657722,0.07516441599247937,1.0,0.9431515957446809,0.9574468085106383,0.9865913118453736,0.989029255319149,0.9566710990794162,0.9940159574468085,0.9973404255319149,0.9955673756751608,0.9986702127659575,0.9847074468085106,0.9660904255319149,0.9591090425531915,0.37300531914893614,0.6028368796439881,0.29521276595744683,0.4792774823751855,0.666445035249629,0.49656471641773875,0.40791223404255317,0.5123005319148937,0.46476063829787234,0.7320478723404256,0.8079565604950519,0.29399379437908213,0.43617021276595747,0.3194813829787234,0.38785461003476,0.37666223404255317,0.2170877659574468,0.8673537234042553,0.18661347507162296,0.4249778367737506,0.907,0.91975,0.986,0.989,0.936,0.998,0.99625,0.9995,0.997,0.9775,0.95725,0.95525,0.39925,0.6045,0.29625,0.47375,0.66125,0.49025,0.46225,0.554,0.48275,0.731,0.82975,0.308,0.46,0.29025,0.346,0.39575,0.20575,0.8675,0.15675,0.415
202,1.0,0.5341173524552203,0.5321463866233825,0.08550064380657166,0.12804446679353715,0.12804446679353715,0.08550064380657166,1.0,0.9391622340425532,0.9513519501432459,0.9823803191489362,0.9837101063829787,0.9575576243248392,0.9960106382978723,0.996343085106383,0.9902482267389906,0.9976728723404256,0.9827127659574468,0.9599955671645225,0.9592198583673923,0.3880762410290698,0.5930851063829787,0.2960992908858238,0.4822695036517813,0.6676640073035626,0.5057624112418357,0.4115691489361702,0.534020390282286,0.4640957446808511,0.7268395392184562,0.8020833331219693,0.30108599301348343,0.4387189714198417,0.3199246452843889,0.3937278367737506,0.3818705674815685,0.21165780136559872,0.8525044328354775,0.1837322696092281,0.41345301429007913,0.90725,0.921,0.9855,0.9895,0.938,0.998,0.99725,0.99975,0.99775,0.97825,0.95725,0.9555,0.373,0.60025,0.30825,0.4765,0.662,0.487,0.442,0.573,0.4785,0.735,0.82875,0.31325,0.455,0.33425,0.383,0.4135,0.201,0.86,0.15225,0.428
203,1.0,0.5341840931709777,0.5303419880867004,0.08010204833872775,0.12940775391459464,0.12940775391459464,0.08010204833872775,1.0,0.9312943264524988,0.9565602838993073,0.9875886522709055,0.9885859926964374,0.9589982267389906,0.9940159574468085,0.9996675531914894,0.9936835106382979,0.9973404255319149,0.9835992905687778,0.9639849288666502,0.9565602838993073,0.3747783686886442,0.5896498228007174,0.29820478723404253,0.4806072692921821,0.6658909574468085,0.49279698570992087,0.409906914893617,0.5126329787234043,0.45556294347377535,0.730718085106383,0.8067375884411183,0.302415780089003,0.4306294325184315,0.321697695141143,0.4076906030482434,0.3879654255319149,0.20944148936170212,0.8531693264524988,0.1842863474120485,0.4298537234042553,0.9085,0.9165,0.98725,0.99025,0.93575,0.99825,0.9955,0.999,0.99675,0.9785,0.9555,0.9585,0.382,0.601,0.30075,0.47675,0.6615,0.49,0.4435,0.55875,0.47475,0.72625,0.8255,0.30825,0.4485,0.305,0.373,0.3985,0.206,0.85475,0.15675,0.42575
204,1.0,0.5333177187341325,0.5301990208625793,0.0821549532974654,0.12800803723931312,0.12800803723931312,0.0821549532974654,1.0,0.9408244680851063,0.9507978723404256,0.9853723404255319,0.9875886522709055,0.957779255319149,0.9950132978723404,0.9970079787234043,0.9940159574468085,0.9973404255319149,0.984375,0.9582225179418604,0.9575576243248392,0.3701241133694953,0.5920877659574468,0.290447695141143,0.48238031914893614,0.6684397161006927,0.49124556716452256,0.3997118796439881,0.5048758866305046,0.4591090425531915,0.7199689714198417,0.8045212765957447,0.30407801413155616,0.4289671984758783,0.3298980495397081,0.3937278367737506,0.38563829787234044,0.2203014183868753,0.8526152480155864,0.18949468085106383,0.42531028358226125,0.9085,0.93025,0.9845,0.99025,0.9365,0.99875,0.9955,0.999,0.997,0.9765,0.9585,0.9565,0.3715,0.59475,0.29925,0.47675,0.6615,0.4915,0.428,0.55275,0.47825,0.73675,0.8225,0.306,0.45975,0.32375,0.36175,0.39725,0.201,0.85725,0.1515,0.42825
205,1.0,0.5339511189054935,0.5297471103668213,0.08103846501004189,0.130131118029356,0.130131118029356,0.08103846501004189,1.0,0.9465868796439881,0.9530141841857991,0.9876994680851063,0.9859264182283524,0.9517952127659575,0.9950132978723404,0.996343085106383,0.9936835106382979,0.9970079787234043,0.9826019501432459,0.958554964750371,0.9594414893617021,0.3752216313113558,0.5917553191489362,0.29875886535390894,0.4785017729439634,0.6732047872340425,0.4956781914893617,0.40558510638297873,0.5149601063829787,0.44226507081630384,0.7226285458879268,0.8009751775163285,0.2910017729439634,0.42708333343901533,0.3342198580503464,0.3945035462049728,0.3847517729439634,0.21409574468085107,0.8496232267389906,0.18295656033652893,0.42586436170212766,0.90475,0.92475,0.98625,0.99175,0.93725,0.99825,0.9965,0.9995,0.99725,0.97575,0.956,0.9555,0.37275,0.60275,0.2905,0.4755,0.66275,0.48525,0.4465,0.54725,0.48375,0.73325,0.81375,0.3095,0.44675,0.29775,0.362,0.413,0.202,0.87375,0.1605,0.42025
206,1.0,0.5349588628779066,0.5321074748039245,0.08154703775777462,0.12388212555646896,0.12388212555646896,0.08154703775777462,1.0,0.9416001775163285,0.9575576243248392,0.9900265957446809,0.9839317373772885,0.9574468085106383,0.9950132978723404,0.9973404255319149,0.9950132978723404,0.9973404255319149,0.9823803191489362,0.9574468085106383,0.9581117021276596,0.38153812067305787,0.5828900711333498,0.2859042553191489,0.4822695036517813,0.6684397161006927,0.4854831559226868,0.4097960993964621,0.5029920212765957,0.46919326230566555,0.7258421987929242,0.7908909574468085,0.29598847507162296,0.4224290781198664,0.32535461003476,0.399822695141143,0.38608156017800593,0.21786347523014596,0.8625886522709055,0.18650265957446807,0.4320700355666749,0.9075,0.9215,0.987,0.98975,0.93775,0.99825,0.9965,0.99975,0.99725,0.9775,0.9575,0.9575,0.383,0.588,0.29175,0.4765,0.662,0.485,0.43875,0.552,0.505,0.742,0.81375,0.30925,0.45325,0.306,0.35925,0.405,0.20175,0.86475,0.1575,0.43025
207,1.0,0.533907117361718,0.5303085913658142,0.083732965342859,0.12863986805081368,0.12863986805081368,0.083732965342859,1.0,0.9392730498567541,0.959552305175903,0.9857047872340425,0.9853723404255319,0.961436170212766,0.995345744680851,0.995345744680851,0.9896941489361702,0.9956781914893617,0.984375,0.962322694824097,0.9580008863134587,0.39483599301348343,0.5719193264524988,0.29853723404255317,0.48160461003476,0.6640070924099456,0.4982269504602919,0.41611258875816426,0.49578900730356257,0.4693040778028204,0.7280585106382979,0.7980939714198417,0.303302304858857,0.4295212765957447,0.31117021276595747,0.39195478723404253,0.3755540781198664,0.2081117021276596,0.8458554966652647,0.18306737583368382,0.42121010638297873,0.90575,0.92975,0.98625,0.99175,0.93625,0.99875,0.99525,0.99925,0.99625,0.978,0.9585,0.95725,0.3905,0.5715,0.29525,0.47375,0.66175,0.48425,0.4435,0.5345,0.51,0.74425,0.832,0.30075,0.4515,0.28875,0.3425,0.391,0.20125,0.85475,0.153,0.4185
208,1.0,0.5329413604229054,0.5320515780448913,0.08076477986066899,0.12746334338188173,0.12746334338188173,0.08076477986066899,1.0,0.9383865246113311,0.9592198583673923,0.9850398936170213,0.9859264182283524,0.9543439714198417,0.996343085106383,0.9970079787234043,0.9961214541120732,0.9973404255319149,0.9852615246113311,0.9634308510638298,0.9607712765957447,0.3868572696092281,0.5658244680851063,0.2919991133694953,0.4744015957446808,0.668218085106383,0.4910239361702128,0.40769060273119745,0.49479166687803067,0.4718528367737506,0.7253989361702128,0.8049645392184562,0.29543439726880255,0.4295212765957447,0.318927304858857,0.38663563829787234,0.3690159574468085,0.21575797872340424,0.8509530139730331,0.17985372340425532,0.4259751771992825,0.9075,0.91875,0.98675,0.98725,0.93875,0.99925,0.99475,0.998,0.997,0.97475,0.95775,0.95475,0.41325,0.58125,0.2855,0.47675,0.662,0.4905,0.46625,0.5455,0.5075,0.73375,0.82425,0.31625,0.4565,0.286,0.36225,0.4055,0.202,0.85675,0.152,0.4215
209,1.0,0.5339581668376923,0.5299151225090026,0.07838575274465566,0.1273523007929325,0.1273523007929325,0.07838575274465566,1.0,0.940270390282286,0.9543439714198417,0.9889184395049481,0.9873670212765957,0.9573359926964374,0.9943484042553191,0.9966755319148937,0.9955673756751608,0.9960106382978723,0.9829343969517566,0.9589982267389906,0.9575576243248392,0.3928413121624196,0.5749113477290945,0.28878546109858977,0.4822695033347353,0.6710992905687778,0.4920212765957447,0.40824468085106386,0.4978945033347353,0.4671985814546017,0.7255097519844136,0.7975398936170213,0.3015292553191489,0.4285239361702128,0.3238031914893617,0.3859707446808511,0.3776595744680851,0.21298758859964126,0.8619237586538843,0.18650265957446807,0.42098847538866896,0.907,0.93175,0.9865,0.9905,0.939,0.999,0.996,0.99875,0.99675,0.97775,0.95875,0.957,0.374,0.59325,0.294,0.47525,0.6615,0.4855,0.457,0.5335,0.50175,0.73175,0.8275,0.307,0.456,0.31275,0.3415,0.39825,0.204,0.862,0.1515,0.42325
210,1.0,0.5333945136120979,0.5308846740722656,0.08138822708675202,0.12401758021116256,0.12401758021116256,0.08138822708675202,1.0,0.9459219860269669,0.9557845744680851,0.9867021276595744,0.9893617021276596,0.9560062054623949,0.9940159574468085,0.9956781914893617,0.995345744680851,0.995345744680851,0.9853723404255319,0.9607712765957447,0.9584441489361702,0.3762189717368877,0.5926418437602672,0.3080673758336838,0.48149379422055916,0.6695478723404256,0.4898049644333251,0.41456117021276595,0.5023271276595744,0.4582225179418604,0.7152039009205838,0.7972074468085106,0.2914450354081519,0.42996453890141023,0.3325576240077932,0.39361702127659576,0.3803191489361702,0.21586879437908213,0.8522828012070758,0.18240248229592404,0.42475620577944084,0.909,0.9365,0.989,0.989,0.939,0.99825,0.99775,1.0,0.9965,0.9765,0.95725,0.95825,0.38225,0.5915,0.30425,0.47675,0.66225,0.48625,0.44875,0.5345,0.48825,0.74,0.8115,0.28075,0.44725,0.3,0.3685,0.405,0.2065,0.855,0.15525,0.4285
211,1.0,0.5344600829672306,0.5296971306800843,0.0767664882017577,0.13385297659039497,0.13385297659039497,0.0767664882017577,1.0,0.9410460990794162,0.9564494680851063,0.9870345744680851,0.9910239361702128,0.9584441489361702,0.9970079787234043,0.9970079787234043,0.9940159574468085,0.9980053191489362,0.9829343969517566,0.9636524820581396,0.9609929075900544,0.38508421975247403,0.5800088653539089,0.29621010638297873,0.4814937945376051,0.6683289009205838,0.49423758844111826,0.415447695141143,0.5059840425531915,0.46243351063829785,0.726950354398565,0.7884530139730331,0.29521276595744683,0.4352836881546264,0.32391400698651657,0.393395390282286,0.37433510638297873,0.2138741135280183,0.8636968085106383,0.18982712765957446,0.42819148936170215,0.9075,0.92925,0.98625,0.989,0.939,0.9985,0.995,1.0,0.99875,0.9795,0.95925,0.958,0.376,0.594,0.2975,0.47525,0.6615,0.485,0.43725,0.55325,0.50175,0.7355,0.82075,0.30725,0.4625,0.29975,0.36825,0.38,0.20725,0.87625,0.1575,0.42675
212,1.0,0.5347114940907093,0.5312391209602356,0.08069235379708574,0.13173656457662583,0.13173656457662583,0.08069235379708574,1.0,0.9409352838993073,0.9619902480155864,0.9863696808510638,0.991688829787234,0.9536790778028205,0.9929078012070758,0.9966755319148937,0.9956781914893617,0.9976728723404256,0.984375,0.9609929075900544,0.9603280139730331,0.37466755319148937,0.58366577993048,0.29975620577944084,0.47706117021276595,0.6684397161006927,0.5005540778028205,0.39993351063829785,0.5131870568432706,0.4658687945376051,0.7296099288666502,0.7935505319148937,0.3029698580503464,0.43617021276595747,0.32878989361702127,0.3923980495397081,0.37023492918369616,0.21021719863440128,0.8733377659574468,0.19215425531914893,0.43251329787234044,0.90625,0.931,0.98775,0.99225,0.93775,0.99775,0.9965,0.99875,0.9975,0.97925,0.95275,0.9565,0.36825,0.582,0.30175,0.47575,0.66,0.48325,0.4525,0.5555,0.504,0.73775,0.82975,0.26725,0.44575,0.3065,0.363,0.41375,0.205,0.8775,0.162,0.427
213,1.0,0.5347891012404827,0.5309701848030091,0.08151541107354011,0.12825884383916855,0.12825884383916855,0.08151541107354011,1.0,0.932070035249629,0.9560062054623949,0.9896941489361702,0.9930186170212766,0.9583333331219693,0.9952349288666502,0.9970079787234043,0.9933510638297872,0.9960106382978723,0.9827127659574468,0.9611037234042553,0.9566710990794162,0.3679078015241217,0.5786790778028205,0.2963209218801336,0.4782801419496536,0.6661125887581643,0.48958333343901533,0.42375886535390894,0.5130762413461157,0.4548980495397081,0.7211879434737754,0.7954343969517566,0.2898936170212766,0.42098847507162296,0.33444148936170215,0.38896276595744683,0.3847517729439634,0.21143617021276595,0.8711214541120732,0.19160017735780555,0.43550531914893614,0.9075,0.9275,0.986,0.98975,0.93975,0.999,0.9955,0.99825,0.99675,0.97725,0.959,0.95775,0.374,0.605,0.297,0.47775,0.66225,0.481,0.472,0.5645,0.485,0.729,0.80975,0.313,0.4545,0.31975,0.375,0.41525,0.2045,0.87425,0.1545,0.4225
214,1.0,0.5349882917201265,0.5310279116630554,0.07618011026940447,0.13116868230700493,0.13116868230700493,0.07618011026940447,1.0,0.9387189714198417,0.9557845744680851,0.9833776595744681,0.9883643617021277,0.9625443264524988,0.9936835106382979,0.9986702127659575,0.9940159574468085,0.9980053191489362,0.9842641841857991,0.9660904255319149,0.9575576243248392,0.37333776595744683,0.5968528370907966,0.2957668439187902,0.4820478723404255,0.6667774820581396,0.49224290759005446,0.4279698580503464,0.5260416668780307,0.47196365227090553,0.7287234042553191,0.802304964750371,0.2925531914893617,0.4265292553191489,0.3355496452843889,0.40824468085106386,0.3832003547156111,0.20800088655124319,0.86491577993048,0.18816489361702127,0.4330673759922068,0.908,0.927,0.98575,0.9915,0.9395,0.99875,0.99575,0.99975,0.99775,0.97925,0.9595,0.95425,0.38325,0.60575,0.294,0.476,0.6625,0.47875,0.45025,0.55675,0.504,0.73275,0.82325,0.2985,0.454,0.30625,0.376,0.4185,0.199,0.875,0.15125,0.42875
215,1.0,0.5347528825414941,0.5306900548934936,0.07428975254693564,0.13648634716868402,0.13648634716868402,0.07428975254693564,1.0,0.9427083331219693,0.9571143617021277,0.9873670212765957,0.9892508863134587,0.9601063829787234,0.9950132978723404,0.9980053191489362,0.9940159574468085,0.9973404255319149,0.9837101063829787,0.9674202127659575,0.9594414893617021,0.37200797872340424,0.5925310285801583,0.2980939717368877,0.47495567386454723,0.6665558510638298,0.4867021276595745,0.41023936170212766,0.5131870568432706,0.4817154255319149,0.721520390282286,0.7943262413461157,0.3021941489361702,0.4331781914893617,0.3306737589709302,0.40713652492837704,0.3859707446808511,0.2105496454429119,0.8704565604950519,0.18461879437908213,0.42021276595744683,0.9075,0.9245,0.98875,0.992,0.93925,0.99925,0.99525,0.9995,0.998,0.976,0.9565,0.9565,0.37375,0.59425,0.29375,0.4755,0.66225,0.47925,0.45975,0.55075,0.52075,0.73325,0.82425,0.288,0.45225,0.31775,0.373,0.4105,0.205,0.887,0.15025,0.42675
216,1.0,0.5345560863931128,0.5326264038085937,0.07970683516419315,0.1257333851456642,0.1257333851456642,0.07970683516419315,1.0,0.944813829787234,0.9606604607815438,0.9850398936170213,0.9882535458879268,0.9565602838993073,0.9923537234042553,0.9970079787234043,0.9943484042553191,0.9983377659574468,0.9833776595744681,0.961325354398565,0.9583333331219693,0.38120567386454723,0.5821143617021277,0.30441046109858977,0.47606382978723405,0.6694370568432706,0.49678634772909447,0.41145833343901533,0.5233820924099456,0.4691932626227115,0.7210771276595744,0.807070035249629,0.29609929072730085,0.4300753547156111,0.3271276595744681,0.41046099301348343,0.37632978723404253,0.21509308510638298,0.8643617021276596,0.18085106382978725,0.4337322692921821,0.90825,0.93,0.9865,0.98925,0.94025,0.99875,0.9955,0.998,0.99675,0.98025,0.953,0.9565,0.3965,0.588,0.2945,0.4745,0.6605,0.48525,0.4475,0.56075,0.497,0.72925,0.824,0.2795,0.452,0.292,0.351,0.4015,0.2035,0.88275,0.15775,0.42025
217,1.0,0.5354508580045497,0.5301655645370483,0.07748156671035797,0.13185672971606255,0.13185672971606255,0.07748156671035797,1.0,0.9400487586538843,0.9649822692921821,0.9853723404255319,0.9852615246113311,0.9578900711333498,0.9936835106382979,0.9962322692921821,0.995345744680851,0.9980053191489362,0.9863696808510638,0.9626551416326077,0.9584441489361702,0.3793218085106383,0.5792331559226868,0.2947695036517813,0.47960992918369616,0.668218085106383,0.4923537234042553,0.4132313829787234,0.5203900711333498,0.47074468085106386,0.7320478723404256,0.7984264182283524,0.2900044325184315,0.4316267732610094,0.31504875881240724,0.39151152461133104,0.38131648936170215,0.20755762416631618,0.8748891841857991,0.1876108156556779,0.4321808510638298,0.9075,0.936,0.98825,0.9915,0.93825,0.9985,0.9965,0.99925,0.9975,0.98075,0.95675,0.95775,0.3715,0.593,0.28675,0.47425,0.65975,0.48025,0.4395,0.55975,0.5175,0.732,0.81625,0.28575,0.45,0.304,0.3545,0.41225,0.206,0.87425,0.1625,0.4235
218,1.0,0.5354103642575284,0.5313462867736817,0.07864394732453722,0.12986459040641785,0.12986459040641785,0.07864394732453722,1.0,0.944924645601435,0.9570035458879268,0.989029255319149,0.9905806735475012,0.9571143617021277,0.992686170212766,0.996343085106383,0.9923537234042553,0.9976728723404256,0.9827127659574468,0.965093085106383,0.9561170212765957,0.3724512410290698,0.5797872340425532,0.2937721632262494,0.48160461003476,0.6683289009205838,0.48138297872340424,0.4008200355666749,0.5186170212765957,0.48991577993047997,0.7155363477290945,0.7959884753886689,0.29044769498262,0.4239804963482187,0.32768173769433445,0.40979609907941617,0.38231382978723405,0.2078900709748268,0.8653590425531915,0.19259751778333745,0.4271941489361702,0.90825,0.93475,0.987,0.99075,0.93975,0.9985,0.99725,1.0,0.99575,0.976,0.95525,0.95525,0.38,0.586,0.29975,0.4735,0.6605,0.4835,0.443,0.5375,0.507,0.73575,0.8225,0.29075,0.44875,0.3,0.36725,0.4055,0.20375,0.88,0.1575,0.42675
219,1.0,0.5351586291130553,0.5322682132720947,0.081241577744801,0.12500072073936463,0.12500072073936463,0.081241577744801,1.0,0.9367242905687778,0.961325354398565,0.9819370565262246,0.9895833331219693,0.9570035458879268,0.9956781914893617,0.9973404255319149,0.9940159574468085,0.9970079787234043,0.9858156030482434,0.9644281914893617,0.9597739361702128,0.36879432613545277,0.5940824468085106,0.2892287234042553,0.47528812067305787,0.6665558510638298,0.4882535458879268,0.3974955674815685,0.514738475071623,0.47019060273119745,0.7235150711333498,0.7931072692921821,0.2995345744680851,0.4245345744680851,0.3204787234042553,0.41611258875816426,0.37588652492837704,0.21597960987623702,0.8743351063829787,0.19049202127659576,0.44049202127659576,0.90875,0.929,0.98175,0.992,0.94,0.9985,0.99575,0.99775,0.99725,0.97975,0.95725,0.957,0.37475,0.61225,0.2965,0.47525,0.66225,0.4855,0.4215,0.5565,0.51,0.729,0.81875,0.28375,0.4455,0.2965,0.382,0.41375,0.20775,0.884,0.15925,0.43025
220,1.0,0.5351797202800183,0.5320790052413941,0.07719603713918874,0.12562456372380257,0.12562456372380257,0.07719603713918874,1.0,0.9451462765957447,0.9576684395049481,0.9847074468085106,0.9869237586538843,0.9551196808510638,0.9960106382978723,0.9956781914893617,0.9950132978723404,0.9966755319148937,0.9885859926964374,0.9656471629092034,0.9593306735475012,0.37023492918369616,0.6018395392184562,0.2989804963482187,0.47816932613545277,0.6685505319148937,0.49268617021276595,0.3982712765957447,0.5041001775163285,0.48426418418579914,0.7175310285801583,0.8052969860269669,0.2946586878375804,0.4289671984758783,0.30972960987623704,0.409906914893617,0.37101063829787234,0.20755762400779318,0.8740026595744681,0.19171099285496043,0.43495124134611574,0.90675,0.92825,0.98725,0.987,0.94025,0.99825,0.996,0.99775,0.99825,0.978,0.956,0.958,0.37475,0.60625,0.29925,0.47575,0.66125,0.48675,0.43375,0.55225,0.517,0.73875,0.83275,0.2855,0.4485,0.29475,0.37925,0.37975,0.20325,0.88025,0.154,0.427
221,1.0,0.5350530223643526,0.5317324848175049,0.07604509722837742,0.12693303337693215,0.12693303337693215,0.07604509722837742,1.0,0.9379432626227115,0.956781914893617,0.9847074468085106,0.9885859926964374,0.9654255319148937,0.9913563829787234,0.9980053191489362,0.9936835106382979,0.9982269501432459,0.9835992905687778,0.9647606382978723,0.9593306735475012,0.3663563829787234,0.6026152480155864,0.3006427305492949,0.48160461003476,0.669991134963137,0.4925753547156111,0.412677304858857,0.503656914893617,0.4930186170212766,0.7262854607815438,0.8011968085106383,0.29033687932694213,0.4316267732610094,0.3181515957446808,0.41433953890141023,0.3724512410290698,0.20988475182589064,0.8714539009205838,0.18506205676400916,0.4263076240077932,0.91025,0.927,0.9865,0.98975,0.935,0.99925,0.99675,0.99975,0.9975,0.9775,0.95775,0.95725,0.3525,0.61025,0.301,0.478,0.6625,0.4855,0.44725,0.55725,0.5215,0.7375,0.81775,0.28025,0.449,0.2965,0.392,0.40975,0.20025,0.87925,0.15225,0.4305
222,1.0,0.5348972893775777,0.5300648336410523,0.07161156710316526,0.12579507312178612,0.12579507312178612,0.07161156710316526,1.0,0.9373891841857991,0.9646498224836715,0.9893617021276596,0.9910239361702128,0.9571143617021277,0.9946808510638298,0.9976728723404256,0.9960106382978723,0.9980053191489362,0.9863696808510638,0.9660904255319149,0.9603280139730331,0.3598182624641885,0.600177305175903,0.29543439726880255,0.4767287234042553,0.6677748224836715,0.4874778367737506,0.4192154255319149,0.5178413121624196,0.49545656017800593,0.7273936170212766,0.7973182626227115,0.27814716306772636,0.4330673759922068,0.31637854604644977,0.40203900698651657,0.3837544325184315,0.21187943267695447,0.8684618796439881,0.17918882978723405,0.4174423759922068,0.91,0.927,0.98825,0.992,0.9385,0.999,0.99675,1.0,0.99725,0.9795,0.9565,0.95925,0.35075,0.605,0.29525,0.477,0.6615,0.4755,0.46375,0.54875,0.52125,0.72975,0.8165,0.27825,0.44275,0.30275,0.384,0.4,0.198,0.88525,0.15575,0.42175
223,1.0,0.5336440757234046,0.5295971350669861,0.07335750915189372,0.1311937054693699,0.1311937054693699,0.07335750915189372,1.0,0.944813829787234,0.9583333331219693,0.9869237586538843,0.9893617021276596,0.9627659574468085,0.9955673756751608,0.9980053191489362,0.9958998224836715,0.9976728723404256,0.9827127659574468,0.9673093969517566,0.9599955671645225,0.3588209218801336,0.598404255319149,0.2970966313113558,0.484375,0.6706560285801583,0.47717198570992087,0.4111258866305047,0.5079787234042553,0.4909131205145349,0.7177526595744681,0.8046320924099456,0.29488031914893614,0.421875,0.32313829787234044,0.4239804963482187,0.3699024823751855,0.21165780136559872,0.8643617021276596,0.1875,0.42220744680851063,0.909,0.9315,0.98875,0.99175,0.93925,0.99925,0.9965,0.99975,0.99825,0.979,0.95675,0.95925,0.34875,0.6105,0.30325,0.476,0.66225,0.47475,0.45325,0.55525,0.521,0.7245,0.81425,0.2795,0.44625,0.29525,0.38125,0.40075,0.20525,0.878,0.156,0.42675
224,1.0,0.5352234770642951,0.530971914768219,0.07259415492336167,0.1301561407148838,0.1301561407148838,0.07259415492336167,1.0,0.9420434395049481,0.9637632978723404,0.989029255319149,0.9906914893617021,0.9667553191489362,0.9966755319148937,0.9970079787234043,0.9936835106382979,0.9985593969517566,0.9841533690056903,0.9677526595744681,0.9624335106382979,0.3582668440773132,0.5990691489361702,0.3055186170212766,0.47550975198441364,0.668218085106383,0.4804964537950272,0.4147828015241217,0.5249335106382979,0.4888076240077932,0.7175310285801583,0.7953235817716476,0.2956560282631123,0.43173758875816426,0.31161347507162296,0.4119015957446808,0.38486258875816426,0.21897163115283277,0.8682402480155864,0.1890514183868753,0.4257535462049728,0.906,0.919,0.9875,0.9895,0.936,0.99875,0.99575,0.99925,0.99775,0.97825,0.95775,0.957,0.34975,0.606,0.3055,0.476,0.66275,0.47325,0.46,0.55825,0.5245,0.722,0.82025,0.294,0.44975,0.293,0.3865,0.411,0.207,0.88275,0.154,0.42075
225,1.0,0.5352243476725639,0.5295802001953125,0.07548175664975289,0.13263305446505547,0.13263305446505547,0.07548175664975289,1.0,0.9493572692921821,0.9537898936170213,0.9876994680851063,0.9923537234042553,0.9584441489361702,0.9946808510638298,0.9973404255319149,0.995345744680851,0.9970079787234043,0.9820478723404256,0.965979609717714,0.9594414893617021,0.3469636525879515,0.6069370565262246,0.29410460987623704,0.4817154255319149,0.6684397161006927,0.48636968085106386,0.42043439726880255,0.527593085106383,0.4939051419496536,0.7146498224836715,0.8099512413461157,0.29598847507162296,0.4308510638297872,0.31648936170212766,0.4142287234042553,0.38153812067305787,0.22329343982199404,0.8717863477290945,0.1842863475705715,0.4261968085106383,0.907,0.92625,0.98825,0.99175,0.937,0.998,0.996,0.99975,0.99375,0.9745,0.95925,0.95775,0.359,0.61275,0.29025,0.47425,0.66275,0.473,0.45075,0.53,0.52325,0.7295,0.8175,0.29275,0.448,0.28625,0.37875,0.407,0.2025,0.884,0.1545,0.421
